,Edited on Jul. 8 17:51 (UTC+9),,,,,,,,
,,,,,,,,,
,Skill Rune,,Description,tag,Lv.1,Lv.45,Source,Origin,Verity
,Fire Torrent,Before,"Summons a Fire Torrent that persists for the duration, firing projectiles that track enemies to deal Fire DMG.","Spell, Strike, Fire, ProjectileCannot use Parallel Shot, Cannot Pierce, Cannot Split, Cannot Chain","Mana Cost 6
Cooldown 20 s
Fire Element
Summon Fire Torrent for 5 s when using a Skill
Summoned Torrent Count 3
Fire DMG 38%
Fire DMG +60
+20% Burn Chance
(Magic Effect) +1 Projectile Count
(Magic Effect) +10% Skill Rune Duration
(Rare Effect) +1 Projectile Count
(Rare Effect) +20% Skill Rune Duration
(Legendary Effect) +2 Projectile Count
(Legendary Effect) +40% Skill Rune Duration
(Legendary Effect) 20% Fire DMG Amplification","Mana Cost 23
Cooldown 20 s
Fire Element
Summon Fire Torrent for 5 s when using a Skill
Summoned Torrent Count 3
Fire DMG 157%
Fire DMG +291
+20% Burn Chance
(Magic Effect) +1 Projectile Count
(Magic Effect) +10% Skill Rune Duration
(Rare Effect) +1 Projectile Count
(Rare Effect) +20% Skill Rune Duration
(Legendary Effect) +2 Projectile Count
(Legendary Effect) +40% Skill Rune Duration
(Legendary Effect) 20% Fire DMG Amplification",[10-15]% Skill Rune Cooldown Dampening,"+[15-25]% Critical DMG against Burning enemies
 +[50-70]% Critical Rate against Burning enemies","+1 Projectile Count
 +[25-40]% Projectile DMG"
,,After,"Summons a Fire Torrent that persists for the duration, firing projectiles that track enemies to deal Fire DMG.","Spell, Strike, Fire, ProjectileCannot use Parallel Shot, Cannot Pierce, Cannot Split, Cannot Chain","Mana Cost 6
Cooldown 20 s
Fire Element
Summon Fire Torrent for 5 s when using a Skill
Summoned Torrent Count 3
Fire DMG 145%
Fire DMG +60
+20% Burn Chance
(Magic Effect) +1 Projectile Count
(Magic Effect) +10% Skill Rune Duration
(Rare Effect) +1 Projectile Count
(Rare Effect) +20% Skill Rune Duration
(Legendary Effect) +2 Projectile Count
(Legendary Effect) +40% Skill Rune Duration
(Legendary Effect) 20% Fire DMG Amplification","Mana Cost 23
Cooldown 20 s
Fire Element
Summon Fire Torrent for 5 s when using a Skill
Summoned Torrent Count 3
Fire DMG 597%
Fire DMG +291
+20% Burn Chance
(Magic Effect) +1 Projectile Count
(Magic Effect) +10% Skill Rune Duration
(Rare Effect) +1 Projectile Count
(Rare Effect) +20% Skill Rune Duration
(Legendary Effect) +2 Projectile Count
(Legendary Effect) +40% Skill Rune Duration
(Legendary Effect) 20% Fire DMG Amplification",[10-15]% Skill Rune Cooldown Dampening,"+[15-25]% Critical DMG against Burning enemies
 +[50-70]% Critical Rate against Burning enemies","+1 Projectile Count
 +[25-40]% Projectile DMG"
,Poison Cloud,Before,Forms a poisonous cloud around the caster to deal Poison DMG to enemies,"Spell, Melee, Area of Effect, Strike, Poison","Mana Cost 3
Triggers Immediately
Poison Element
Area of Effect 350
Poison DMG 419%
Poison DMG +39
+25% Venom Chance
+100% DMG against enemies affected by Venom
(Magic Effect) +5% Venom Chance
(Magic Effect) 15% Venom DMG Amplification
(Magic Effect) +100% DMG against enemies affected by Venom
(Magic Effect) +100% DMG Multiplier against enemies affected by Venom
(Rare Effect) +10% Venom Chance
(Rare Effect) 30% Venom DMG Amplification
(Rare Effect) +150% DMG against enemies affected by Venom
(Rare Effect) +150% DMG Multiplier against enemies affected by Venom
(Legendary Effect) +15% Venom Chance
(Legendary Effect) 50% Venom DMG Amplification
(Legendary Effect) +200% DMG against enemies affected by Venom
(Legendary Effect) +200% DMG Multiplier against enemies affected by Venom","Mana Cost 18.3
Triggers Immediately
Poison Element
Area of Effect 350
Poison DMG 754%
Poison DMG +513
+25% Venom Chance
+100% DMG against enemies affected by Venom
(Magic Effect) +5% Venom Chance
(Magic Effect) 15% Venom DMG Amplification
(Magic Effect) +100% DMG against enemies affected by Venom
(Magic Effect) +100% DMG Multiplier against enemies affected by Venom
(Rare Effect) +10% Venom Chance
(Rare Effect) 30% Venom DMG Amplification
(Rare Effect) +150% DMG against enemies affected by Venom
(Rare Effect) +150% DMG Multiplier against enemies affected by Venom
(Legendary Effect) +15% Venom Chance
(Legendary Effect) 50% Venom DMG Amplification
(Legendary Effect) +200% DMG against enemies affected by Venom
(Legendary Effect) +200% DMG Multiplier against enemies affected by Venom",[10-15]% Poison DMG Amplification,[15-20]% DMG Amplification against enemies affected by Poison Status Effect,"Gain Area Effect Link Rune Effect
 +[42-50]% Area of Effect
 +[46-61]% Area DMG
 Cannot link Area Effect Link Rune"
,,After,Forms a poisonous cloud around the caster to deal Poison DMG to enemies,"Spell, Melee, Area of Effect, Strike, Poison","Mana Cost 3
Triggers Immediately
Poison Element
Area of Effect 350
Poison DMG 440%
Poison DMG +41
+40% Venom Chance
+100% DMG against enemies affected by Venom
(Magic Effect) +5% Venom Chance
(Magic Effect) 15% Venom DMG Amplification
(Magic Effect) +100% DMG against enemies affected by Venom
(Magic Effect) +100% DMG Multiplier against enemies affected by Venom
(Rare Effect) +10% Venom Chance
(Rare Effect) 30% Venom DMG Amplification
(Rare Effect) +150% DMG against enemies affected by Venom
(Rare Effect) +150% DMG Multiplier against enemies affected by Venom
(Legendary Effect) +15% Venom Chance
(Legendary Effect) 50% Venom DMG Amplification
(Legendary Effect) +200% DMG against enemies affected by Venom
(Legendary Effect) +200% DMG Multiplier against enemies affected by Venom","Mana Cost 18.3
Triggers Immediately
Poison Element
Area of Effect 350
Poison DMG 792%
Poison DMG +539
+40% Venom Chance
+100% DMG against enemies affected by Venom
(Magic Effect) +5% Venom Chance
(Magic Effect) 15% Venom DMG Amplification
(Magic Effect) +100% DMG against enemies affected by Venom
(Magic Effect) +100% DMG Multiplier against enemies affected by Venom
(Rare Effect) +10% Venom Chance
(Rare Effect) 30% Venom DMG Amplification
(Rare Effect) +150% DMG against enemies affected by Venom
(Rare Effect) +150% DMG Multiplier against enemies affected by Venom
(Legendary Effect) +15% Venom Chance
(Legendary Effect) 50% Venom DMG Amplification
(Legendary Effect) +200% DMG against enemies affected by Venom
(Legendary Effect) +200% DMG Multiplier against enemies affected by Venom",[10-15]% Poison DMG Amplification,[15-20]% DMG Amplification against enemies affected by Poison Status Effect,"Gain Area Effect Link Rune Effect
 +[42-50]% Area of Effect
 +[46-61]% Area DMG
 Cannot link Area Effect Link Rune"
,Frost Thorn,Before,Shoots out Frost Thorns to deal Cold DMG to the enemy,"Spell, Strike, Cold, ProjectileCannot use Parallel Shot","Mana Cost 4
Triggers Immediately
Cold Element
Frost Thorn Count 3
Projectile Speed 2800
Cold DMG 138%
Cold DMG +80
+15% Spell Critical DMG
+10% Spell Critical Chance
15% DMG Dampening when hitting the same target repeatedly
+ 1 Frost Thorn count per 2 Cold Energy
(Magic Effect) +30% Spell Critical DMG
(Rare Effect) +70% Spell Critical DMG
(Rare Effect) +30% Spell Critical Rate
(Legendary Effect) +1 Projectile Count
(Legendary Effect) +70% Spell Critical DMG
(Legendary Effect) +60% Spell Critical Rate","Mana Cost 14.2
Triggers Immediately
Cold Element
Frost Thorn Count 3
Projectile Speed 2800
Cold DMG 351%
Cold DMG +486
+59% Spell Critical DMG
+10% Spell Critical Chance
15% DMG Dampening when hitting the same target repeatedly
+ 1 Frost Thorn count per 2 Cold Energy
(Magic Effect) +30% Spell Critical DMG
(Rare Effect) +70% Spell Critical DMG
(Rare Effect) +30% Spell Critical Rate
(Legendary Effect) +1 Projectile Count
(Legendary Effect) +70% Spell Critical DMG
(Legendary Effect) +60% Spell Critical Rate","Gain Elite Slayer Link Rune Effect
 +[140-163]% DMG against Elites
 5% DMG Amplification against Bosses
 Cannot link Elite Slayer Link Rune",-[10-5]% DMG Dampening Decrease upon hitting the same target repeatedly,"+1 Chain Count
 +[41-50]% Projectile DMG"
,,After,Shoots out Frost Thorns to deal Cold DMG to the enemy,"Spell, Strike, Cold, ProjectileCannot use Parallel Shot","Mana Cost 4
Triggers Immediately
Cold Element
Frost Thorn Count 3
Projectile Speed 2800
Cold DMG 149%
Cold DMG +80
+15% Spell Critical DMG
+10% Spell Critical Chance
12% DMG Dampening when hitting the same target repeatedly
+ 1 Frost Thorn count per 2 Cold Energy
(Magic Effect) +30% Spell Critical DMG
(Rare Effect) +70% Spell Critical DMG
(Rare Effect) +30% Spell Critical Rate
(Legendary Effect) +1 Projectile Count
(Legendary Effect) +70% Spell Critical DMG
(Legendary Effect) +60% Spell Critical Rate","Mana Cost 14.2
Triggers Immediately
Cold Element
Frost Thorn Count 3
Projectile Speed 2800
Cold DMG 379%
Cold DMG +486
+59% Spell Critical DMG
+10% Spell Critical Chance
12% DMG Dampening when hitting the same target repeatedly
+ 1 Frost Thorn count per 2 Cold Energy
(Magic Effect) +30% Spell Critical DMG
(Rare Effect) +70% Spell Critical DMG
(Rare Effect) +30% Spell Critical Rate
(Legendary Effect) +1 Projectile Count
(Legendary Effect) +70% Spell Critical DMG
(Legendary Effect) +60% Spell Critical Rate","Gain Elite Slayer Link Rune Effect
 +[140-163]% DMG against Elites
 5% DMG Amplification against Bosses
 Cannot link Elite Slayer Link Rune",-[10-5]% DMG Dampening Decrease upon hitting the same target repeatedly,"+1 Chain Count
 +[41-50]% Projectile DMG"
,Vital Strike,Before,Increases Critical Rate and Critical DMG during skill duration,"Spell, Attack Enhance, Duration","Mana Cost 16
Cooldown 30 s
Duration 3 s
+240% Critical Rate
+117% Critical DMG
+5% Critical Chance
Shares Cooldowns between Attack Enhance Skills
(Magic Effect) +5% Enhance Skill Rune Effect
(Rare Effect) +10% Enhance Skill Rune Effect
(Legendary Effect) +15% Enhance Skill Rune Effect","Mana Cost 43.2
Cooldown 30 s
Duration 3 s
+470.4% Critical Rate
+191.1% Critical DMG
+10.9% Critical Chance
Shares Cooldowns between Attack Enhance Skills
(Magic Effect) +5% Enhance Skill Rune Effect
(Rare Effect) +10% Enhance Skill Rune Effect
(Legendary Effect) +15% Enhance Skill Rune Effect",+[10-20]% Enhance Skill Rune Effect,"+[5-10]% Enhance Skill Rune Effect
 +[25-50]% Enhance Skill Rune Cooldown Recovery Speed","[10-20]% Resource Cost Dampening
 +[10-20]% Enhance Skill Rune Cooldown Recovery Speed"
,,After,Increases Critical Rate and Critical DMG during skill duration,"Spell, Attack Enhance, Duration","Mana Cost 16
Cooldown 30 s
Duration 3 s
+240% Critical Rate
+123% Critical DMG
+5% Critical Chance
Shares Cooldowns between Attack Enhance Skills
(Magic Effect) +5% Enhance Skill Rune Effect
(Rare Effect) +10% Enhance Skill Rune Effect
(Legendary Effect) +15% Enhance Skill Rune Effect","Mana Cost 43.2
Cooldown 30 s
Duration 3 s
+470.4% Critical Rate
+201.3% Critical DMG
+10.9% Critical Chance
Shares Cooldowns between Attack Enhance Skills
(Magic Effect) +5% Enhance Skill Rune Effect
(Rare Effect) +10% Enhance Skill Rune Effect
(Legendary Effect) +15% Enhance Skill Rune Effect",+[10-20]% Enhance Skill Rune Effect,"+[5-10]% Enhance Skill Rune Effect
 +[25-50]% Enhance Skill Rune Cooldown Recovery Speed","[10-20]% Resource Cost Dampening
 +[10-20]% Enhance Skill Rune Cooldown Recovery Speed"
,Freeze Arrow,Before,"Fires multiple arrows that freeze the enemy to deal damage
 and cause an additional Cold Explosion when afflicted by Cold Status Effect.","Attack, Area of Effect, Strike, Cold, Projectile, Bow, Overheat, ShadowCannot use Parallel Shot, Cannot Split","Mana Cost 4
Triggers Immediately
40 Overheat Accumulation
Cold Element
Cold DMG +59
Arrows: 3
Projectile Speed 3000
Freeze Arrow Cold DMG 100%
8% DMG Dampening when hitting the same target repeatedly
+35 Chill Rate
+35 Freeze Rate
For every Chill or Freeze applied by Freeze Arrow
100% chance to cast Cold Explosion after 0.3 s
Cold Explosion Range 200
Cold Explosion Cold DMG 105%
(Magic Effect) +50% Area DMG
(Magic Effect) +10% Strike DMG Multiplier
(Rare Effect) +100% Area DMG
(Rare Effect) +10% Cold Penetration
(Rare Effect) +1 Projectile Count
(Rare Effect) +15% Strike DMG Multiplier
(Legendary Effect) +150% Area DMG
(Legendary Effect) +20% Cold Penetration
(Legendary Effect) +2 Projectile Count
(Legendary Effect) +30% Strike DMG Multiplier","Mana Cost 21
Triggers Immediately
40 Overheat Accumulation
Cold Element
Cold DMG +452
Arrows: 3
Projectile Speed 3000
Freeze Arrow Cold DMG 198%
8% DMG Dampening when hitting the same target repeatedly
+35 Chill Rate
+35 Freeze Rate
For every Chill or Freeze applied by Freeze Arrow
100% chance to cast Cold Explosion after 0.3 s
Cold Explosion Range 200
Cold Explosion Cold DMG 276%
(Magic Effect) +50% Area DMG
(Magic Effect) +10% Strike DMG Multiplier
(Rare Effect) +100% Area DMG
(Rare Effect) +10% Cold Penetration
(Rare Effect) +1 Projectile Count
(Rare Effect) +15% Strike DMG Multiplier
(Legendary Effect) +150% Area DMG
(Legendary Effect) +20% Cold Penetration
(Legendary Effect) +2 Projectile Count
(Legendary Effect) +30% Strike DMG Multiplier","+2 Projectile Count
 -[5-3]% DMG Dampening Decrease upon hitting the same target repeatedly","Projectile Return
 +1 Pierce Count
 Projectile Return DMG [60-70]% Dampening","[10-15]% Area DMG Amplification
 [5-10]% Projectile DMG Dampening"
,,After,"Fires multiple arrows that freeze the enemy to deal damage
 and cause an additional Cold Explosion when afflicted by Cold Status Effect.","Attack, Area of Effect, Strike, Cold, Projectile, Bow, Overheat, ShadowCannot use Parallel Shot, Cannot Split","Mana Cost 4
Triggers Immediately
40 Overheat Accumulation
Cold Element
Cold DMG +59
Arrows: 3
Projectile Speed 3000
Freeze Arrow Cold DMG 107%
5% DMG Dampening when hitting the same target repeatedly
+35 Chill Rate
+35 Freeze Rate
For every Chill or Freeze applied by Freeze Arrow
100% chance to cast Cold Explosion after 0.3 s
Cold Explosion Range 200
Cold Explosion Cold DMG 105%
(Magic Effect) +50% Area DMG
(Magic Effect) +10% Strike DMG Multiplier
(Rare Effect) +100% Area DMG
(Rare Effect) +10% Cold Penetration
(Rare Effect) +1 Projectile Count
(Rare Effect) +15% Strike DMG Multiplier
(Legendary Effect) +150% Area DMG
(Legendary Effect) +20% Cold Penetration
(Legendary Effect) +2 Projectile Count
(Legendary Effect) +30% Strike DMG Multiplier","Mana Cost 21
Triggers Immediately
40 Overheat Accumulation
Cold Element
Cold DMG +452
Arrows: 3
Projectile Speed 3000
Freeze Arrow Cold DMG 217%
5% DMG Dampening when hitting the same target repeatedly
+35 Chill Rate
+35 Freeze Rate
For every Chill or Freeze applied by Freeze Arrow
100% chance to cast Cold Explosion after 0.3 s
Cold Explosion Range 200
Cold Explosion Cold DMG 276%
(Magic Effect) +50% Area DMG
(Magic Effect) +10% Strike DMG Multiplier
(Rare Effect) +100% Area DMG
(Rare Effect) +10% Cold Penetration
(Rare Effect) +1 Projectile Count
(Rare Effect) +15% Strike DMG Multiplier
(Legendary Effect) +150% Area DMG
(Legendary Effect) +20% Cold Penetration
(Legendary Effect) +2 Projectile Count
(Legendary Effect) +30% Strike DMG Multiplier","+2 Projectile Count
 -[5-3]% DMG Dampening Decrease upon hitting the same target repeatedly","Projectile Return
 +1 Pierce Count
 Projectile Return DMG [60-70]% Dampening","[10-15]% Area DMG Amplification
 [5-10]% Projectile DMG Dampening"
,Persistent Strike,Before,Increases the chance of double maximization for the duration,"Spell, Attack Enhance, Duration","Mana Cost 25
Cooldown 30 s
Duration 3 s
15% chance to deal double Maximized DMG on hit
Critical Hit Disabled
Shares Cooldowns between Attack Enhance Skills
(Magic Effect) 2% chance to deal triple Maximized DMG on hit
(Magic Effect) +5% Enhance Skill Rune Effect
(Rare Effect) 4% chance to deal triple Maximized DMG on hit
(Rare Effect) +10% Enhance Skill Rune Effect
(Legendary Effect) 6% chance to deal triple Maximized DMG on hit
(Legendary Effect) +15% Enhance Skill Rune Effect","Mana Cost 52.2
Cooldown 30 s
Duration 3 s
48.6% chance to deal double Maximized DMG on hit
Critical Hit Disabled
Shares Cooldowns between Attack Enhance Skills
(Magic Effect) 2% chance to deal triple Maximized DMG on hit
(Magic Effect) +5% Enhance Skill Rune Effect
(Rare Effect) 4% chance to deal triple Maximized DMG on hit
(Rare Effect) +10% Enhance Skill Rune Effect
(Legendary Effect) 6% chance to deal triple Maximized DMG on hit
(Legendary Effect) +15% Enhance Skill Rune Effect","-[30-40]% Enhance Skill Rune Resource Cost
 +[5-10]% Enhance Skill Rune Cooldown Recovery Speed",+[30-50]% Enhance Skill Rune Duration,+[15-25]% Enhance Skill Rune Effect
,,After,Increases the chance of double maximization for the duration,"Spell, Attack Enhance, Duration","Mana Cost 25
Cooldown 30 s
Duration 3 s
15% chance to deal double Maximized DMG on hit
3% chance to deal triple Maximized DMG on hit
+88% Maximized DMG
Critical Hit Disabled
Shares Cooldowns between Attack Enhance Skills
(Magic Effect) 2% chance to deal triple Maximized DMG on hit
(Magic Effect) +5% Enhance Skill Rune Effect
(Rare Effect) 4% chance to deal triple Maximized DMG on hit
(Rare Effect) +10% Enhance Skill Rune Effect
(Legendary Effect) 6% chance to deal triple Maximized DMG on hit
(Legendary Effect) +15% Enhance Skill Rune Effect","Mana Cost 52.2
Cooldown 30 s
Duration 3 s
48.6% chance to deal double Maximized DMG on hit
9.7% chance to deal triple Maximized DMG on hit
+143.5% Maximized DMG
Critical Hit Disabled
Shares Cooldowns between Attack Enhance Skills
(Magic Effect) 2% chance to deal triple Maximized DMG on hit
(Magic Effect) +5% Enhance Skill Rune Effect
(Rare Effect) 4% chance to deal triple Maximized DMG on hit
(Rare Effect) +10% Enhance Skill Rune Effect
(Legendary Effect) 6% chance to deal triple Maximized DMG on hit
(Legendary Effect) +15% Enhance Skill Rune Effect","-[30-40]% Enhance Skill Rune Resource Cost
 +[5-10]% Enhance Skill Rune Cooldown Recovery Speed",+[30-50]% Enhance Skill Rune Duration,+[15-25]% Enhance Skill Rune Effect
,Flash,Before,"Become invisible for a short time, and perform an Area Attack after charging in. If the target doesn't die on hit, trigger a cross-shaped additional strike around the target.","Attack, Melee, Weapon Range, Strike, Physical, Shadow","Mana Cost 4
Triggers Immediately
Physical Element
Effect Range 200
Physical DMG 320%
Physical DMG +72
Additional Strike Range 300
Additional Strike Physical DMG +219
Additional Strike Physical DMG 86%
+2% Critical Chance per 30 Weapon Range of equipped weapons
+3% Maximization Chance per 70 Weapon Range of equipped weapons
(Magic Effect) +50 Weapon Range
(Magic Effect) +20% DMG
(Rare Effect) +100 Weapon Range
(Rare Effect) +60% DMG
(Rare Effect) +15% Armor Penetration
(Legendary Effect) +150 Weapon Range
(Legendary Effect) +100% DMG
(Legendary Effect) +30% Armor Penetration","Mana Cost 13.5
Triggers Immediately
Physical Element
Effect Range 200
Physical DMG 1170%
Physical DMG +819
Additional Strike Range 300
Additional Strike Physical DMG +768
Additional Strike Physical DMG 982%
+2% Critical Chance per 30 Weapon Range of equipped weapons
+3% Maximization Chance per 70 Weapon Range of equipped weapons
(Magic Effect) +50 Weapon Range
(Magic Effect) +20% DMG
(Rare Effect) +100 Weapon Range
(Rare Effect) +60% DMG
(Rare Effect) +15% Armor Penetration
(Legendary Effect) +150 Weapon Range
(Legendary Effect) +100% DMG
(Legendary Effect) +30% Armor Penetration","[5-20]% DMG Amplification
 [15-30]% Weapon Range Dampening","+[10-35]% Weapon Range
 +[20-50]% DMG","The number of Additional Strikes +1
 [25-40]% DMG Dampening"
,,After,"Become invisible for a short time, and perform an Area Attack after charging in. If the target doesn't die on hit, trigger a cross-shaped additional strike around the target.","Attack, Melee, Weapon Range, Strike, Physical, Shadow","Mana Cost 4
Triggers Immediately
Physical Element
Effect Range 200
Physical DMG 274%
Physical DMG +72
Additional Strike Range 300
Additional Strike Physical DMG 285%
Additional Strike Physical DMG +86
+2% Critical Chance per 30 Weapon Range of equipped weapons
+3% Maximization Chance per 70 Weapon Range of equipped weapons
(Magic Effect) +50 Weapon Range
(Magic Effect) +20% DMG
(Rare Effect) +100 Weapon Range
(Rare Effect) +60% DMG
(Rare Effect) +15% Armor Penetration
(Legendary Effect) +150 Weapon Range
(Legendary Effect) +100% DMG
(Legendary Effect) +30% Armor Penetration","Mana Cost 13.5
Triggers Immediately
Physical Element
Effect Range 200
Physical DMG 1025%
Physical DMG +800
Additional Strike Range 300
Additional Strike Physical DMG 998%
Additional Strike Physical DMG +982
+2% Critical Chance per 30 Weapon Range of equipped weapons
+3% Maximization Chance per 70 Weapon Range of equipped weapons
(Magic Effect) +50 Weapon Range
(Magic Effect) +20% DMG
(Rare Effect) +100 Weapon Range
(Rare Effect) +60% DMG
(Rare Effect) +15% Armor Penetration
(Legendary Effect) +150 Weapon Range
(Legendary Effect) +100% DMG
(Legendary Effect) +30% Armor Penetration","[5-20]% DMG Amplification
 [15-30]% Weapon Range Dampening","+[10-35]% Weapon Range
 +[20-50]% DMG","The number of Additional Strikes +1
 [25-40]% DMG Dampening"
,Toxic Mist,Before,"Causes a toxic explosion on the target. After the explosion, it splits into a Toxic Mist that penetrates all enemies, dealing Poison DMG.","Spell, Area of Effect, Strike, Poison, ProjectileCannot Split","Mana Cost 3
Triggers Immediately
Poison Element
+30% Venom Chance
+50% Poison DMG
Toxic Explosion
Projectile Count 1
Projectile count does not exceed 1
Explosion Range 150
Explosion range does not exceed 300
Poison DMG +5
Poison DMG +13%
Toxic Mist
Projectile Count 3
Poison DMG +60
Poison DMG +278%
(Magic Effect) +10% Projectile Speed
(Rare Effect) +30% Projectile Speed
(Rare Effect) +1 Projectile Count
(Legendary Effect) +50% Projectile Speed
(Legendary Effect) +2 Projectile Count
(Legendary Effect) 10% DMG Amplification against enemies affected by Venom","Mana Cost 12.5
Triggers Immediately
Poison Element
+30% Venom Chance
+50% Poison DMG
Toxic Explosion
Projectile Count 1
Projectile count does not exceed 1
Explosion Range 150
Explosion range does not exceed 300
Poison DMG +187
Poison DMG +42%
Toxic Mist
Projectile Count 3
Poison DMG +901
Poison DMG +788%
(Magic Effect) +10% Projectile Speed
(Rare Effect) +30% Projectile Speed
(Rare Effect) +1 Projectile Count
(Legendary Effect) +50% Projectile Speed
(Legendary Effect) +2 Projectile Count
(Legendary Effect) 10% DMG Amplification against enemies affected by Venom","Toxic Explosion occurs twice around the target
 [40-50]% Projectile DMG Dampening","Toxic Mist projectile count does not exceed 5
 Toxic Mist can hit the same target multiple times
 [50-60]% Projectile DMG Dampening
 [15-20]% DMG Dampening when hitting the same target repeatedly","[10-20]% Projectile DMG Amplification
 +[20-40]% Projectile Speed"
,,After,"Causes a toxic explosion on the target. After the explosion, it splits into a Toxic Mist that penetrates all enemies, dealing Poison DMG.","Spell, Area of Effect, Strike, Poison, ProjectileCannot Split","Mana Cost 3
Triggers Immediately
Poison Element
+40% Venom Chance
+50% Poison DMG
Toxic Explosion
Projectile Count 1
Projectile count does not exceed 1
Explosion Range 150
Explosion range does not exceed 300
Poison DMG +5
Poison DMG +15%
Toxic Mist
Projectile Count 3
Poison DMG +60
Poison DMG +283%
(Magic Effect) +10% Projectile Speed
(Rare Effect) +30% Projectile Speed
(Rare Effect) +1 Projectile Count
(Legendary Effect) +50% Projectile Speed
(Legendary Effect) +2 Projectile Count
(Legendary Effect) 10% DMG Amplification against enemies affected by Venom","Mana Cost 12.5
Triggers Immediately
Poison Element
+40% Venom Chance
+50% Poison DMG
Toxic Explosion
Projectile Count 1
Projectile count does not exceed 1
Explosion Range 150
Explosion range does not exceed 300
Poison DMG +187
Poison DMG +45%
Toxic Mist
Projectile Count 3
Poison DMG +901
Poison DMG +830%
(Magic Effect) +10% Projectile Speed
(Rare Effect) +30% Projectile Speed
(Rare Effect) +1 Projectile Count
(Legendary Effect) +50% Projectile Speed
(Legendary Effect) +2 Projectile Count
(Legendary Effect) 10% DMG Amplification against enemies affected by Venom","Toxic Explosion occurs twice around the target
 [40-50]% Projectile DMG Dampening","Toxic Mist projectile count does not exceed 5
 Toxic Mist can hit the same target multiple times
 [50-60]% Projectile DMG Dampening
 [15-20]% DMG Dampening when hitting the same target repeatedly","[10-20]% Projectile DMG Amplification
 +[20-40]% Projectile Speed"
,Summon Abyssling,Before,"Abyssling has the Attack, Strike, Area of Effect, Physical, Melee tags.
Summons an Abyssling that rapidly charges enemies to deal Physical DMG.
The Abyssling deals additional DMG to Bleeding enemies.
Has a maintenance cost upon summoning.","Spell, Minion, Abyssling","Mana Cost 22
Cooldown 3 s
Physical Element
Summon Level 1
Summon Count 1
Max Summon Count 2
Summon Duration 30 s
Basic Attack DMG 104%
Charge Attack DMG 173%
+1 Minion Critical Rate
+0.5% Abyssling HP
+15 Abyssling Bleed Rate
+50% Abyssling DMG against Bleeding enemies
(Magic Effect) +30% Abyssling HP
(Magic Effect) +10% Abyssling Armor Penetration
(Magic Effect) +50% Abyssling DMG
(Rare Effect) +75% Abyssling HP
(Rare Effect) +15% Abyssling Armor Penetration
(Rare Effect) +90% Abyssling DMG
(Rare Effect) 10% Abyssling DMG Amplification
(Legendary Effect) +155% Abyssling HP
(Legendary Effect) +20% Abyssling Armor Penetration
(Legendary Effect) +150% Abyssling DMG
(Legendary Effect) 20% Abyssling DMG Amplification","Mana Cost 90
Cooldown 3 s
Physical Element
Summon Level 110
Summon Count 1
Max Summon Count 2
Summon Duration 74 s
Basic Attack DMG 307%
Charge Attack DMG 322%
+19 Minion Critical Rate
+56.8% Abyssling HP
+40 Abyssling Bleed Rate
+100% Abyssling DMG against Bleeding enemies
(Magic Effect) +30% Abyssling HP
(Magic Effect) +10% Abyssling Armor Penetration
(Magic Effect) +50% Abyssling DMG
(Rare Effect) +75% Abyssling HP
(Rare Effect) +15% Abyssling Armor Penetration
(Rare Effect) +90% Abyssling DMG
(Rare Effect) 10% Abyssling DMG Amplification
(Legendary Effect) +155% Abyssling HP
(Legendary Effect) +20% Abyssling Armor Penetration
(Legendary Effect) +150% Abyssling DMG
(Legendary Effect) 20% Abyssling DMG Amplification","+[15-30]% Minion Overpower Effect
Gain Minion Overpower upon summoning Abyssling
( Main Element DMG +25-45, Armor Penetration +5%, Element Penetration +5% )",Targets hit by Abyssling attacks have DMG Taken amplified by [1-2.5]% for 5 s (up to 10%).,"On Abyssling hit, Abyssling DMG is amplified by [2-3.5]% for 5 s (up to 15%)."
,,After,"Abyssling has the Attack, Strike, Area of Effect, Physical, Melee tags.
Summons an Abyssling that rapidly charges enemies to deal Physical DMG.
The Abyssling deals additional DMG to Bleeding enemies.
Has a maintenance cost upon summoning.","Spell, Minion, Abyssling","Mana Cost 22
Cooldown 3 s
Physical Element
Summon Level 1
Summon Count 1
Max Summon Count 2
Summon Duration 30 s
Basic Attack DMG 135%
Charge Attack DMG 225%
+1 Minion Critical Rate
+2% Abyssling HP
+1.2% Abyssling Attack Speed
+15 Abyssling Bleed Rate
+50% Abyssling DMG against Bleeding enemies
(Magic Effect) +30% Abyssling HP
(Magic Effect) +10% Abyssling Armor Penetration
(Magic Effect) +50% Abyssling DMG
(Rare Effect) +75% Abyssling HP
(Rare Effect) +15% Abyssling Armor Penetration
(Rare Effect) +90% Abyssling DMG
(Rare Effect) 10% Abyssling DMG Amplification
(Legendary Effect) +155% Abyssling HP
(Legendary Effect) +20% Abyssling Armor Penetration
(Legendary Effect) +150% Abyssling DMG
(Legendary Effect) 20% Abyssling DMG Amplification","Mana Cost 90
Cooldown 3 s
Physical Element
Summon Level 110
Summon Count 1
Max Summon Count 2
Summon Duration 74 s
Basic Attack DMG 386%
Charge Attack DMG 407%
+19 Minion Critical Rate
+120% Abyssling HP
+22% Abyssling Attack Speed
+40 Abyssling Bleed Rate
+100% Abyssling DMG against Bleeding enemies
(Magic Effect) +30% Abyssling HP
(Magic Effect) +10% Abyssling Armor Penetration
(Magic Effect) +50% Abyssling DMG
(Rare Effect) +75% Abyssling HP
(Rare Effect) +15% Abyssling Armor Penetration
(Rare Effect) +90% Abyssling DMG
(Rare Effect) 10% Abyssling DMG Amplification
(Legendary Effect) +155% Abyssling HP
(Legendary Effect) +20% Abyssling Armor Penetration
(Legendary Effect) +150% Abyssling DMG
(Legendary Effect) 20% Abyssling DMG Amplification","+[15-30]% Minion Overpower Effect
Gain Minion Overpower upon summoning Abyssling
( Main Element DMG +25-45, Armor Penetration +5%, Element Penetration +5% )",Targets hit by Abyssling attacks have DMG Taken amplified by [1-2.5]% for 5 s (up to 10%).,"On Abyssling hit, Abyssling DMG is amplified by [2-3.5]% for 5 s (up to 15%)."
,Gather Minions,Before,Summons all Minions to the caster's location,"Spell, Duration","Mana Cost 25
Cooldown 12 s
Summons a Minion near the caster and grants the following effect
Duration 3 s
+55% Minion DMG
(Magic Effect) +100% Gather Minions Duration
(Magic Effect) +5% Gather Minions DMG
(Rare Effect) +100% Gather Minions Duration
(Rare Effect) +10% Gather Minions DMG
(Legendary Effect) +150% Gather Minions Duration
(Legendary Effect) +13% Gather Minions DMG","Mana Cost 59
Cooldown 12 s
Summons a Minion near the caster and grants the following effect
Duration 3 s
+275% Minion DMG
(Magic Effect) +100% Gather Minions Duration
(Magic Effect) +5% Gather Minions DMG
(Rare Effect) +100% Gather Minions Duration
(Rare Effect) +10% Gather Minions DMG
(Legendary Effect) +150% Gather Minions Duration
(Legendary Effect) +13% Gather Minions DMG",[5-10]% Cast Speed Amplification to Caster for 6 s upon using Gather Minions,+[15-30]% Speed to Minions within 600 Range for 5 s upon using Gather Minions,"Grants the following effect to Minions within 600 Range for 5 s upon using Gather Minions
[15-30]% Armor Amplification
[15-30]% Element Resist Amplification"
,,After,Summons all Minions to the caster's location,"Spell, Duration","Mana Cost 25
Cooldown 10 s
Summons a Minion near the caster and grants the following effect
Duration 3 s
+55% Minion DMG
(Magic Effect) +100% Gather Minions Duration
(Magic Effect) +5% Gather Minions DMG
(Rare Effect) +100% Gather Minions Duration
(Rare Effect) +10% Gather Minions DMG
(Legendary Effect) +150% Gather Minions Duration
(Legendary Effect) +13% Gather Minions DMG","Mana Cost 59
Cooldown 10 s
Summons a Minion near the caster and grants the following effect
Duration 3 s
+275% Minion DMG
(Magic Effect) +100% Gather Minions Duration
(Magic Effect) +5% Gather Minions DMG
(Rare Effect) +100% Gather Minions Duration
(Rare Effect) +10% Gather Minions DMG
(Legendary Effect) +150% Gather Minions Duration
(Legendary Effect) +13% Gather Minions DMG",[5-10]% Cast Speed Amplification to Caster for 6 s upon using Gather Minions,+[15-30]% Speed to Minions within 600 Range for 5 s upon using Gather Minions,"Grants the following effect to Minions within 600 Range for 5 s upon using Gather Minions
[15-30]% Armor Amplification
[15-30]% Element Resist Amplification"
,Summon Javelin Abyssling,Before,"Javelin Abyssling has the Attack, Strike, Physical, Projectile tags.
Summons an Abyssling that throws javelins to deal Physical DMG.
Has a maintenance cost upon summoning","Spell, Minion, AbysslingCannot use Parallel Shot","Mana Cost 22
Cooldown 3 s
Physical Element
Summon Level 1
Summon Count 1
Max Summon Count 2
Summon Duration 30 s
Projectile Count 2
Projectile Speed 1800
Basic Attack DMG 60%
DMG Amplified by 2% per 0.1 Attack Speed of the Abyssling (up to 60%).
+1 Minion Critical Rate
+0.5% Abyssling HP
15% DMG Dampening when hitting the same target repeatedly
(Magic Effect) +30% Abyssling HP
(Magic Effect) +10% Abyssling Attack Speed
(Rare Effect) +50% Abyssling HP
(Rare Effect) +10% Abyssling Attack Speed
(Rare Effect) +100% Abyssling DMG
(Legendary Effect) +110% Abyssling HP
(Legendary Effect) +18% Abyssling Attack Speed
(Legendary Effect) +150% Abyssling DMG","Mana Cost 90
Cooldown 3 s
Physical Element
Summon Level 110
Summon Count 1
Max Summon Count 2
Summon Duration 74 s
Projectile Count 2
Projectile Speed 1800
Basic Attack DMG 93%
DMG Amplified by 2% per 0.1 Attack Speed of the Abyssling (up to 60%).
+19 Minion Critical Rate
+56.8% Abyssling HP
15% DMG Dampening when hitting the same target repeatedly
(Magic Effect) +30% Abyssling HP
(Magic Effect) +10% Abyssling Attack Speed
(Rare Effect) +50% Abyssling HP
(Rare Effect) +10% Abyssling Attack Speed
(Rare Effect) +100% Abyssling DMG
(Legendary Effect) +110% Abyssling HP
(Legendary Effect) +18% Abyssling Attack Speed
(Legendary Effect) +150% Abyssling DMG","Amplifies Minion Max HP by [8-15]%
+[30-50]% Skill Rune Cooldown Recovery Speed","+[50-60]% Abyssling DMG
+[25-30]% Abyssling Projectile Speed","+[25-30]% Abyssling Armor Penetration
+[40-52]% Abyssling DMG"
,,After,"Javelin Abyssling has the Attack, Strike, Physical, Projectile tags.
Summons an Abyssling that throws javelins to deal Physical DMG.
Has a maintenance cost upon summoning","Spell, Minion, AbysslingCannot use Parallel Shot","Mana Cost 22
Cooldown 3 s
Physical Element
Summon Level 1
Summon Count 1
Max Summon Count 2
Summon Duration 30 s
Projectile Count 2
Projectile Speed 1800
Basic Attack DMG 40%
DMG Amplified by 2% per 0.1 Attack Speed of the Abyssling (up to 60%).
+1 Minion Critical Rate
+0.5% Abyssling HP
(Magic Effect) +30% Abyssling HP
(Magic Effect) +10% Abyssling Attack Speed
(Rare Effect) +50% Abyssling HP
(Rare Effect) +10% Abyssling Attack Speed
(Rare Effect) +100% Abyssling DMG
(Legendary Effect) +110% Abyssling HP
(Legendary Effect) +18% Abyssling Attack Speed
(Legendary Effect) +150% Abyssling DMG","Mana Cost 90
Cooldown 3 s
Physical Element
Summon Level 110
Summon Count 1
Max Summon Count 2
Summon Duration 74 s
Projectile Count 4
Projectile Speed 1800
Basic Attack DMG 90%
DMG Amplified by 2% per 0.1 Attack Speed of the Abyssling (up to 60%).
+19 Minion Critical Rate
+56.8% Abyssling HP
(Magic Effect) +30% Abyssling HP
(Magic Effect) +10% Abyssling Attack Speed
(Rare Effect) +50% Abyssling HP
(Rare Effect) +10% Abyssling Attack Speed
(Rare Effect) +100% Abyssling DMG
(Legendary Effect) +110% Abyssling HP
(Legendary Effect) +18% Abyssling Attack Speed
(Legendary Effect) +150% Abyssling DMG","Amplifies Minion Max HP by [8-15]%
+[30-50]% Skill Rune Cooldown Recovery Speed","+[50-60]% Abyssling DMG
+[25-30]% Abyssling Projectile Speed","+[25-30]% Abyssling Armor Penetration
+[40-52]% Abyssling DMG"
,Unite Crowd (Enrage),Before,Changes your Minion's active stance every time this skill is used.,"Spell, Attack Enhance, Defense Enhance, Toggle, Toggle Effect","15% Resource Cost Amplification
Cooldown 2 s
Effect Range 1000
Unite Crowd Effect
+46% Armor
+11 Element Resist
Enrage Crowd Effect
+7.5% Attack Speed
+7.5% Cast Speed
+25% Critical Rate
(Magic Effect) +5% Unite Crowd Unite Effect
(Magic Effect) +5% Unite Crowd Enrage Effect
(Rare Effect) +10% Unite Crowd Unite Effect
(Rare Effect) +10% Unite Crowd Enrage Effect
(Legendary Effect) +15% Unite Crowd Unite Effect
(Legendary Effect) +15% Unite Crowd Enrage Effect","15% Resource Cost Amplification
Cooldown 2 s
Effect Range 1000
Unite Crowd Effect
+90% Armor
+33 Element Resist
Enrage Crowd Effect
+29.5% Attack Speed
+29.5% Cast Speed
+69% Critical Rate
(Magic Effect) +5% Unite Crowd Unite Effect
(Magic Effect) +5% Unite Crowd Enrage Effect
(Rare Effect) +10% Unite Crowd Unite Effect
(Rare Effect) +10% Unite Crowd Enrage Effect
(Legendary Effect) +15% Unite Crowd Unite Effect
(Legendary Effect) +15% Unite Crowd Enrage Effect",[10-15]% Minion Movement Speed increase during Unite effect,+[15-30]% Skill Rune Effect,"[10-20]% Caster Movement Speed Increase upon activating Enrage Crowd
+[50-70]% Caster Armor upon activating Unite Crowd"
,,After,Changes your Minion's active stance every time this skill is used.,"Spell, Attack Enhance, Defense Enhance, Toggle, Toggle Effect","15% Resource Cost Amplification
Cooldown 2 s
Effect Range 1000
Unite Crowd Effect
+46% Armor
+11 Element Resist
+5 Chaos Resist
Enrage Crowd Effect
+7.5% Attack Speed
+7.5% Cast Speed
+25% Critical Rate
(Magic Effect) +5% Unite Crowd Unite Effect
(Magic Effect) +5% Unite Crowd Enrage Effect
(Rare Effect) +10% Unite Crowd Unite Effect
(Rare Effect) +10% Unite Crowd Enrage Effect
(Legendary Effect) +15% Unite Crowd Unite Effect
(Legendary Effect) +15% Unite Crowd Enrage Effect","15% Resource Cost Amplification
Cooldown 2 s
Effect Range 1000
Unite Crowd Effect
+108% Armor
+33 Element Resist
+18 Chaos Resist
Enrage Crowd Effect
+29.5% Attack Speed
+29.5% Cast Speed
+69% Critical Rate
(Magic Effect) +5% Unite Crowd Unite Effect
(Magic Effect) +5% Unite Crowd Enrage Effect
(Rare Effect) +10% Unite Crowd Unite Effect
(Rare Effect) +10% Unite Crowd Enrage Effect
(Legendary Effect) +15% Unite Crowd Unite Effect
(Legendary Effect) +15% Unite Crowd Enrage Effect",[10-15]% Minion Movement Speed increase during Unite effect,+[15-30]% Skill Rune Effect,"[10-20]% Caster Movement Speed Increase upon activating Enrage Crowd
+[50-70]% Caster Armor upon activating Unite Crowd"
,Summon Bursting Rune Knight,Before,"Bursting Rune Knight has the Spell, Strike, Area of Effect, Fire, Melee tags.
Summons a Rune Knight of Fire that periodically breathes Fire and enhances nearby Abysslings.
The Rune Knight periodically absorbs an Abyssling during Melody High Tone and additional fusion occurs when an Abyssling of an identical element is absorbed.
An Abyss Knight is summoned upon fusing 3 times.
Has a maintenance cost upon summoning","Spell, Minion, Rune Knight","Mana Cost 50
Cooldown 40 s
Fire Element
Summon Level 1
Summon Count 1
Max Summon Count 1
Basic Attack DMG 85% (Spell, Melee, Fire, Strike, Area of Effect)
Earth Blow DMG 160% (Spell, Melee, Fire, Strike, Area of Effect)
Flamethrower DMG 65% (Spell, Melee, Fire, Strike, Area of Effect)
+0.5% Rune Knight HP
Periodically grants Knight's Authority to Abyssling
+25.2% Abyssling DMG
(Magic Effect) +60% Rune Knight HP
(Magic Effect) +50% Rune Knight DMG
(Rare Effect) +105% Rune Knight HP
(Rare Effect) +100% Rune Knight DMG
(Legendary Effect) +155% Rune Knight HP
(Legendary Effect) +150% Rune Knight DMG","Mana Cost 152
Cooldown 40 s
Fire Element
Summon Level 110
Summon Count 1
Max Summon Count 1
Basic Attack DMG 139% (Spell, Melee, Fire, Strike, Area of Effect)
Earth Blow DMG 269% (Spell, Melee, Fire, Strike, Area of Effect)
Flamethrower DMG 119% (Spell, Melee, Fire, Strike, Area of Effect)
+56.8% Rune Knight HP
Periodically grants Knight's Authority to Abyssling
+69.2% Abyssling DMG
(Magic Effect) +60% Rune Knight HP
(Magic Effect) +50% Rune Knight DMG
(Rare Effect) +105% Rune Knight HP
(Rare Effect) +100% Rune Knight DMG
(Legendary Effect) +155% Rune Knight HP
(Legendary Effect) +150% Rune Knight DMG","+[25-50]% Minion Area of Effect
+[50-80]% Rune Knight DMG
Enlargement",+[30-50]% Rune Knight's Authority Effect,"25% Minion DMG Dampening
[16.4-19]% DMG Taken by Minions Decrease
Add +[20-30]% Minion Armor effect to Knight's Authority"
,,After,"Bursting Rune Knight has the Spell, Strike, Area of Effect, Fire, Melee tags.
Summons a Rune Knight of Fire that periodically breathes Fire and enhances nearby Abysslings.
The Rune Knight periodically absorbs an Abyssling during Melody High Tone and additional fusion occurs when an Abyssling of an identical element is absorbed.
An Abyss Knight is summoned upon fusing 3 times.
Has a maintenance cost upon summoning","Spell, Minion, Rune Knight","Mana Cost 50
Cooldown 40 s
Fire Element
Summon Level 1
Summon Count 1
Max Summon Count 1
Basic Attack DMG 85% (Spell, Melee, Fire, Strike, Area of Effect)
Earth Blow DMG 160% (Spell, Melee, Fire, Strike, Area of Effect)
Flamethrower DMG 65% (Spell, Melee, Fire, Strike, Area of Effect)
+0.5% Rune Knight HP
Periodically grants Knight's Authority to Abyssling
+25.2% Abyssling DMG
(Magic Effect) +60% Rune Knight HP
(Magic Effect) +50% Rune Knight DMG
(Rare Effect) +105% Rune Knight HP
(Rare Effect) +100% Rune Knight DMG
(Legendary Effect) +155% Rune Knight HP
(Legendary Effect) +150% Rune Knight DMG","Mana Cost 152
Cooldown 40 s
Fire Element
Summon Level 110
Summon Count 1
Max Summon Count 1
Basic Attack DMG 175% (Spell, Melee, Fire, Strike, Area of Effect)
Earth Blow DMG 338% (Spell, Melee, Fire, Strike, Area of Effect)
Flamethrower DMG 150% (Spell, Melee, Fire, Strike, Area of Effect)
+56.8% Rune Knight HP
Periodically grants Knight's Authority to Abyssling
+69.2% Abyssling DMG
(Magic Effect) +60% Rune Knight HP
(Magic Effect) +50% Rune Knight DMG
(Rare Effect) +105% Rune Knight HP
(Rare Effect) +100% Rune Knight DMG
(Legendary Effect) +155% Rune Knight HP
(Legendary Effect) +150% Rune Knight DMG","+[25-50]% Minion Area of Effect
+[50-80]% Rune Knight DMG
Enlargement",+[30-50]% Rune Knight's Authority Effect,"25% Minion DMG Dampening
[16.4-19]% DMG Taken by Minions Decrease
Add +[20-30]% Minion Armor effect to Knight's Authority"
,Summon Wrathful Rune Knight,Before,"Wrathful Rune Knight has the Attack, Strike, Area of Effect, Physical, Melee tags.
Summons a Rune Knight that periodically enhances nearby Abysslings and its own Attack Speed to deal Physical DMG.
The Rune Knight periodically absorbs an Abyssling during Melody High Tone and additional fusion occurs when an Abyssling of an identical element is absorbed.
An Abyss Knight is summoned upon fusing 3 times.
Has a maintenance cost upon summoning","Spell, Minion, Rune Knight","Mana Cost 50
Cooldown 40 s
Physical Element
Summon Level 1
Summon Count 1
Max Summon Count 1
Basic Attack DMG 85% (Attack, Melee, Physical, Strike, Area of Effect)
Earth Blow DMG 160% (Attack, Melee, Physical, Strike, Area of Effect)
+0.5% Rune Knight HP
Rune Knight casts Enrage periodically
+42% Attack Speed
21% DMG Amplification
Periodically grants Knight's Authority to Abyssling
+13.2% Abyssling Element Resist
(Magic Effect) +60% Rune Knight HP
(Magic Effect) +50% Rune Knight DMG
(Rare Effect) +105% Rune Knight HP
(Rare Effect) +100% Rune Knight DMG
(Legendary Effect) +155% Rune Knight HP
(Legendary Effect) +150% Rune Knight DMG","Mana Cost 152
Cooldown 40 s
Physical Element
Summon Level 110
Summon Count 1
Max Summon Count 1
Basic Attack DMG 139% (Attack, Melee, Physical, Strike, Area of Effect)
Earth Blow DMG 269% (Attack, Melee, Physical, Strike, Area of Effect)
+56.8% Rune Knight HP
Rune Knight casts Enrage periodically
+130% Attack Speed
65% DMG Amplification
Periodically grants Knight's Authority to Abyssling
+57.2% Abyssling Element Resist
(Magic Effect) +60% Rune Knight HP
(Magic Effect) +50% Rune Knight DMG
(Rare Effect) +105% Rune Knight HP
(Rare Effect) +100% Rune Knight DMG
(Legendary Effect) +155% Rune Knight HP
(Legendary Effect) +150% Rune Knight DMG","+[25-50]% Minion Area of Effect
+[50-80]% Rune Knight DMG
Enlargement",+[30-50]% Rune Knight's Authority Effect,"+[90.9-113]% DMG against Elites
Add [2-4]% Minion DMG Amplification against Elites effect to Knight's Authority"
,,After,"Wrathful Rune Knight has the Attack, Strike, Area of Effect, Physical, Melee tags.
Summons a Rune Knight that periodically enhances nearby Abysslings and its own Attack Speed to deal Physical DMG.
The Rune Knight periodically absorbs an Abyssling during Melody High Tone and additional fusion occurs when an Abyssling of an identical element is absorbed.
An Abyss Knight is summoned upon fusing 3 times.
Has a maintenance cost upon summoning","Spell, Minion, Rune Knight","Mana Cost 50
Cooldown 40 s
Physical Element
Summon Level 1
Summon Count 1
Max Summon Count 1
Basic Attack DMG 85% (Attack, Melee, Physical, Strike, Area of Effect)
Earth Blow DMG 160% (Attack, Melee, Physical, Strike, Area of Effect)
+0.5% Rune Knight HP
Rune Knight casts Enrage periodically
+42% Attack Speed
21% DMG Amplification
Periodically grants Knight's Authority to Abyssling
+13.2% Abyssling Element Resist
(Magic Effect) +60% Rune Knight HP
(Magic Effect) +50% Rune Knight DMG
(Rare Effect) +105% Rune Knight HP
(Rare Effect) +100% Rune Knight DMG
(Legendary Effect) +155% Rune Knight HP
(Legendary Effect) +150% Rune Knight DMG","Mana Cost 152
Cooldown 40 s
Physical Element
Summon Level 110
Summon Count 1
Max Summon Count 1
Basic Attack DMG 175% (Attack, Melee, Physical, Strike, Area of Effect)
Earth Blow DMG 338% (Attack, Melee, Physical, Strike, Area of Effect)
+56.8% Rune Knight HP
Rune Knight casts Enrage periodically
+130% Attack Speed
65% DMG Amplification
Periodically grants Knight's Authority to Abyssling
+57.2% Abyssling Element Resist
(Magic Effect) +60% Rune Knight HP
(Magic Effect) +50% Rune Knight DMG
(Rare Effect) +105% Rune Knight HP
(Rare Effect) +100% Rune Knight DMG
(Legendary Effect) +155% Rune Knight HP
(Legendary Effect) +150% Rune Knight DMG","+[25-50]% Minion Area of Effect
+[50-80]% Rune Knight DMG
Enlargement",+[30-50]% Rune Knight's Authority Effect,"+[90.9-113]% DMG against Elites
Add [2-4]% Minion DMG Amplification against Elites effect to Knight's Authority"
,Sacred Devotion,Before,"Decreases the caster's Armor and all Element Resist while channeling, but increases Minion DMG","Spell, Channel","Mana Cost 10.5
Triggers Immediately
Max Stacks 3
5% Minion DMG Amplification per stack
7% Caster Armor Dampening per stack
7% Caster Element Resist Dampening per stack
(Magic Effect) +7% Sacred Devotion Minion Effect
(Rare Effect) +10% Sacred Devotion Minion Effect
(Rare Effect) -10% Sacred Devotion Caster Effect
(Legendary Effect) +1 Max Stage
(Legendary Effect) +20% Sacred Devotion Minion Effect
(Legendary Effect) -20% Sacred Devotion Caster Effect","Mana Cost 27.5
Triggers Immediately
Max Stacks 3
13.8% Minion DMG Amplification per stack
7% Caster Armor Dampening per stack
7% Caster Element Resist Dampening per stack
(Magic Effect) +7% Sacred Devotion Minion Effect
(Rare Effect) +10% Sacred Devotion Minion Effect
(Rare Effect) -10% Sacred Devotion Caster Effect
(Legendary Effect) +1 Max Stage
(Legendary Effect) +20% Sacred Devotion Minion Effect
(Legendary Effect) -20% Sacred Devotion Caster Effect","+2 Max Sacred Devotion Stacks
+[3-6]% Sacred Devotion Minion Effect","[10-20]% Resource Cost Dampening
Gain Regeneration while channeling
( 1% Max HP Regen/Sec, 0.4% Max Mana Regen/Sec )",[10-15]% DMG Taken Dampening while Channeling
,,After,"Decreases the caster's Armor and all Element Resist while channeling, but increases Minion DMG","Spell, Channel","Mana Cost 10.5
Triggers Immediately
Max Stacks 3
5% Minion DMG Amplification per stack
7% Caster Armor Dampening per stack
7% Caster Element Resist Dampening per stack
(Magic Effect) +7% Sacred Devotion Minion Effect
(Rare Effect) +10% Sacred Devotion Minion Effect
(Rare Effect) -10% Sacred Devotion Caster Effect
(Legendary Effect) +1 Max Stage
(Legendary Effect) +20% Sacred Devotion Minion Effect
(Legendary Effect) -20% Sacred Devotion Caster Effect","Mana Cost 27.5
Triggers Immediately
Max Stacks 3
15.3% Minion DMG Amplification per stack
7% Caster Armor Dampening per stack
7% Caster Element Resist Dampening per stack
(Magic Effect) +7% Sacred Devotion Minion Effect
(Rare Effect) +10% Sacred Devotion Minion Effect
(Rare Effect) -10% Sacred Devotion Caster Effect
(Legendary Effect) +1 Max Stage
(Legendary Effect) +20% Sacred Devotion Minion Effect
(Legendary Effect) -20% Sacred Devotion Caster Effect","+2 Max Sacred Devotion Stacks
+[3-6]% Sacred Devotion Minion Effect","[10-20]% Resource Cost Dampening
Gain Regeneration while channeling
( 1% Max HP Regen/Sec, 0.4% Max Mana Regen/Sec )",[10-15]% DMG Taken Dampening while Channeling
,Summon Fire Orb Abyssling,Before,"Fire Orb Abyssling has the Spell, Strike, Range, Area of Effect, Fire, Projectile tags.
Summons an Abyssling that deals damage by throwing Fire Orbs.
Has a maintenance cost upon summoning","Spell, Minion, AbysslingCannot use Parallel Shot, Cannot Split","Mana Cost 27
Cooldown 3 s
Fire Element
Summon Level 1
Summon Count 1
Max Summon Count 2
Summon Duration 30 s
Fire Orb Count 1
Explosion Range 150
Basic Attack DMG 115%
Additional Fire Orb Count 4
Explosion Range 80
Basic Attack DMG 115%
+1 Minion Critical Rate
+0.5% Abyssling HP
+20 Abyssling Burn Rate
(Magic Effect) +30% Abyssling HP
(Magic Effect) +50% Abyssling DMG against enemies affected by DoT
(Rare Effect) +50% Abyssling HP
(Rare Effect) +100% Abyssling DMG against enemies affected by DoT
(Rare Effect) +1 Abyssling Projectile Count
(Rare Effect) 10% Abyssling DMG Amplification
(Legendary Effect) +110% Abyssling HP
(Legendary Effect) +150% Abyssling DMG against enemies affected by DoT
(Legendary Effect) +2 Abyssling Projectile Count
(Legendary Effect) 30% Abyssling DMG Amplification","Mana Cost 95
Cooldown 3 s
Fire Element
Summon Level 110
Summon Count 1
Max Summon Count 2
Summon Duration 74 s
Fire Orb Count 1
Explosion Range 150
Basic Attack DMG 265%
Additional Fire Orb Count 4
Explosion Range 80
Basic Attack DMG 265%
+19 Minion Critical Rate
+56.8% Abyssling HP
+50 Abyssling Burn Rate
(Magic Effect) +30% Abyssling HP
(Magic Effect) +50% Abyssling DMG against enemies affected by DoT
(Rare Effect) +50% Abyssling HP
(Rare Effect) +100% Abyssling DMG against enemies affected by DoT
(Rare Effect) +1 Abyssling Projectile Count
(Rare Effect) 10% Abyssling DMG Amplification
(Legendary Effect) +110% Abyssling HP
(Legendary Effect) +150% Abyssling DMG against enemies affected by DoT
(Legendary Effect) +2 Abyssling Projectile Count
(Legendary Effect) 30% Abyssling DMG Amplification","Amplifies Minion Max HP by [8-15]%
+[30-50]% Skill Rune Cooldown Recovery Speed",+[1-2] Abyssling Projectile Count,"+[30-40] Abyssling Burn Rate
+[40-52]% Abyssling DMG against Burning enemies"
,,After,"Fire Orb Abyssling has the Spell, Strike, Range, Area of Effect, Fire, Projectile tags.
Summons an Abyssling that deals damage by throwing Fire Orbs.
Has a maintenance cost upon summoning","Spell, Minion, AbysslingCannot use Parallel Shot, Cannot Split","Mana Cost 27
Cooldown 3 s
Fire Element
Summon Level 1
Summon Count 1
Max Summon Count 2
Summon Duration 30 s
Fire Orb Count 2
Explosion Range 250
Basic Attack DMG 115%
Additional Fire Orb Count 4
Explosion Range 180
Basic Attack DMG 115%
+1 Minion Critical Rate
+0.5% Abyssling HP
+20 Abyssling Burn Rate
20% DMG Amplification against Burning enemies
(Magic Effect) +30% Abyssling HP
(Magic Effect) +50% Abyssling DMG against enemies affected by DoT
(Rare Effect) +50% Abyssling HP
(Rare Effect) +100% Abyssling DMG against enemies affected by DoT
(Rare Effect) +1 Abyssling Projectile Count
(Rare Effect) 10% Abyssling DMG Amplification
(Legendary Effect) +110% Abyssling HP
(Legendary Effect) +150% Abyssling DMG against enemies affected by DoT
(Legendary Effect) +2 Abyssling Projectile Count
(Legendary Effect) 30% Abyssling DMG Amplification","Mana Cost 95
Cooldown 3 s
Fire Element
Summon Level 110
Summon Count 1
Max Summon Count 2
Summon Duration 74 s
Fire Orb Count 2
Explosion Range 250
Basic Attack DMG 305%
Additional Fire Orb Count 4
Explosion Range 180
Basic Attack DMG 305%
+19 Minion Critical Rate
+56.8% Abyssling HP
+50 Abyssling Burn Rate
20% DMG Amplification against Burning enemies
(Magic Effect) +30% Abyssling HP
(Magic Effect) +50% Abyssling DMG against enemies affected by DoT
(Rare Effect) +50% Abyssling HP
(Rare Effect) +100% Abyssling DMG against enemies affected by DoT
(Rare Effect) +1 Abyssling Projectile Count
(Rare Effect) 10% Abyssling DMG Amplification
(Legendary Effect) +110% Abyssling HP
(Legendary Effect) +150% Abyssling DMG against enemies affected by DoT
(Legendary Effect) +2 Abyssling Projectile Count
(Legendary Effect) 30% Abyssling DMG Amplification","Amplifies Minion Max HP by [8-15]%
+[30-50]% Skill Rune Cooldown Recovery Speed",+[1-2] Abyssling Projectile Count,"+[30-40] Abyssling Burn Rate
+[40-52]% Abyssling DMG against Burning enemies"
,Summon Poison Arrow Abyssling,Before,"Poison Arrow Abyssling has the Spell, Strike, Poison, Projectile tags.
Summons an Abyssling that fires Poison Arrows which explode to create a Toxic Zone.
Has a maintenance cost upon summoning.","Spell, Minion, AbysslingCannot use Parallel Shot, Cannot Split","Mana Cost 27
Cooldown 3 s
Poison Element
Summon Level 1
Summon Count 1
Max Summon Count 2
Summon Duration 30 s
Poison Arrow Projectile Count 1
Poison Arrow Radius 150
Poison Arrow Poison DMG 110%
Toxic Area Range 250
Toxic Area Poison DMG 83%
+1 Minion Critical Rate
+0.5% Abyssling HP
+20 Abyssling Venom Rate
(Magic Effect) +30% Abyssling HP
(Magic Effect) +25% Abyssling DMG against enemies affected by DoT
(Rare Effect) +50% Abyssling HP
(Rare Effect) +50% Abyssling DMG against enemies affected by DoT
(Rare Effect) 10% Abyssling DMG Amplification
(Legendary Effect) +110% Abyssling HP
(Legendary Effect) +75% Abyssling DMG against enemies affected by DoT
(Legendary Effect) 30% Abyssling DMG Amplification
(Legendary Effect) +1 Abyssling Projectile Count","Mana Cost 95
Cooldown 3 s
Poison Element
Summon Level 110
Summon Count 1
Max Summon Count 2
Summon Duration 74 s
Poison Arrow Projectile Count 1
Poison Arrow Radius 150
Poison Arrow Poison DMG 253%
Toxic Area Range 250
Toxic Area Poison DMG 189%
+19 Minion Critical Rate
+56.8% Abyssling HP
+50 Abyssling Venom Rate
(Magic Effect) +30% Abyssling HP
(Magic Effect) +25% Abyssling DMG against enemies affected by DoT
(Rare Effect) +50% Abyssling HP
(Rare Effect) +50% Abyssling DMG against enemies affected by DoT
(Rare Effect) 10% Abyssling DMG Amplification
(Legendary Effect) +110% Abyssling HP
(Legendary Effect) +75% Abyssling DMG against enemies affected by DoT
(Legendary Effect) 30% Abyssling DMG Amplification
(Legendary Effect) +1 Abyssling Projectile Count","Amplifies Minion Max HP by [8-15]%
+[30-50]% Skill Rune Cooldown Recovery Speed","+[15-20]% Abyssling Cast Speed
+[40-52]% Abyssling DMG","+1 Abyssling Projectile Count
+[20-30] Abyssling Venom Rate"
,,After,"Poison Arrow Abyssling has the Spell, Strike, Poison, Projectile tags.
Summons an Abyssling that fires Poison Arrows which explode to create a Toxic Zone.
Has a maintenance cost upon summoning.","Spell, Minion, AbysslingCannot use Parallel Shot, Cannot Split","Mana Cost 27
Cooldown 3 s
Poison Element
Summon Level 1
Summon Count 1
Max Summon Count 2
Summon Duration 30 s
Poison Arrow Projectile Count 3
Poison Arrow Radius 300
Poison Arrow Poison DMG 110%
Toxic Area Range 400
Toxic Area Poison DMG 83%
+1 Minion Critical Rate
+0.5% Abyssling HP
+20 Abyssling Venom Rate
20% DMG Amplification against enemies affected by Venom
(Magic Effect) +30% Abyssling HP
(Magic Effect) +25% Abyssling DMG against enemies affected by DoT
(Rare Effect) +50% Abyssling HP
(Rare Effect) +50% Abyssling DMG against enemies affected by DoT
(Rare Effect) 10% Abyssling DMG Amplification
(Legendary Effect) +110% Abyssling HP
(Legendary Effect) +75% Abyssling DMG against enemies affected by DoT
(Legendary Effect) 30% Abyssling DMG Amplification
(Legendary Effect) +1 Abyssling Projectile Count","Mana Cost 95
Cooldown 3 s
Poison Element
Summon Level 110
Summon Count 1
Max Summon Count 2
Summon Duration 74 s
Poison Arrow Projectile Count 3
Poison Arrow Radius 300
Poison Arrow Poison DMG 291%
Toxic Area Range 400
Toxic Area Poison DMG 217%
+19 Minion Critical Rate
+56.8% Abyssling HP
+50 Abyssling Venom Rate
20% DMG Amplification against enemies affected by Venom
(Magic Effect) +30% Abyssling HP
(Magic Effect) +25% Abyssling DMG against enemies affected by DoT
(Rare Effect) +50% Abyssling HP
(Rare Effect) +50% Abyssling DMG against enemies affected by DoT
(Rare Effect) 10% Abyssling DMG Amplification
(Legendary Effect) +110% Abyssling HP
(Legendary Effect) +75% Abyssling DMG against enemies affected by DoT
(Legendary Effect) 30% Abyssling DMG Amplification
(Legendary Effect) +1 Abyssling Projectile Count","Amplifies Minion Max HP by [8-15]%
+[30-50]% Skill Rune Cooldown Recovery Speed","+[15-20]% Abyssling Cast Speed
+[40-52]% Abyssling DMG","+1 Abyssling Projectile Count
+[20-30] Abyssling Venom Rate"
,Summon Lightning Arrow Abyssling,Before,"Lightning Arrow Abyssling has the Spell, Strike, Lightning, Projectile tags.
Summons an Abyssling that fires Lightning Arrows that Chain upon hitting an enemy.
Has a maintenance cost upon summoning.","Spell, Minion, AbysslingCannot use Parallel Shot, Cannot Split, Cannot Chain","Mana Cost 27
Cooldown 3 s
Lightning Element
Summon Level 1
Summon Count 1
Max Summon Count 2
Summon Duration 30 s
Projectile Count 1
Projectile Speed 1800
Max Chain Count 2
Cannot Pierce
Basic Attack DMG 115%
+1 Minion Critical Rate
+0.5% Abyssling HP
+20 Abyssling Shock Rate
(Magic Effect) +30% Abyssling HP
(Magic Effect) +50% Abyssling DMG against Debuffed enemies
(Rare Effect) +50% Abyssling HP
(Rare Effect) +100% Abyssling DMG against Debuffed enemies
(Rare Effect) +1 Abyssling Max Chain Count
(Rare Effect) 10% Abyssling DMG Amplification
(Legendary Effect) +110% Abyssling HP
(Legendary Effect) +150% Abyssling DMG against Debuffed enemies
(Legendary Effect) +2 Abyssling Max Chain Count
(Legendary Effect) 30% Abyssling DMG Amplification","Mana Cost 95
Cooldown 3 s
Lightning Element
Summon Level 110
Summon Count 1
Max Summon Count 2
Summon Duration 74 s
Projectile Count 1
Projectile Speed 1800
Max Chain Count 2
Cannot Pierce
Basic Attack DMG 265%
+19 Minion Critical Rate
+56.8% Abyssling HP
+50 Abyssling Shock Rate
(Magic Effect) +30% Abyssling HP
(Magic Effect) +50% Abyssling DMG against Debuffed enemies
(Rare Effect) +50% Abyssling HP
(Rare Effect) +100% Abyssling DMG against Debuffed enemies
(Rare Effect) +1 Abyssling Max Chain Count
(Rare Effect) 10% Abyssling DMG Amplification
(Legendary Effect) +110% Abyssling HP
(Legendary Effect) +150% Abyssling DMG against Debuffed enemies
(Legendary Effect) +2 Abyssling Max Chain Count
(Legendary Effect) 30% Abyssling DMG Amplification","Amplifies Minion Max HP by [8-15]%
+[30-50]% Skill Rune Cooldown Recovery Speed","+[25-30]% Abyssling Projectile Speed
+[1-2] Abyssling Max Chain Count","+[30-40] Abyssling Shock Rate
+[40-52]% Abyssling DMG against Shocked enemies"
,,After,"Lightning Arrow Abyssling has the Spell, Strike, Lightning, Projectile tags.
Summons an Abyssling that fires Lightning Arrows that Chain upon hitting an enemy.
Has a maintenance cost upon summoning.","Spell, Minion, AbysslingCannot use Parallel Shot, Cannot Split, Cannot Chain","Mana Cost 27
Cooldown 3 s
Lightning Element
Summon Level 1
Summon Count 1
Max Summon Count 2
Summon Duration 30 s
Projectile Count 3
Projectile Speed 1800
Max Chain Count 4
Cannot Pierce
Basic Attack DMG 115%
+1 Minion Critical Rate
+0.5% Abyssling HP
+20 Abyssling Shock Rate
20% DMG Amplification against Shocked enemies
(Magic Effect) +30% Abyssling HP
(Magic Effect) +50% Abyssling DMG against Debuffed enemies
(Rare Effect) +50% Abyssling HP
(Rare Effect) +100% Abyssling DMG against Debuffed enemies
(Rare Effect) +1 Abyssling Max Chain Count
(Rare Effect) 10% Abyssling DMG Amplification
(Legendary Effect) +110% Abyssling HP
(Legendary Effect) +150% Abyssling DMG against Debuffed enemies
(Legendary Effect) +2 Abyssling Max Chain Count
(Legendary Effect) 30% Abyssling DMG Amplification","Mana Cost 95
Cooldown 3 s
Lightning Element
Summon Level 110
Summon Count 1
Max Summon Count 2
Summon Duration 74 s
Projectile Count 3
Projectile Speed 1800
Max Chain Count 4
Cannot Pierce
Basic Attack DMG 305%
+19 Minion Critical Rate
+56.8% Abyssling HP
+50 Abyssling Shock Rate
20% DMG Amplification against Shocked enemies
(Magic Effect) +30% Abyssling HP
(Magic Effect) +50% Abyssling DMG against Debuffed enemies
(Rare Effect) +50% Abyssling HP
(Rare Effect) +100% Abyssling DMG against Debuffed enemies
(Rare Effect) +1 Abyssling Max Chain Count
(Rare Effect) 10% Abyssling DMG Amplification
(Legendary Effect) +110% Abyssling HP
(Legendary Effect) +150% Abyssling DMG against Debuffed enemies
(Legendary Effect) +2 Abyssling Max Chain Count
(Legendary Effect) 30% Abyssling DMG Amplification","Amplifies Minion Max HP by [8-15]%
+[30-50]% Skill Rune Cooldown Recovery Speed","+[25-30]% Abyssling Projectile Speed
+[1-2] Abyssling Max Chain Count","+[30-40] Abyssling Shock Rate
+[40-52]% Abyssling DMG against Shocked enemies"
,Summon Snow Orb Abyssling,Before,"Snow Orb Abyssling has the Spell, Strike, Cold, Projectile tags.
Summons an Abyssling that fires Cold Orbs that split upon hitting an enemy.
Has a maintenance cost upon summoning","Spell, Minion, AbysslingCannot use Parallel Shot, Cannot Chain","Mana Cost 27
Cooldown 3 s
Cold Element
Summon Level 1
Summon Count 1
Max Summon Count 2
Summon Duration 30 s
Projectile Count 1
Projectile Speed 1800
Split Projectile
Cannot Pierce
Basic Attack DMG 115%
+1 Minion Critical Rate
+0.5% Abyssling HP
+20 Abyssling Chill Rate
Abyssling Projectile Split Count +1
Abyssling Split Projectile Count +1
(Magic Effect) +30% Abyssling HP
(Magic Effect) +50% Abyssling DMG against Debuffed enemies
(Rare Effect) +50% Abyssling HP
(Rare Effect) +10 Abyssling Chill Rate
(Rare Effect) +100% Abyssling DMG against Debuffed enemies
(Rare Effect) 10% Abyssling DMG Amplification
(Legendary Effect) +110% Abyssling HP
(Legendary Effect) +18 Abyssling Chill Rate
(Legendary Effect) +150% Abyssling DMG against Debuffed enemies
(Legendary Effect) 30% Abyssling DMG Amplification","Mana Cost 95
Cooldown 3 s
Cold Element
Summon Level 110
Summon Count 1
Max Summon Count 2
Summon Duration 74 s
Projectile Count 3
Projectile Speed 1800
Split Projectile
Cannot Pierce
Basic Attack DMG 265%
+19 Minion Critical Rate
+56.8% Abyssling HP
+50 Abyssling Chill Rate
Abyssling Projectile Split Count +1
Abyssling Split Projectile Count +1
(Magic Effect) +30% Abyssling HP
(Magic Effect) +50% Abyssling DMG against Debuffed enemies
(Rare Effect) +50% Abyssling HP
(Rare Effect) +10 Abyssling Chill Rate
(Rare Effect) +100% Abyssling DMG against Debuffed enemies
(Rare Effect) 10% Abyssling DMG Amplification
(Legendary Effect) +110% Abyssling HP
(Legendary Effect) +18 Abyssling Chill Rate
(Legendary Effect) +150% Abyssling DMG against Debuffed enemies
(Legendary Effect) 30% Abyssling DMG Amplification","Amplifies Minion Max HP by [8-15]%
+[30-50]% Skill Rune Cooldown Recovery Speed","+[15-30]% Minion Overpower Effect
Gain Minion Overpower upon summoning Abyssling
( Main Element DMG +25-45, Armor Penetration +5%, Element Penetration +5% )","+2 Abyssling Projectile Count
[1-3]% Abyssling DMG Amplification"
,,After,"Snow Orb Abyssling has the Spell, Strike, Cold, Projectile tags.
Summons an Abyssling that fires Cold Orbs that split upon hitting an enemy.
Has a maintenance cost upon summoning","Spell, Minion, AbysslingCannot use Parallel Shot, Cannot Chain","Mana Cost 27
Cooldown 3 s
Cold Element
Summon Level 1
Summon Count 1
Max Summon Count 2
Summon Duration 30 s
Projectile Count 3
Projectile Speed 1800
Split Projectile
Cannot Pierce
Basic Attack DMG 115%
+1 Minion Critical Rate
+0.5% Abyssling HP
+20 Abyssling Chill Rate
Abyssling Projectile Split Count +2
Abyssling Split Projectile Count +3
20% DMG Amplification against Chilled enemies
(Magic Effect) +30% Abyssling HP
(Magic Effect) +50% Abyssling DMG against Debuffed enemies
(Rare Effect) +50% Abyssling HP
(Rare Effect) +10 Abyssling Chill Rate
(Rare Effect) +100% Abyssling DMG against Debuffed enemies
(Rare Effect) 10% Abyssling DMG Amplification
(Legendary Effect) +110% Abyssling HP
(Legendary Effect) +18 Abyssling Chill Rate
(Legendary Effect) +150% Abyssling DMG against Debuffed enemies
(Legendary Effect) 30% Abyssling DMG Amplification","Mana Cost 95
Cooldown 3 s
Cold Element
Summon Level 110
Summon Count 1
Max Summon Count 2
Summon Duration 74 s
Projectile Count 3
Projectile Speed 1800
Split Projectile
Cannot Pierce
Basic Attack DMG 305%
+19 Minion Critical Rate
+56.8% Abyssling HP
+50 Abyssling Chill Rate
Abyssling Projectile Split Count +2
Abyssling Split Projectile Count +3
20% DMG Amplification against Chilled enemies
(Magic Effect) +30% Abyssling HP
(Magic Effect) +50% Abyssling DMG against Debuffed enemies
(Rare Effect) +50% Abyssling HP
(Rare Effect) +10 Abyssling Chill Rate
(Rare Effect) +100% Abyssling DMG against Debuffed enemies
(Rare Effect) 10% Abyssling DMG Amplification
(Legendary Effect) +110% Abyssling HP
(Legendary Effect) +18 Abyssling Chill Rate
(Legendary Effect) +150% Abyssling DMG against Debuffed enemies
(Legendary Effect) 30% Abyssling DMG Amplification","Amplifies Minion Max HP by [8-15]%
+[30-50]% Skill Rune Cooldown Recovery Speed","+[15-30]% Minion Overpower Effect
Gain Minion Overpower upon summoning Abyssling
( Main Element DMG +25-45, Armor Penetration +5%, Element Penetration +5% )","+2 Abyssling Projectile Count
[1-3]% Abyssling DMG Amplification"
,Bloodshed,Before,Chance to afflict Bleed against targets hit and create a Domain of Blood that persists for a set duration while Bleed is inflicted.,"Attack, Melee, Area of Effect, Weapon Range, Strike, Physical, Shadow","Mana Cost 3
Triggers Immediately
Physical Element
No equipped weapon range
Physical DMG +24
Physical DMG 294%
30% DMG Amplification against Elites
+40% Bleed Chance
Creates a Bloodshed Domain that lasts 6 seconds upon inflicting Bleed with Bloodshed
Domain of Blood Cooldown 5 s
Domain of Blood Range 500
Domain of Blood Effect
Attack Speed 3% Amplification
10% DMG Taken Dampening
DMG 8% Amplification to Bleeding Targets
All Speeds of Enemies in Domain of Blood Reduced by 5%
(Magic Effect) +30% DMG against Elites
(Magic Effect) +15% Bloodshed Domain of Blood Effect
(Magic Effect) 5% DMG Amplification against Bleeding enemies
(Rare Effect) +50% DMG against Elites
(Rare Effect) +30% Bloodshed Domain of Blood Effect
(Rare Effect) 10% DMG Amplification against Bleeding enemies
(Legendary Effect) +100% DMG against Elites
(Legendary Effect) +50% Bloodshed Domain of Blood Effect
(Legendary Effect) 20% DMG Amplification against Bleeding enemies","Mana Cost 12.5
Triggers Immediately
Physical Element
No equipped weapon range
Physical DMG +254
Physical DMG 934%
30% DMG Amplification against Elites
+40% Bleed Chance
Creates a Bloodshed Domain that lasts 6 seconds upon inflicting Bleed with Bloodshed
Domain of Blood Cooldown 5 s
Domain of Blood Range 500
Domain of Blood Effect
Attack Speed 7% Amplification
20% DMG Taken Dampening
DMG 15% Amplification to Bleeding Targets
All Speeds of Enemies in Domain of Blood Reduced by 15%
(Magic Effect) +30% DMG against Elites
(Magic Effect) +15% Bloodshed Domain of Blood Effect
(Magic Effect) 5% DMG Amplification against Bleeding enemies
(Rare Effect) +50% DMG against Elites
(Rare Effect) +30% Bloodshed Domain of Blood Effect
(Rare Effect) 10% DMG Amplification against Bleeding enemies
(Legendary Effect) +100% DMG against Elites
(Legendary Effect) +50% Bloodshed Domain of Blood Effect
(Legendary Effect) 20% DMG Amplification against Bleeding enemies","+[50-70] Weapon Range
+[20-30]% Bleed Chance","+[30-60]% Bloodshed Domain of Blood Duration
+[20-30]% Bloodshed Domain of Blood Effect",[13-17.5]% Melee DMG Amplification
,,After,Chance to afflict Bleed against targets hit and create a Domain of Blood that persists for a set duration while Bleed is inflicted.,"Attack, Melee, Area of Effect, Weapon Range, Strike, Physical, Shadow","Mana Cost 3
Triggers Immediately
Physical Element
No equipped weapon range
Physical DMG +24
Physical DMG 294%
30% DMG Amplification against Elites
+40% Bleed Chance
Creates a Bloodshed Domain that lasts 6 seconds upon inflicting Bleed with Bloodshed
Domain of Blood Cooldown 5 s
Domain of Blood Range 500
Domain of Blood Effect
(US)혈격 공격 속도 3% 증폭
10% DMG Taken Dampening
(US)혈격이 출혈 중인 적에게 피해 8% 증폭
All Speeds of Enemies in Domain of Blood Reduced by 5%
(Magic Effect) +30% DMG against Elites
(Magic Effect) +15% Bloodshed Domain of Blood Effect
(Magic Effect) 5% DMG Amplification against Bleeding enemies
(Rare Effect) +50% DMG against Elites
(Rare Effect) +30% Bloodshed Domain of Blood Effect
(Rare Effect) 10% DMG Amplification against Bleeding enemies
(Legendary Effect) +100% DMG against Elites
(Legendary Effect) +50% Bloodshed Domain of Blood Effect
(Legendary Effect) 20% DMG Amplification against Bleeding enemies","Mana Cost 12.5
Triggers Immediately
Physical Element
No equipped weapon range
Physical DMG +254
Physical DMG 934%
30% DMG Amplification against Elites
+40% Bleed Chance
Creates a Bloodshed Domain that lasts 6 seconds upon inflicting Bleed with Bloodshed
Domain of Blood Cooldown 5 s
Domain of Blood Range 500
Domain of Blood Effect
(US)혈격 공격 속도 7% 증폭
20% DMG Taken Dampening
(US)혈격이 출혈 중인 적에게 피해 15% 증폭
All Speeds of Enemies in Domain of Blood Reduced by 15%
(Magic Effect) +30% DMG against Elites
(Magic Effect) +15% Bloodshed Domain of Blood Effect
(Magic Effect) 5% DMG Amplification against Bleeding enemies
(Rare Effect) +50% DMG against Elites
(Rare Effect) +30% Bloodshed Domain of Blood Effect
(Rare Effect) 10% DMG Amplification against Bleeding enemies
(Legendary Effect) +100% DMG against Elites
(Legendary Effect) +50% Bloodshed Domain of Blood Effect
(Legendary Effect) 20% DMG Amplification against Bleeding enemies","+[50-70] Weapon Range
+[20-30]% Bleed Chance","+[30-60]% Bloodshed Domain of Blood Duration
+[20-30]% Bloodshed Domain of Blood Effect",[13-17.5]% Melee DMG Amplification
,Summon Arctic Rune Knight,Before,"Arctic Rune Knight has the Spell, Strike, Area of Effect, Cold, Melee tags.
Summons a Rune Knight of Cold that periodically uses the Frost Wind skill to Strike nearby enemies, and enhances nearby Abysslings.
The Rune Knight periodically absorbs an Abyssling during Melody High Tone and additional fusion occurs when an Abyssling of an identical element is absorbed.
An Abyss Knight is summoned upon fusing 3 times.
Has a maintenance cost upon summoning","Spell, Minion, Rune Knight","Mana Cost 50
Cooldown 40 s
Cold Element
Summon Level 1
Summon Count 1
Max Summon Count 1
Basic Attack DMG 85% (Spell, Melee, Cold, Strike, Area of Effect)
Earth Blow DMG 160% (Spell, Melee, Cold, Strike, Area of Effect)
Frost Shield DMG 50% (Spell, Melee, Cold, Strike, Area of Effect)
+0.5% Rune Knight HP
Periodically grants Knight's Authority to Abyssling
+7.4% Abyssling Attack Speed
+7.4% Abyssling Cast Speed
(Magic Effect) +60% Rune Knight HP
(Magic Effect) +50% Rune Knight DMG
(Rare Effect) +105% Rune Knight HP
(Rare Effect) +100% Rune Knight DMG
(Legendary Effect) +155% Rune Knight HP
(Legendary Effect) +150% Rune Knight DMG","Mana Cost 152
Cooldown 40 s
Cold Element
Summon Level 110
Summon Count 1
Max Summon Count 1
Basic Attack DMG 139% (Spell, Melee, Cold, Strike, Area of Effect)
Earth Blow DMG 269% (Spell, Melee, Cold, Strike, Area of Effect)
Frost Shield DMG 89% (Spell, Melee, Cold, Strike, Area of Effect)
+56.8% Rune Knight HP
Periodically grants Knight's Authority to Abyssling
+16.2% Abyssling Attack Speed
+16.2% Abyssling Cast Speed
(Magic Effect) +60% Rune Knight HP
(Magic Effect) +50% Rune Knight DMG
(Rare Effect) +105% Rune Knight HP
(Rare Effect) +100% Rune Knight DMG
(Legendary Effect) +155% Rune Knight HP
(Legendary Effect) +150% Rune Knight DMG","+[25-50]% Minion Area of Effect
+[50-80]% Rune Knight DMG
Enlargement",+[30-50]% Rune Knight's Authority Effect,"+[44-54] Chill Rate
+[25.7-30]% Chill Effect
Add +[15-30]% Minion DMG against Chilled enemies effect to Knight's Authority"
,,After,"Arctic Rune Knight has the Spell, Strike, Area of Effect, Cold, Melee tags.
Summons a Rune Knight of Cold that periodically uses the Frost Wind skill to Strike nearby enemies, and enhances nearby Abysslings.
The Rune Knight periodically absorbs an Abyssling during Melody High Tone and additional fusion occurs when an Abyssling of an identical element is absorbed.
An Abyss Knight is summoned upon fusing 3 times.
Has a maintenance cost upon summoning","Spell, Minion, Rune Knight","Mana Cost 50
Cooldown 40 s
Cold Element
Summon Level 1
Summon Count 1
Max Summon Count 1
Basic Attack DMG 85% (Spell, Melee, Cold, Strike, Area of Effect)
Earth Blow DMG 160% (Spell, Melee, Cold, Strike, Area of Effect)
Frost Shield DMG 50% (Spell, Melee, Cold, Strike, Area of Effect)
+0.5% Rune Knight HP
Periodically grants Knight's Authority to Abyssling
+7.4% Abyssling Attack Speed
+7.4% Abyssling Cast Speed
(Magic Effect) +60% Rune Knight HP
(Magic Effect) +50% Rune Knight DMG
(Rare Effect) +105% Rune Knight HP
(Rare Effect) +100% Rune Knight DMG
(Legendary Effect) +155% Rune Knight HP
(Legendary Effect) +150% Rune Knight DMG","Mana Cost 152
Cooldown 40 s
Cold Element
Summon Level 110
Summon Count 1
Max Summon Count 1
Basic Attack DMG 175% (Spell, Melee, Cold, Strike, Area of Effect)
Earth Blow DMG 338% (Spell, Melee, Cold, Strike, Area of Effect)
Frost Shield DMG 114% (Spell, Melee, Cold, Strike, Area of Effect)
+56.8% Rune Knight HP
Periodically grants Knight's Authority to Abyssling
+16.2% Abyssling Attack Speed
+16.2% Abyssling Cast Speed
(Magic Effect) +60% Rune Knight HP
(Magic Effect) +50% Rune Knight DMG
(Rare Effect) +105% Rune Knight HP
(Rare Effect) +100% Rune Knight DMG
(Legendary Effect) +155% Rune Knight HP
(Legendary Effect) +150% Rune Knight DMG","+[25-50]% Minion Area of Effect
+[50-80]% Rune Knight DMG
Enlargement",+[30-50]% Rune Knight's Authority Effect,"+[44-54] Chill Rate
+[25.7-30]% Chill Effect
Add +[15-30]% Minion DMG against Chilled enemies effect to Knight's Authority"
,Summon Lightning Rune Knight,Before,"Lightning Rune Knight has the Spell, Strike, Area of Effect, Lightning, Melee tags.
Summons a Rune Knight of Lightning that periodically uses the Lightning Wave Skill, and enhances nearby Abysslings.
The Rune Knight periodically absorbs an Abyssling during Melody High Tone and additional fusion occurs when an Abyssling of an identical element is absorbed.
An Abyss Knight is summoned upon fusing 3 times.
Has a maintenance cost upon summoning","Spell, Minion, Rune Knight","Mana Cost 50
Cooldown 40 s
Lightning Element
Summon Level 1
Summon Count 1
Max Summon Count 1
Basic Attack DMG 85% (Spell, Melee, Lightning, Strike, Area of Effect)
Earth Blow DMG 160% (Spell, Melee, Lightning, Strike, Area of Effect)
Electric Release DMG 200% (Spell, Melee, Lightning, Strike, Area of Effect)
+0.5% Rune Knight HP
Periodically grants Knight's Authority to Abyssling
+25.2% Abyssling Critical Rate
(Magic Effect) +60% Rune Knight HP
(Magic Effect) +50% Rune Knight DMG
(Rare Effect) +105% Rune Knight HP
(Rare Effect) +100% Rune Knight DMG
(Legendary Effect) +155% Rune Knight HP
(Legendary Effect) +150% Rune Knight DMG","Mana Cost 152
Cooldown 40 s
Lightning Element
Summon Level 110
Summon Count 1
Max Summon Count 1
Basic Attack DMG 139% (Spell, Melee, Lightning, Strike, Area of Effect)
Earth Blow DMG 269% (Spell, Melee, Lightning, Strike, Area of Effect)
Electric Release DMG 362% (Spell, Melee, Lightning, Strike, Area of Effect)
+56.8% Rune Knight HP
Periodically grants Knight's Authority to Abyssling
+69.2% Abyssling Critical Rate
(Magic Effect) +60% Rune Knight HP
(Magic Effect) +50% Rune Knight DMG
(Rare Effect) +105% Rune Knight HP
(Rare Effect) +100% Rune Knight DMG
(Legendary Effect) +155% Rune Knight HP
(Legendary Effect) +150% Rune Knight DMG","+[25-50]% Minion Area of Effect
+[50-80]% Rune Knight DMG
Enlargement",+[30-50]% Rune Knight's Authority Effect,"+[41-51] Shock Rate
+[20.7-25]% Shock Effect
Add +[15-30]% Minion DMG against Shocked enemies effect to Knight's Authority"
,,After,"Lightning Rune Knight has the Spell, Strike, Area of Effect, Lightning, Melee tags.
Summons a Rune Knight of Lightning that periodically uses the Lightning Wave Skill, and enhances nearby Abysslings.
The Rune Knight periodically absorbs an Abyssling during Melody High Tone and additional fusion occurs when an Abyssling of an identical element is absorbed.
An Abyss Knight is summoned upon fusing 3 times.
Has a maintenance cost upon summoning","Spell, Minion, Rune Knight","Mana Cost 50
Cooldown 40 s
Lightning Element
Summon Level 1
Summon Count 1
Max Summon Count 1
Basic Attack DMG 85% (Spell, Melee, Lightning, Strike, Area of Effect)
Earth Blow DMG 160% (Spell, Melee, Lightning, Strike, Area of Effect)
Electric Release DMG 200% (Spell, Melee, Lightning, Strike, Area of Effect)
+0.5% Rune Knight HP
Periodically grants Knight's Authority to Abyssling
+25.2% Abyssling Critical Rate
(Magic Effect) +60% Rune Knight HP
(Magic Effect) +50% Rune Knight DMG
(Rare Effect) +105% Rune Knight HP
(Rare Effect) +100% Rune Knight DMG
(Legendary Effect) +155% Rune Knight HP
(Legendary Effect) +150% Rune Knight DMG","Mana Cost 152
Cooldown 40 s
Lightning Element
Summon Level 110
Summon Count 1
Max Summon Count 1
Basic Attack DMG 175% (Spell, Melee, Lightning, Strike, Area of Effect)
Earth Blow DMG 338% (Spell, Melee, Lightning, Strike, Area of Effect)
Electric Release DMG 453% (Spell, Melee, Lightning, Strike, Area of Effect)
+56.8% Rune Knight HP
Periodically grants Knight's Authority to Abyssling
+69.2% Abyssling Critical Rate
(Magic Effect) +60% Rune Knight HP
(Magic Effect) +50% Rune Knight DMG
(Rare Effect) +105% Rune Knight HP
(Rare Effect) +100% Rune Knight DMG
(Legendary Effect) +155% Rune Knight HP
(Legendary Effect) +150% Rune Knight DMG","+[25-50]% Minion Area of Effect
+[50-80]% Rune Knight DMG
Enlargement",+[30-50]% Rune Knight's Authority Effect,"+[41-51] Shock Rate
+[20.7-25]% Shock Effect
Add +[15-30]% Minion DMG against Shocked enemies effect to Knight's Authority"
,Summon Twisted Abyssling,Before,"Twisted Abyssling has the Attack, Strike, Area of Effect, Physical, Melee tags.
Summons an Abyssling that charges toward the enemy and explodes.
Has a maintenance cost upon summoning","Spell, Minion, Abyssling","Mana Cost 12
Cooldown 0.3 s
Physical Element
Summon Level 1
Summon Count 1
Max Summon Count 2
Summon Duration 10 s
Abyssling Explosion Range 350
Abyssling Explosion Attack DMG 250%
2% DMG Amplification per 0.1 excess Attack Speed upon exceeding 1 Abyssling Attack Speed
+2% DMG per 1% remaining HP of Twisted Abyssling (Max: + 200%)
+1 Minion Critical Rate
+0.5% Abyssling HP
(Magic Effect) +15% Abyssling HP
(Magic Effect) +10% Minion Area of Effect
(Magic Effect) 10% Abyssling Movement Speed increase
(Rare Effect) +35% Abyssling HP
(Rare Effect) +20% Minion Area of Effect
(Rare Effect) 15% Abyssling DMG Amplification
(Rare Effect) 20% Abyssling Movement Speed increase
(Legendary Effect) +100% Abyssling HP
(Legendary Effect) +30% Minion Area of Effect
(Legendary Effect) 30% Abyssling DMG Amplification
(Legendary Effect) 30% Abyssling Movement Speed increase","Mana Cost 46
Cooldown 0.3 s
Physical Element
Summon Level 110
Summon Count 1
Max Summon Count 2
Summon Duration 54 s
Abyssling Explosion Range 350
Abyssling Explosion Attack DMG 328%
2% DMG Amplification per 0.1 excess Attack Speed upon exceeding 1 Abyssling Attack Speed
+2% DMG per 1% remaining HP of Twisted Abyssling (Max: + 200%)
+19 Minion Critical Rate
+56.8% Abyssling HP
(Magic Effect) +15% Abyssling HP
(Magic Effect) +10% Minion Area of Effect
(Magic Effect) 10% Abyssling Movement Speed increase
(Rare Effect) +35% Abyssling HP
(Rare Effect) +20% Minion Area of Effect
(Rare Effect) 15% Abyssling DMG Amplification
(Rare Effect) 20% Abyssling Movement Speed increase
(Legendary Effect) +100% Abyssling HP
(Legendary Effect) +30% Minion Area of Effect
(Legendary Effect) 30% Abyssling DMG Amplification
(Legendary Effect) 30% Abyssling Movement Speed increase","Simultaneously summons Abysslings equal to Max Minion Count
[40-80]% Skill Rune Cooldown Amplification","+[25-30]% Abyssling Armor Penetration
+[20-35]% Minion Area of Effect","+[15-30]% Minion Overpower Effect
Gain Minion Overpower upon summoning Abyssling
( Main Element DMG +25-45, Armor Penetration +5%, Element Penetration +5% )"
,,After,"Twisted Abyssling has the Attack, Strike, Area of Effect, Physical, Melee tags.
Summons an Abyssling that charges toward the enemy and explodes.
Has a maintenance cost upon summoning","Spell, Minion, Abyssling","Mana Cost 12
Cooldown 0.3 s
Physical Element
Summon Level 1
Summon Count 1
Max Summon Count 2
Summon Duration 10 s
Abyssling Explosion Range 600
Abyssling Explosion Attack DMG 354%
2% DMG Amplification per 0.1 excess Attack Speed upon exceeding 1 Abyssling Attack Speed
+2% DMG per 1% remaining HP of Twisted Abyssling (Max: + 200%)
+1 Minion Critical Rate
+0.5% Abyssling HP
(Magic Effect) +15% Abyssling HP
(Magic Effect) +10% Minion Area of Effect
(Magic Effect) 50% Abyssling Movement Speed increase
(Rare Effect) +35% Abyssling HP
(Rare Effect) +20% Minion Area of Effect
(Rare Effect) 15% Abyssling DMG Amplification
(Rare Effect) 100% Abyssling Movement Speed increase
(Legendary Effect) +100% Abyssling HP
(Legendary Effect) +30% Minion Area of Effect
(Legendary Effect) 30% Abyssling DMG Amplification
(Legendary Effect) 150% Abyssling Movement Speed increase","Mana Cost 46
Cooldown 0.3 s
Physical Element
Summon Level 110
Summon Count 1
Max Summon Count 2
Summon Duration 54 s
Abyssling Explosion Range 600
Abyssling Explosion Attack DMG 1784%
2% DMG Amplification per 0.1 excess Attack Speed upon exceeding 1 Abyssling Attack Speed
+2% DMG per 1% remaining HP of Twisted Abyssling (Max: + 200%)
+19 Minion Critical Rate
+56.8% Abyssling HP
(Magic Effect) +15% Abyssling HP
(Magic Effect) +10% Minion Area of Effect
(Magic Effect) 50% Abyssling Movement Speed increase
(Rare Effect) +35% Abyssling HP
(Rare Effect) +20% Minion Area of Effect
(Rare Effect) 15% Abyssling DMG Amplification
(Rare Effect) 100% Abyssling Movement Speed increase
(Legendary Effect) +100% Abyssling HP
(Legendary Effect) +30% Minion Area of Effect
(Legendary Effect) 30% Abyssling DMG Amplification
(Legendary Effect) 150% Abyssling Movement Speed increase","Simultaneously summons Abysslings equal to Max Minion Count
[40-80]% Skill Rune Cooldown Amplification","+[25-30]% Abyssling Armor Penetration
+[20-35]% Minion Area of Effect","+[15-30]% Minion Overpower Effect
Gain Minion Overpower upon summoning Abyssling
( Main Element DMG +25-45, Armor Penetration +5%, Element Penetration +5% )"
,Lightning Arrow,Before,Fires arrows in a row and deals Lightning Damage to enemy. Obtain Lightning Energy at a certain chance on hit and gain effect proportionate to Lightning Energy stack.,"Attack, Strike, Lightning, Projectile, Bow, Overheat, Shadow","Mana Cost 5
Triggers Immediately
40 Overheat Accumulation
Lightning Element
Projectile Count 3
Projectile Speed 3000
Cannot Pierce
Lightning DMG 495%
Lightning DMG +9
50% Lightning Energy Debuff Effect Reduction
+10% Shock Chance
25% chance to charge 1 Lightning Energy on hit
4% DMG Amplification per Lightning Energy stack
+4.2% Attack Speed per Lightning Energy stack
Projectile Count + 2 per 3 Lightning Energy (Max: + 6)
(Magic Effect) +30% Lightning DMG
(Magic Effect) 5% DMG Amplification against Shocked enemies
(Rare Effect) +60% Lightning DMG
(Rare Effect) 10% DMG Amplification against Shocked enemies
(Rare Effect) +2 Projectile Count
(Legendary Effect) +100% Lightning DMG
(Legendary Effect) 15% DMG Amplification against Shocked enemies
(Legendary Effect) +2 Projectile Count","Mana Cost 17.1
Triggers Immediately
40 Overheat Accumulation
Lightning Element
Projectile Count 3
Projectile Speed 3000
Cannot Pierce
Lightning DMG 939%
Lightning DMG +241
50% Lightning Energy Debuff Effect Reduction
+10% Shock Chance
25% chance to charge 1 Lightning Energy on hit
4% DMG Amplification per Lightning Energy stack
+4.2% Attack Speed per Lightning Energy stack
Projectile Count + 2 per 3 Lightning Energy (Max: + 6)
(Magic Effect) +30% Lightning DMG
(Magic Effect) 5% DMG Amplification against Shocked enemies
(Rare Effect) +60% Lightning DMG
(Rare Effect) 10% DMG Amplification against Shocked enemies
(Rare Effect) +2 Projectile Count
(Legendary Effect) +100% Lightning DMG
(Legendary Effect) 15% DMG Amplification against Shocked enemies
(Legendary Effect) +2 Projectile Count","+1 Chain Count
[15-20]% Projectile DMG Dampening","Projectile Repeat DMG enabled
-70 Interval Angle
+2 Projectile Count
[5-10]% DMG Dampening when hitting the same target repeatedly","Gain Lightning Barrier for 10 s upon Skill use
60% chance to charge 1 Lightning Energy upon being hit while under Lightning Barrier (Cooldown: 1 s)
[1.5-4]% Damage Taken Dampening for every Lightning Energy while under Lightning Barrier (Max: 25%)"
,,After,Fires arrows in a row and deals Lightning Damage to enemy. Obtain Lightning Energy at a certain chance on hit and gain effect proportionate to Lightning Energy stack.,"Attack, Strike, Lightning, Projectile, Bow, Overheat, ShadowCannot Pierce","Mana Cost 5
Triggers Immediately
40 Overheat Accumulation
Lightning Element
Projectile Count 3
Projectile Speed 3000
Cannot Pierce
Lightning DMG 495%
Lightning DMG +9
50% Lightning Energy Debuff Effect Reduction
+10% Shock Chance
25% chance to charge 1 Lightning Energy on hit
4% DMG Amplification per Lightning Energy stack
+4.2% Attack Speed per Lightning Energy stack
Projectile Count + 2 per 3 Lightning Energy (Max: + 6)
(Magic Effect) +30% Lightning DMG
(Magic Effect) 5% DMG Amplification against Shocked enemies
(Rare Effect) +60% Lightning DMG
(Rare Effect) 10% DMG Amplification against Shocked enemies
(Rare Effect) +2 Projectile Count
(Legendary Effect) +100% Lightning DMG
(Legendary Effect) 15% DMG Amplification against Shocked enemies
(Legendary Effect) +2 Projectile Count","Mana Cost 17.1
Triggers Immediately
40 Overheat Accumulation
Lightning Element
Projectile Count 3
Projectile Speed 3000
Cannot Pierce
Lightning DMG 939%
Lightning DMG +241
50% Lightning Energy Debuff Effect Reduction
+10% Shock Chance
25% chance to charge 1 Lightning Energy on hit
4% DMG Amplification per Lightning Energy stack
+4.2% Attack Speed per Lightning Energy stack
Projectile Count + 2 per 3 Lightning Energy (Max: + 6)
(Magic Effect) +30% Lightning DMG
(Magic Effect) 5% DMG Amplification against Shocked enemies
(Rare Effect) +60% Lightning DMG
(Rare Effect) 10% DMG Amplification against Shocked enemies
(Rare Effect) +2 Projectile Count
(Legendary Effect) +100% Lightning DMG
(Legendary Effect) 15% DMG Amplification against Shocked enemies
(Legendary Effect) +2 Projectile Count","+1 Chain Count
[15-20]% Projectile DMG Dampening","Projectile Repeat DMG enabled
-70 Interval Angle
+2 Projectile Count
[5-10]% DMG Dampening when hitting the same target repeatedly","Gain Lightning Barrier for 10 s upon Skill use
60% chance to charge 1 Lightning Energy upon being hit while under Lightning Barrier (Cooldown: 1 s)
[1.5-4]% Damage Taken Dampening for every Lightning Energy while under Lightning Barrier (Max: 25%)"
,"Hazy Melody (Low Tone, High Tone)",Before,"The stance applied to minions are changed whenever a skill is used.
Enhances the Rune Knight's Authority during Melody Low Tone.
Enhances the Rune Knight and weakens Abysslings during Melody High Tone and the Rune Knight periodically absorbs nearby Abysslings. Additional fusion occurs when an Abyssling of an identical element is absorbed.
An Abyss Knight is summoned upon fusing 3 times","Spell, Attack Enhance, Defense Enhance, Toggle, Toggle Effect","15% Resource Cost Amplification
Cooldown 2 s
Max Abyssling Summon Count per Rune Knight Fusion Stack -1
Hazy Melody Low Tone Effect
+11.5% Rune Knight's Authority Effect
Hazy Melody High Tone Effect
5% Rune Knight DMG Amplification
20% Abyssling DMG Dampening
(Magic Effect) +5% High Tone Effect
(Magic Effect) +5% Low Tone Effect
(Rare Effect) +15% High Tone Effect
(Rare Effect) +15% Low Tone Effect
(Legendary Effect) +30% High Tone Effect
(Legendary Effect) +30% Low Tone Effect","15% Resource Cost Amplification
Cooldown 2 s
Max Abyssling Summon Count per Rune Knight Fusion Stack -1
Hazy Melody Low Tone Effect
+230% Rune Knight's Authority Effect
Hazy Melody High Tone Effect
46% Rune Knight DMG Amplification
20% Abyssling DMG Dampening
(Magic Effect) +5% High Tone Effect
(Magic Effect) +5% Low Tone Effect
(Rare Effect) +15% High Tone Effect
(Rare Effect) +15% Low Tone Effect
(Legendary Effect) +30% High Tone Effect
(Legendary Effect) +30% Low Tone Effect","+[10-5]% Enhance Skill Rune Resource Cost
+[5-15]% High Tone Effect","Increases Max Abyssling Summon Count during High Tone of Hazy Melody
+1 Max Abyssling Summon Count
[10-25]% Minion Skill Cooldown Dampening","+[10-5]% Enhance Skill Rune Resource Cost
+[5-15]% Low Tone Effect"
,,After,"The stance applied to minions are changed whenever a skill is used.
Enhances the Rune Knight's Authority during Melody Low Tone.
Enhances the Rune Knight and weakens Abysslings during Melody High Tone and the Rune Knight periodically absorbs nearby Abysslings. Additional fusion occurs when an Abyssling of an identical element is absorbed.
An Abyss Knight is summoned upon fusing 3 times","Spell, Attack Enhance, Defense Enhance, Toggle, Toggle Effect","15% Resource Cost Amplification
Cooldown 2 s
Max Abyssling Summon Count per Rune Knight Fusion Stack -1
Hazy Melody Low Tone Effect
+11.5% Rune Knight's Authority Effect
Hazy Melody High Tone Effect
10% Rune Knight DMG Amplification
15% Abyssling DMG Dampening
(Magic Effect) +5% High Tone Effect
(Magic Effect) +5% Low Tone Effect
(Rare Effect) +15% High Tone Effect
(Rare Effect) +15% Low Tone Effect
(Legendary Effect) +30% High Tone Effect
(Legendary Effect) +30% Low Tone Effect","15% Resource Cost Amplification
Cooldown 2 s
Max Abyssling Summon Count per Rune Knight Fusion Stack -1
Hazy Melody Low Tone Effect
+230% Rune Knight's Authority Effect
Hazy Melody High Tone Effect
55.5% Rune Knight DMG Amplification
15% Abyssling DMG Dampening
(Magic Effect) +5% High Tone Effect
(Magic Effect) +5% Low Tone Effect
(Rare Effect) +15% High Tone Effect
(Rare Effect) +15% Low Tone Effect
(Legendary Effect) +30% High Tone Effect
(Legendary Effect) +30% Low Tone Effect","+[10-5]% Enhance Skill Rune Resource Cost
+[5-15]% High Tone Effect","Increases Max Abyssling Summon Count during High Tone of Hazy Melody
+1 Max Abyssling Summon Count
[10-25]% Minion Skill Cooldown Dampening","+[10-5]% Enhance Skill Rune Resource Cost
+[5-15]% Low Tone Effect"
,Summon Deadly Poison Rune Knight,Before,"Deadly Poison Rune Knight has the Spell, Strike, Area of Effect, Poison, Melee tags.
Summons a Rune Knight of Poison that periodically breathes Poison Fire and enhances DoT of nearby Abysslings.
The Rune Knight periodically absorbs an Abyssling during Melody High Tone and additional fusion occurs when an Abyssling of an identical element is absorbed.
An Abyss Knight is summoned upon fusing 3 times.
Has a maintenance cost upon summoning","Spell, Minion, Rune Knight","Mana Cost 50
Cooldown 40 s
Poison Element
Summon Level 1
Summon Count 1
Max Summon Count 1
Basic Attack DMG 85% (Spell, Melee, Poison, Strike, Area of Effect)
Earth Blow DMG 160% (Spell, Melee, Poison, Strike, Area of Effect)
Thorn Poison DoT 52% (Spell, Projectile, Poison, DoT)
+0.5% Rune Knight HP
Periodically grants Knight's Authority to Abyssling
+25.2% Abyssling DoT
(Magic Effect) +60% Rune Knight HP
(Magic Effect) +50% Rune Knight DMG
(Rare Effect) +105% Rune Knight HP
(Rare Effect) +100% Rune Knight DMG
(Legendary Effect) +155% Rune Knight HP
(Legendary Effect) +150% Rune Knight DMG","Mana Cost 152
Cooldown 40 s
Poison Element
Summon Level 110
Summon Count 1
Max Summon Count 1
Basic Attack DMG 139% (Spell, Melee, Poison, Strike, Area of Effect)
Earth Blow DMG 269% (Spell, Melee, Poison, Strike, Area of Effect)
Thorn Poison DoT 84% (Spell, Projectile, Poison, DoT)
+56.8% Rune Knight HP
Periodically grants Knight's Authority to Abyssling
+69.2% Abyssling DoT
(Magic Effect) +60% Rune Knight HP
(Magic Effect) +50% Rune Knight DMG
(Rare Effect) +105% Rune Knight HP
(Rare Effect) +100% Rune Knight DMG
(Legendary Effect) +155% Rune Knight HP
(Legendary Effect) +150% Rune Knight DMG","+[25-50]% Minion Area of Effect
+[50-80]% Rune Knight DMG
Enlargement",+[30-50]% Rune Knight's Authority Effect,"25% Minion DMG Dampening
[16.4-19]% DMG Taken by Minions Decrease
Add +[20-30]% Minion Armor effect to Knight's Authority"
,,After,"Deadly Poison Rune Knight has the Spell, Strike, Area of Effect, Poison, Melee tags.
Summons a Rune Knight of Poison that periodically breathes Poison Fire and enhances DoT of nearby Abysslings.
The Rune Knight periodically absorbs an Abyssling during Melody High Tone and additional fusion occurs when an Abyssling of an identical element is absorbed.
An Abyss Knight is summoned upon fusing 3 times.
Has a maintenance cost upon summoning","Spell, Minion, Rune Knight","Mana Cost 50
Cooldown 40 s
Poison Element
Summon Level 1
Summon Count 1
Max Summon Count 1
Basic Attack DMG 85% (Spell, Melee, Poison, Strike, Area of Effect)
Earth Blow DMG 160% (Spell, Melee, Poison, Strike, Area of Effect)
Thorn Poison DoT 52% (Spell, Projectile, Poison, DoT)
+0.5% Rune Knight HP
Periodically grants Knight's Authority to Abyssling
+25.2% Abyssling DoT
(Magic Effect) +60% Rune Knight HP
(Magic Effect) +50% Rune Knight DMG
(Rare Effect) +105% Rune Knight HP
(Rare Effect) +100% Rune Knight DMG
(Legendary Effect) +155% Rune Knight HP
(Legendary Effect) +150% Rune Knight DMG","Mana Cost 152
Cooldown 40 s
Poison Element
Summon Level 110
Summon Count 1
Max Summon Count 1
Basic Attack DMG 175% (Spell, Melee, Poison, Strike, Area of Effect)
Earth Blow DMG 338% (Spell, Melee, Poison, Strike, Area of Effect)
Thorn Poison DoT 84% (Spell, Projectile, Poison, DoT)
+56.8% Rune Knight HP
Periodically grants Knight's Authority to Abyssling
+69.2% Abyssling DoT
(Magic Effect) +60% Rune Knight HP
(Magic Effect) +50% Rune Knight DMG
(Rare Effect) +105% Rune Knight HP
(Rare Effect) +100% Rune Knight DMG
(Legendary Effect) +155% Rune Knight HP
(Legendary Effect) +150% Rune Knight DMG","+[25-50]% Minion Area of Effect
+[50-80]% Rune Knight DMG
Enlargement",+[30-50]% Rune Knight's Authority Effect,"25% Minion DMG Dampening
[16.4-19]% DMG Taken by Minions Decrease
Add +[20-30]% Minion Armor effect to Knight's Authority"
,Bursting Abyss Knight,Before,"Bursting Abyss Knight inherits Bursting Rune Knight's stats and has the Spell, Melee, Strike, Area of Effect, Fire tags.
Abyss Knights receive all effects that are applied to Rune Knights
Gains Fusion effect upon absorbing a Fire Orb Abyssling
Has a maintenance cost upon summoning","Spell, Minion, Rune Knight","Mana Cost 50
Cooldown 40 s
Fusion
Fusion Max Stacks: 3
Fusion Lv. 1 Duration 60 s
75% DMG Amplification
15% DMG Taken Dampening
5% HP Amplification
Fusion Lv. 2 Duration 40 s
75% DMG Amplification
15% DMG Taken Dampening
10% HP Amplification
Fusion Lv. 3 Duration 20 s
75% DMG Amplification
15% DMG Taken Dampening
20% HP Amplification
Skill Info
Basic Attack DMG 48% (Spell, Melee, Fire, Strike, Area of Effect)
Area of Effect 450
Bursting Charge DMG 96% (Spell, Melee, Fire, Strike, Area of Effect)
Area of Effect 500
Bursting Release DMG 96% (Spell, Projectile, Fire, Strike, Area of Effect)
Projectile Count 5
Bursting Strength Aura DMG 10% (Spell, Fire)
Bursting Power Fire Penetration +20%","Mana Cost 152
Cooldown 40 s
Fusion
Fusion Max Stacks: 3
Fusion Lv. 1 Duration 60 s
75% DMG Amplification
15% DMG Taken Dampening
5% HP Amplification
Fusion Lv. 2 Duration 40 s
75% DMG Amplification
15% DMG Taken Dampening
10% HP Amplification
Fusion Lv. 3 Duration 20 s
75% DMG Amplification
15% DMG Taken Dampening
20% HP Amplification
Skill Info
Basic Attack DMG 1266% (Spell, Melee, Fire, Strike, Area of Effect)
Area of Effect 450
Bursting Charge DMG 1446% (Spell, Melee, Fire, Strike, Area of Effect)
Area of Effect 500
Bursting Release DMG 1754% (Spell, Projectile, Fire, Strike, Area of Effect)
Projectile Count 5
Bursting Strength Aura DMG 110% (Spell, Fire)
Bursting Power Fire Penetration +20%",-,-,-
,,After,"Bursting Abyss Knight inherits Bursting Rune Knight's stats and has the Spell, Melee, Strike, Area of Effect, Fire tags.
Abyss Knights receive all effects that are applied to Rune Knights
Gains Fusion effect upon absorbing a Fire Orb Abyssling
Has a maintenance cost upon summoning","Spell, Minion, Rune Knight","Mana Cost 50
Cooldown 40 s
Fusion
Fusion Max Stacks: 3
Fusion Lv. 1 Duration 60 s
75% DMG Amplification
15% DMG Taken Dampening
5% HP Amplification
Fusion Lv. 2 Duration 40 s
75% DMG Amplification
15% DMG Taken Dampening
10% HP Amplification
Fusion Lv. 3 Duration 20 s
75% DMG Amplification
15% DMG Taken Dampening
20% HP Amplification
Skill Info
Basic Attack DMG 62% (Spell, Melee, Fire, Strike, Area of Effect)
Area of Effect 450
Bursting Charge DMG 125% (Spell, Melee, Fire, Strike, Area of Effect)
Area of Effect 500
Bursting Release DMG 125% (Spell, Projectile, Fire, Strike, Area of Effect)
Projectile Count 13
Bursting Strength Aura DMG 20% (Spell, Fire)
Bursting Power Fire Penetration +20%","Mana Cost 152
Cooldown 40 s
Fusion
Fusion Max Stacks: 3
Fusion Lv. 1 Duration 60 s
75% DMG Amplification
15% DMG Taken Dampening
5% HP Amplification
Fusion Lv. 2 Duration 40 s
75% DMG Amplification
15% DMG Taken Dampening
10% HP Amplification
Fusion Lv. 3 Duration 20 s
75% DMG Amplification
15% DMG Taken Dampening
20% HP Amplification
Skill Info
Basic Attack DMG 1646% (Spell, Melee, Fire, Strike, Area of Effect)
Area of Effect 450
Bursting Charge DMG 1880% (Spell, Melee, Fire, Strike, Area of Effect)
Area of Effect 500
Bursting Release DMG 2280% (Spell, Projectile, Fire, Strike, Area of Effect)
Projectile Count 13
Bursting Strength Aura DMG 220% (Spell, Fire)
Bursting Power Fire Penetration +20%",-,-,-
,Arctic Abyss Knight,Before,"Arctic Abyss Knight inherits Arctic Rune Knight's stats and has the Spell, Melee, Strike, Area of Effect, Cold tags.
Abyss Knights receive all effects that are applied to Rune Knights
Gains Fusion effect upon absorbing a Snow Orb Abyssling
Has a maintenance cost upon summoning","Spell, Minion, Rune Knight","Mana Cost 50
Cooldown 40 s
Fusion
Fusion Max Stacks: 3
Fusion Lv. 1 Duration 60 s
75% DMG Amplification
15% DMG Taken Dampening
5% HP Amplification
Fusion Lv. 2 Duration 40 s
75% DMG Amplification
15% DMG Taken Dampening
10% HP Amplification
Fusion Lv. 3 Duration 20 s
75% DMG Amplification
15% DMG Taken Dampening
20% HP Amplification
Skill Info
Basic Attack DMG 48% (Spell, Melee, Cold, Strike, Area of Effect)
Area of Effect 400
Arctic Judgment DMG 48% (Spell, Melee, Cold, Strike, Area of Effect)
Area of Effect 500
Arctic Blow DMG 96% (Spell, Cold, Strike, Area of Effect)
Area of Effect 300
Arctic Strength Aura DMG 10% (Spell, Cold)
Arctic Power Cold Penetration +20%","Mana Cost 152
Cooldown 40 s
Fusion
Fusion Max Stacks: 3
Fusion Lv. 1 Duration 60 s
75% DMG Amplification
15% DMG Taken Dampening
5% HP Amplification
Fusion Lv. 2 Duration 40 s
75% DMG Amplification
15% DMG Taken Dampening
10% HP Amplification
Fusion Lv. 3 Duration 20 s
75% DMG Amplification
15% DMG Taken Dampening
20% HP Amplification
Skill Info
Basic Attack DMG 1266% (Spell, Melee, Cold, Strike, Area of Effect)
Area of Effect 400
Arctic Judgment DMG 1086% (Spell, Melee, Cold, Strike, Area of Effect)
Area of Effect 500
Arctic Blow DMG 1440% (Spell, Cold, Strike, Area of Effect)
Area of Effect 300
Arctic Strength Aura DMG 110% (Spell, Cold)
Arctic Power Cold Penetration +20%",-,-,-
,,After,"Arctic Abyss Knight inherits Arctic Rune Knight's stats and has the Spell, Melee, Strike, Area of Effect, Cold tags.
Abyss Knights receive all effects that are applied to Rune Knights
Gains Fusion effect upon absorbing a Snow Orb Abyssling
Has a maintenance cost upon summoning","Spell, Minion, Rune Knight","Mana Cost 50
Cooldown 40 s
Fusion
Fusion Max Stacks: 3
Fusion Lv. 1 Duration 60 s
75% DMG Amplification
15% DMG Taken Dampening
5% HP Amplification
Fusion Lv. 2 Duration 40 s
75% DMG Amplification
15% DMG Taken Dampening
10% HP Amplification
Fusion Lv. 3 Duration 20 s
75% DMG Amplification
15% DMG Taken Dampening
20% HP Amplification
Skill Info
Basic Attack DMG 62% (Spell, Melee, Cold, Strike, Area of Effect)
Area of Effect 400
Arctic Judgment DMG 62% (Spell, Melee, Cold, Strike, Area of Effect)
Area of Effect 500
Arctic Blow DMG 125% (Spell, Cold, Strike, Area of Effect)
Area of Effect 300
Arctic Strength Aura DMG 20% (Spell, Cold)
Arctic Power Cold Penetration +20%","Mana Cost 152
Cooldown 40 s
Fusion
Fusion Max Stacks: 3
Fusion Lv. 1 Duration 60 s
75% DMG Amplification
15% DMG Taken Dampening
5% HP Amplification
Fusion Lv. 2 Duration 40 s
75% DMG Amplification
15% DMG Taken Dampening
10% HP Amplification
Fusion Lv. 3 Duration 20 s
75% DMG Amplification
15% DMG Taken Dampening
20% HP Amplification
Skill Info
Basic Attack DMG 1646% (Spell, Melee, Cold, Strike, Area of Effect)
Area of Effect 400
Arctic Judgment DMG 1412% (Spell, Melee, Cold, Strike, Area of Effect)
Area of Effect 500
Arctic Blow DMG 1872% (Spell, Cold, Strike, Area of Effect)
Area of Effect 300
Arctic Strength Aura DMG 220% (Spell, Cold)
Arctic Power Cold Penetration +20%",-,-,-
,Lightning Abyss Knight,Before,"Lightning Abyss Knight inherits Lightning Rune Knight's stats and has the Spell, Strike, Area of Effect, Lightning tags.
Abyss Knights receive all effects that are applied to Rune Knights
Gains Fusion effect upon absorbing a Lightning Arrow Abyssling
Has a maintenance cost upon summoning","Spell, Minion, Rune Knight","Mana Cost 50
Cooldown 40 s
Fusion
Fusion Max Stacks: 3
Fusion Lv. 1 Duration 60 s
75% DMG Amplification
15% DMG Taken Dampening
5% HP Amplification
Fusion Lv. 2 Duration 40 s
75% DMG Amplification
15% DMG Taken Dampening
10% HP Amplification
Fusion Lv. 3 Duration 20 s
75% DMG Amplification
15% DMG Taken Dampening
20% HP Amplification
Skill Info
Basic Attack DMG 48% (Spell, Lightning, Strike, Area of Effect)
Area of Effect 1200
Electric Area DMG 48% (Spell, Lightning, Strike, Area of Effect)
Explosion Range 400
Electric Judgment DMG 48% (Spell, Lightning, Strike, Area of Effect)
Explosion Range 100
Electric Strength Aura DMG 10% (Spell, Lightning)
Electric Power Lightning Penetration +20%","Mana Cost 152
Cooldown 40 s
Fusion
Fusion Max Stacks: 3
Fusion Lv. 1 Duration 60 s
75% DMG Amplification
15% DMG Taken Dampening
5% HP Amplification
Fusion Lv. 2 Duration 40 s
75% DMG Amplification
15% DMG Taken Dampening
10% HP Amplification
Fusion Lv. 3 Duration 20 s
75% DMG Amplification
15% DMG Taken Dampening
20% HP Amplification
Skill Info
Basic Attack DMG 1266% (Spell, Lightning, Strike, Area of Effect)
Area of Effect 1200
Electric Area DMG 1080% (Spell, Lightning, Strike, Area of Effect)
Explosion Range 400
Electric Judgment DMG 1080% (Spell, Lightning, Strike, Area of Effect)
Explosion Range 100
Electric Strength Aura DMG 110% (Spell, Lightning)
Electric Power Lightning Penetration +20%",-,-,-
,,After,"Lightning Abyss Knight inherits Lightning Rune Knight's stats and has the Spell, Strike, Area of Effect, Lightning tags.
Abyss Knights receive all effects that are applied to Rune Knights
Gains Fusion effect upon absorbing a Lightning Arrow Abyssling
Has a maintenance cost upon summoning","Spell, Minion, Rune Knight","Mana Cost 50
Cooldown 40 s
Fusion
Fusion Max Stacks: 3
Fusion Lv. 1 Duration 60 s
75% DMG Amplification
15% DMG Taken Dampening
5% HP Amplification
Fusion Lv. 2 Duration 40 s
75% DMG Amplification
15% DMG Taken Dampening
10% HP Amplification
Fusion Lv. 3 Duration 20 s
75% DMG Amplification
15% DMG Taken Dampening
20% HP Amplification
Skill Info
Basic Attack DMG 62% (Spell, Lightning, Strike, Area of Effect)
Area of Effect 1200
Electric Area DMG 62% (Spell, Lightning, Strike, Area of Effect)
Explosion Range 400
Electric Judgment DMG 62% (Spell, Lightning, Strike, Area of Effect)
Explosion Range 100
Electric Strength Aura DMG 20% (Spell, Lightning)
Electric Power Lightning Penetration +20%","Mana Cost 152
Cooldown 40 s
Fusion
Fusion Max Stacks: 3
Fusion Lv. 1 Duration 60 s
75% DMG Amplification
15% DMG Taken Dampening
5% HP Amplification
Fusion Lv. 2 Duration 40 s
75% DMG Amplification
15% DMG Taken Dampening
10% HP Amplification
Fusion Lv. 3 Duration 20 s
75% DMG Amplification
15% DMG Taken Dampening
20% HP Amplification
Skill Info
Basic Attack DMG 1646% (Spell, Lightning, Strike, Area of Effect)
Area of Effect 1200
Electric Area DMG 1825% (Spell, Lightning, Strike, Area of Effect)
Explosion Range 400
Electric Judgment DMG 1825% (Spell, Lightning, Strike, Area of Effect)
Explosion Range 100
Electric Strength Aura DMG 220% (Spell, Lightning)
Electric Power Lightning Penetration +20%",-,-,-
,Deadly Poison Abyss Knight,Before,"Deadly Poison Abyss Knight inherits Deadly Poison Rune Knight's stats and has the Spell, Melee, Strike, Area of Effect, Poison tags.
Abyss Knights receive all effects that are applied to Rune Knights
Gains Fusion effect upon absorbing a Poison Arrow Abyssling
Has a maintenance cost upon summoning","Spell, Minion, Rune Knight","Mana Cost 50
Cooldown 40 s
Fusion
Fusion Max Stacks: 3
Fusion Lv. 1 Duration 60 s
75% DMG Amplification
15% DMG Taken Dampening
5% HP Amplification
Fusion Lv. 2 Duration 40 s
75% DMG Amplification
15% DMG Taken Dampening
10% HP Amplification
Fusion Lv. 3 Duration 20 s
75% DMG Amplification
15% DMG Taken Dampening
20% HP Amplification
Skill Info
Basic Attack DMG 48% (Spell, Melee, Poison, Strike, Area of Effect)
Area of Effect 450
Deadly Poison Release DMG 96% (Spell, Melee, Poison, Strike, Area of Effect)
Area of Effect 700
Explosion Range 250
Deadly Poison Charge DMG 96% (Spell, Melee, Poison, Strike, Area of Effect)
Area of Effect 500
Venomous Strength Aura DMG 10% (Spell, Poison)
Venomous Strength Poison Penetration +20%","Mana Cost 152
Cooldown 40 s
Fusion
Fusion Max Stacks: 3
Fusion Lv. 1 Duration 60 s
75% DMG Amplification
15% DMG Taken Dampening
5% HP Amplification
Fusion Lv. 2 Duration 40 s
75% DMG Amplification
15% DMG Taken Dampening
10% HP Amplification
Fusion Lv. 3 Duration 20 s
75% DMG Amplification
15% DMG Taken Dampening
20% HP Amplification
Skill Info
Basic Attack DMG 1266% (Spell, Melee, Poison, Strike, Area of Effect)
Area of Effect 450
Deadly Poison Release DMG 1754% (Spell, Melee, Poison, Strike, Area of Effect)
Area of Effect 700
Explosion Range 250
Deadly Poison Charge DMG 1446% (Spell, Melee, Poison, Strike, Area of Effect)
Area of Effect 500
Venomous Strength Aura DMG 110% (Spell, Poison)
Venomous Strength Poison Penetration +20%",-,-,-
,,After,"Deadly Poison Abyss Knight inherits Deadly Poison Rune Knight's stats and has the Spell, Melee, Strike, Area of Effect, Poison tags.
Abyss Knights receive all effects that are applied to Rune Knights
Gains Fusion effect upon absorbing a Poison Arrow Abyssling
Has a maintenance cost upon summoning","Spell, Minion, Rune Knight","Mana Cost 50
Cooldown 40 s
Fusion
Fusion Max Stacks: 3
Fusion Lv. 1 Duration 60 s
75% DMG Amplification
15% DMG Taken Dampening
5% HP Amplification
Fusion Lv. 2 Duration 40 s
75% DMG Amplification
15% DMG Taken Dampening
10% HP Amplification
Fusion Lv. 3 Duration 20 s
75% DMG Amplification
15% DMG Taken Dampening
20% HP Amplification
Skill Info
Basic Attack DMG 62% (Spell, Melee, Poison, Strike, Area of Effect)
Area of Effect 450
Deadly Poison Release DMG 125% (Spell, Melee, Poison, Strike, Area of Effect)
Area of Effect 700
Explosion Range 400
Deadly Poison Charge DMG 125% (Spell, Melee, Poison, Strike, Area of Effect)
Area of Effect 500
Venomous Strength Aura DMG 20% (Spell, Poison)
Venomous Strength Poison Penetration +20%","Mana Cost 152
Cooldown 40 s
Fusion
Fusion Max Stacks: 3
Fusion Lv. 1 Duration 60 s
75% DMG Amplification
15% DMG Taken Dampening
5% HP Amplification
Fusion Lv. 2 Duration 40 s
75% DMG Amplification
15% DMG Taken Dampening
10% HP Amplification
Fusion Lv. 3 Duration 20 s
75% DMG Amplification
15% DMG Taken Dampening
20% HP Amplification
Skill Info
Basic Attack DMG 1646% (Spell, Melee, Poison, Strike, Area of Effect)
Area of Effect 450
Deadly Poison Release DMG 2280% (Spell, Melee, Poison, Strike, Area of Effect)
Area of Effect 700
Explosion Range 400
Deadly Poison Charge DMG 1880% (Spell, Melee, Poison, Strike, Area of Effect)
Area of Effect 500
Venomous Strength Aura DMG 220% (Spell, Poison)
Venomous Strength Poison Penetration +20%",-,-,-
,Wrathful Abyss Knight,Before,"Wrathful Abyss Knight inherits Wrathful Rune Knight's stats and has the Attack, Melee, Strike, Area of Effect, Physical tags.
Abyss Knights receive all effects that are applied to Rune Knights
Gains Fusion effect upon absorbing an Abyssling
Has a maintenance cost upon summoning","Spell, Minion, Rune Knight","Mana Cost 50
Cooldown 40 s
Fusion
Fusion Max Stacks: 3
Fusion Lv. 1 Duration 60 s
75% DMG Amplification
15% DMG Taken Dampening
5% HP Amplification
Fusion Lv. 2 Duration 40 s
75% DMG Amplification
15% DMG Taken Dampening
10% HP Amplification
Fusion Lv. 3 Duration 20 s
75% DMG Amplification
15% DMG Taken Dampening
20% HP Amplification
Skill Info
Basic Attack DMG 44% (Attack, Melee, Physical, Strike, Area of Effect)
Area of Effect 300
Wrathful Charge DMG 88% (Attack, Melee, Physical, Strike, Area of Effect)
Area of Effect 300
Wrathful Release DMG 88% (Attack, Melee, Physical, Strike, Area of Effect)
Area of Effect 750
Wrathful Strength Aura DMG 10% (Attack, Melee)
Wrathful Strength Armor Penetration +20%","Mana Cost 152
Cooldown 40 s
Fusion
Fusion Max Stacks: 3
Fusion Lv. 1 Duration 60 s
75% DMG Amplification
15% DMG Taken Dampening
5% HP Amplification
Fusion Lv. 2 Duration 40 s
75% DMG Amplification
15% DMG Taken Dampening
10% HP Amplification
Fusion Lv. 3 Duration 20 s
75% DMG Amplification
15% DMG Taken Dampening
20% HP Amplification
Skill Info
Basic Attack DMG 1161% (Attack, Melee, Physical, Strike, Area of Effect)
Area of Effect 300
Wrathful Charge DMG 1320% (Attack, Melee, Physical, Strike, Area of Effect)
Area of Effect 300
Wrathful Release DMG 2915% (Attack, Melee, Physical, Strike, Area of Effect)
Area of Effect 750
Wrathful Strength Aura DMG 110% (Attack, Melee)
Wrathful Strength Armor Penetration +20%",-,-,-
,,After,"Wrathful Abyss Knight inherits Wrathful Rune Knight's stats and has the Attack, Melee, Strike, Area of Effect, Physical tags.
Abyss Knights receive all effects that are applied to Rune Knights
Gains Fusion effect upon absorbing an Abyssling
Has a maintenance cost upon summoning","Spell, Minion, Rune Knight","Mana Cost 50
Cooldown 40 s
Fusion
Fusion Max Stacks: 3
Fusion Lv. 1 Duration 60 s
75% DMG Amplification
15% DMG Taken Dampening
5% HP Amplification
Fusion Lv. 2 Duration 40 s
75% DMG Amplification
15% DMG Taken Dampening
10% HP Amplification
Fusion Lv. 3 Duration 20 s
75% DMG Amplification
15% DMG Taken Dampening
20% HP Amplification
Skill Info
Basic Attack DMG 57% (Attack, Melee, Physical, Strike, Area of Effect)
Area of Effect 300
Wrathful Charge DMG 114% (Attack, Melee, Physical, Strike, Area of Effect)
Area of Effect 300
Wrathful Release DMG 114% (Attack, Melee, Physical, Strike, Area of Effect)
Area of Effect 750
Wrathful Strength Aura DMG 20% (Attack, Melee)
Wrathful Strength Armor Penetration +20%","Mana Cost 152
Cooldown 40 s
Fusion
Fusion Max Stacks: 3
Fusion Lv. 1 Duration 60 s
75% DMG Amplification
15% DMG Taken Dampening
5% HP Amplification
Fusion Lv. 2 Duration 40 s
75% DMG Amplification
15% DMG Taken Dampening
10% HP Amplification
Fusion Lv. 3 Duration 20 s
75% DMG Amplification
15% DMG Taken Dampening
20% HP Amplification
Skill Info
Basic Attack DMG 1509% (Attack, Melee, Physical, Strike, Area of Effect)
Area of Effect 300
Wrathful Charge DMG 1716% (Attack, Melee, Physical, Strike, Area of Effect)
Area of Effect 300
Wrathful Release DMG 3790% (Attack, Melee, Physical, Strike, Area of Effect)
Area of Effect 750
Wrathful Strength Aura DMG 220% (Attack, Melee)
Wrathful Strength Armor Penetration +20%",-,-,-
,Fury Abyss Knight,Before,"Fury Abyss Knight inherits Fury Rune Knight's stats and has the Attack, Strike, Area of Effect, Physical tags.
Abyss Knights receive all effects that are applied to Rune Knights
Gains Fusion effect upon absorbing a Javelin Abyssling
Has a maintenance cost upon summoning","Spell, Minion, Rune Knight","Mana Cost 50
Cooldown 40 s
Fusion
Fusion Max Stacks: 3
Fusion Lv. 1 Duration 60 s
75% DMG Amplification
15% DMG Taken Dampening
5% HP Amplification
Fusion Lv. 2 Duration 40 s
75% DMG Amplification
15% DMG Taken Dampening
10% HP Amplification
Fusion Lv. 3 Duration 20 s
75% DMG Amplification
15% DMG Taken Dampening
20% HP Amplification
Skill Info
Basic Attack DMG 44% (Attack, Melee, Strike)
Area of Effect 1200
Fury Injection - Hit Rate 20% Amplification (Spell)
Fury Judgment DMG 88% (Attack, Physical, Strike, Area of Effect)
Explosion Range 150
Fury Strength Aura DMG 10% (Attack, Melee)
Fury Strength Armor Penetration +20%","Mana Cost 152
Cooldown 40 s
Fusion
Fusion Max Stacks: 3
Fusion Lv. 1 Duration 60 s
75% DMG Amplification
15% DMG Taken Dampening
5% HP Amplification
Fusion Lv. 2 Duration 40 s
75% DMG Amplification
15% DMG Taken Dampening
10% HP Amplification
Fusion Lv. 3 Duration 20 s
75% DMG Amplification
15% DMG Taken Dampening
20% HP Amplification
Skill Info
Basic Attack DMG 996% (Attack, Melee, Strike)
Area of Effect 1200
Fury Injection - Hit Rate 20% Amplification (Spell)
Fury Judgment DMG 1617% (Attack, Physical, Strike, Area of Effect)
Explosion Range 150
Fury Strength Aura DMG 110% (Attack, Melee)
Fury Strength Armor Penetration +20%",-,-,-
,,After,"Fury Abyss Knight inherits Fury Rune Knight's stats and has the Attack, Strike, Area of Effect, Physical tags.
Abyss Knights receive all effects that are applied to Rune Knights
Gains Fusion effect upon absorbing a Javelin Abyssling
Has a maintenance cost upon summoning","Spell, Minion, Rune Knight","Mana Cost 50
Cooldown 40 s
Fusion
Fusion Max Stacks: 3
Fusion Lv. 1 Duration 60 s
75% DMG Amplification
15% DMG Taken Dampening
5% HP Amplification
Fusion Lv. 2 Duration 40 s
75% DMG Amplification
15% DMG Taken Dampening
10% HP Amplification
Fusion Lv. 3 Duration 20 s
75% DMG Amplification
15% DMG Taken Dampening
20% HP Amplification
Skill Info
Basic Attack DMG 62% (Attack, Melee, Strike)
Area of Effect 1200
Fury Injection - Hit Rate 20% Amplification (Spell)
Fury Judgment DMG 114% (Attack, Physical, Strike, Area of Effect)
Explosion Range 150
Fury Strength Aura DMG 20% (Attack, Melee)
Fury Strength Armor Penetration +20%","Mana Cost 152
Cooldown 40 s
Fusion
Fusion Max Stacks: 3
Fusion Lv. 1 Duration 60 s
75% DMG Amplification
15% DMG Taken Dampening
5% HP Amplification
Fusion Lv. 2 Duration 40 s
75% DMG Amplification
15% DMG Taken Dampening
10% HP Amplification
Fusion Lv. 3 Duration 20 s
75% DMG Amplification
15% DMG Taken Dampening
20% HP Amplification
Skill Info
Basic Attack DMG 1646% (Attack, Melee, Strike)
Area of Effect 1200
Fury Injection - Hit Rate 20% Amplification (Spell)
Fury Judgment DMG 2102% (Attack, Physical, Strike, Area of Effect)
Explosion Range 150
Fury Strength Aura DMG 220% (Attack, Melee)
Fury Strength Armor Penetration +20%",-,-,-