,Edited on May. 13 21:47 (UTC+9),,,,,,,
,,,,,,,,
,Skill Rune,Description,tag,Lv.1,Lv.45,Source,Origin,Verity
,Spread Shot,Fires several arrows over a wide area to inflict physical damage on the enemy,"Attack, Strike, Physical, Projectile, Bow, Overheat, Shadow","Mana Cost 3
Triggers Immediately
40 Overheat Accumulation
Physical Element
5% Base Speed Amplification
Arrows: 5
Projectile Speed 3000
Physical DMG 300%
Physical DMG +20
(Magic Effect) +50% Projectile DMG
(Rare Effect) +150% Projectile DMG
(Rare Effect) +15% Projectile Speed
(Rare Effect) +2 Projectile Count
(Legendary Effect) +250% Projectile DMG
(Legendary Effect) +30% Projectile Speed
(Legendary Effect) +4 Projectile Count","Mana Cost 16.6
Triggers Immediately
40 Overheat Accumulation
Physical Element
5% Base Speed Amplification
Arrows: 5
Projectile Speed 3000
Physical DMG 770%
Physical DMG +349
(Magic Effect) +50% Projectile DMG
(Rare Effect) +150% Projectile DMG
(Rare Effect) +15% Projectile Speed
(Rare Effect) +2 Projectile Count
(Legendary Effect) +250% Projectile DMG
(Legendary Effect) +30% Projectile Speed
(Legendary Effect) +4 Projectile Count",[1.5-3]% Projectile DMG Amplification per 1 additional Projectile(s) (Max: 24),"+1 Chain Count
+[25-50]% Projectile DMG","+1 Pierce Count
1 Projectile Curve
[4-12]% DMG Amplification when distance from enemy is 600 or more"
,Explosive Arrow,Fires an exploding arrow to deal damage to the enemy. Killing an enemy with an attached arrow inflicts additional explosion damage,"Attack, Area of Effect, Strike, Fire, Projectile, BowCannot Chain","Mana Cost 10
Cooldown 20 s
Fire Element
+1 Max Use Count
Arrows: 3
Projectile Speed 3000
Pierce Count 1
+300 Arrow DMG
Arrow DMG 730%
Time until Explosion 2 s
Explosion Area of Effect 250
+300 Fire DMG upon exploding
920% Fire DMG upon exploding
(Magic Effect) +30% Projectile DMG
(Magic Effect) +20% Area of Effect
(Rare Effect) +70% Projectile DMG
(Rare Effect) +40% Area of Effect
(Rare Effect) 2% DMG Amplification
(Legendary Effect) +130% Projectile DMG
(Legendary Effect) +60% Area of Effect
(Legendary Effect) 5% DMG Amplification","Mana Cost 44
Cooldown 20 s
Fire Element
+1 Max Use Count
Arrows: 3
Projectile Speed 3000
Pierce Count 1
+1222 Arrow DMG
Arrow DMG 1444%
Time until Explosion 2 s
Explosion Area of Effect 250
+1222 Fire DMG upon exploding
1819% Fire DMG upon exploding
(Magic Effect) +30% Projectile DMG
(Magic Effect) +20% Area of Effect
(Rare Effect) +70% Projectile DMG
(Rare Effect) +40% Area of Effect
(Rare Effect) 2% DMG Amplification
(Legendary Effect) +130% Projectile DMG
(Legendary Effect) +60% Area of Effect
(Legendary Effect) 5% DMG Amplification","30% chance to gain Hellfire for 3 s on hit
( Fire Penetration +10%, 10% Fire DMG Amplification )
+[30-60]% Hellfire Effect",+[55-70]% Skill Rune Cooldown Recovery Speed,"[5-10]% Area of Effect Amplification
[10-15]% Area DMG Amplification"
,Shout of Terror,Deals damage to enemies around the caster and dampens their armor. Enemies hit have a chance of being stunned,"Attack, Melee, Area of Effect, Shout, Strike, Physical, Duration","Mana Cost 15
Cooldown 20 s
Physical Element
Shout Range 350
Physical DMG 21%
Physical DMG +8
+20% Stun Chance
Min Stun Duration 2 s
Shout Duration 3 s
Shout Skill Effect
15% Armor Dampening against enemies hit by a Shout
15% Element Resist Dampening against enemies hit by a Shout
(Magic Effect) +10% Shout of Terror Effect
(Rare Effect) +24% Shout of Terror Effect
(Legendary Effect) +40% Shout of Terror Effect","Mana Cost 37
Cooldown 20 s
Physical Element
Shout Range 350
Physical DMG 67%
Physical DMG +377
+45.5% Stun Chance
Min Stun Duration 2 s
Shout Duration 3 s
Shout Skill Effect
30% Armor Dampening against enemies hit by a Shout
30% Element Resist Dampening against enemies hit by a Shout
(Magic Effect) +10% Shout of Terror Effect
(Rare Effect) +24% Shout of Terror Effect
(Legendary Effect) +40% Shout of Terror Effect","+[10-30]% Shout Skill Rune Effect
+[40-60]% Shout Skill Rune Effect Range","+[30-50]% Shout Skill Rune Cooldown Recovery Speed
+[60-100]% Shout Skill Rune Cast Speed","Ignores enemy Dodge Rate
Guaranteed Critical Hit
+[15-30]% Shout Skill Rune Cooldown Recovery Speed"
,Shout of Justice,"Dampens enemy Movement Speed within range, temporarily Recovers HP, and removes Status Effects during Skill duration","Attack, Area of Effect, Shout, Duration","Mana Cost 15
Cooldown 25 s
Remove Status effects from self
Shout Range 350
Shout Duration 3 s
20% Movement Speed Dampening against enemies hit by a Shout
Shout Skill Effect
HP Recovery +60
(Magic Effect) +10% Shout Skill Rune Effect
(Rare Effect) +24% Shout Skill Rune Effect
(Legendary Effect) +40% Shout Skill Rune Effect","Mana Cost 37
Cooldown 25 s
Remove Status effects from self
Shout Range 350
Shout Duration 3 s
20% Movement Speed Dampening against enemies hit by a Shout
Shout Skill Effect
HP Recovery +412
(Magic Effect) +10% Shout Skill Rune Effect
(Rare Effect) +24% Shout Skill Rune Effect
(Legendary Effect) +40% Shout Skill Rune Effect","[10-20]% Resource Cost Dampening
Immune to Status Effects for 1 s upon using Skill","+[40-60]% Shout Skill Rune Effect Range
+[10-25]% Shout Skill Rune Effect","+[25-40]% Shout Skill Rune Cooldown Recovery Speed
+[60-100]% Shout Skill Rune Cast Speed"
,Icy Arrow,Fires an icy arrow to damage the enemy. Frost Spheres are formed along the arrow's path inflicting additional damage with an explosion,"Attack, Area of Effect, Strike, Cold, Projectile, Bow, Overheat, ShadowCannot Multishot, Cannot Split, Cannot Chain","Mana Cost 5
Triggers Immediately
40 Overheat Accumulation
Cold Element
Cold DMG +18
Frost Sphere Count 5
Arrows: 1
Projectile Speed 3000
Pierces All
Icy Arrow Cold DMG 150%
+8% Chill Chance
Frost Sphere Range 125
Frost Sphere Cold DMG 170%
+23% Chill Chance
(Magic Effect) +5% Chill Chance
(Magic Effect) 10% Area DMG Amplification
(Rare Effect) +10% Chill Chance
(Rare Effect) +25% Area of Effect
(Rare Effect) 20% Area DMG Amplification
(Legendary Effect) +15% Chill Chance
(Legendary Effect) +25% Area of Effect
(Legendary Effect) +20 Freeze Rate
(Legendary Effect) 30% Area DMG Amplification","Mana Cost 22
Triggers Immediately
40 Overheat Accumulation
Cold Element
Cold DMG +914
Frost Sphere Count 5
Arrows: 1
Projectile Speed 3000
Pierces All
Icy Arrow Cold DMG 406%
+8% Chill Chance
Frost Sphere Range 125
Frost Sphere Cold DMG 373%
+23% Chill Chance
(Magic Effect) +5% Chill Chance
(Magic Effect) 10% Area DMG Amplification
(Rare Effect) +10% Chill Chance
(Rare Effect) +25% Area of Effect
(Rare Effect) 20% Area DMG Amplification
(Legendary Effect) +15% Chill Chance
(Legendary Effect) +25% Area of Effect
(Legendary Effect) +20 Freeze Rate
(Legendary Effect) 30% Area DMG Amplification","Gain Area Effect Link Rune Effect
+[40-60]% Projectile DMG
+[42-50]% Area of Effect
+[46-61]% Area DMG
Cannot link Area Effect Link Rune","20% chance to gain Fatal Frostbite for 5 s on hit
( Chill Rate +30, DMG against enemies affected by Cold Status Effect +25% )
+[60-100]% Fatal Frostbite Effect","[40-45]% Area DMG Dampening
Projectile Count +2"
,Rapid Shot,Fires multiple arrows in a straight line to inflict physical damage on the enemy,"Attack, Strike, Physical, Projectile, Bow, Overheat, ShadowCannot use Parallel Shot","Mana Cost 4
Triggers Immediately
40 Overheat Accumulation
Physical Element
Arrows: 5
Projectile Speed 3000
Physical DMG 90%
Physical DMG +26
8% DMG Dampening when hitting the same target repeatedly
(Magic Effect) +50% Projectile DMG
(Rare Effect) +100% Projectile DMG
(Rare Effect) +1 Projectile Count
(Legendary Effect) +150% Projectile DMG
(Legendary Effect) +2 Projectile Count
(Legendary Effect) +10% Strike DMG Multiplier","Mana Cost 21
Triggers Immediately
40 Overheat Accumulation
Physical Element
Arrows: 5
Projectile Speed 3000
Physical DMG 270%
Physical DMG +620
8% DMG Dampening when hitting the same target repeatedly
(Magic Effect) +50% Projectile DMG
(Rare Effect) +100% Projectile DMG
(Rare Effect) +1 Projectile Count
(Legendary Effect) +150% Projectile DMG
(Legendary Effect) +2 Projectile Count
(Legendary Effect) +10% Strike DMG Multiplier","Gain Armor Penetration Link Rune Effect
+[24.9-30]% Armor Penetration
+[40-52]% Physical DMG
Cannot link Armor Penetration Link Rune","-[5-2]% DMG Dampening Decrease upon hitting the same target repeatedly
+[25-50]% Projectile DMG","+1 Chain Count
[1-2.5]% Projectile DMG Amplification per 1 remaining Chain(s) (Max: 15)"
,Shockwave Sentry,"Shockwave Sentry has the Strike, Physical, Melee, Projectile tags.
Summons a Sentry that fires arrows that can inflict powerful damage within a short range.
Has a maintenance cost upon summoning","Attack, SentryCannot use Parallel Shot, Cannot Split, Cannot Chain","Mana Cost 15
Triggers Immediately
Physical Element
Sentry Level 1
Sentry Duration 16 s
Sentry Count 1
Max Sentry Count 2
Projectile Count 3
Projectile Speed 5500
Pierce Count 2
Physical DMG 75%
10% DMG Dampening when hitting the same target repeatedly
+0.5% Sentry HP
+1 Sentry Critical Rate
(Magic Effect) +30% Sentry HP
(Magic Effect) +100% DMG when distance from Sentry is 400 or less
(Rare Effect) +60% Sentry HP
(Rare Effect) +150% DMG when distance from Sentry is 400 or less
(Rare Effect) 15% Sentry DMG Amplification
(Legendary Effect) +60% Sentry HP
(Legendary Effect) +200% DMG when distance from Sentry is 400 or less
(Legendary Effect) +1 Simultaneous Sentry Count
(Legendary Effect) 30% Sentry DMG Amplification","Mana Cost 49
Triggers Immediately
Physical Element
Sentry Level 110
Sentry Duration 16 s
Sentry Count 1
Max Sentry Count 2
Projectile Count 3
Projectile Speed 5500
Pierce Count 2
Physical DMG 108%
10% DMG Dampening when hitting the same target repeatedly
+56.8% Sentry HP
+19 Sentry Critical Rate
(Magic Effect) +30% Sentry HP
(Magic Effect) +100% DMG when distance from Sentry is 400 or less
(Rare Effect) +60% Sentry HP
(Rare Effect) +150% DMG when distance from Sentry is 400 or less
(Rare Effect) 15% Sentry DMG Amplification
(Legendary Effect) +60% Sentry HP
(Legendary Effect) +200% DMG when distance from Sentry is 400 or less
(Legendary Effect) +1 Simultaneous Sentry Count
(Legendary Effect) 30% Sentry DMG Amplification","+[1-2] Simultaneous Summon Count
Amplifies Sentry Armor by [8-15]%
+3 Element Resist for Sentry and Caster per summoned Sentry","[30-50]% DMG Taken by Sentry Decrease
2% Sentry Max HP Regen/Sec
Sentry takes [10-15]% of DMG Taken instead","+2 Sentry Projectile Count
+[15-30]% Sentry DMG
Sentry Knockback Chance +[15-20]%"
,Summon Abyssling,"Abyssling has the Attack, Strike, Area of Effect, Physical, Melee tags.
Summons an Abyssling that charges toward the enemy and deals Physical DMG.
Has a maintenance cost upon summoning","Spell, Minion, Abyssling","Mana Cost 22
Cooldown 3 s
Physical Element
Summon Level 1
Summon Count 1
Max Summon Count 2
Summon Duration 30 s
Basic Attack DMG 90%
Charge Attack DMG 150%
+1 Minion Critical Rate
+0.5% Abyssling HP
(Magic Effect) +30% Abyssling HP
(Magic Effect) +30% Abyssling DMG
(Rare Effect) +75% Abyssling HP
(Rare Effect) +60% Abyssling DMG
(Rare Effect) 10% Abyssling DMG Amplification
(Legendary Effect) +125% Abyssling HP
(Legendary Effect) +100% Abyssling DMG
(Legendary Effect) 20% Abyssling DMG Amplification","Mana Cost 90
Cooldown 3 s
Physical Element
Summon Level 110
Summon Count 1
Max Summon Count 2
Summon Duration 74 s
Basic Attack DMG 267%
Charge Attack DMG 280%
+19 Minion Critical Rate
+56.8% Abyssling HP
(Magic Effect) +30% Abyssling HP
(Magic Effect) +30% Abyssling DMG
(Rare Effect) +75% Abyssling HP
(Rare Effect) +60% Abyssling DMG
(Rare Effect) 10% Abyssling DMG Amplification
(Legendary Effect) +125% Abyssling HP
(Legendary Effect) +100% Abyssling DMG
(Legendary Effect) 20% Abyssling DMG Amplification","+[15-30]% Minion Overpower Effect
Gain Minion Overpower upon summoning Abyssling
( Main Element DMG +25-45, Armor Penetration +5%, Element Penetration +5% )","+[25-30]% Abyssling Armor Penetration
+[40-52]% Abyssling DMG","+[30-40] Abyssling Bleed Rate
+[80-100]% Abyssling DMG against Bleeding enemies"
,Activate Trap,Forces all installed Traps to activate.,Spell,"Mana Cost 15
Cooldown 4 s
Force Trap Activation
Active Range 1200
Trap DMG 22% per Traps that can be activated
(Magic Effect) +20% Trap Activation Effect
(Rare Effect) +30% Trap Activation Effect
(Legendary Effect) +50% Trap Activation Effect","Mana Cost 49
Cooldown 4 s
Force Trap Activation
Active Range 1200
Trap DMG 46.4% per Traps that can be activated
(Magic Effect) +20% Trap Activation Effect
(Rare Effect) +30% Trap Activation Effect
(Legendary Effect) +50% Trap Activation Effect","Change to Aura
Can be used with Seal
15% Resource Cost Amplification
Cooldown 10 s
Add Toggle, Toggle Effect tags
Remove Duration tag
Applies to Trap summoned by self
Aura Radius 800
+207% Trap DMG
Change Legendary effect to the following effect
+50% Attack Aura and Seal Effect
-[8-3]% Resource Cost Amplification","For every active Trap, gain Trap DMG Amplification effect for 2 s
Max Stacks 10
[1-1.5]% Trap DMG Amplification per stack","For every active Trap, gain Dodge Rate Amplification effect for 3 s
Max Stacks 5
[2-3]% Dodge Rate Amplification per stack"
,Shockwave Trap,Installs a Trap that explodes to deal Physical DMG upon detecting an enemy,"Attack, Area of Effect, Trap, Strike, Physical","Mana Cost 5
Triggers Immediately
Physical Element
Apply Normal Trap effect
Trap Duration 4 s
Trap Count 1
Max Trap Count 4
Trap Installation Distance 900
Area of Effect 300
Physical DMG 88%
Physical DMG +89
+10% Trap Install Speed
+30 Crowd Control Rate
20% DMG Amplification against enemies that are not affected by Crowd Control
(Magic Effect) +50% DMG
(Magic Effect) +20% Area of Effect
(Magic Effect) +20% Trap Detection Range
(Rare Effect) +100% DMG
(Rare Effect) +30% Area of Effect
(Rare Effect) +30% Trap Detection Range
(Legendary Effect) +150% DMG
(Legendary Effect) +60% Area of Effect
(Legendary Effect) +60% Trap Detection Range
(Legendary Effect) +1 Simultaneous Trap Count","Mana Cost 22
Triggers Immediately
Physical Element
Apply Normal Trap effect
Trap Duration 8.4 s
Trap Count 1
Max Trap Count 4
Trap Installation Distance 900
Area of Effect 300
Physical DMG 316%
Physical DMG +621
+10% Trap Install Speed
+30 Crowd Control Rate
20% DMG Amplification against enemies that are not affected by Crowd Control
(Magic Effect) +50% DMG
(Magic Effect) +20% Area of Effect
(Magic Effect) +20% Trap Detection Range
(Rare Effect) +100% DMG
(Rare Effect) +30% Area of Effect
(Rare Effect) +30% Trap Detection Range
(Legendary Effect) +150% DMG
(Legendary Effect) +60% Area of Effect
(Legendary Effect) +60% Trap Detection Range
(Legendary Effect) +1 Simultaneous Trap Count","Gain Concentrated Area DMG Link Rune Effect
[20.7-25]% DMG Amplification
30% Area of Effect Dampening
-60% Trap Detection Range","Gain Avoid Crisis for 3 on hit
Max Stacks 5
[5-8]% DMG Taken Dampening per stack
Remove Avoid Crisis when hit","+[2-3] Simultaneous Trap Count
+[50-70]% Trap DMG"
,Gather Minions,Summons all Minions to the caster's location,"Spell, Duration","Mana Cost 25
Cooldown 12 s
Summons a Minion near the caster and grants the following effect
Duration 3 s
+55% Minion DMG
(Magic Effect) +100% Gather Minions Duration
(Magic Effect) +5% Gather Minions DMG
(Rare Effect) +100% Gather Minions Duration
(Rare Effect) +10% Gather Minions DMG
(Legendary Effect) +150% Gather Minions Duration
(Legendary Effect) +13% Gather Minions DMG","Mana Cost 59
Cooldown 12 s
Summons a Minion near the caster and grants the following effect
Duration 3 s
+275% Minion DMG
(Magic Effect) +100% Gather Minions Duration
(Magic Effect) +5% Gather Minions DMG
(Rare Effect) +100% Gather Minions Duration
(Rare Effect) +10% Gather Minions DMG
(Legendary Effect) +150% Gather Minions Duration
(Legendary Effect) +13% Gather Minions DMG",[5-10]% Cast Speed Amplification to Caster for 6 s upon using Gather Minions,+[15-30]% Speed to Minions within 600 Range for 5 s upon using Gather Minions,"Grants the following effect to Minions within 600 Range for 5 s upon using Gather Minions
[15-30]% Armor Amplification
[15-30]% Element Resist Amplification"
,Fire Ball,Fires a fire ball that explodes on hit to deal fire damage,"Spell, Area of Effect, Strike, Fire, Projectile","Mana Cost 5
Triggers Immediately
Fire Element
Fire Ball Count 1
Projectile Speed 1000
Explosion Range 220
Fire DMG 234%
Fire DMG +35
+20% Burn Chance
15% Burn DMG Amplification
+100% DMG against Burning enemies
(Magic Effect) 15% DMG Amplification against Burning enemies
(Magic Effect) +2 Projectile Count
(Rare Effect) 20% DMG Amplification against Burning enemies
(Rare Effect) +2 Projectile Count
(Rare Effect) +15% Area of Effect
(Legendary Effect) 30% DMG Amplification against Burning enemies
(Legendary Effect) +2 Projectile Count
(Legendary Effect) +30% Area of Effect","Mana Cost 15.2
Triggers Immediately
Fire Element
Fire Ball Count 1
Projectile Speed 1000
Explosion Range 220
Fire DMG 564%
Fire DMG +974
+20% Burn Chance
15% Burn DMG Amplification
+100% DMG against Burning enemies
(Magic Effect) 15% DMG Amplification against Burning enemies
(Magic Effect) +2 Projectile Count
(Rare Effect) 20% DMG Amplification against Burning enemies
(Rare Effect) +2 Projectile Count
(Rare Effect) +15% Area of Effect
(Legendary Effect) 30% DMG Amplification against Burning enemies
(Legendary Effect) +2 Projectile Count
(Legendary Effect) +30% Area of Effect",[13-15]% Element DMG Amplification,"[75-100]% Burn DMG Amplification
50% Status Effect Duration Dampening","Gain Quick Cast Link Rune Effect
+[26.6-31]% Cast Speed
Cannot link Quick Cast Link Rune"
,Frost Ball,Fires a slow-moving Frost Sphere that pierces enemies in its path to deal cold damage,"Spell, Strike, Cold, ProjectileCannot Split, Cannot Chain","Mana Cost 5
Triggers Immediately
Cold Element
5% Base Speed Amplification
Frost Ball Count 1
Projectile Speed 550
Pierce Count 3
Cold DMG 250%
Cold DMG +88
+20% Chill Chance
10% Cold DMG Amplification per Pierce
+5% Freeze Chance per Pierce
(Magic Effect) +50% DMG against Chilled enemies
(Magic Effect) +30% Strike DMG Multiplier
(Magic Effect) +2 Projectile Count
(Rare Effect) +100% DMG against Chilled enemies
(Rare Effect) +60% Strike DMG Multiplier
(Rare Effect) +2 Projectile Count
(Legendary Effect) +200% DMG against Chilled enemies
(Legendary Effect) +150% Strike DMG Multiplier
(Legendary Effect) +2 Projectile Count","Mana Cost 22
Triggers Immediately
Cold Element
5% Base Speed Amplification
Frost Ball Count 1
Projectile Speed 550
Pierce Count 3
Cold DMG 804%
Cold DMG +546
+20% Chill Chance
10% Cold DMG Amplification per Pierce
+5% Freeze Chance per Pierce
(Magic Effect) +50% DMG against Chilled enemies
(Magic Effect) +30% Strike DMG Multiplier
(Magic Effect) +2 Projectile Count
(Rare Effect) +100% DMG against Chilled enemies
(Rare Effect) +60% Strike DMG Multiplier
(Rare Effect) +2 Projectile Count
(Legendary Effect) +200% DMG against Chilled enemies
(Legendary Effect) +150% Strike DMG Multiplier
(Legendary Effect) +2 Projectile Count","Gain Multishot Link Rune Effect
+4 Projectile Count
[1-3]% Projectile DMG Amplification
Cannot link Multishot Link Rune","Gain Cold Penetration Link Rune Effect
+[17-20] Cold Penetration
+[40-52]% Cold DMG
Cannot link Cold Penetration Link Rune","+10% DMG per 100 distance traveled by Frost Ball (Max: 150%)
+60% Projectile Size
+[10-20]% Projectile Speed"
,Frost Wave,Emits Cold energy in front of the caster to deal damage to enemies,"Attack, Melee, Area of Effect, Strike, Cold, Shadow","Mana Cost 3
Triggers Immediately
Cold Element
Area of Effect 650
Cold DMG 300%
Cold DMG +90
+50% Chill Chance
+100% DMG against enemies affected by Cold Status Effect
20% DMG Amplification against enemies affected by Cold Status Effect
+20% Cold Penetration
(Magic Effect) +15% Chill Effect
(Magic Effect) 5% DMG Amplification against enemies affected by Cold Status Effect
(Magic Effect) +50% Critical DMG against enemies affected by Cold Status Effect
(Rare Effect) +30% Chill Effect
(Rare Effect) 15% DMG Amplification against enemies affected by Cold Status Effect
(Rare Effect) +75% Critical DMG against enemies affected by Cold Status Effect
(Rare Effect) +30% Area of Effect
(Legendary Effect) +45% Chill Effect
(Legendary Effect) 25% DMG Amplification against enemies affected by Cold Status Effect
(Legendary Effect) +100% Critical DMG against enemies affected by Cold Status Effect
(Legendary Effect) +60% Area of Effect","Mana Cost 10.2
Triggers Immediately
Cold Element
Area of Effect 650
Cold DMG 709%
Cold DMG +1362
+50% Chill Chance
+100% DMG against enemies affected by Cold Status Effect
20% DMG Amplification against enemies affected by Cold Status Effect
+20% Cold Penetration
(Magic Effect) +15% Chill Effect
(Magic Effect) 5% DMG Amplification against enemies affected by Cold Status Effect
(Magic Effect) +50% Critical DMG against enemies affected by Cold Status Effect
(Rare Effect) +30% Chill Effect
(Rare Effect) 15% DMG Amplification against enemies affected by Cold Status Effect
(Rare Effect) +75% Critical DMG against enemies affected by Cold Status Effect
(Rare Effect) +30% Area of Effect
(Legendary Effect) +45% Chill Effect
(Legendary Effect) 25% DMG Amplification against enemies affected by Cold Status Effect
(Legendary Effect) +100% Critical DMG against enemies affected by Cold Status Effect
(Legendary Effect) +60% Area of Effect","[12-17]% DMG Amplification against enemies affected by Cold Status Effect
[8-12]% DMG Amplification against enemies that are not affected by Cold Status Effect","+2 Strike Range Count
+[10-40]% Area DMG
+[10-20]% Area of Effect","+[15-30]% Chill Chance
+[15-30] Freeze Rate against Chilled Enemies
Gain Sharpness for 3 s upon inflicting a Cold Status Effect
(+50% Critical Rate, +25% Critical DMG)"
,Blizzard,Summons a powerful Blizzard that deals DMG to enemies in front of the caster. Blizzard duration is affected by Cast Speed,"Spell, Area of Effect, Strike, Cold, ProjectileCannot Multishot, Cannot Split, Cannot Chain","Mana Cost 30
Cooldown 30 s
Cold Element
Ice Spike Explosion Range 125
Hail Explosion Range 200
Frost Crystal Explosion Range 175
Cold DMG 100%
Cold DMG +80
+12% Chill Chance
+10 Freeze Rate against Chilled Enemies
+1 Max Use Count
Inflict Cold Wave for 3 s to enemies on hit
Max Stacks 5
0.5% Cold DMG Taken per Stack
(Rare Effect) +18% Chill Chance
(Rare Effect) +20 Freeze Rate against Chilled Enemies
(Legendary Effect) +18% Chill Chance
(Legendary Effect) +30 Freeze Rate against Chilled Enemies
(Legendary Effect) +100% DMG against Chilled enemies","Mana Cost 98
Cooldown 30 s
Cold Element
Ice Spike Explosion Range 125
Hail Explosion Range 200
Frost Crystal Explosion Range 175
Cold DMG 287%
Cold DMG +253
+12% Chill Chance
+10 Freeze Rate against Chilled Enemies
+1 Max Use Count
Inflict Cold Wave for 3 s to enemies on hit
Max Stacks 5
3.5% Cold DMG Taken per Stack
(Rare Effect) +18% Chill Chance
(Rare Effect) +20 Freeze Rate against Chilled Enemies
(Legendary Effect) +18% Chill Chance
(Legendary Effect) +30 Freeze Rate against Chilled Enemies
(Legendary Effect) +100% DMG against Chilled enemies","+2 Skill Buff Stack Count
+[10-50]% Cold DMG","+[20-50]% Chill Effect
+[10-20] Freeze Rate","+[20-30]% Cold DMG
Ice Spike, Hail, Frost Crystal Projectile Count +2"
,Frost Shock,Forms an area of Ice Thorns around the caster to deal Cold DMG to enemies,"Spell, Melee, Area of Effect, Strike, Cold","Mana Cost 5
Triggers Immediately
Cold Element
Area of Effect 350
Cold DMG 310%
Cold DMG +24
+10% Freeze Chance
+10% Chill Chance
+100% DMG Multiplier against Frozen enemies
(Magic Effect) 10% DMG Amplification against enemies affected by Cold Status Effect
(Magic Effect) +5% Chill Chance
(Rare Effect) 25% DMG Amplification against enemies affected by Cold Status Effect
(Rare Effect) +10% Chill Chance
(Rare Effect) +30% Area of Effect
(Legendary Effect) 35% DMG Amplification against enemies affected by Cold Status Effect
(Legendary Effect) +15% Chill Chance
(Legendary Effect) +5% Freeze Chance
(Legendary Effect) +50% Area of Effect","Mana Cost 18.6
Triggers Immediately
Cold Element
Area of Effect 350
Cold DMG 852%
Cold DMG +538
+10% Freeze Chance
+10% Chill Chance
+100% DMG Multiplier against Frozen enemies
(Magic Effect) 10% DMG Amplification against enemies affected by Cold Status Effect
(Magic Effect) +5% Chill Chance
(Rare Effect) 25% DMG Amplification against enemies affected by Cold Status Effect
(Rare Effect) +10% Chill Chance
(Rare Effect) +30% Area of Effect
(Legendary Effect) 35% DMG Amplification against enemies affected by Cold Status Effect
(Legendary Effect) +15% Chill Chance
(Legendary Effect) +5% Freeze Chance
(Legendary Effect) +50% Area of Effect","+[80-120]% Cold DMG
+[15-20]% Area of Effect
+4 Element Resist for 2 s upon using Skill (Max stacks: 5)","+[10-13]% Cold Penetration
[5-10]% DMG Amplification against enemies affected by Cold Status Effect","+[15-30]% Area of Effect
+[75-100]% DMG against enemies affected by Cold Status Effect
[2-4]% DMG Amplification against enemies that are not affected by Cold Status Effect"
,Fire Torrent,Channels to temporarily summon a Fire Torrent. Flames periodically spew out from the torrent to track down enemies. Attacks grow faster with longer channeling,"Spell, Channel, Strike, Fire, ProjectileCannot use Parallel Shot, Cannot Pierce, Cannot Split, Cannot Chain","Mana Cost 6
Triggers Immediately
Fire Element
Summoned Torrent Count 3
Fire DMG 38%
Fire DMG +60
+8 Max Stage
20% Attack Cycle when Channeling
4% Attack Cycle per Stage
Decreases Fire DMG Taken by 5% per stage
Decrease stage every 2 s upon canceling
(Magic Effect) +1 Projectile Count
(Rare Effect) +1 Projectile Count
(Rare Effect) 10% Attack Cycle when Channeling
(Legendary Effect) +2 Projectile Count
(Legendary Effect) 20% Attack Cycle when Channeling
(Legendary Effect) 10% Fire DMG Amplification","Mana Cost 23
Triggers Immediately
Fire Element
Summoned Torrent Count 3
Fire DMG 157%
Fire DMG +291
+8 Max Stage
20% Attack Cycle when Channeling
4% Attack Cycle per Stage
Decreases Fire DMG Taken by 5% per stage
Decrease stage every 2 s upon canceling
(Magic Effect) +1 Projectile Count
(Rare Effect) +1 Projectile Count
(Rare Effect) 10% Attack Cycle when Channeling
(Legendary Effect) +2 Projectile Count
(Legendary Effect) 20% Attack Cycle when Channeling
(Legendary Effect) 10% Fire DMG Amplification","Decrease stage every 1 s upon canceling
[10-15]% Attack Cycle per Stage","+[10-15]% Burn Chance
+[15-25]% Critical DMG against Burning enemies
+[50-70]% Critical Rate","+1 Projectile Count
+[25-40]% Projectile DMG"
,Poison Cloud,Forms a poisonous cloud around the caster to deal Poison DMG to enemies,"Spell, Melee, Area of Effect, Strike, Poison","Mana Cost 3
Triggers Immediately
Poison Element
Area of Effect 350
Poison DMG 419%
Poison DMG +39
+25% Venom Chance
+100% DMG against enemies affected by Venom
(Magic Effect) 15% Venom DMG Amplification
(Magic Effect) +50% DMG against enemies affected by Venom
(Magic Effect) +100% DMG Multiplier against enemies affected by Venom
(Rare Effect) +5% Venom Chance
(Rare Effect) 30% Venom DMG Amplification
(Rare Effect) +100% DMG against enemies affected by Venom
(Rare Effect) +150% DMG Multiplier against enemies affected by Venom
(Legendary Effect) +10% Venom Chance
(Legendary Effect) 50% Venom DMG Amplification
(Legendary Effect) +150% DMG against enemies affected by Venom
(Legendary Effect) +200% DMG Multiplier against enemies affected by Venom","Mana Cost 18.3
Triggers Immediately
Poison Element
Area of Effect 350
Poison DMG 754%
Poison DMG +513
+25% Venom Chance
+100% DMG against enemies affected by Venom
(Magic Effect) 15% Venom DMG Amplification
(Magic Effect) +50% DMG against enemies affected by Venom
(Magic Effect) +100% DMG Multiplier against enemies affected by Venom
(Rare Effect) +5% Venom Chance
(Rare Effect) 30% Venom DMG Amplification
(Rare Effect) +100% DMG against enemies affected by Venom
(Rare Effect) +150% DMG Multiplier against enemies affected by Venom
(Legendary Effect) +10% Venom Chance
(Legendary Effect) 50% Venom DMG Amplification
(Legendary Effect) +150% DMG against enemies affected by Venom
(Legendary Effect) +200% DMG Multiplier against enemies affected by Venom",[10-15]% Poison DMG Amplification,[15-20]% DMG Amplification against enemies affected by Poison Status Effect,"Gain Area Effect Link Rune Effect
+[42-50]% Area of Effect
+[46-61]% Area DMG
Cannot link Area Effect Link Rune"
,Poison Orb,Throws a poison orb that bounces forward and deals Poison DMG to enemies,"Spell, Area of Effect, Strike, Poison, ProjectileCannot Split, Cannot Change Speed","Mana Cost 5
Triggers Immediately
Poison Element
Poison Orb Count 3
Cannot Pierce
Max Chain Count 2
Explosion Range 120
Poison DMG 82%
Poison DMG +55
+15% Venom Chance
+50% Venom DMG
15% DMG Dampening when hitting the same target repeatedly
(Magic Effect) +30% DMG Multiplier against enemies affected by Venom
(Magic Effect) 10% DMG Amplification against enemies affected by Venom
(Rare Effect) +60% DMG Multiplier against enemies affected by Venom
(Rare Effect) 15% DMG Amplification against enemies affected by Venom
(Legendary Effect) +120% DMG Multiplier against enemies affected by Venom
(Legendary Effect) 25% DMG Amplification against enemies affected by Venom","Mana Cost 22
Triggers Immediately
Poison Element
Poison Orb Count 3
Cannot Pierce
Max Chain Count 2
Explosion Range 120
Poison DMG 151%
Poison DMG +315
+15% Venom Chance
+138% Venom DMG
15% DMG Dampening when hitting the same target repeatedly
(Magic Effect) +30% DMG Multiplier against enemies affected by Venom
(Magic Effect) 10% DMG Amplification against enemies affected by Venom
(Rare Effect) +60% DMG Multiplier against enemies affected by Venom
(Rare Effect) 15% DMG Amplification against enemies affected by Venom
(Legendary Effect) +120% DMG Multiplier against enemies affected by Venom
(Legendary Effect) 25% DMG Amplification against enemies affected by Venom","+[20-40] Debuff Rate
+[15-25]% Debuff Effect
[10-15]% DMG Amplification against Debuffed enemies","Link Runes gain Parallel Multishot
Projectile Count+4
[5-10]% DMG Dampening when hitting the same target repeatedly
+[30-60]% Strike DMG
Cannot link Multishot Link Rune","Gain Flowing Pain Link Rune Effect
+[76-98] Venom Rate
+[52-65]% Venom DMG
+40% Venom Duration
2% Venom DMG Amplification
Cannot link Flowing Pain Link Rune"
,Shockwave Arrow,Fires an arrow that pierces through a short distance to deal damage to enemies,"Attack, Melee, Strike, Physical, Projectile, Bow, OverheatCannot Split, Cannot Chain","Mana Cost 5
Triggers Immediately
40 Overheat Accumulation
Physical Element
Arrows: 3
Projectile Speed 5500
Pierce Count 2
Physical DMG 138%
Physical DMG +63
+10% Stun Chance
5% DMG Dampening when hitting the same target repeatedly
Gain Impact buff on every Attack Hit and activate Shockwave effect on reaching 50 stacks
Shockwave Effect
Immune to DMG Dampening stat for 3 s when hitting the same target repeatedly
(Legendary Effect) +2 Projectile Count
(Legendary Effect) +1 Pierce Count
(Legendary Effect) 20% DMG Amplification against Stunned enemies","Mana Cost 15.9
Triggers Immediately
40 Overheat Accumulation
Physical Element
Arrows: 3
Projectile Speed 5500
Pierce Count 2
Physical DMG 448%
Physical DMG +409
+10% Stun Chance
5% DMG Dampening when hitting the same target repeatedly
Gain Impact buff on every Attack Hit and activate Shockwave effect on reaching 50 stacks
Shockwave Effect
Immune to DMG Dampening stat for 3 s when hitting the same target repeatedly
(Legendary Effect) +2 Projectile Count
(Legendary Effect) +1 Pierce Count
(Legendary Effect) 20% DMG Amplification against Stunned enemies","+[15-30]% Projectile Speed
[3-5]% DMG Amplification against Elites
6% Projectile DMG Amplification per 1 Pierce(s)","Gain Finishing Strike Link Rune Effect
[20.7-25]% DMG Amplification against enemies at 20% or less HP
Ignores Dodge Rate of enemies at 20% HP or less
Cannot link Finishing Strike Link Rune","Gain Armor Penetration Link Rune Effect
+[24.9-30]% Armor Penetration
+[40-52]% Physical DMG
Cannot link Armor Penetration Link Rune"
,Lightning Typhoon,Temporarily summons a Lightning Typhoon that follows enemies to deal Lightning DMG,"Spell, Area of Effect, Strike, Lightning, ProjectileCannot Multishot, Cannot Pierce, Cannot Split, Cannot Chain","Mana Cost 30
Cooldown 30 s
Lightning Element
Typhoon Duration 7 s
Typhoon Count 1
Projectile Speed 750
Pierces All
Typhoon Range 200
DMG Cycle 0.5 s
Lightning DMG 250%
Lightning DMG +200
+6% Shock Chance
Min 10% Shock applied
+1 Max Use Count
Cannot resummon Lightning Typhoon for 3 s after summoning
(Magic Effect) +9% Shock Chance
(Rare Effect) 10% DMG Amplification against Shocked enemies
(Rare Effect) +18% Shock Chance
(Rare Effect) +25% Area of Effect
(Legendary Effect) 20% DMG Amplification against Shocked enemies
(Legendary Effect) +27% Shock Chance
(Legendary Effect) +50% Area of Effect","Mana Cost 98
Cooldown 30 s
Lightning Element
Typhoon Duration 7 s
Typhoon Count 1
Projectile Speed 750
Pierces All
Typhoon Range 200
DMG Cycle 0.5 s
Lightning DMG 304%
Lightning DMG +1351
+6% Shock Chance
Min 10% Shock applied
+1 Max Use Count
Cannot resummon Lightning Typhoon for 3 s after summoning
(Magic Effect) +9% Shock Chance
(Rare Effect) 10% DMG Amplification against Shocked enemies
(Rare Effect) +18% Shock Chance
(Rare Effect) +25% Area of Effect
(Legendary Effect) 20% DMG Amplification against Shocked enemies
(Legendary Effect) +27% Shock Chance
(Legendary Effect) +50% Area of Effect","+[30-40]% Projectile Speed
+[20-30]% Area of Effect","+[30-50] Shock Rate
+[10-20]% Shock Effect
+[30-50]% Shock Duration","[30-50]% DMG Dampening
Summon 4 Small Lightning Typhoons"
,Penetrating Slash,"Moves forward, inflicting Physical damage on enemies in your path","Attack, Strike, Physical, Duration, Movement","Mana Cost 5
Cooldown 6 s
Physical Element
+2 Max Use Count
Physical DMG 266%
Physical DMG +28
Gain Oblivion for 2 s on Kill
+40% Critical Rate
Shares Cooldowns between Offensive Movement Skills
(Magic Effect) +100% Oblivion Effect
(Rare Effect) +200% Oblivion Effect
(Rare Effect) +1 Max Use Count
(Rare Effect) 15% DMG Amplification
(Legendary Effect) +200% Oblivion Effect
(Legendary Effect) +2 Max Use Count
(Legendary Effect) 30% DMG Amplification","Mana Cost 18.6
Cooldown 4 s
Physical Element
+2 Max Use Count
Physical DMG 615%
Physical DMG +514
Gain Oblivion for 2 s on Kill
+40% Critical Rate
Shares Cooldowns between Offensive Movement Skills
(Magic Effect) +100% Oblivion Effect
(Rare Effect) +200% Oblivion Effect
(Rare Effect) +1 Max Use Count
(Rare Effect) 15% DMG Amplification
(Legendary Effect) +200% Oblivion Effect
(Legendary Effect) +2 Max Use Count
(Legendary Effect) 30% DMG Amplification","+[20-40]% Melee DMG
+[30-50]% Oblivion Effect
7% chance to Instant Kill on every hit against a normal enemy","+[10-20]% Skill Rune Duration
+[10-15]% Movement Skill Rune Cooldown Recovery Speed","+2 Max Use Count
[5-10]% Skill Rune Cooldown Amplification
10% chance to reset Cooldown on hit"
,Shield Charge,Charges forward to inflict Physical DMG on the enemy,"Attack, Melee, Area of Effect, Strike, Physical, Movement","Mana Cost 4
Cooldown 5 s
Physical Element
+4 Max Use Count
+10% Hit Rate
+10% Armor Penetration
Area of Effect 250
Physical DMG 420%
Physical DMG +18
Gain Destroy Arms for 4 s upon hitting an enemy at Max Range
+30% Armor Penetration during Destroy Arms
Shares Cooldowns between Offensive Movement Skills
(Magic Effect) +10% Armor Penetration
(Magic Effect) +20% Attack Hit Rate
(Rare Effect) +10% Armor Penetration
(Rare Effect) +20% Attack Hit Rate
(Rare Effect) +50 Stun Rate upon every Skill hit against enemies at 250 distance or more
(Rare Effect) +80% Strike DMG Multiplier
(Legendary Effect) +15% Armor Penetration
(Legendary Effect) +30% Attack Hit Rate
(Legendary Effect) +500 Stun Rate upon every Skill hit against enemies at 250 distance or more
(Legendary Effect) +170% Strike DMG Multiplier","Mana Cost 21
Cooldown 3 s
Physical Element
+4 Max Use Count
+10% Hit Rate
+10% Armor Penetration
Area of Effect 250
Physical DMG 698%
Physical DMG +368
Gain Destroy Arms for 4 s upon hitting an enemy at Max Range
+30% Armor Penetration during Destroy Arms
Shares Cooldowns between Offensive Movement Skills
(Magic Effect) +10% Armor Penetration
(Magic Effect) +20% Attack Hit Rate
(Rare Effect) +10% Armor Penetration
(Rare Effect) +20% Attack Hit Rate
(Rare Effect) +50 Stun Rate upon every Skill hit against enemies at 250 distance or more
(Rare Effect) +80% Strike DMG Multiplier
(Legendary Effect) +15% Armor Penetration
(Legendary Effect) +30% Attack Hit Rate
(Legendary Effect) +500 Stun Rate upon every Skill hit against enemies at 250 distance or more
(Legendary Effect) +170% Strike DMG Multiplier","+[10-30]% Area of Effect
+[25-50] Status Effect Rate
Causes Shield Pulse on hit
Shield Pulse DMG +250
Shield Pulse DMG 430%
Shield Pulse Area of Effect 400","+[10-15]% Movement Skill Rune Cooldown Recovery Speed
50% chance to active Shield of Determination upon using Skill
Shield of Determination Duration 2 s
+[50-100]% Armor while Shield of Determination is active","+2 Max Use Count
[5-10]% Skill Rune Cooldown Amplification"
,Frost Thorn,Shoots out Frost Thorns to deal Cold DMG to the enemy,"Spell, Strike, Cold, ProjectileCannot use Parallel Shot","Mana Cost 4
Triggers Immediately
Cold Element
Frost Thorn Count 3
Projectile Speed 2800
Cold DMG 125%
Cold DMG +80
+15% Spell Critical DMG
+10% Spell Critical Chance
15% DMG Dampening when hitting the same target repeatedly
+ 1 Frost Thorn count per 2 Cold Energy
(Magic Effect) +30% Spell Critical DMG
(Rare Effect) +70% Spell Critical DMG
(Rare Effect) +30% Spell Critical Rate
(Legendary Effect) +1 Projectile Count
(Legendary Effect) +70% Spell Critical DMG
(Legendary Effect) +60% Spell Critical Rate","Mana Cost 14.2
Triggers Immediately
Cold Element
Frost Thorn Count 3
Projectile Speed 2800
Cold DMG 319%
Cold DMG +486
+59% Spell Critical DMG
+10% Spell Critical Chance
15% DMG Dampening when hitting the same target repeatedly
+ 1 Frost Thorn count per 2 Cold Energy
(Magic Effect) +30% Spell Critical DMG
(Rare Effect) +70% Spell Critical DMG
(Rare Effect) +30% Spell Critical Rate
(Legendary Effect) +1 Projectile Count
(Legendary Effect) +70% Spell Critical DMG
(Legendary Effect) +60% Spell Critical Rate","Gain Elite Slayer Link Rune Effect
+[140-163]% DMG against Elites
5% DMG Amplification against Bosses
Cannot link Elite Slayer Link Rune",-[10-5]% DMG Dampening Decrease upon hitting the same target repeatedly,"+1 Chain Count
+[41-50]% Projectile DMG"
,Flamethrower,"Deals Fire DMG, amplifying Fire DMG for each Channeling stage. Canceling Channeling at stage 1 or above causes Fire Explosion. However, Fire Explosion is not caused when Channeling is canceled by Movement Skills or Crowd Control effects","Spell, Melee, Area of Effect, Channel, DoT, Fire","Mana Cost 5
Triggers Immediately
Fire Element
Area of Effect 600
Deal Fire DMG to enemies when maintaining Focus
Fire DMG +38
Fire DMG 115%
+8 Max Stage
10% Fire DMG Amplification per stage
Inflict Arson to enemies upon canceling Channeling
Arson Duration 5 s
Arson DoT +38
Arson DoT 115%
Arson DMG Multiplier per stage +10%
(Magic Effect) +50% DoT
(Magic Effect) +10% Element Penetration
(Rare Effect) +100% DoT
(Rare Effect) +15% Element Penetration
(Rare Effect) 15% DoT Multiplier Amplification
(Legendary Effect) +150% DoT
(Legendary Effect) +30% Element Penetration
(Legendary Effect) 30% DoT Multiplier Amplification","Mana Cost 15.6
Triggers Immediately
Fire Element
Area of Effect 600
Deal Fire DMG to enemies when maintaining Focus
Fire DMG +218
Fire DMG 368%
+8 Max Stage
10% Fire DMG Amplification per stage
Inflict Arson to enemies upon canceling Channeling
Arson Duration 5 s
Arson DoT +218
Arson DoT 368%
Arson DMG Multiplier per stage +54%
(Magic Effect) +50% DoT
(Magic Effect) +10% Element Penetration
(Rare Effect) +100% DoT
(Rare Effect) +15% Element Penetration
(Rare Effect) 15% DoT Multiplier Amplification
(Legendary Effect) +150% DoT
(Legendary Effect) +30% Element Penetration
(Legendary Effect) 30% DoT Multiplier Amplification","+[20-30]% Realization Effect
Gain Realization while Channeling
( 1% Max Barrier Regen/Sec, Barrier Charge Recovery Speed +10% )","[3-5]% DoT Amplification
[10-15]% DMG Taken Dampening while Channeling","+[20-30]% Fire Penetration
Flamethrower Range +150, Radius +60º"
,Electric Ball,Fires an electric ball that periodically explodes. Explosions deal Lightning DMG to nearby enemies,"Spell, Area of Effect, Strike, Lightning, ProjectileCannot Multishot, Cannot Split, Cannot Chain","Mana Cost 6
Triggers Immediately
Lightning Element
Electric Ball Count 1
Projectile Speed 550
Pierces All
Explosion Range 170
Explosion Interval 0.5 s
Lightning DMG 180%
Lightning DMG +110
+10% Shock Chance
(Magic Effect) 5% DMG Amplification against Shocked enemies
(Magic Effect) +5% Cast Speed
(Rare Effect) 10% DMG Amplification against Shocked enemies
(Rare Effect) +10% Cast Speed
(Rare Effect) +25% Area of Effect
(Legendary Effect) 20% DMG Amplification against Shocked enemies
(Legendary Effect) +15% Cast Speed
(Legendary Effect) +50% Area of Effect","Mana Cost 23
Triggers Immediately
Lightning Element
Electric Ball Count 1
Projectile Speed 550
Pierces All
Explosion Range 170
Explosion Interval 0.5 s
Lightning DMG 452%
Lightning DMG +346
+10% Shock Chance
(Magic Effect) 5% DMG Amplification against Shocked enemies
(Magic Effect) +5% Cast Speed
(Rare Effect) 10% DMG Amplification against Shocked enemies
(Rare Effect) +10% Cast Speed
(Rare Effect) +25% Area of Effect
(Legendary Effect) 20% DMG Amplification against Shocked enemies
(Legendary Effect) +15% Cast Speed
(Legendary Effect) +50% Area of Effect","+[15-30]% Projectile Speed
Projectile Count +2
Explosion Interval -20%",[15-20]% DMG Amplification against Elites,"Gain Electric Shock Link Rune Effect
+[100-124]% Critical Rate against Shocked enemies
+[32-35]% Critical DMG against Shocked enemies
Cannot link Electric Shock Link Rune"
,Charge Release,"Releases multiple charges that deal DMG and explode upon contact with the target, dealing additional DMG.","Spell, Area of Effect, Strike, Lightning, ProjectileCannot use Parallel Shot, Cannot Split, Cannot Chain","Mana Cost 5
Triggers Immediately
Lightning Element
Charge Count 7
Projectile Speed 700
Charge Release DMG 300%
Charge Release DMG +51
Cannot Pierce
Explosion Range 150
Electric Explosion DMG 275%
Electric Explosion DMG +51
+21% Shock Chance
Apply Shock as 20% Amplified DMG
2% Projectile DMG Amplification per 1 additional Projectile(s) (Max: 20)
(Magic Effect) +2 Projectile Count
(Magic Effect) +9% Shock Chance
(Rare Effect) +3 Projectile Count
(Rare Effect) +14% Shock Chance
(Rare Effect) +15% Cast Speed
(Legendary Effect) +4 Projectile Count
(Legendary Effect) +19% Shock Chance
(Legendary Effect) +30% Cast Speed","Mana Cost 22
Triggers Immediately
Lightning Element
Charge Count 10
Projectile Speed 700
Charge Release DMG 600%
Charge Release DMG +302
Cannot Pierce
Explosion Range 150
Electric Explosion DMG 546%
Electric Explosion DMG +805
+21% Shock Chance
Apply Shock as 20% Amplified DMG
2% Projectile DMG Amplification per 1 additional Projectile(s) (Max: 20)
(Magic Effect) +2 Projectile Count
(Magic Effect) +9% Shock Chance
(Rare Effect) +3 Projectile Count
(Rare Effect) +14% Shock Chance
(Rare Effect) +15% Cast Speed
(Legendary Effect) +4 Projectile Count
(Legendary Effect) +19% Shock Chance
(Legendary Effect) +30% Cast Speed","+170 Max Angle
+[4-8] Projectile Count
+200 Interval Angle","Gain Continuous Shock Link Rune Effect
+[41-51] Shock Rate
+[21-25]% Shock Effect
Cannot link Continuous Shock Link Rune","+[50-80] Bind Rate
+[40-50]% Lightning DMG"
,Toxic Flame,Fires a piercing toxic flame that deals Poison DoT. Is not affected by Projectile DMG,"Spell, DoT, Poison, ProjectileCannot Split, Cannot Chain","Mana Cost 8
Triggers Immediately
Poison Element
Flame Count 3
Projectile Speed 2000
Pierce Count 1
Poison DoT for 6 s to enemies on hit
Poison DoT 80%
Poison DoT +10
Max Stacks 5
(Magic Effect) +20% DoT
(Rare Effect) +2 Projectile Count
(Rare Effect) +60% DoT
(Legendary Effect) +2 Projectile Count
(Legendary Effect) +100% DoT","Mana Cost 31.8
Triggers Immediately
Poison Element
Flame Count 7
Projectile Speed 2000
Pierce Count 1
Poison DoT for 6 s to enemies on hit
Poison DoT 345%
Poison DoT +822
Max Stacks 5
(Magic Effect) +20% DoT
(Rare Effect) +2 Projectile Count
(Rare Effect) +60% DoT
(Legendary Effect) +2 Projectile Count
(Legendary Effect) +100% DoT","Gain Quick Cast Link Rune Effect
+[27-31]% Cast Speed
Cannot link Quick Cast Link Rune",[10-15]% DoT Amplification,"+[2-4] Projectile Count
+[20-30]% DoT
+200 Max Angle
+30 Interval Angle
Cannot link Parallel Multishot Link Rune"
,Sacred Light,"Deal DMG with the highest Elemental damage in front while Channeling. Gain Maintain Position Effect on hit, effect decays upon moving.","Spell, Melee, Area of Effect, Channel, Strike, Cold, Poison, Lightning, Fire","Mana Cost 5
Triggers Immediately
Highest Element DMG
20% Base Speed Amplification
Area of Effect 1000
Highest Element DMG 140%
Highest Element DMG +80
Gain Maintain Position for 7 s on hit
Max Maintain Position Stacks 30
1.5% DMG Amplification per Maintain Position stack
+1% Element Penetration of highest Element at Max Maintain Position stacks
Remove 1 stack of Maintain Position every 0.2 s while moving
Remove 3 stacks of Maintain Position upon using Movement Skill
-5% Elemental Particle Creation Chance of all skills with skill equipped
(Applied to Zodiac Pirate node Elementalist Zodiac.)
(Magic Effect) +100 Area of Effect
(Rare Effect) +50% Area DMG
(Rare Effect) +100 Area of Effect
(Legendary Effect) +110% Area DMG
(Legendary Effect) +100 Area of Effect","Mana Cost 22
Triggers Immediately
Highest Element DMG
20% Base Speed Amplification
Area of Effect 1000
Highest Element DMG 470%
Highest Element DMG +1057
Gain Maintain Position for 7 s on hit
Max Maintain Position Stacks 30
1.5% DMG Amplification per Maintain Position stack
+1% Element Penetration of highest Element at Max Maintain Position stacks
Remove 1 stack of Maintain Position every 0.2 s while moving
Remove 3 stacks of Maintain Position upon using Movement Skill
-5% Elemental Particle Creation Chance of all skills with skill equipped
(Applied to Zodiac Pirate node Elementalist Zodiac.)
(Magic Effect) +100 Area of Effect
(Rare Effect) +50% Area DMG
(Rare Effect) +100 Area of Effect
(Legendary Effect) +110% Area DMG
(Legendary Effect) +100 Area of Effect","[40-52.5]% DMG Amplification
+[25-30]% Highest Element Penetration
-25 Max Maintain Position Stacks","+[70.8-87]% Melee DMG
100% chance to gain Regeneration for 3 s on hit
Regeneration effect
(1% Max HP Regen/Sec, 0.4% Max Mana Regen/Sec)","40% Strike DMG Multiplier Dampening
[270-320]% Additional Skill DMG Amplification"
,Combo,Swings weapon to attack the enemy twice. Deals DMG even faster from Frenzy effect on hit,"Attack, Melee, Weapon Range, Strike, Physical, Shadow","Mana Cost 3
Triggers Immediately
Physical Element
No equipped weapon range
Physical DMG 173%
Physical DMG +48
10% Attack Speed Amplification
+5% Maximization Chance
Gain Swift Attack for 12 s on hit
+5% Attack Speed per Swift Attack stack
Max Swift Attack Stacks 5
40% chance to gain Frenzy effect on hit at Max Swift Attack stacks
Max Frenzy Stacks 5
Frenzy Duration 5 s
5% Attack Speed Amplification per Frenzy stack
+16% Weapon Range per Frenzy stack
+4 HP per Frenzy stack on hit
Add 5 s to duration on Frenzy stack
(Magic Effect) +15% Frenzy Effect
(Magic Effect) 5% DMG Amplification against Bleeding enemies
(Rare Effect) +30% Frenzy Effect
(Rare Effect) 15% DMG Amplification against Bleeding enemies
(Legendary Effect) +50% Frenzy Effect
(Legendary Effect) 25% DMG Amplification against Bleeding enemies","Mana Cost 12.5
Triggers Immediately
Physical Element
No equipped weapon range
Physical DMG 454%
Physical DMG +1158
10% Attack Speed Amplification
+5% Maximization Chance
Gain Swift Attack for 12 s on hit
+5% Attack Speed per Swift Attack stack
Max Swift Attack Stacks 5
40% chance to gain Frenzy effect on hit at Max Swift Attack stacks
Max Frenzy Stacks 5
Frenzy Duration 5 s
5% Attack Speed Amplification per Frenzy stack
+16% Weapon Range per Frenzy stack
+4 HP per Frenzy stack on hit
Add 5 s to duration on Frenzy stack
(Magic Effect) +15% Frenzy Effect
(Magic Effect) 5% DMG Amplification against Bleeding enemies
(Rare Effect) +30% Frenzy Effect
(Rare Effect) 15% DMG Amplification against Bleeding enemies
(Legendary Effect) +50% Frenzy Effect
(Legendary Effect) 25% DMG Amplification against Bleeding enemies","+[5-15]% Weapon Range
Attack Radius 30º Increase
3% Movement Speed Amplification per Frenzy stack",[20-25]% DMG Amplification against Elites,"Gain Quick Attack Link Rune Effect
+[34.2-40.1]% Attack Speed
Cannot link Quick Attack Link Rune"
,Illusion Axe,Summons Illusion Axes that circle around the caster to deal damage to the enemy,"Attack, Melee, Area of Effect, Strike, Physical, Toggle, Toggle DMG","20% Resource Cost Amplification
Cooldown 3 s
Physical Element
Illusion Axe strikes once for 0.4 s
Area of Effect 150
Physical DMG 200%
Physical DMG +40
(Magic Effect) +25% Area of Effect
(Rare Effect) +50% Area of Effect
(Legendary Effect) +100% Area of Effect","20% Resource Cost Amplification
Cooldown 3 s
Physical Element
Illusion Axe strikes once for 0.4 s
Area of Effect 150
Physical DMG 500%
Physical DMG +224
(Magic Effect) +25% Area of Effect
(Rare Effect) +50% Area of Effect
(Legendary Effect) +100% Area of Effect",[10-15]% chance to gain Earth Energy on hit,"+[30-60] Status Effect Rate
[20-25]% DMG Amplification","+[25-50] Area of Effect
[20-25]% DMG Amplification"
,Lightning Strike,Calls down lightning in front and around the lightning to deal damage to enemies.,"Attack, Melee, Area of Effect, Strike, Lightning, ProjectileCannot use Parallel Shot, Cannot Pierce, Cannot Split, Cannot Chain","Mana Cost 3
Triggers Immediately
Lightning Element
Front Lightning Count 1
Front Lightning Explosion Range 150
+10 Front Lightning DMG
Front Lightning DMG 300% Nearby Lightning Count 4
Nearby Lightning Explosion Range 120
Nearby Lightning DMG +10
Nearby Lightning DMG 90% Nearby Lightning Shock Chance +8%
15% DMG Dampening when hitting the same target repeatedly
+50% DMG against Shocked enemies
(Magic Effect) +5% Shock Chance
(Magic Effect) 10% DMG Amplification against Shocked enemies
(Rare Effect) +8% Shock Chance
(Rare Effect) 20% DMG Amplification against Shocked enemies
(Rare Effect) +50 Explosion Range
(Legendary Effect) +10% Shock Chance
(Legendary Effect) 30% DMG Amplification against Shocked enemies
(Legendary Effect) +50 Explosion Range
(Legendary Effect) +1 Projectile Count","Mana Cost 12.5
Triggers Immediately
Lightning Element
Front Lightning Count 1
Front Lightning Explosion Range 150
+366 Front Lightning DMG
Front Lightning DMG 985% Nearby Lightning Count 4
Nearby Lightning Explosion Range 120
Nearby Lightning DMG +457
Nearby Lightning DMG 159% Nearby Lightning Shock Chance +8%
15% DMG Dampening when hitting the same target repeatedly
+50% DMG against Shocked enemies
(Magic Effect) +5% Shock Chance
(Magic Effect) 10% DMG Amplification against Shocked enemies
(Rare Effect) +8% Shock Chance
(Rare Effect) 20% DMG Amplification against Shocked enemies
(Rare Effect) +50 Explosion Range
(Legendary Effect) +10% Shock Chance
(Legendary Effect) 30% DMG Amplification against Shocked enemies
(Legendary Effect) +50 Explosion Range
(Legendary Effect) +1 Projectile Count","-70 Projectile Creation Range
+[5-20]% Projectile DMG","+[150-200] Projectile Creation Range
+2 Projectile Count
10% Area of Effect Dampening
+[120-140]% DMG against Normal enemies","+[5-15] Shock Rate
Cast Huge Lightning at 10 Lightning Status Effect stacks on the enemy
Huge Lightning Range 150
Lightning DMG 450%
Lightning DMG +236
Huge Lightning Critical Rate +150%"
,Explosive Slash,"Applies Debuff effect on hit. Reaching the max Debuff stacks or the end of Debuff duration causes an explosion that deals damage to nearby enemies.
Killing the enemy with Slash DMG causes an additional explosion.","Attack, Melee, Weapon Range, Strike, Fire, Shadow","Mana Cost 3
Triggers Immediately
Fire Element
5% Base Speed Dampening
+20% Weapon Range
No equipped weapon range
Fire DMG +11
Fire DMG 260%
No equipped weapon range
Fire Explosion Fire DMG 242%
Fire Explosion Fire DMG +11
Fire Explosion Debuff Stacks 2
Fire Explosion Debuff Stacks on hit +1
Fire Explosion Debuff Stacks on hitting a boss +1
Duration 2 s
75% Strike DMG Multiplier Amplification per stack
(Magic Effect) 5% Fire DMG Amplification
(Rare Effect) 10% Fire DMG Amplification
(Rare Effect) +15% Fire Penetration
(Legendary Effect) 20% Fire DMG Amplification
(Legendary Effect) +30% Fire Penetration","Mana Cost 12.5
Triggers Immediately
Fire Element
5% Base Speed Dampening
+20% Weapon Range
No equipped weapon range
Fire DMG +129
Fire DMG 910%
No equipped weapon range
Fire Explosion Fire DMG 648%
Fire Explosion Fire DMG +219
Fire Explosion Debuff Stacks 2
Fire Explosion Debuff Stacks on hit +1
Fire Explosion Debuff Stacks on hitting a boss +1
Duration 2 s
75% Strike DMG Multiplier Amplification per stack
(Magic Effect) 5% Fire DMG Amplification
(Rare Effect) 10% Fire DMG Amplification
(Rare Effect) +15% Fire Penetration
(Legendary Effect) 20% Fire DMG Amplification
(Legendary Effect) +30% Fire Penetration","Gain Savagery Link Rune Effect
+80 Weapon Range
[11.4-14]% Melee DMG Amplification
Cannot link Savagery Link Rune","20% Weapon Range Dampening
[15-25]% Fire DMG Amplification","[7-12]% Attack Speed Amplification
+[15-30]% Element Penetration"
,Earth Blow,"Strikes the ground to deal DMG to the enemy Gain Maintain Position Effect on hit, effect decays upon moving","Attack, Melee, Area of Effect, Strike, Physical, Blow, Shadow","Mana Cost 3
Triggers Immediately
Physical Element
Area of Effect 340
Physical DMG 309%
Physical DMG +5
+10% Critical Chance
+20% Attack Critical DMG
+10% Stun Chance
Gain Maintain Position for 15 s on hit
Max Stacks 20
+3% Critical Chance per 5 Maintain Position stack(s)
+3% Attack Critical DMG per Maintain Position Stack
+0.5% Area of Effect per Maintain Position stack
Remove 1 stack of Maintain Position every 1 s while moving
Maintain Position is not removed on Movement and on Movement Skill use for 1 s on hit
(Magic Effect) +10% Maintain Position effect
(Magic Effect) 5% DMG Amplification against Stunned enemies
(Rare Effect) +20% Maintain Position effect
(Rare Effect) +20% Attack Critical DMG
(Rare Effect) 15% DMG Amplification against Stunned enemies
(Legendary Effect) +40% Maintain Position effect
(Legendary Effect) +30% Attack Critical DMG
(Legendary Effect) 10% DMG Amplification
(Legendary Effect) 25% DMG Amplification against Stunned enemies","Mana Cost 12.5
Triggers Immediately
Physical Element
Area of Effect 340
Physical DMG 933%
Physical DMG +239
+10% Critical Chance
+20% Attack Critical DMG
+10% Stun Chance
Gain Maintain Position for 15 s on hit
Max Stacks 20
+3% Critical Chance per 5 Maintain Position stack(s)
+3% Attack Critical DMG per Maintain Position Stack
+0.5% Area of Effect per Maintain Position stack
Remove 1 stack of Maintain Position every 1 s while moving
Maintain Position is not removed on Movement and on Movement Skill use for 1 s on hit
(Magic Effect) +10% Maintain Position effect
(Magic Effect) 5% DMG Amplification against Stunned enemies
(Rare Effect) +20% Maintain Position effect
(Rare Effect) +20% Attack Critical DMG
(Rare Effect) 15% DMG Amplification against Stunned enemies
(Legendary Effect) +40% Maintain Position effect
(Legendary Effect) +30% Attack Critical DMG
(Legendary Effect) 10% DMG Amplification
(Legendary Effect) 25% DMG Amplification against Stunned enemies",[10-15]% DMG Amplification against Elites,"[5-10]% Melee DMG Amplification
+1% Attack Critical DMG per Maintain Position Stack",[10-15]% Resource Cost Dampening
,Summon Javelin Abyssling,"Javelin Abyssling has the Attack, Strike, Physical, Projectile tags.
Summons an Abyssling that throws javelins to deal Physical DMG.
Has a maintenance cost upon summoning","Spell, Minion, AbysslingCannot use Parallel Shot","Mana Cost 22
Cooldown 3 s
Physical Element
Summon Level 1
Summon Count 1
Max Summon Count 2
Summon Duration 30 s
Projectile Count 2
Projectile Speed 1800
Basic Attack DMG 60%
+1 Minion Critical Rate
+0.5% Abyssling HP
30% DMG Dampening when hitting the same target repeatedly
(Magic Effect) +30% Abyssling HP
(Magic Effect) +10% Abyssling Attack Speed
(Rare Effect) +50% Abyssling HP
(Rare Effect) +10% Abyssling Attack Speed
(Rare Effect) +100% Abyssling DMG
(Legendary Effect) +80% Abyssling HP
(Legendary Effect) +18% Abyssling Attack Speed
(Legendary Effect) +150% Abyssling DMG","Mana Cost 90
Cooldown 3 s
Physical Element
Summon Level 110
Summon Count 1
Max Summon Count 2
Summon Duration 74 s
Projectile Count 2
Projectile Speed 1800
Basic Attack DMG 93%
+19 Minion Critical Rate
+56.8% Abyssling HP
30% DMG Dampening when hitting the same target repeatedly
(Magic Effect) +30% Abyssling HP
(Magic Effect) +10% Abyssling Attack Speed
(Rare Effect) +50% Abyssling HP
(Rare Effect) +10% Abyssling Attack Speed
(Rare Effect) +100% Abyssling DMG
(Legendary Effect) +80% Abyssling HP
(Legendary Effect) +18% Abyssling Attack Speed
(Legendary Effect) +150% Abyssling DMG","Amplifies Minion Max HP by [8-15]%
+[30-50]% Skill Rune Cooldown Recovery Speed","+[50-60]% Abyssling DMG
+[25-30]% Abyssling Projectile Speed","+[25-30]% Abyssling Armor Penetration
+[40-52]% Abyssling DMG"
,Unite Crowd (Enrage),Changes your Minion's active stance every time this skill is used.,"Spell, Attack Enhance, Defense Enhance, Toggle, Toggle Effect","15% Resource Cost Amplification
Cooldown 2 s
Effect Range 1000
Unite Crowd Effect
+46% Armor
+11 Element Resist
Enrage Crowd Effect
+7.5% Attack Speed
+7.5% Cast Speed
+25% Critical Rate
(Magic Effect) +5% Unite Crowd Unite Effect
(Magic Effect) +5% Unite Crowd Enrage Effect
(Rare Effect) +10% Unite Crowd Unite Effect
(Rare Effect) +10% Unite Crowd Enrage Effect
(Legendary Effect) +15% Unite Crowd Unite Effect
(Legendary Effect) +15% Unite Crowd Enrage Effect","15% Resource Cost Amplification
Cooldown 2 s
Effect Range 1000
Unite Crowd Effect
+90% Armor
+33 Element Resist
Enrage Crowd Effect
+29.5% Attack Speed
+29.5% Cast Speed
+69% Critical Rate
(Magic Effect) +5% Unite Crowd Unite Effect
(Magic Effect) +5% Unite Crowd Enrage Effect
(Rare Effect) +10% Unite Crowd Unite Effect
(Rare Effect) +10% Unite Crowd Enrage Effect
(Legendary Effect) +15% Unite Crowd Unite Effect
(Legendary Effect) +15% Unite Crowd Enrage Effect",[10-15]% Minion Movement Speed increase during Unite effect,+[15-30]% Skill Rune Effect,"[10-20]% Caster Movement Speed Increase upon activating Enrage Crowd
+[50-70]% Caster Armor upon activating Unite Crowd"
,Summon Bursting Rune Knight,"Bursting Rune Knight has the Spell, Strike, Area of Effect, Fire, Melee tags.
Summons a Rune Knight of Fire that periodically breathes Fire and enhances nearby Abysslings.
The Rune Knight periodically absorbs an Abyssling during Melody High Tone and additional fusion occurs when an Abyssling of an identical element is absorbed.
An Abyss Knight is summoned upon fusing 3 times.
Has a maintenance cost upon summoning","Spell, Minion, Rune Knight","Mana Cost 50
Cooldown 40 s
Fire Element
Summon Level 1
Summon Count 1
Max Summon Count 1
Basic Attack DMG 85% (Spell, Melee, Fire, Strike, Area of Effect)
Earth Blow DMG 160% (Spell, Melee, Fire, Strike, Area of Effect)
Flamethrower DMG 65% (Spell, Melee, Fire, Strike, Area of Effect)
+0.5% Rune Knight HP
Periodically grants Knight's Authority to Abyssling
+25.2% Abyssling DMG
(Magic Effect) +30% Rune Knight HP
(Magic Effect) +50% Rune Knight DMG
(Rare Effect) +75% Rune Knight HP
(Rare Effect) +100% Rune Knight DMG
(Legendary Effect) +125% Rune Knight HP
(Legendary Effect) +150% Rune Knight DMG","Mana Cost 152
Cooldown 40 s
Fire Element
Summon Level 110
Summon Count 1
Max Summon Count 1
Basic Attack DMG 139% (Spell, Melee, Fire, Strike, Area of Effect)
Earth Blow DMG 269% (Spell, Melee, Fire, Strike, Area of Effect)
Flamethrower DMG 119% (Spell, Melee, Fire, Strike, Area of Effect)
+56.8% Rune Knight HP
Periodically grants Knight's Authority to Abyssling
+69.2% Abyssling DMG
(Magic Effect) +30% Rune Knight HP
(Magic Effect) +50% Rune Knight DMG
(Rare Effect) +75% Rune Knight HP
(Rare Effect) +100% Rune Knight DMG
(Legendary Effect) +125% Rune Knight HP
(Legendary Effect) +150% Rune Knight DMG","+[25-50]% Minion Area of Effect
+[50-80]% Rune Knight DMG
Enlargement",+[30-50]% Rune Knight's Authority Effect,"25% Minion DMG Dampening
[16.4-19]% DMG Taken by Minions Decrease
Add +[20-30]% Minion Armor effect to Knight's Authority"
,Summon Wrathful Rune Knight,"Wrathful Rune Knight has the Attack, Strike, Area of Effect, Physical, Melee tags.
Summons a Rune Knight that periodically enhances nearby Abysslings and its own Attack Speed to deal Physical DMG.
The Rune Knight periodically absorbs an Abyssling during Melody High Tone and additional fusion occurs when an Abyssling of an identical element is absorbed.
An Abyss Knight is summoned upon fusing 3 times.
Has a maintenance cost upon summoning","Spell, Minion, Rune Knight","Mana Cost 50
Cooldown 40 s
Physical Element
Summon Level 1
Summon Count 1
Max Summon Count 1
Basic Attack DMG 85% (Attack, Melee, Physical, Strike, Area of Effect)
Earth Blow DMG 160% (Attack, Melee, Physical, Strike, Area of Effect)
+0.5% Rune Knight HP
Rune Knight casts Enrage periodically
+42% Attack Speed
21% DMG Amplification
Periodically grants Knight's Authority to Abyssling
+13.2% Abyssling Element Resist
(Magic Effect) +30% Rune Knight HP
(Magic Effect) +50% Rune Knight DMG
(Rare Effect) +75% Rune Knight HP
(Rare Effect) +100% Rune Knight DMG
(Legendary Effect) +125% Rune Knight HP
(Legendary Effect) +150% Rune Knight DMG","Mana Cost 152
Cooldown 40 s
Physical Element
Summon Level 110
Summon Count 1
Max Summon Count 1
Basic Attack DMG 139% (Attack, Melee, Physical, Strike, Area of Effect)
Earth Blow DMG 269% (Attack, Melee, Physical, Strike, Area of Effect)
+56.8% Rune Knight HP
Rune Knight casts Enrage periodically
+130% Attack Speed
65% DMG Amplification
Periodically grants Knight's Authority to Abyssling
+57.2% Abyssling Element Resist
(Magic Effect) +30% Rune Knight HP
(Magic Effect) +50% Rune Knight DMG
(Rare Effect) +75% Rune Knight HP
(Rare Effect) +100% Rune Knight DMG
(Legendary Effect) +125% Rune Knight HP
(Legendary Effect) +150% Rune Knight DMG","+[25-50]% Minion Area of Effect
+[50-80]% Rune Knight DMG
Enlargement",+[30-50]% Rune Knight's Authority Effect,"+[90.9-113]% DMG against Elites
Add [2-4]% Minion DMG Amplification against Elites effect to Knight's Authority"
,Sacred Devotion,"Decreases the caster's Armor and all Element Resist while channeling, but increases Minion DMG","Spell, Channel","Mana Cost 10.5
Triggers Immediately
Max Stacks 3
5% Minion DMG Amplification per stack
10% Caster Armor Dampening per stack
10% Caster Element Resist Dampening per stack
(Magic Effect) +7% Sacred Devotion Minion Effect
(Rare Effect) +10% Sacred Devotion Minion Effect
(Rare Effect) -10% Sacred Devotion Caster Effect
(Legendary Effect) +1 Max Stage
(Legendary Effect) +20% Sacred Devotion Minion Effect
(Legendary Effect) -20% Sacred Devotion Caster Effect","Mana Cost 27.5
Triggers Immediately
Max Stacks 3
13.8% Minion DMG Amplification per stack
10% Caster Armor Dampening per stack
10% Caster Element Resist Dampening per stack
(Magic Effect) +7% Sacred Devotion Minion Effect
(Rare Effect) +10% Sacred Devotion Minion Effect
(Rare Effect) -10% Sacred Devotion Caster Effect
(Legendary Effect) +1 Max Stage
(Legendary Effect) +20% Sacred Devotion Minion Effect
(Legendary Effect) -20% Sacred Devotion Caster Effect","+2 Max Sacred Devotion Stacks
+[3-6]% Sacred Devotion Minion Effect","[10-20]% Resource Cost Dampening
Gain Regeneration while channeling
( 1% Max HP Regen/Sec, 0.4% Max Mana Regen/Sec )",[10-15]% DMG Taken Dampening while Channeling
,Cold Armor,Forms an ice barrier that inflicts Cold DMG and causes Chill to attackers when hit by a melee attack,"Spell, Strike, Cold, Toggle, Toggle DMG, Toggle Effect","15% Resource Cost Amplification
Cooldown 2 s
Cold Element
Trigger Chance 90%
+10% Barrier
Cold DMG 25%
Cold DMG +40
+33% Chill Chance
(Magic Effect) +10% Cold Armor Effect
(Rare Effect) +20% Cold Armor Effect
(Legendary Effect) +35% Cold Armor Effect","15% Resource Cost Amplification
Cooldown 2 s
Cold Element
Trigger Chance 90%
+32% Barrier
Cold DMG 111%
Cold DMG +363
+33% Chill Chance
(Magic Effect) +10% Cold Armor Effect
(Rare Effect) +20% Cold Armor Effect
(Legendary Effect) +35% Cold Armor Effect",+[70-100]% Cold Armor Effect,[10-15]% Cold DMG Taken Dampening,"+[10-15]% Chill Dodge Chance
+[10-15]% Freeze Dodge Chance"
,Piercing Arrow,Fires an arrow that pierces targets to inflict damage,"Attack, Strike, Physical, Projectile, Bow, Overheat, ShadowCannot Split, Cannot Chain","Mana Cost 3
Triggers Immediately
40 Overheat Accumulation
Physical Element
Arrows: 5
Projectile Speed 3000
Pierce Count 2
Physical DMG 200%
Physical DMG +90
+60% Bleed Chance
50% Bleed DMG Amplification
(Magic Effect) +10% Bleed Chance
(Magic Effect) +50% Bleed DMG
(Rare Effect) +15% Bleed Chance
(Rare Effect) +100% Bleed DMG
(Rare Effect) 15% DMG Amplification against Bleeding enemies
(Legendary Effect) +20% Bleed Chance
(Legendary Effect) +150% Bleed DMG
(Legendary Effect) 30% DMG Amplification against Bleeding enemies","Mana Cost 19.5
Triggers Immediately
40 Overheat Accumulation
Physical Element
Arrows: 5
Projectile Speed 3000
Pierce Count 2
Physical DMG 396%
Physical DMG +1024
+60% Bleed Chance
50% Bleed DMG Amplification
(Magic Effect) +10% Bleed Chance
(Magic Effect) +50% Bleed DMG
(Rare Effect) +15% Bleed Chance
(Rare Effect) +100% Bleed DMG
(Rare Effect) 15% DMG Amplification against Bleeding enemies
(Legendary Effect) +20% Bleed Chance
(Legendary Effect) +150% Bleed DMG
(Legendary Effect) 30% DMG Amplification against Bleeding enemies","+[30-50]% Strike DMG
[3-5]% DMG Amplification against Elites
6% Projectile DMG Amplification per 1 Pierce(s)","+2 Projectile Count
2 Projectile Curve
[1-5]% DMG Amplification when distance from enemy is 600 or more","Gain Preemptive Strike Link Rune Effect
[25.7-30]% DMG Amplification against enemies at Full HP
+[15-30] Bleed Rate
+[15-30]% DMG Multiplier against Bleeding enemies
Cannot link Preemptive Strike Link Rune"
,Rain of Arrows,Temporarily calls down a Rain of Arrows to deal DMG to enemies. Rain of Arrows duration is affected by Attack Speed,"Attack, Area of Effect, Strike, Physical, Projectile, BowCannot use Parallel Shot, Cannot Split, Cannot Chain","Mana Cost 15
Cooldown 25 s
Physical Element
+1 Max Use Count
Projectile Count 20
Explosion Range 150
Physical DMG 183%
Physical DMG +40
5% DMG Dampening when hitting the same target repeatedly
80% chance to inflict Disturb effect on hit
Applied as Vulnerable effect
Disturb Duration 1 s
15% Movement Speed Dampening
15% Attack Speed Dampening
15% Cast Speed Dampening
(Magic Effect) +1 Projectile Count
(Rare Effect) +2 Projectile Count
(Rare Effect) +10 Explosion Range
(Legendary Effect) +3 Projectile Count
(Legendary Effect) +30 Explosion Range","Mana Cost 100
Cooldown 25 s
Physical Element
+1 Max Use Count
Projectile Count 20
Explosion Range 150
Physical DMG 460%
Physical DMG +283
5% DMG Dampening when hitting the same target repeatedly
80% chance to inflict Disturb effect on hit
Applied as Vulnerable effect
Disturb Duration 1 s
15% Movement Speed Dampening
15% Attack Speed Dampening
15% Cast Speed Dampening
(Magic Effect) +1 Projectile Count
(Rare Effect) +2 Projectile Count
(Rare Effect) +10 Explosion Range
(Legendary Effect) +3 Projectile Count
(Legendary Effect) +30 Explosion Range","+[1-2] Max Use Count
+[15-30]% Skill Rune Cooldown Recovery Speed","+10 Projectile Count
[10-15]% Projectile DMG Dampening","Gain Area Effect Link Rune Effect
-[40-30]% Projectile Duration
+[42-50]% Area of Effect
+[46-61]% Area DMG
Cannot link Area Effect Link Rune"
,Burn Arrow,Shoots a Fire arrow that causes Burn and inflicts damage on the enemy,"Attack, Strike, Fire, Projectile, Bow, Overheat, ShadowCannot Split","Mana Cost 4
Triggers Immediately
40 Overheat Accumulation
Fire Element
5% Base Speed Amplification
Arrows: 3
Projectile Speed 3000
Fire DMG 139%
Fire DMG +35
+75% Burn Chance
40% Burn DMG Amplification
Gains High Fever Effect upon inflicting Burn
Max Stacks 30
+6% DoT per stack
+6% Burn DMG Multiplier on Critical Hit
-1 High Fever stacks every 1 s without hitting within 2 s after hit
(Magic Effect) +10% Burn Chance
(Magic Effect) 5% Burn DMG Amplification
(Rare Effect) +15% Burn Chance
(Rare Effect) 20% Burn DMG Amplification
(Legendary Effect) +20% Burn Chance
(Legendary Effect) 30% Burn DMG Amplification
(Legendary Effect) +150% DMG against Burning enemies
(Legendary Effect) +20% High Fever Effect","Mana Cost 17.6
Triggers Immediately
40 Overheat Accumulation
Fire Element
5% Base Speed Amplification
Arrows: 3
Projectile Speed 3000
Fire DMG 740%
Fire DMG +506
+75% Burn Chance
40% Burn DMG Amplification
Gains High Fever Effect upon inflicting Burn
Max Stacks 30
+6% DoT per stack
+6% Burn DMG Multiplier on Critical Hit
-1 High Fever stacks every 1 s without hitting within 2 s after hit
(Magic Effect) +10% Burn Chance
(Magic Effect) 5% Burn DMG Amplification
(Rare Effect) +15% Burn Chance
(Rare Effect) 20% Burn DMG Amplification
(Legendary Effect) +20% Burn Chance
(Legendary Effect) 30% Burn DMG Amplification
(Legendary Effect) +150% DMG against Burning enemies
(Legendary Effect) +20% High Fever Effect","Gain Multishot Link Rune Effect
+4 Projectile Count
[1-3]% Projectile DMG Amplification
Cannot link Multishot Link Rune","[10-15]% Fire DMG Amplification
+1 Chain Count
1 Projectile Curve
Pierce All on Projectile Curve","60% Strike DMG Multiplier Dampening
[350-400]% Additional Skill DMG Amplification"
,Cross Lightning Arrow,Fires an arrow that explodes in a cross shape to inflict damage on the enemy,"Attack, Area of Effect, Strike, Lightning, Projectile, Bow, Overheat, ShadowCannot Split, Cannot Chain","Mana Cost 4
Triggers Immediately
40 Overheat Accumulation
Lightning Element
Lightning DMG +29
+15% Critical Chance
Arrows: 3
Projectile Speed 4500
Pierces All
Lightning DMG 250%
60% chance to Unleash Lightning upon every Critical Hit
Area of Effect 320
Lightning DMG 280%
(Magic Effect) +40% Attack Critical Rate
(Magic Effect) +30% Attack Critical DMG
(Rare Effect) +80% Attack Critical Rate
(Rare Effect) +50% Attack Critical DMG
(Rare Effect) +100% DMG against Shocked enemies
(Legendary Effect) +120% Attack Critical Rate
(Legendary Effect) +100% Attack Critical DMG
(Legendary Effect) +150% DMG against Shocked enemies","Mana Cost 17.6
Triggers Immediately
40 Overheat Accumulation
Lightning Element
Lightning DMG +406
+15% Critical Chance
Arrows: 3
Projectile Speed 4500
Pierces All
Lightning DMG 582%
60% chance to Unleash Lightning upon every Critical Hit
Area of Effect 320
Lightning DMG 755%
(Magic Effect) +40% Attack Critical Rate
(Magic Effect) +30% Attack Critical DMG
(Rare Effect) +80% Attack Critical Rate
(Rare Effect) +50% Attack Critical DMG
(Rare Effect) +100% DMG against Shocked enemies
(Legendary Effect) +120% Attack Critical Rate
(Legendary Effect) +100% Attack Critical DMG
(Legendary Effect) +150% DMG against Shocked enemies","Gain Lightning Penetration Link Rune Effect
+[17-20] Lightning Penetration
+[40-52]% Lightning DMG
Cannot link Lightning Penetration Link Rune","Gain Find Weakness Link Rune Effect
+[117-155]% Critical Rate
+6 Critical Rate
Cannot link Find Weakness Link Rune","70% chance to Unleash Lightning upon every Critical Hit
+[25-50]% Control Current Effect
20% chance to gain Control Current for 5 s on hit
(+40% Critical DMG against enemies affected by Lightning)"
,Dagger Throw,Throws a dagger to damage the enemy. Inflicts additional damage by bouncing off surrounding enemies on hit,"Attack, Strike, Poison, ProjectileCannot use Parallel Shot","Mana Cost 3
Triggers Immediately
Poison Element
Projectile Count 1
Projectile Speed 2600
Cannot Pierce
Max Chain Count 2
Poison DMG 330%
Poison DMG +3
+60% Venom Chance
50% Venom DMG Amplification
1 Projectile Curve
(Magic Effect) 10% Poison DMG Amplification
(Magic Effect) +50% DMG against enemies affected by Venom
(Rare Effect) 20% Poison DMG Amplification
(Rare Effect) +100% DMG against enemies affected by Venom
(Rare Effect) +10% Poison Penetration
(Legendary Effect) 30% Poison DMG Amplification
(Legendary Effect) +150% DMG against enemies affected by Venom
(Legendary Effect) +25% Poison Penetration
(Legendary Effect) +1 Chain Count","Mana Cost 18.7
Triggers Immediately
Poison Element
Projectile Count 1
Projectile Speed 2600
Cannot Pierce
Max Chain Count 2
Poison DMG 757%
Poison DMG +230
+60% Venom Chance
50% Venom DMG Amplification
1 Projectile Curve
(Magic Effect) 10% Poison DMG Amplification
(Magic Effect) +50% DMG against enemies affected by Venom
(Rare Effect) 20% Poison DMG Amplification
(Rare Effect) +100% DMG against enemies affected by Venom
(Rare Effect) +10% Poison Penetration
(Legendary Effect) 30% Poison DMG Amplification
(Legendary Effect) +150% DMG against enemies affected by Venom
(Legendary Effect) +25% Poison Penetration
(Legendary Effect) +1 Chain Count","+1 Chain Count
+[25-50]% Projectile DMG","Gain Additional Poison DMG Link Rune Effect
+[68-80]-[123-147] Poison DMG
Cannot link Additional Poison DMG Link Rune","+[50-80]% DMG against enemies affected by Poison Status Effect
+2 Projectile Count"
,Roll,Rolls a short distance forward,"Attack, Duration, Movement","Mana Cost 3
Cooldown 5 s
+2 Max Use Count
Gain Nimble for 1 s after rolling
10% Movement Speed Increase
5% Dodge Rate Amplification
+6% Dodge Rate
Shares Cooldowns between Movement Skills
(Magic Effect) +30% Nimble Effect
(Rare Effect) +60% Nimble Effect
(Legendary Effect) +100% Nimble Effect","Mana Cost 13.2
Cooldown 5 s
+2 Max Use Count
Gain Nimble for 1 s after rolling
10% Movement Speed Increase
5% Dodge Rate Amplification
+67.2% Dodge Rate
Shares Cooldowns between Movement Skills
(Magic Effect) +30% Nimble Effect
(Rare Effect) +60% Nimble Effect
(Legendary Effect) +100% Nimble Effect","[15-30]% Resource Cost Dampening
+[5-10]% Movement Skill Rune Cooldown Recovery Speed","+[20-40]% Nimble Effect
+[10-20]% Skill Rune Duration","+2 Max Use Count
[5-10]% Skill Rune Cooldown Amplification"
,Lightning Chain,Discharges lightning that chains to deal lightning damage to multiple enemies,"Spell, Strike, Lightning","Mana Cost 6
Triggers Immediately
Lightning Element
Cast Distance 650
Chain Range 400
Chain Count 7
Lightning DMG 250%
Lightning DMG +28
+20% Shock Chance
+50% Spell Critical DMG against Shocked enemies
(Magic Effect) +1 Chain Count
(Magic Effect) 10% DMG Amplification against Shocked enemies
(Magic Effect) Cast Distance +50
(Rare Effect) +2 Chain Count
(Rare Effect) 20% DMG Amplification against Shocked enemies
(Rare Effect) +10% Shock Chance
(Rare Effect) Cast Distance +100
(Legendary Effect) +4 Chain Count
(Legendary Effect) 30% DMG Amplification against Shocked enemies
(Legendary Effect) +20% Shock Chance
(Legendary Effect) Cast Distance +150","Mana Cost 23
Triggers Immediately
Lightning Element
Cast Distance 650
Chain Range 400
Chain Count 7
Lightning DMG 734%
Lightning DMG +582
+20% Shock Chance
+50% Spell Critical DMG against Shocked enemies
(Magic Effect) +1 Chain Count
(Magic Effect) 10% DMG Amplification against Shocked enemies
(Magic Effect) Cast Distance +50
(Rare Effect) +2 Chain Count
(Rare Effect) 20% DMG Amplification against Shocked enemies
(Rare Effect) +10% Shock Chance
(Rare Effect) Cast Distance +100
(Legendary Effect) +4 Chain Count
(Legendary Effect) 30% DMG Amplification against Shocked enemies
(Legendary Effect) +20% Shock Chance
(Legendary Effect) Cast Distance +150","+[15-30] Bind Rate
[5-10]% DMG Amplification against enemies affected by Lightning Status Effect
[3-5]% DMG Amplification against enemies that are not affected by Lightning Status Effect","+[25-50]% Chain Range
3% Lightning DMG Amplification per 1 Chain(s) (Max: 15)","+[25-50]% Chain Range
[2-3]% Lightning DMG Amplification per 1 remaining Chain(s) (Max: 15)"
,Leap Attack,Leaps forward to inflict damage and knock enemies back upon landing,"Attack, Melee, Area of Effect, Strike, Physical, Movement","Mana Cost 4
Cooldown 4 s
Physical Element
+3 Max Use Count
+30% Knockback Chance
+50% Knockback Distance
Area of Effect 200
Physical DMG 402%
Physical DMG +14
Shares Cooldowns between Offensive Movement Skills
(Magic Effect) +20% Knockback Chance
(Magic Effect) +10% Knockback Distance
(Rare Effect) +35% Knockback Chance
(Rare Effect) +20% Knockback Distance
(Rare Effect) +30% Area of Effect
(Legendary Effect) +50% Knockback Chance
(Legendary Effect) +30% Knockback Distance
(Legendary Effect) +60% Area of Effect","Mana Cost 17
Cooldown 3 s
Physical Element
+3 Max Use Count
+30% Knockback Chance
+50% Knockback Distance
Area of Effect 200
Physical DMG 721%
Physical DMG +316
Shares Cooldowns between Offensive Movement Skills
(Magic Effect) +20% Knockback Chance
(Magic Effect) +10% Knockback Distance
(Rare Effect) +35% Knockback Chance
(Rare Effect) +20% Knockback Distance
(Rare Effect) +30% Area of Effect
(Legendary Effect) +50% Knockback Chance
(Legendary Effect) +30% Knockback Distance
(Legendary Effect) +60% Area of Effect","Gain Melee DMG Amplification Link Rune Effect
[24.2-31]% Melee DMG Amplification
Cannot apply Status Effects
Cannot link Melee DMG Amplification Link Rune","+200 Stun Rate against enemies at Full HP
+[10-35] Stun Rate","+2 Max Use Count
[5-10]% Skill Rune Cooldown Amplification"
,Whirlwind,"Spins toward the control direction while Channeling, dealing damage to all enemies in the path","Attack, Melee, Weapon Range, Channel, Strike, Physical","Mana Cost 3
Triggers Immediately
Physical Element
No equipped weapon range
Physical DMG 220%
Physical DMG +62
+10% Weapon Range
30% Trigger Skill DMG Dampening
35% Movement Speed Dampening
(Magic Effect) +30% Weapon Range
(Magic Effect) 30% Movement Speed Dampening
(Magic Effect) +50% Melee DMG
(Rare Effect) +60% Weapon Range
(Rare Effect) 25% Movement Speed Dampening
(Rare Effect) +100% Melee DMG
(Legendary Effect) +90% Weapon Range
(Legendary Effect) 15% Movement Speed Dampening
(Legendary Effect) +200% Melee DMG
(Legendary Effect) 3% Attack Speed Amplification","Mana Cost 16.6
Triggers Immediately
Physical Element
No equipped weapon range
Physical DMG 660%
Physical DMG +563
+10% Weapon Range
30% Trigger Skill DMG Dampening
35% Movement Speed Dampening
(Magic Effect) +30% Weapon Range
(Magic Effect) 30% Movement Speed Dampening
(Magic Effect) +50% Melee DMG
(Rare Effect) +60% Weapon Range
(Rare Effect) 25% Movement Speed Dampening
(Rare Effect) +100% Melee DMG
(Legendary Effect) +90% Weapon Range
(Legendary Effect) 15% Movement Speed Dampening
(Legendary Effect) +200% Melee DMG
(Legendary Effect) 3% Attack Speed Amplification",[15-20]% Resource Cost Dampening,"+[2-12]% Armor Penetration
[10-15]% DMG Taken Dampening while Channeling","+[50-80]% DMG Multiplier
+[10-15]% DMG when Channeling (Max Stacks: 10)"
,Meteor,Brings down a massive meteor to deal damage on enemies in an area,"Spell, Area of Effect, Strike, Fire, ProjectileCannot Multishot, Cannot Pierce, Cannot Split, Cannot Chain","Mana Cost 25
Cooldown 20 s
Fire Element
Meteor Count 1
Explosion Range 320
Fire DMG 540%
Fire DMG +100
+90% Burn Chance
+300% DMG against Burning enemies
+1 Max Use Count
(Magic Effect) +50% Area DMG
(Magic Effect) +30% Area of Effect
(Magic Effect) 5% DMG Amplification against Burning enemies
(Rare Effect) +100% Area DMG
(Rare Effect) +60% Area of Effect
(Rare Effect) +5% Burn Chance
(Rare Effect) 10% DMG Amplification against Burning enemies
(Legendary Effect) +150% Area DMG
(Legendary Effect) +100% Area of Effect
(Legendary Effect) +10% Burn Chance
(Legendary Effect) 10% DMG Amplification against Burning enemies","Mana Cost 93
Cooldown 20 s
Fire Element
Meteor Count 1
Explosion Range 320
Fire DMG 2857%
Fire DMG +949
+90% Burn Chance
+300% DMG against Burning enemies
+1 Max Use Count
(Magic Effect) +50% Area DMG
(Magic Effect) +30% Area of Effect
(Magic Effect) 5% DMG Amplification against Burning enemies
(Rare Effect) +100% Area DMG
(Rare Effect) +60% Area of Effect
(Rare Effect) +5% Burn Chance
(Rare Effect) 10% DMG Amplification against Burning enemies
(Legendary Effect) +150% Area DMG
(Legendary Effect) +100% Area of Effect
(Legendary Effect) +10% Burn Chance
(Legendary Effect) 10% DMG Amplification against Burning enemies",[10-15]% chance to deal double Maximized DMG on hit,"+[10-20]% Fire DMG
15% chance to trigger Meteor on hit","Cannot reuse for 2 s after using Meteor
+[20-30]% Fire Penetration
40% Strike DMG Multiplier Dampening
+100% Burn Chance
+300% DMG against Burning enemies
+1 Max Use Count
Projectile Count 20
Explosion Range 80"
,Poison Rain of Arrows,Fires an arrow into the air to inflict damage on the enemy,"Attack, Area of Effect, Strike, Poison, Projectile, Bow, ShadowCannot use Parallel Shot, Cannot Split, Cannot Chain","Mana Cost 4
Triggers Immediately
Poison Element
Projectile Count 5
Explosion Range 150
Poison DMG 110%
Poison DMG +45
+10% Venom Chance
8% DMG Dampening when hitting the same target repeatedly
(Magic Effect) 10% DMG Amplification against enemies affected by Venom
(Rare Effect) 15% DMG Amplification against enemies affected by Venom
(Legendary Effect) 20% DMG Amplification against enemies affected by Venom","Mana Cost 21
Triggers Immediately
Poison Element
Projectile Count 5
Explosion Range 150
Poison DMG 231%
Poison DMG +513
+10% Venom Chance
8% DMG Dampening when hitting the same target repeatedly
(Magic Effect) 10% DMG Amplification against enemies affected by Venom
(Rare Effect) 15% DMG Amplification against enemies affected by Venom
(Legendary Effect) 20% DMG Amplification against enemies affected by Venom","+[400-600] Hit Rate
+[15-30] Venom Rate
+[25-50]% Venom DMG","Gain Concentrated Area DMG Link Rune Effect
[20.7-25]% Area DMG Amplification
30% Area of Effect Dampening
Cannot link Concentrated Area DMG Link Rune","20% chance to gain Corrosion for 5 s on hit
( Poison DMG +30%, Blind Rate +20 )
+[50-100]% Corrosion Effect"
,Fierce Strike,Summons a hammer to deal Physical damage to multiple enemies. Periodically summons a giant hammer to deal even more damage instead,"Attack, Area of Effect, Strike, Physical, Blow","Mana Cost 5
Triggers Immediately
Physical Element
5% Base Speed Dampening
Physical DMG +7
Area of Effect 250
Physical DMG 385%
+50% Critical DMG when 1-handed weapon is equipped
+50% Critical DMG when Dual Wielding
+100% Critical DMG when 2-handed weapon is equipped
+45 Crowd Control Rate
Can Trigger Ultimate Blow every 2.5 s
Ultimate Blow Range 350
100% Ultimate Blow Strike DMG Multiplier Amplification
+60% Ultimate Blow Attack Critical DMG
+15% Ultimate Blow Critical Chance
(Magic Effect) +20% Area of Effect
(Magic Effect) +25% Area DMG
(Rare Effect) +50% Area of Effect
(Rare Effect) +60% Area DMG
(Rare Effect) 10% Area DMG Amplification
(Legendary Effect) +60% Area of Effect
(Legendary Effect) +100% Area DMG
(Legendary Effect) 30% Area DMG Amplification","Mana Cost 14.5
Triggers Immediately
Physical Element
5% Base Speed Dampening
Physical DMG +227
Area of Effect 250
Physical DMG 1105%
+50% Critical DMG when 1-handed weapon is equipped
+50% Critical DMG when Dual Wielding
+100% Critical DMG when 2-handed weapon is equipped
+45 Crowd Control Rate
Can Trigger Ultimate Blow every 2.5 s
Ultimate Blow Range 350
100% Ultimate Blow Strike DMG Multiplier Amplification
+60% Ultimate Blow Attack Critical DMG
+15% Ultimate Blow Critical Chance
(Magic Effect) +20% Area of Effect
(Magic Effect) +25% Area DMG
(Rare Effect) +50% Area of Effect
(Rare Effect) +60% Area DMG
(Rare Effect) 10% Area DMG Amplification
(Legendary Effect) +60% Area of Effect
(Legendary Effect) +100% Area DMG
(Legendary Effect) 30% Area DMG Amplification","+[30-60]% DMG Multiplier
Increase DMG by 25% of Equipped Weapon Range (Max: 100%)","[2-7]% Melee DMG Amplification
Add Melee tag","Activates Enhanced Ultimate Blow effect for 2 s upon normal strike hit
Enhanced Ultimate Blow DMG +[150-200]%
Change Ultimate Blow Cooldown to 2 s"
,Crescent Slash,Swings weapon in a wide area to deal Physical DMG to multiple enemies,"Attack, Melee, Weapon Range, Strike, Physical, Shadow","Mana Cost 3
Triggers Immediately
Physical Element
No equipped weapon range
Physical DMG 375%
Physical DMG +25
+80% Weapon Range
+20% Critical Chance
+50% Critical DMG when 1-handed weapon is equipped
+100% Critical DMG when 2-handed weapon is equipped
+50% Critical DMG when Dual Wielding
(Magic Effect) +30% Weapon Range
(Magic Effect) +50% Melee DMG
(Magic Effect) 5% Melee DMG Amplification
(Rare Effect) +60% Weapon Range
(Rare Effect) +100% Melee DMG
(Rare Effect) 15% Melee DMG Amplification
(Legendary Effect) +100% Weapon Range
(Legendary Effect) +200% Melee DMG
(Legendary Effect) 25% Melee DMG Amplification","Mana Cost 10.2
Triggers Immediately
Physical Element
No equipped weapon range
Physical DMG 1081%
Physical DMG +365
+80% Weapon Range
+20% Critical Chance
+50% Critical DMG when 1-handed weapon is equipped
+100% Critical DMG when 2-handed weapon is equipped
+50% Critical DMG when Dual Wielding
(Magic Effect) +30% Weapon Range
(Magic Effect) +50% Melee DMG
(Magic Effect) 5% Melee DMG Amplification
(Rare Effect) +60% Weapon Range
(Rare Effect) +100% Melee DMG
(Rare Effect) 15% Melee DMG Amplification
(Legendary Effect) +100% Weapon Range
(Legendary Effect) +200% Melee DMG
(Legendary Effect) 25% Melee DMG Amplification","+[15-30]% Armor Penetration
[5-10]% Attack Speed Amplification","Fixed Attack Speed 2
+[50-65] Weapon Range
[35-40]% Melee DMG Amplification","Gain Find Weakness Link Rune Effect
+[117-155]% Critical Rate
+6 Critical Rate
Cannot link Find Weakness Link Rune"
,Lightning Vortex,Swings weapon to damage multiple enemies and create a vortex. The vortex deals additional damage to nearby enemies,"Attack, Melee, Area of Effect, Strike, Lightning, Shadow","Mana Cost 4
Triggers Immediately
Lightning Element
Area of Effect 700
Cleave Lightning DMG +90
Cleave Lightning DMG 380%
Vortex Range 260
+90 Vortex Lightning DMG
Vortex Lightning DMG 75%
+10% Shock Chance
Inflict Electric Current Storm effect on every Attack Hit
Electric Current Storm Effect
-1 Lightning Resist for 4 s (Max Stacks: 30)
(Magic Effect) +40% Lightning DMG
(Magic Effect) +15% Area of Effect
(Rare Effect) +90% Lightning DMG
(Rare Effect) +25% Area of Effect
(Rare Effect) +10% Lightning Penetration
(Legendary Effect) +150% Lightning DMG
(Legendary Effect) +40% Area of Effect
(Legendary Effect) +15% Lightning Penetration
(Legendary Effect) Vortex Strike Count +1","Mana Cost 13.5
Triggers Immediately
Lightning Element
Area of Effect 700
Cleave Lightning DMG +1024
Cleave Lightning DMG 611%
Vortex Range 260
+505 Vortex Lightning DMG
Vortex Lightning DMG 291%
+10% Shock Chance
Inflict Electric Current Storm effect on every Attack Hit
Electric Current Storm Effect
-1 Lightning Resist for 4 s (Max Stacks: 30)
(Magic Effect) +40% Lightning DMG
(Magic Effect) +15% Area of Effect
(Rare Effect) +90% Lightning DMG
(Rare Effect) +25% Area of Effect
(Rare Effect) +10% Lightning Penetration
(Legendary Effect) +150% Lightning DMG
(Legendary Effect) +40% Area of Effect
(Legendary Effect) +15% Lightning Penetration
(Legendary Effect) Vortex Strike Count +1","+[20-35] Bind Rate
+[10-20] Shock Rate
[10-15]% DMG Amplification against enemies affected by Lightning Status Effect","[5-10]% Area DMG Dampening
Vortex Strike Count +1","[45-50]% Area of Effect Dampening
[5-10]% Area DMG Amplification
2 additional Vortex Strikes from self upon using Skill"
,Fire Storm,"Spin in place to create a Fire Storm, and create a new Fire Storm upon hitting a Burning enemy","Attack, Melee, Area of Effect, Strike, Fire, Shadow","Mana Cost 5
Triggers Immediately
Fire Element
Fire DMG +64
1st Fire Storm
+80% Burn Chance
30% DMG Amplification against Burning enemies
30% chance to trigger 2nd Fire Storm upon hitting a Burning enemy
Area of Effect 350
Fire DMG 122%
2nd Fire Storm
Area of Effect 350
Fire DMG 320%
+30% Burn Chance
5% DMG Amplification against Burning enemies
(Legendary Effect) 30% Area DMG Amplification
(Legendary Effect) +20% Burn Chance","Mana Cost 14.5
Triggers Immediately
Fire Element
Fire DMG +1120
1st Fire Storm
+80% Burn Chance
30% DMG Amplification against Burning enemies
30% chance to trigger 2nd Fire Storm upon hitting a Burning enemy
Area of Effect 350
Fire DMG 316%
2nd Fire Storm
Area of Effect 350
Fire DMG 620%
+30% Burn Chance
5% DMG Amplification against Burning enemies
(Legendary Effect) 30% Area DMG Amplification
(Legendary Effect) +20% Burn Chance","30% chance to inflict Pain on the enemy for 4 s on hit
( DMG Taken 10% Amplification )
+[10-20]% Attack Speed",[15-20]% DMG Amplification against enemies affected by Fire Status Effect,"+[25-40] Burn Rate
Causes Fire Wave upon using Skill
Fire Wave DMG +273
Fire Wave DMG 72%
Fire Wave Area of Effect 300
Fire Wave Cooldown 1 s
+60 Fire Wave Burn Rate"
,Illusion Hook,Throws a hook to inflict Physical DMG on the enemy. Enemies hit will be pulled toward the caster,"Spell, Melee, Area of Effect, Strike, Physical","Mana Cost 5
Triggers Immediately
Physical Element
Hook Range 500
Physical DMG 402%
Physical DMG +7
Ignores enemy Dodge Rate
Pulls enemy in front of the caster on hit
Disturb effect on pulled enemy for 3 s
Applied as Vulnerable effect
15% Movement Speed Dampening
15% Attack Speed Dampening
15% Cast Speed Dampening
Pulled Enemy becomes immune to Pull and Knockback for 4 s
(Magic Effect) +25% Skill Rune Effect
(Magic Effect) +20% Area of Effect
(Magic Effect) +100% DMG against Disturbed enemies
(Rare Effect) +50% Skill Rune Effect
(Rare Effect) +40% Area of Effect
(Rare Effect) +1 Skill Rune Duration
(Rare Effect) +150% DMG against Disturbed enemies
(Legendary Effect) +75% Skill Rune Effect
(Legendary Effect) +60% Area of Effect
(Legendary Effect) +1 Skill Rune Duration
(Legendary Effect) +200% DMG against Disturbed enemies","Mana Cost 16.9
Triggers Immediately
Physical Element
Hook Range 588
Physical DMG 818%
Physical DMG +321
Ignores enemy Dodge Rate
Pulls enemy in front of the caster on hit
Disturb effect on pulled enemy for 3 s
Applied as Vulnerable effect
15% Movement Speed Dampening
15% Attack Speed Dampening
15% Cast Speed Dampening
Pulled Enemy becomes immune to Pull and Knockback for 4 s
(Magic Effect) +25% Skill Rune Effect
(Magic Effect) +20% Area of Effect
(Magic Effect) +100% DMG against Disturbed enemies
(Rare Effect) +50% Skill Rune Effect
(Rare Effect) +40% Area of Effect
(Rare Effect) +1 Skill Rune Duration
(Rare Effect) +150% DMG against Disturbed enemies
(Legendary Effect) +75% Skill Rune Effect
(Legendary Effect) +60% Area of Effect
(Legendary Effect) +1 Skill Rune Duration
(Legendary Effect) +200% DMG against Disturbed enemies","[15-20]% Area of Effect Dampening
Inflict Pain effect for 4 s on hit
+50% Pain Effect","+2 Strike Range Count
+[10-40]% Area DMG","+[30-50]% Area of Effect
+[10-20]% Cast Speed"
,Shield Strike,Knocks the enemy back with a shield to inflict Physical DMG,"Attack, Melee, Area of Effect, Strike, Physical, Shadow","Mana Cost 3
Triggers Immediately
Physical Element
Area of Effect 520
Physical DMG 320%
Physical DMG +55
+250 Hit Rate
+25% DMG Penetration
Increase DMG by 20% of Shield Armor (Max: 550%)
Gain Sturdy Defense effect for 5 s on hit
Max Stacks 30
+2 Block Expertise
-3 Sturdy Defense stacks when hit
(Magic Effect) +15% Area of Effect
(Magic Effect) +25% Strike DMG Multiplier
(Rare Effect) +30% Area of Effect
(Rare Effect) +50% Strike DMG Multiplier
(Rare Effect) +10% DMG Penetration
(Legendary Effect) +50% Area of Effect
(Legendary Effect) +80% Strike DMG Multiplier
(Legendary Effect) +25% DMG Penetration","Mana Cost 12.5
Triggers Immediately
Physical Element
Area of Effect 520
Physical DMG 620%
Physical DMG +1029
+1174 Hit Rate
+25% DMG Penetration
Increase DMG by 20% of Shield Armor (Max: 550%)
Gain Sturdy Defense effect for 5 s on hit
Max Stacks 30
+2 Block Expertise
-3 Sturdy Defense stacks when hit
(Magic Effect) +15% Area of Effect
(Magic Effect) +25% Strike DMG Multiplier
(Rare Effect) +30% Area of Effect
(Rare Effect) +50% Strike DMG Multiplier
(Rare Effect) +10% DMG Penetration
(Legendary Effect) +50% Area of Effect
(Legendary Effect) +80% Strike DMG Multiplier
(Legendary Effect) +25% DMG Penetration","+[10-40]% Area DMG
50% chance to active Shield of Determination upon using Skill
Shield of Determination Duration 2 s
+[50-100]% Armor while Shield of Determination is active","+[75-100]% DMG against Elites when distance from enemy is 500 or less
[5-10]% Area DMG Amplification
Change to 1 large shield","+2 Strike Range Count
+[30-50]% Area of Effect"
,Cross Slash,Cross your weapons to deal damage twice to enemies in front of you,"Attack, Melee, Area of Effect, Strike, Physical, Shadow","Mana Cost 3
Triggers Immediately
Physical Element
15% Base Speed Amplification
Area of Effect 430
Physical DMG +13
Initial Cross Slash Physical DMG 200%
Subsequent Cross Slash Physical DMG 200%
7% chance to deal triple Maximized DMG on hit
(Magic Effect) +50% Area DMG
(Magic Effect) +30% Area of Effect
(Rare Effect) +100% Area DMG
(Rare Effect) +40% Area of Effect
(Rare Effect) 1.5% chance to deal triple Maximized DMG on hit
(Rare Effect) +2 Strike Range Count
(Legendary Effect) +150% Area DMG
(Legendary Effect) +50% Area of Effect
(Legendary Effect) 3% chance to deal triple Maximized DMG on hit
(Legendary Effect) +2 Strike Range Count","Mana Cost 10.2
Triggers Immediately
Physical Element
15% Base Speed Amplification
Area of Effect 430
Physical DMG +217
Initial Cross Slash Physical DMG 774%
Subsequent Cross Slash Physical DMG 774%
7% chance to deal triple Maximized DMG on hit
(Magic Effect) +50% Area DMG
(Magic Effect) +30% Area of Effect
(Rare Effect) +100% Area DMG
(Rare Effect) +40% Area of Effect
(Rare Effect) 1.5% chance to deal triple Maximized DMG on hit
(Rare Effect) +2 Strike Range Count
(Legendary Effect) +150% Area DMG
(Legendary Effect) +50% Area of Effect
(Legendary Effect) 3% chance to deal triple Maximized DMG on hit
(Legendary Effect) +2 Strike Range Count","Cross Slash's base Strike Count is fixed to 3
Increases base Strike Range
[5-10]% DMG Amplification","Gain Find Weakness Link Rune Effect
+6 Critical Rate
+[117-155]% Critical Rate
Cannot link Find Weakness Link Rune","Gain Finishing Strike Link Rune Effect
[20-25]% DMG Amplification against enemies at 20% or less HP
Cannot link Finishing Strike Link Rune"
,Spinning Dagger,Throws a spinning dagger at enemies in its path to inflict damage,"Attack, Strike, Physical, ProjectileCannot Multishot","Mana Cost 6
Triggers Immediately
Physical Element
Projectile Count 3
Projectile Speed 2400
Physical DMG 430%
Physical DMG +40
(Magic Effect) +50% Projectile DMG
(Rare Effect) +100% Projectile DMG
(Rare Effect) +15% Armor Penetration
(Rare Effect) 10% Projectile DMG Amplification
(Legendary Effect) +150% Projectile DMG
(Legendary Effect) +30% Armor Penetration
(Legendary Effect) 20% Projectile DMG Amplification
(Legendary Effect) +2 Projectile Count","Mana Cost 21.5
Triggers Immediately
Physical Element
Projectile Count 3
Projectile Speed 2400
Physical DMG 810%
Physical DMG +328
(Magic Effect) +50% Projectile DMG
(Rare Effect) +100% Projectile DMG
(Rare Effect) +15% Armor Penetration
(Rare Effect) 10% Projectile DMG Amplification
(Legendary Effect) +150% Projectile DMG
(Legendary Effect) +30% Armor Penetration
(Legendary Effect) 20% Projectile DMG Amplification
(Legendary Effect) +2 Projectile Count","+[1-3] Pierce Count
[1-3]% DMG Amplification per 1 Pierce(s)","+[1-2] Chain Count
[1-3]% DMG Amplification per 1 Chain(s)","Projectile Return
+[50-70]% Projectile Size
Projectile Return DMG [50-80]% Dampening
Pierces All
Cannot Split
Cannot Chain"
,Illusion Strike,Moves forward to inflict damage on enemies. Chance to inflict Status Effects on Strikes and Critical Hits,"Attack, Melee, Area of Effect, Strike, Physical, Movement","Mana Cost 5
Cooldown 5 s
Physical Element
+1 Max Use Count
+20% DMG Status Effect Chance
Area of Effect 200
Physical DMG 300%
Physical DMG +45
Gain Cause Injury effect for 3 s every hit
Max Stacks 10
+8 DMG Status Effect chance per stack
Shares Cooldowns between Offensive Movement Skills
(Magic Effect) +3% DMG Status Effect Chance
(Magic Effect) +20% Area of Effect
(Rare Effect) +6% DMG Status Effect Chance
(Rare Effect) +50% Area of Effect
(Legendary Effect) +10% DMG Status Effect Chance
(Legendary Effect) +80% Area of Effect
(Legendary Effect) +1 Max Use Count","Mana Cost 25.4
Cooldown 3 s
Physical Element
+1 Max Use Count
+20% DMG Status Effect Chance
Area of Effect 200
Physical DMG 830%
Physical DMG +512
Gain Cause Injury effect for 3 s every hit
Max Stacks 10
+8 DMG Status Effect chance per stack
Shares Cooldowns between Offensive Movement Skills
(Magic Effect) +3% DMG Status Effect Chance
(Magic Effect) +20% Area of Effect
(Rare Effect) +6% DMG Status Effect Chance
(Rare Effect) +50% Area of Effect
(Legendary Effect) +10% DMG Status Effect Chance
(Legendary Effect) +80% Area of Effect
(Legendary Effect) +1 Max Use Count","+2 Max Use Count
[5-10]% Skill Rune Cooldown Amplification","Illusion Strike's base Strike Range
increases 3 times
Guaranteed Critical Hit against enemies at full HP
+[10-15]% Movement Skill Rune Cooldown Recovery Speed","100% chance to inflict Exhaust effect for 3 s on Critical Hit
( 10% Armor Dampening, 15% Movement Speed Dampening )
+[30-60]% Exhaust Effect"
,Poison Area,Temporarily forms a poisonous area to deal Poison DMG to enemies,"Spell, Area of Effect, DoT, Poison","Mana Cost 25
Cooldown 30 s
Poison Element
Area of Effect 350
+1 Max Use Count
Poison Area Duration 7 s
Poison DoT +8
Poison DoT 273%
2% Poison DMG Taken Increase
(Magic Effect) 10% DoT Amplification
(Magic Effect) +30% Area of Effect
(Rare Effect) 20% DoT Amplification
(Rare Effect) +80% Area of Effect
(Legendary Effect) 30% DoT Amplification
(Legendary Effect) +140% Area of Effect","Mana Cost 93
Cooldown 30 s
Poison Element
Area of Effect 350
+1 Max Use Count
Poison Area Duration 7 s
Poison DoT +350
Poison DoT 982%
18% Poison DMG Taken Increase
(Magic Effect) 10% DoT Amplification
(Magic Effect) +30% Area of Effect
(Rare Effect) 20% DoT Amplification
(Rare Effect) +80% Area of Effect
(Legendary Effect) 30% DoT Amplification
(Legendary Effect) +140% Area of Effect","+[13-18]% DoT Acceleration
+[25-35]% DoT",[10-15]% DoT Amplification,"+2 Max Use Count
+[10-30]% DoT"
,Plague Spike,"Fires plague spikes to deal Poison DMG to the enemy. Triggers Burst Plague on hit, inflicting a plague that decreases the enemy's Element Resist by chance.","Spell, Area of Effect, Strike, Poison, Projectile, Duration","Mana Cost 5
Triggers Immediately
Poison Element
Thorn Count 1
Poison DMG +35
Poison DMG 252%
Burst Plague on hit
50% DMG Dampening
Burst Plague Range 220
25% chance of Plague on Burst Plague hit
Plague Duration 4 s
10% Element Resist Dampening
(Magic Effect) +30% DMG
(Rare Effect) +60% DMG
(Rare Effect) 10% DMG Amplification
(Rare Effect) +20% Area of Effect
(Legendary Effect) +100% DMG
(Legendary Effect) 20% DMG Amplification
(Legendary Effect) +50% Area of Effect
(Legendary Effect) 5% Cast Speed Amplification","Mana Cost 22
Triggers Immediately
Poison Element
Thorn Count 1
Poison DMG +132
Poison DMG 462%
Burst Plague on hit
50% DMG Dampening
Burst Plague Range 220
25% chance of Plague on Burst Plague hit
Plague Duration 4 s
10% Element Resist Dampening
(Magic Effect) +30% DMG
(Rare Effect) +60% DMG
(Rare Effect) 10% DMG Amplification
(Rare Effect) +20% Area of Effect
(Legendary Effect) +100% DMG
(Legendary Effect) 20% DMG Amplification
(Legendary Effect) +50% Area of Effect
(Legendary Effect) 5% Cast Speed Amplification","+[1-3] Pierce Count
+[30-50]% Projectile DMG","+2 Projectile Count
+[30-50]% Projectile DMG","Gain Element DMG Amplification Link Rune Effect
[20-26]% Element DMG Amplification
Cannot link Element DMG Amplification Link Rune"
,Frost Bomb,"Fires a Frost Bomb that explodes after a period of time. Upon explosion, shoots several Ice Shards to deal Cold DMG on the enemy","Spell, Strike, Cold, ProjectileCannot use Parallel Shot, Cannot Split","Mana Cost 5
Triggers Immediately
Cold Element
Cannot Pierce
Frost Bomb Speed 1100
Frost Bomb DMG 231%
Frost Bomb DMG +19
Shard Count 6
Frost Shard Speed 2500
Frost Shard DMG 231%
Frost Shard DMG +19
+20% Chill Chance
+50% DMG Multiplier against Chilled enemies
(Magic Effect) +10% Projectile Speed
(Magic Effect) +10% Chill Chance
(Magic Effect) +50% DMG Multiplier against Chilled enemies
(Rare Effect) +10% Projectile Speed
(Rare Effect) +20% Chill Chance
(Rare Effect) +100% DMG Multiplier against Chilled enemies
(Rare Effect) +1 Projectile Count
(Legendary Effect) +15% Projectile Speed
(Legendary Effect) +30% Chill Chance
(Legendary Effect) +150% DMG Multiplier against Chilled enemies
(Legendary Effect) +2 Projectile Count","Mana Cost 22
Triggers Immediately
Cold Element
Cannot Pierce
Frost Bomb Speed 1100
Frost Bomb DMG 541%
Frost Bomb DMG +694
Shard Count 9
Frost Shard Speed 2500
Frost Shard DMG 541%
Frost Shard DMG +868
+20% Chill Chance
+50% DMG Multiplier against Chilled enemies
(Magic Effect) +10% Projectile Speed
(Magic Effect) +10% Chill Chance
(Magic Effect) +50% DMG Multiplier against Chilled enemies
(Rare Effect) +10% Projectile Speed
(Rare Effect) +20% Chill Chance
(Rare Effect) +100% DMG Multiplier against Chilled enemies
(Rare Effect) +1 Projectile Count
(Legendary Effect) +15% Projectile Speed
(Legendary Effect) +30% Chill Chance
(Legendary Effect) +150% DMG Multiplier against Chilled enemies
(Legendary Effect) +2 Projectile Count","+[30-50] Chill Rate
+[30-50]% Chill Effect
+[20-30]-[40-60] Cold DMG against Chilled enemies","60% Strike DMG Multiplier Dampening
[450-500]% Additional Skill DMG Amplification","+[30-50] Freeze Rate
[10-20]% DMG Amplification against Frozen enemies
[5-10]% DMG Amplification against enemies that are not affected by Cold Status Effect"
,Thunderbolt,Calls down lightning in front and around the caster to deal damage to enemies,"Spell, Area of Effect, Strike, Lightning, Projectile, Toggle, Toggle DMGCannot Multishot, Cannot use Parallel Shot, Cannot Pierce, Cannot Split, Cannot Chain","15% Resource Cost Amplification
Cooldown 2 s
Lightning Element
Strike Lightning Bolt every 1 s
Lightning Bolt Count 1
Lightning Bolt Explosion Range 100
Lightning DMG 220%
Lightning DMG +80
+33% Shock Chance
Apply Shock as 50% Amplified DMG
+10% Bind Chance
+100 Bind Rate on Critical Hit
(Magic Effect) +2% Shock Chance
(Rare Effect) +5% Shock Chance
(Legendary Effect) +9% Shock Chance","15% Resource Cost Amplification
Cooldown 2 s
Lightning Element
Strike Lightning Bolt every 1 s
Lightning Bolt Count 1
Lightning Bolt Explosion Range 144
Lightning DMG 312%
Lightning DMG +910
+33% Shock Chance
Apply Shock as 50% Amplified DMG
+10% Bind Chance
+100 Bind Rate on Critical Hit
(Magic Effect) +2% Shock Chance
(Rare Effect) +5% Shock Chance
(Legendary Effect) +9% Shock Chance","+[1-2] Projectile Count
+[50-60]% Projectile DMG","+[10-15]% Shock Dodge Chance
+[10-15]% Bind Dodge Chance","+[10-20]% Shock Chance
+[20-30]% Shock Effect"
,Piercing Sentry,"Piercing Sentry has the Strike, Physical, Projectile tags.
Summons a Sentry that deals Physical DMG by firing arrows that Pierce enemies.
Has a maintenance cost upon summoning","Attack, SentryCannot use Parallel Shot, Cannot Split, Cannot Chain","Mana Cost 15
Triggers Immediately
Physical Element
Sentry Level 1
Sentry Duration 16 s
Sentry Count 1
Max Sentry Count 2
Projectile Count 1
Projectile Speed 3000
Pierce Count 2
Physical DMG 90%
+90 Bleed Rate
+0.5% Sentry HP
+1 Sentry Critical Rate
(Magic Effect) +20% Sentry HP
(Magic Effect) +100% Sentry DMG against enemies affected by DoT
(Rare Effect) +40% Sentry HP
(Rare Effect) +150% Sentry DMG against enemies affected by DoT
(Rare Effect) 15% Sentry DMG Amplification
(Legendary Effect) +40% Sentry HP
(Legendary Effect) +200% Sentry DMG against enemies affected by DoT
(Legendary Effect) +1 Simultaneous Sentry Count
(Legendary Effect) 30% Sentry DMG Amplification","Mana Cost 49
Triggers Immediately
Physical Element
Sentry Level 110
Sentry Duration 16 s
Sentry Count 1
Max Sentry Count 2
Projectile Count 1
Projectile Speed 3000
Pierce Count 2
Physical DMG 220%
+90 Bleed Rate
+56.8% Sentry HP
+19 Sentry Critical Rate
(Magic Effect) +20% Sentry HP
(Magic Effect) +100% Sentry DMG against enemies affected by DoT
(Rare Effect) +40% Sentry HP
(Rare Effect) +150% Sentry DMG against enemies affected by DoT
(Rare Effect) 15% Sentry DMG Amplification
(Legendary Effect) +40% Sentry HP
(Legendary Effect) +200% Sentry DMG against enemies affected by DoT
(Legendary Effect) +1 Simultaneous Sentry Count
(Legendary Effect) 30% Sentry DMG Amplification","+[30-50]% Sentry Duration
+[10-20]% Sentry Attack Speed for 5 s upon summoning Sentry
[15-25]% Sentry DMG Amplification 5 s after summoning Sentry","+[1-2] Simultaneous Summon Count
+3% Sentry Armor Penetration per summoned Sentry","+2 Sentry Projectile Count
+[25-50]% Sentry DMG
+[20-30] Sentry Bleed Rate"
,Fan Blade Sentry,"Fan Blade Sentry has the Strike, Physical, Projectile tags.
Summons a Sentry that deals Physical DMG by firing multiple arrows over a wide area.
Has a maintenance cost upon summoning","Attack, SentryCannot use Parallel Shot","Mana Cost 15
Triggers Immediately
Physical Element
Sentry Level 1
Sentry Duration 16 s
Sentry Count 1
Max Sentry Count 2
Projectile Count 3
Projectile Speed 3000
Physical DMG 100%
+0.5% Sentry HP
+1 Sentry Critical Rate
+50% Attack Critical DMG
(Magic Effect) +20% Sentry HP
(Magic Effect) +2 Sentry Projectile Count
(Rare Effect) +40% Sentry HP
(Rare Effect) +2 Sentry Projectile Count
(Rare Effect) 15% Sentry DMG Amplification
(Legendary Effect) +40% Sentry HP
(Legendary Effect) +4 Sentry Projectile Count
(Legendary Effect) +1 Simultaneous Sentry Count
(Legendary Effect) 30% Sentry DMG Amplification","Mana Cost 49
Triggers Immediately
Physical Element
Sentry Level 110
Sentry Duration 16 s
Sentry Count 1
Max Sentry Count 2
Projectile Count 3
Projectile Speed 3000
Physical DMG 230%
+56.8% Sentry HP
+19 Sentry Critical Rate
+50% Attack Critical DMG
(Magic Effect) +20% Sentry HP
(Magic Effect) +2 Sentry Projectile Count
(Rare Effect) +40% Sentry HP
(Rare Effect) +2 Sentry Projectile Count
(Rare Effect) 15% Sentry DMG Amplification
(Legendary Effect) +40% Sentry HP
(Legendary Effect) +4 Sentry Projectile Count
(Legendary Effect) +1 Simultaneous Sentry Count
(Legendary Effect) 30% Sentry DMG Amplification","+[30-50]% Sentry Duration
+[4-6]% Attack Speed (Max: 50%) every 2 s
+[4-6]% Armor Penetration (Max: 50%) every 2 s","+[1-2] Simultaneous Summon Count
+5% Sentry DMG per summoned Sentry","+2 Sentry Projectile Count
+[60-80]% Sentry DMG"
,Electric Sentry,"Electric Sentry has the Strike, Lightning, Projectile tags.
Summons a Sentry that fires Lightning arrows that Chain upon hitting an enemy.
Has a maintenance cost upon summoning","Attack, SentryCannot use Parallel Shot, Cannot Split","Mana Cost 15
Triggers Immediately
Lightning Element
Sentry Level 1
Sentry Duration 16 s
Sentry Count 1
Max Sentry Count 2
Projectile Count 1
Projectile Speed 3000
Cannot Pierce
Lightning DMG 90%
+45 Shock Rate
+0.5% Sentry HP
+1 Sentry Critical Rate
(Magic Effect) +20% Sentry HP
(Magic Effect) +100% Sentry DMG against Debuffed enemies
(Rare Effect) +40% Sentry HP
(Rare Effect) +150% Sentry DMG against Debuffed enemies
(Rare Effect) 15% Sentry DMG Amplification
(Legendary Effect) +40% Sentry HP
(Legendary Effect) +200% Sentry DMG against Debuffed enemies
(Legendary Effect) +1 Simultaneous Sentry Count
(Legendary Effect) 30% Sentry DMG Amplification","Mana Cost 49
Triggers Immediately
Lightning Element
Sentry Level 110
Sentry Duration 16 s
Sentry Count 1
Max Sentry Count 2
Projectile Count 1
Projectile Speed 3000
Cannot Pierce
Lightning DMG 220%
+45 Shock Rate
+56.8% Sentry HP
+19 Sentry Critical Rate
(Magic Effect) +20% Sentry HP
(Magic Effect) +100% Sentry DMG against Debuffed enemies
(Rare Effect) +40% Sentry HP
(Rare Effect) +150% Sentry DMG against Debuffed enemies
(Rare Effect) 15% Sentry DMG Amplification
(Legendary Effect) +40% Sentry HP
(Legendary Effect) +200% Sentry DMG against Debuffed enemies
(Legendary Effect) +1 Simultaneous Sentry Count
(Legendary Effect) 30% Sentry DMG Amplification","+[30-50]% Sentry Duration
[80-90]% Lightning DMG Taken by Sentry Dampening
[10-25]% Lightning DMG Amplification Sentry for 3 s when Sentry is Shocked
Deals Lightning DMG to self with a +50% chance to Shock when Sentry inflicts Shock
Sentry Lightning DMG dealt to self 100%","+[1-2] Simultaneous Summon Count
+2% Sentry Critical DMG per summoned Sentry","+[20-40] Sentry Shock Rate
+[32-40]% Sentry Hit Rate
+[9-11] Sentry Critical Rate"
,Summon Fire Orb Abyssling,"Fire Orb Abyssling has the Spell, Strike, Range, Area of Effect, Fire, Projectile tags.
Summons an Abyssling that deals damage by throwing Fire Orbs.
Has a maintenance cost upon summoning","Spell, Minion, AbysslingCannot use Parallel Shot, Cannot Split","Mana Cost 27
Cooldown 3 s
Fire Element
Summon Level 1
Summon Count 1
Max Summon Count 2
Summon Duration 30 s
Projectile Count 1
Explosion Range 150
Basic Attack DMG 100%
+1 Minion Critical Rate
+0.5% Abyssling HP
+30 Abyssling Burn Rate
(Magic Effect) +30% Abyssling HP
(Magic Effect) +50% Abyssling DMG against enemies affected by DoT
(Rare Effect) +50% Abyssling HP
(Rare Effect) +20 Abyssling Burn Rate
(Rare Effect) +100% Abyssling DMG against enemies affected by DoT
(Rare Effect) 10% Abyssling DMG Amplification
(Legendary Effect) +80% Abyssling HP
(Legendary Effect) +36 Abyssling Burn Rate
(Legendary Effect) +150% Abyssling DMG against enemies affected by DoT
(Legendary Effect) 30% Abyssling DMG Amplification","Mana Cost 95
Cooldown 3 s
Fire Element
Summon Level 110
Summon Count 1
Max Summon Count 2
Summon Duration 74 s
Projectile Count 1
Explosion Range 150
Basic Attack DMG 230%
+19 Minion Critical Rate
+56.8% Abyssling HP
+30 Abyssling Burn Rate
(Magic Effect) +30% Abyssling HP
(Magic Effect) +50% Abyssling DMG against enemies affected by DoT
(Rare Effect) +50% Abyssling HP
(Rare Effect) +20 Abyssling Burn Rate
(Rare Effect) +100% Abyssling DMG against enemies affected by DoT
(Rare Effect) 10% Abyssling DMG Amplification
(Legendary Effect) +80% Abyssling HP
(Legendary Effect) +36 Abyssling Burn Rate
(Legendary Effect) +150% Abyssling DMG against enemies affected by DoT
(Legendary Effect) 30% Abyssling DMG Amplification","Amplifies Minion Max HP by [8-15]%
+[30-50]% Skill Rune Cooldown Recovery Speed","+1 Abyssling Max Chain Count
[0-8]% Minion DMG Dampening","+[30-40] Abyssling Burn Rate
+[40-52]% Abyssling DMG against Burning enemies"
,Summon Poison Arrow Abyssling,"Poison Arrow Abyssling has the Spell, Strike, Poison, Projectile tags.
Summons an Abyssling that fires Poison Arrows that Chain upon hitting an enemy.
Has a maintenance cost upon summoning","Spell, Minion, AbysslingCannot use Parallel Shot, Cannot Split","Mana Cost 27
Cooldown 3 s
Poison Element
Summon Level 1
Summon Count 1
Max Summon Count 2
Summon Duration 30 s
Projectile Count 1
Projectile Speed 1800
Max Chain Count 2
Cannot Pierce
Basic Attack DMG 100%
+1 Minion Critical Rate
+0.5% Abyssling HP
+30 Abyssling Venom Rate
(Magic Effect) +30% Abyssling HP
(Magic Effect) +50% Abyssling DMG against enemies affected by DoT
(Rare Effect) +50% Abyssling HP
(Rare Effect) +20 Abyssling Venom Rate
(Rare Effect) +100% Abyssling DMG against enemies affected by DoT
(Rare Effect) 10% Abyssling DMG Amplification
(Legendary Effect) +80% Abyssling HP
(Legendary Effect) +36 Abyssling Venom Rate
(Legendary Effect) +150% Abyssling DMG against enemies affected by DoT
(Legendary Effect) 30% Abyssling DMG Amplification","Mana Cost 95
Cooldown 3 s
Poison Element
Summon Level 110
Summon Count 1
Max Summon Count 2
Summon Duration 74 s
Projectile Count 1
Projectile Speed 1800
Max Chain Count 2
Cannot Pierce
Basic Attack DMG 230%
+19 Minion Critical Rate
+56.8% Abyssling HP
+30 Abyssling Venom Rate
(Magic Effect) +30% Abyssling HP
(Magic Effect) +50% Abyssling DMG against enemies affected by DoT
(Rare Effect) +50% Abyssling HP
(Rare Effect) +20 Abyssling Venom Rate
(Rare Effect) +100% Abyssling DMG against enemies affected by DoT
(Rare Effect) 10% Abyssling DMG Amplification
(Legendary Effect) +80% Abyssling HP
(Legendary Effect) +36 Abyssling Venom Rate
(Legendary Effect) +150% Abyssling DMG against enemies affected by DoT
(Legendary Effect) 30% Abyssling DMG Amplification","Amplifies Minion Max HP by [8-15]%
+[30-50]% Skill Rune Cooldown Recovery Speed","+[15-20]% Abyssling Cast Speed
+[40-52]% Abyssling DMG","+1 Abyssling Max Chain Count
+[20-30] Abyssling Venom Rate"
,Summon Lightning Arrow Abyssling,"Lightning Arrow Abyssling has the Spell, Strike, Lightning, Projectile tags.
Summons an Abyssling that fires Lightning Arrows that Pierce enemies.
Has a maintenance cost upon summoning","Spell, Minion, AbysslingCannot use Parallel Shot, Cannot Split, Cannot Chain","Mana Cost 27
Cooldown 3 s
Lightning Element
Summon Level 1
Summon Count 1
Max Summon Count 2
Summon Duration 30 s
Projectile Count 1
Projectile Speed 1800
Pierce Count 2
Basic Attack DMG 100%
+1 Minion Critical Rate
+0.5% Abyssling HP
+30 Abyssling Shock Rate
(Magic Effect) +30% Abyssling HP
(Magic Effect) +50% Abyssling DMG against Debuffed enemies
(Rare Effect) +50% Abyssling HP
(Rare Effect) +10 Abyssling Shock Rate
(Rare Effect) +100% Abyssling DMG against Debuffed enemies
(Rare Effect) 10% Abyssling DMG Amplification
(Legendary Effect) +80% Abyssling HP
(Legendary Effect) +18 Abyssling Shock Rate
(Legendary Effect) +150% Abyssling DMG against Debuffed enemies
(Legendary Effect) 30% Abyssling DMG Amplification","Mana Cost 95
Cooldown 3 s
Lightning Element
Summon Level 110
Summon Count 1
Max Summon Count 2
Summon Duration 74 s
Projectile Count 1
Projectile Speed 1800
Pierce Count 2
Basic Attack DMG 230%
+19 Minion Critical Rate
+56.8% Abyssling HP
+30 Abyssling Shock Rate
(Magic Effect) +30% Abyssling HP
(Magic Effect) +50% Abyssling DMG against Debuffed enemies
(Rare Effect) +50% Abyssling HP
(Rare Effect) +10 Abyssling Shock Rate
(Rare Effect) +100% Abyssling DMG against Debuffed enemies
(Rare Effect) 10% Abyssling DMG Amplification
(Legendary Effect) +80% Abyssling HP
(Legendary Effect) +18 Abyssling Shock Rate
(Legendary Effect) +150% Abyssling DMG against Debuffed enemies
(Legendary Effect) 30% Abyssling DMG Amplification","Amplifies Minion Max HP by [8-15]%
+[30-50]% Skill Rune Cooldown Recovery Speed","+[25-30]% Abyssling Projectile Speed
+[40-52]% Abyssling DMG","+[30-40] Abyssling Shock Rate
+[40-52]% Abyssling DMG against Shocked enemies"
,Summon Snow Orb Abyssling,"Snow Orb Abyssling has the Spell, Strike, Cold, Projectile tags.
Summons an Abyssling that fires Cold Orbs that split upon hitting an enemy.
Has a maintenance cost upon summoning","Spell, Minion, AbysslingCannot use Parallel Shot, Cannot Chain","Mana Cost 27
Cooldown 3 s
Cold Element
Summon Level 1
Summon Count 1
Max Summon Count 2
Summon Duration 30 s
Projectile Count 1
Projectile Speed 1800
Split Projectile
Cannot Pierce
Basic Attack DMG 100%
+1 Minion Critical Rate
+0.5% Abyssling HP
+30 Abyssling Chill Rate
(Magic Effect) +30% Abyssling HP
(Magic Effect) +50% Abyssling DMG against Debuffed enemies
(Rare Effect) +50% Abyssling HP
(Rare Effect) +10 Abyssling Chill Rate
(Rare Effect) +100% Abyssling DMG against Debuffed enemies
(Rare Effect) 10% Abyssling DMG Amplification
(Legendary Effect) +80% Abyssling HP
(Legendary Effect) +18 Abyssling Chill Rate
(Legendary Effect) +150% Abyssling DMG against Debuffed enemies
(Legendary Effect) 30% Abyssling DMG Amplification","Mana Cost 95
Cooldown 3 s
Cold Element
Summon Level 110
Summon Count 1
Max Summon Count 2
Summon Duration 74 s
Projectile Count 1
Projectile Speed 1800
Split Projectile
Cannot Pierce
Basic Attack DMG 230%
+19 Minion Critical Rate
+56.8% Abyssling HP
+30 Abyssling Chill Rate
(Magic Effect) +30% Abyssling HP
(Magic Effect) +50% Abyssling DMG against Debuffed enemies
(Rare Effect) +50% Abyssling HP
(Rare Effect) +10 Abyssling Chill Rate
(Rare Effect) +100% Abyssling DMG against Debuffed enemies
(Rare Effect) 10% Abyssling DMG Amplification
(Legendary Effect) +80% Abyssling HP
(Legendary Effect) +18 Abyssling Chill Rate
(Legendary Effect) +150% Abyssling DMG against Debuffed enemies
(Legendary Effect) 30% Abyssling DMG Amplification","Amplifies Minion Max HP by [8-15]%
+[30-50]% Skill Rune Cooldown Recovery Speed","+[15-30]% Minion Overpower Effect
Gain Minion Overpower upon summoning Abyssling
( Main Element DMG +25-45, Armor Penetration +5%, Element Penetration +5% )","+2 Abyssling Projectile Count
[1-3]% Abyssling DMG Amplification"
,Mark of Focus,"Temporarily marks an enemy. Marked enemies become the targets of Concentrated Attack from Minions and Sentry, increasing DMG Taken from Minions and Sentry.","Spell, Attack Enhance, Duration","Mana Cost 15
Cooldown 30 s
Duration 3 s
12.6% DMG from Minions Increase
12.6% DMG from Sentry Increase
(Magic Effect) +10% Attack Enhance Skill Rune Effect
(Rare Effect) +17% Attack Enhance Skill Rune Effect
(Rare Effect) +25% Attack Enhance Skill Rune Duration
(Legendary Effect) +27% Attack Enhance Skill Rune Effect
(Legendary Effect) +50% Attack Enhance Skill Rune Duration","Mana Cost 49
Cooldown 30 s
Duration 3 s
39% DMG from Minions Increase
39% DMG from Sentry Increase
(Magic Effect) +10% Attack Enhance Skill Rune Effect
(Rare Effect) +17% Attack Enhance Skill Rune Effect
(Rare Effect) +25% Attack Enhance Skill Rune Duration
(Legendary Effect) +27% Attack Enhance Skill Rune Effect
(Legendary Effect) +50% Attack Enhance Skill Rune Duration","[25-35]% Minion DMG Taken increase to enemies within 500 range within the caster
[25-35]% DMG from Sentry Increase to enemies within 500 range within the caster","+100% Skill Rune Cooldown Recovery Speed
+[5-10]% Resource Cost",[80-100]% Movement Speed Amplification for 3 s to Minions within 800 range within the caster upon using Mark of Designation
,Siphon Life,Grants enemy HP Absorb effect to yourself and your Minion during skill duration,"Attack, Defense Enhance, Duration","Mana Cost 30.8
Cooldown 30 s
Area of Effect 500
Duration 3 s
+2% HP Absorb on hit
Shares Cooldowns between Defense Enhance Skills
(Magic Effect) +6% HP Absorb Limit
(Magic Effect) +5% Enhance Skill Rune Effect
(Rare Effect) +12% HP Absorb Limit
(Rare Effect) +10% Enhance Skill Rune Effect
(Legendary Effect) +18% HP Absorb Limit
(Legendary Effect) +15% Enhance Skill Rune Effect","Mana Cost 58
Cooldown 30 s
Area of Effect 500
Duration 3 s
+6.4% HP Absorb on hit
Shares Cooldowns between Defense Enhance Skills
(Magic Effect) +6% HP Absorb Limit
(Magic Effect) +5% Enhance Skill Rune Effect
(Rare Effect) +12% HP Absorb Limit
(Rare Effect) +10% Enhance Skill Rune Effect
(Legendary Effect) +18% HP Absorb Limit
(Legendary Effect) +15% Enhance Skill Rune Effect","+[10-20]% Resource Cost
Mana Absorb on hit +5%",+[20-30]% Skill Rune Cooldown Recovery Speed,+[10-25]% Enhance Skill Rune Effect
,Deadly Poison Claw,"Swings a Dagger to deal Area DMG. Has a chance to gain Poison Energy upon dealing DMG to enemies, and amplifies DMG per stack.","Attack, Melee, Area of Effect, Strike, Poison, Shadow","Mana Cost 3
Triggers Immediately
Poison Element
15% Base Speed Amplification
+30% Venom Chance
Area of Effect 400
Poison DMG 170%
Poison DMG +120
20% chance to gain Poison Energy on hit
3% DMG Amplification per Poison Energy stack
(Magic Effect) +10% Venom Chance
(Magic Effect) +40% DMG against enemies affected by Venom
(Rare Effect) +20% Venom Chance
(Rare Effect) +80% DMG against enemies affected by Venom
(Legendary Effect) +40% Venom Chance
(Legendary Effect) +150% DMG against enemies affected by Venom
(Legendary Effect) 25% DMG Amplification against enemies affected by Venom","Mana Cost 10.2
Triggers Immediately
Poison Element
15% Base Speed Amplification
+30% Venom Chance
Area of Effect 400
Poison DMG 643%
Poison DMG +940
20% chance to gain Poison Energy on hit
3% DMG Amplification per Poison Energy stack
(Magic Effect) +10% Venom Chance
(Magic Effect) +40% DMG against enemies affected by Venom
(Rare Effect) +20% Venom Chance
(Rare Effect) +80% DMG against enemies affected by Venom
(Legendary Effect) +40% Venom Chance
(Legendary Effect) +150% DMG against enemies affected by Venom
(Legendary Effect) 25% DMG Amplification against enemies affected by Venom","Gain Area Effect Link Rune Effect
[10-15]% Poison DMG Amplification
+[42-50]% Area of Effect
+[46-61]% Area DMG
Cannot link Area Effect Link Rune","Gain Poison Penetration Link Rune Effect
[10-20]% DMG Amplification against enemies affected by Poison Status Effect
+[17-20] Poison Penetration
+[40-52]% Poison DMG
Cannot link Poison Penetration Link Rune","Gain Quick Attack Link Rune Effect
+[26.6-31]% Attack Speed
Cannot link Quick Attack Link Rune"
,Shadow Forest,Creates an artificial space that deals DoT to enemies,"Spell, Area of Effect, Strike, Physical","Mana Cost 13
Cooldown 30 s
Physical Element
+1 Max Use Count
Duration 7 s
Shadow Forest Strike Interval 0.5 s
Shadow Forest Range 250
Physical DMG 257%
Physical DMG +13
80% chance to inflict Disturb effect on hit
Applied as Vulnerable effect
Disturb Duration 1.5 s
15% Movement Speed Dampening
15% Attack Speed Dampening
15% Cast Speed Dampening
(Magic Effect) +8% Skill Rune Effect
(Rare Effect) +15% Skill Rune Effect
(Rare Effect) +50% Area DMG
(Rare Effect) +20% Area of Effect
(Legendary Effect) +23% Skill Rune Effect
(Legendary Effect) +100% Area DMG
(Legendary Effect) +50% Area of Effect","Mana Cost 60.6
Cooldown 30 s
Physical Element
+1 Max Use Count
Duration 7 s
Shadow Forest Strike Interval 0.5 s
Shadow Forest Range 250
Physical DMG 529%
Physical DMG +428
80% chance to inflict Disturb effect on hit
Applied as Vulnerable effect
Disturb Duration 1.5 s
15% Movement Speed Dampening
15% Attack Speed Dampening
15% Cast Speed Dampening
(Magic Effect) +8% Skill Rune Effect
(Rare Effect) +15% Skill Rune Effect
(Rare Effect) +50% Area DMG
(Rare Effect) +20% Area of Effect
(Legendary Effect) +23% Skill Rune Effect
(Legendary Effect) +100% Area DMG
(Legendary Effect) +50% Area of Effect",[15-30]% Skill Rune Cooldown Dampening,+[50-80]% DMG against Bound enemies,"+1 Max Use Count
+[15-30]% Skill Rune Cooldown Recovery Speed"
,Blade of Death,Throws a dagger that returns to the caster,"Spell, Strike, Physical, ProjectileCannot use Parallel Shot, Cannot Split, Cannot Chain","Mana Cost 4
Triggers Immediately
Physical Element
5% Base Speed Amplification
Projectile Count 5
Projectile Speed 2000
Pierces All
+30% Bleed Chance
30% Bleed DMG Amplification
+6 Physical DMG upon throwing
145% Physical DMG upon throwing
Bleed Chance upon throwing +10%
If the enemy is Bleeding upon throwing, cannot inflict Bleed
+6 Physical DMG upon returning
145% Physical DMG upon returning
If the enemy is not Bleeding upon returning, Bleed Chance +30%
30% DMG Amplification against Bleeding enemies upon returning
(Magic Effect) 5% Projectile Return DMG Amplification
(Magic Effect) 10% Bleed DMG Amplification
(Rare Effect) 10% Projectile Return DMG Amplification
(Rare Effect) 20% Bleed DMG Amplification
(Rare Effect) +100% DMG against Bleeding enemies
(Legendary Effect) 15% Projectile Return DMG Amplification
(Legendary Effect) 30% Bleed DMG Amplification
(Legendary Effect) +200% DMG against Bleeding enemies
(Legendary Effect) +20% Projectile Speed","Mana Cost 18.6
Triggers Immediately
Physical Element
5% Base Speed Amplification
Projectile Count 5
Projectile Speed 2000
Pierces All
+30% Bleed Chance
30% Bleed DMG Amplification
+218 Physical DMG upon throwing
468% Physical DMG upon throwing
Bleed Chance upon throwing +10%
If the enemy is Bleeding upon throwing, cannot inflict Bleed
+218 Physical DMG upon returning
468% Physical DMG upon returning
If the enemy is not Bleeding upon returning, Bleed Chance +30%
30% DMG Amplification against Bleeding enemies upon returning
(Magic Effect) 5% Projectile Return DMG Amplification
(Magic Effect) 10% Bleed DMG Amplification
(Rare Effect) 10% Projectile Return DMG Amplification
(Rare Effect) 20% Bleed DMG Amplification
(Rare Effect) +100% DMG against Bleeding enemies
(Legendary Effect) 15% Projectile Return DMG Amplification
(Legendary Effect) 30% Bleed DMG Amplification
(Legendary Effect) +200% DMG against Bleeding enemies
(Legendary Effect) +20% Projectile Speed","[10-15]% Projectile DMG Amplification
+[2-4] Projectile Count","[13-20]% DMG Amplification against Bleeding enemies
-240 Max Angle
-80 Interval Angle","[30-50]% Bleed DMG Amplification
+[20-40] Bleed Rate
30% Status Effect Duration Dampening"
,Bombardment Arrow,Fires an arrow that bombards a large area,"Attack, Area of Effect, Strike, Physical, Projectile, Bow, ShadowCannot use Parallel Shot, Cannot Split, Cannot Chain","Mana Cost 4
Triggers Immediately
Physical Element
Arrows: 3
Projectile Speed 3000
Cannot Pierce
Bombardment Range 100
Physical DMG +59
Bombardment Area DMG 100%
10% DMG Dampening when hitting the same target repeatedly
(Magic Effect) +10% Area of Effect
(Magic Effect) +1 Projectile Count
(Rare Effect) +20% Area of Effect
(Rare Effect) +50% Area DMG
(Rare Effect) +2 Projectile Count
(Legendary Effect) +30% Area of Effect
(Legendary Effect) +100% Area DMG
(Legendary Effect) +3 Projectile Count","Mana Cost 21
Triggers Immediately
Physical Element
Arrows: 3
Projectile Speed 3000
Cannot Pierce
Bombardment Range 100
Physical DMG +452
Bombardment Area DMG 221%
10% DMG Dampening when hitting the same target repeatedly
(Magic Effect) +10% Area of Effect
(Magic Effect) +1 Projectile Count
(Rare Effect) +20% Area of Effect
(Rare Effect) +50% Area DMG
(Rare Effect) +2 Projectile Count
(Legendary Effect) +30% Area of Effect
(Legendary Effect) +100% Area DMG
(Legendary Effect) +3 Projectile Count","5% chance to gain Versatility for 8 s on hit
( Attack Speed +10%, Cast Speed +10%, Armor Penetration +10%, Element Penetration +10% )
+[30-60]% Versatility Effect","Gain Concentrated Area DMG Link Rune Effect
[20.7-25]% Area DMG Amplification
30% Area of Effect Dampening
Cannot link Concentrated Area DMG Link Rune","+[15-30] Status Effect Rate
Convert DMG to Main Element [30-50]%"
,Deadly Poison Skewer,Stabs forward while charging. Consumes Poison Energy to deal DMG and applies DMG Amplification and Critical DMG per stack.,"Attack, Melee, Area of Effect, Move Attack, Strike, Poison, Shadow","Mana Cost 4
Triggers Immediately
Poison Element
Area of Effect 380
Poison DMG 400%
Poison DMG +10
+20% Critical Chance
30% DMG Amplification against Elites
20% chance of -2 Poison Energy on hit at Max Poison Energy
Gain the following effect(s) when at Max Poison Energy
5% DMG Amplification per Poison Energy stack
+8% Critical DMG per Poison Energy stack
(Magic Effect) +30% Strike DMG Multiplier
(Magic Effect) +10% Area of Effect
(Rare Effect) +60% Strike DMG Multiplier
(Rare Effect) +20% Area of Effect
(Rare Effect) 5% Strike DMG Amplification
(Legendary Effect) +120% Strike DMG Multiplier
(Legendary Effect) +30% Area of Effect
(Legendary Effect) 10% Strike DMG Amplification","Mana Cost 13.5
Triggers Immediately
Poison Element
Area of Effect 380
Poison DMG 861%
Poison DMG +328
+20% Critical Chance
30% DMG Amplification against Elites
20% chance of -2 Poison Energy on hit at Max Poison Energy
Gain the following effect(s) when at Max Poison Energy
5% DMG Amplification per Poison Energy stack
+8% Critical DMG per Poison Energy stack
(Magic Effect) +30% Strike DMG Multiplier
(Magic Effect) +10% Area of Effect
(Rare Effect) +60% Strike DMG Multiplier
(Rare Effect) +20% Area of Effect
(Rare Effect) 5% Strike DMG Amplification
(Legendary Effect) +120% Strike DMG Multiplier
(Legendary Effect) +30% Area of Effect
(Legendary Effect) 10% Strike DMG Amplification",[15-20]% Poison DMG Amplification,"[10-15]% Poison DMG Amplification
50% chance to additionally trigger Spread Deadly Poison on hit
Spread Deadly Poison Range 500
Poison DMG 126%
Poison DMG +211","Gain Poison Penetration Link Rune Effect
+[17-20] Poison Penetration
+[40-52]% Poison DMG
+[20-30]% Venom Chance
Additionally triggers Deadly Poison Crown upon inflicting Venom
Deadly Poison Crown Range 350
Poison DMG 138%
Poison DMG +211
Cannot link Poison Penetration Link Rune"
,Unleash Lightning Shot,Shoots an arrow that inflicts Shock. Discharges multiple Lightning strands upon hitting a target,"Attack, Strike, Lightning, Projectile, Bow, Overheat, ShadowCannot use Parallel Shot, Cannot Pierce, Cannot Chain","Mana Cost 4
Triggers Immediately
40 Overheat Accumulation
Lightning Element
Lightning DMG +12
Lightning Arrow Count 3
Lightning Arrow Speed 3000
Lightning DMG 320%
+20% Shock Chance
Release Lightning Particle on hit
Lightning Particle Count 3
Lightning Particle Speed 2000
Explosion Range 150
Lightning DMG 221%
(Magic Effect) +50% DMG
(Magic Effect) 5% DMG Amplification against Shocked enemies
(Rare Effect) +100% DMG
(Rare Effect) 10% DMG Amplification against Shocked enemies
(Legendary Effect) +200% DMG
(Legendary Effect) 20% DMG Amplification against Shocked enemies","Mana Cost 17.6
Triggers Immediately
40 Overheat Accumulation
Lightning Element
Lightning DMG +192
Lightning Arrow Count 3
Lightning Arrow Speed 3000
Lightning DMG 835%
+20% Shock Chance
Release Lightning Particle on hit
Lightning Particle Count 3
Lightning Particle Speed 2000
Explosion Range 150
Lightning DMG 427%
(Magic Effect) +50% DMG
(Magic Effect) 5% DMG Amplification against Shocked enemies
(Rare Effect) +100% DMG
(Rare Effect) 10% DMG Amplification against Shocked enemies
(Legendary Effect) +200% DMG
(Legendary Effect) 20% DMG Amplification against Shocked enemies","[5-10]% Lightning DMG Amplification
+[5-15]% Shock Chance
Lightning Particle Count +5","[5-10]% Lightning DMG Amplification
+[5-15]% Shock Chance
Lightning Arrow Pierce Count +2","[5-10]% Lightning DMG Amplification
+[5-15]% Shock Chance
Lightning Arrow Chain Count +2"
,Quick Slash,Inflicts additional damage to nearby enemies upon hitting a single enemy,"Attack, Melee, Weapon Range, Strike, Physical, Shadow","Mana Cost 3
Triggers Immediately
Physical Element
15% Base Speed Amplification
No equipped weapon range
Chain Count 3
Chain Range 400
Physical DMG 250%
Physical DMG +80
+30% Armor Penetration
+30% Element Penetration
+50% Weapon Range
1% DMG Amplification per remaining Chain
+1% Chain Range per 10 Weapon Range
(Magic Effect) +1 Chain Count
(Magic Effect) +10% Weapon Range
(Magic Effect) Amplifies DMG by 5% upon attacking
(Rare Effect) +2 Chain Count
(Rare Effect) +20% Weapon Range
(Rare Effect) Amplifies DMG by 5% upon attacking
(Rare Effect) +75% Strike DMG Multiplier
(Legendary Effect) +4 Chain Count
(Legendary Effect) +30% Weapon Range
(Legendary Effect) Amplifies DMG by 8% upon attacking
(Legendary Effect) +150% Strike DMG Multiplier","Mana Cost 12.5
Triggers Immediately
Physical Element
15% Base Speed Amplification
No equipped weapon range
Chain Count 6
Chain Range 400
Physical DMG 693%
Physical DMG +1137
+30% Armor Penetration
+30% Element Penetration
+50% Weapon Range
1% DMG Amplification per remaining Chain
+1% Chain Range per 10 Weapon Range
(Magic Effect) +1 Chain Count
(Magic Effect) +10% Weapon Range
(Magic Effect) Amplifies DMG by 5% upon attacking
(Rare Effect) +2 Chain Count
(Rare Effect) +20% Weapon Range
(Rare Effect) Amplifies DMG by 5% upon attacking
(Rare Effect) +75% Strike DMG Multiplier
(Legendary Effect) +4 Chain Count
(Legendary Effect) +30% Weapon Range
(Legendary Effect) Amplifies DMG by 8% upon attacking
(Legendary Effect) +150% Strike DMG Multiplier","+[10-40]% Strike DMG
3% DMG Amplification per remaining Chain","+2 Chain Count
+40% Chain Range
+[10-40]% DMG","Change to Blink tag
Add Move Attack, Chain Attack tag
Cannot Chain
Physical DMG 510%
Physical DMG +777
Skill Cooldown does not decrease below 1.5 s
Remove DMG % Amplification per remaining Chain
Remove Chain Range per Weapon Range +%
Move Distance 800
Change Legendary effect to the following effect
+1 Chain Attack Count
+30% Weapon Range
Amplifies DMG by 10% upon attacking
+150% Strike DMG Multiplier
+2 Chain Attack Count
[10-15]% Attack Speed Amplification
+23 Resource Cost
25% Weapon Range Dampening
Earth Energy +1 on kill
(Increases Attack DMG by 20% per stack, decreases Spell DMG by 20% per stack)
Remove all Earth Energy and gain [Unending Trial] effect for 2 s on hit at Max Earth Energy
[Unending Trial] : +60% Forced Chain Attack Cooldown Recovery Speed"
,Fissure,"Slams the ground to create a fissure that deals damage to enemies in a wide area, with a chance to gain Earth Energy on a normal hit","Attack, Melee, Area of Effect, Strike, Physical, Shadow","Mana Cost 3
Triggers Immediately
Physical Element
Area of Effect 500
Physical DMG 441%
Physical DMG +15
+20% Stun Chance
20% DMG Amplification against Crowd Controlled enemies
30% chance to gain Earth Energy on hit
Additional Fissure on skill hit when Earth Energy stack is 5 or more
-2 Earth Energy when Additional Fissure hits
(Magic Effect) +30% Area of Effect
(Magic Effect) +100% Area DMG
(Rare Effect) +60% Area of Effect
(Rare Effect) +150% Area DMG
(Legendary Effect) +90% Area of Effect
(Legendary Effect) +250% Area DMG","Mana Cost 10.2
Triggers Immediately
Physical Element
Area of Effect 500
Physical DMG 1052%
Physical DMG +337
+20% Stun Chance
20% DMG Amplification against Crowd Controlled enemies
30% chance to gain Earth Energy on hit
Additional Fissure on skill hit when Earth Energy stack is 5 or more
-2 Earth Energy when Additional Fissure hits
(Magic Effect) +30% Area of Effect
(Magic Effect) +100% Area DMG
(Rare Effect) +60% Area of Effect
(Rare Effect) +150% Area DMG
(Legendary Effect) +90% Area of Effect
(Legendary Effect) +250% Area DMG","+2 Strike Range Count
+[10-40]% Area DMG",+[10-20]% Buff Chance,"Gain Melee DMG Amplification Link Rune Effect
[18.8-24.2]% Melee DMG Amplification
+20% Melee DMG
Cannot apply Status Effects
Cannot link Melee DMG Amplification Link Rune"
,Whirlwind Slash,Slashes the air quickly to send forth a Whirlwind,"Attack, Strike, Physical, ProjectileCannot use Parallel Shot, Cannot Chain, Cannot Change Speed","Mana Cost 4
Triggers Immediately
Physical Element
5% Base Speed Amplification
Pierce Count 1
Whirlwind Count 3 (Max 7)
Projectile Speed 300
Physical DMG 425%
Physical DMG +14
20% DMG Dampening when hitting the same target repeatedly
30% chance to inflict Disturb effect on hit
Applied as Vulnerable effect
Disturb Duration 1 s
15% Movement Speed Dampening
15% Attack Speed Dampening
15% Cast Speed Dampening
(Magic Effect) +8% Disturb Effect
(Rare Effect) +15% Disturb Effect
(Rare Effect) 2% Projectile DMG Amplification
(Legendary Effect) +30% Disturb Effect
(Legendary Effect) 5% Projectile DMG Amplification","Mana Cost 13.5
Triggers Immediately
Physical Element
5% Base Speed Amplification
Pierce Count 1
Whirlwind Count 3 (Max 7)
Projectile Speed 300
Physical DMG 617%
Physical DMG +217
20% DMG Dampening when hitting the same target repeatedly
30% chance to inflict Disturb effect on hit
Applied as Vulnerable effect
Disturb Duration 1 s
15% Movement Speed Dampening
15% Attack Speed Dampening
15% Cast Speed Dampening
(Magic Effect) +8% Disturb Effect
(Rare Effect) +15% Disturb Effect
(Rare Effect) 2% Projectile DMG Amplification
(Legendary Effect) +30% Disturb Effect
(Legendary Effect) 5% Projectile DMG Amplification","[25-30]% Resource Cost Dampening
-2 Projectile Count
Projectile Repeat DMG enabled","Replace with 1 large Whirlwind and cannot be affected by Multishot
+[30-60]% DMG Multiplier
+80% Projectile Size
Pierces All","+[40-80]% DMG against Disturbed enemies
+[10-20]% Stun Chance
+[10-30]% Buff Chance"
,Bloodshed,Chance to afflict Bleed to targets hit and creates a Domain of Blood upon inflicting Bleed,"Attack, Melee, Area of Effect, Weapon Range, Strike, Physical, Shadow","Mana Cost 3
Triggers Immediately
Physical Element
No equipped weapon range
Physical DMG +24
Physical DMG 294%
30% DMG Amplification against Elites
+30% Bleed Chance
Domain of Blood Range 450
Domain of Blood Duration 6 s
15% DMG Taken Dampening for allies within Domain of Blood
10% Bleed DMG Amplification for allies within Domain of Blood
5% Attack Speed Amplification for allies within Domain of Blood
Domain of Blood Cooldown 5 s
(Magic Effect) +30% DMG against Elites
(Magic Effect) +15% Bloodshed Domain of Blood Effect
(Magic Effect) 5% DMG Amplification against Bleeding enemies
(Rare Effect) +50% DMG against Elites
(Rare Effect) +30% Bloodshed Domain of Blood Effect
(Rare Effect) +5% Bleed Chance
(Rare Effect) 10% DMG Amplification against Bleeding enemies
(Legendary Effect) +100% DMG against Elites
(Legendary Effect) +50% Bloodshed Domain of Blood Effect
(Legendary Effect) +10% Bleed Chance
(Legendary Effect) 20% DMG Amplification against Bleeding enemies","Mana Cost 12.5
Triggers Immediately
Physical Element
No equipped weapon range
Physical DMG +254
Physical DMG 934%
30% DMG Amplification against Elites
+30% Bleed Chance
Domain of Blood Range 450
Domain of Blood Duration 6 s
15% DMG Taken Dampening for allies within Domain of Blood
14.4% Bleed DMG Amplification for allies within Domain of Blood
5% Attack Speed Amplification for allies within Domain of Blood
Domain of Blood Cooldown 5 s
(Magic Effect) +30% DMG against Elites
(Magic Effect) +15% Bloodshed Domain of Blood Effect
(Magic Effect) 5% DMG Amplification against Bleeding enemies
(Rare Effect) +50% DMG against Elites
(Rare Effect) +30% Bloodshed Domain of Blood Effect
(Rare Effect) +5% Bleed Chance
(Rare Effect) 10% DMG Amplification against Bleeding enemies
(Legendary Effect) +100% DMG against Elites
(Legendary Effect) +50% Bloodshed Domain of Blood Effect
(Legendary Effect) +10% Bleed Chance
(Legendary Effect) 20% DMG Amplification against Bleeding enemies","+[30-50] Weapon Range
+[20-30]% Bleed Chance","+[30-60]% Bloodshed Domain of Blood Duration
+[20-40]% Bloodshed Domain of Blood Effect","[10-15]% Melee DMG Amplification
+[10-30]% Melee DMG"
,Frost Strike,Strikes the ground to create a Frost Pillar that deals damage to enemies,"Attack, Melee, Area of Effect, Strike, Cold, Blow, Shadow","Mana Cost 3.9
Triggers Immediately
Cold Element
Area of Effect 350
Cold DMG 472%
Cold DMG +25
+15% Freeze Chance
+20% Chill Chance
+10% Cold Penetration
(Magic Effect) 5% Area DMG Amplification
(Magic Effect) +10% Cold Penetration
(Rare Effect) 10% Area DMG Amplification
(Rare Effect) +20% Cold Penetration
(Legendary Effect) 15% Area DMG Amplification
(Legendary Effect) +30% Cold Penetration","Mana Cost 16.3
Triggers Immediately
Cold Element
Area of Effect 350
Cold DMG 808%
Cold DMG +510
+15% Freeze Chance
+20% Chill Chance
+10% Cold Penetration
(Magic Effect) 5% Area DMG Amplification
(Magic Effect) +10% Cold Penetration
(Rare Effect) 10% Area DMG Amplification
(Rare Effect) +20% Cold Penetration
(Legendary Effect) 15% Area DMG Amplification
(Legendary Effect) +30% Cold Penetration","+[10-20] Freeze Rate
Cast Cold Explosion on target after a period of time upon inflicting Freeze
Cold Explosion DMG +527
Cold Explosion DMG 359%
Cold Explosion Area of Effect 75
Cold Explosion cannot apply Freeze","+[25-35] Freeze Rate against Chilled Enemies
+[25-40] Chill Rate
[5-10]% DMG Amplification against enemies affected by Cold Status Effect
[3-5]% DMG Amplification against enemies that are not affected by Cold Status Effect","+[50-70]% Area of Effect
[3-8]% Area DMG Amplification"
,Frost Sentry,"Frost Sentry has the Strike, Area of Effect, Cold, Projectile tags.
Summons a Sentry that fires Frost Arrows that explode upon hitting an enemy.
Has a maintenance cost upon summoning","Attack, SentryCannot use Parallel Shot, Cannot Split, Cannot Chain","Mana Cost 15
Triggers Immediately
Cold Element
Sentry Level 1
Sentry Duration 16 s
Sentry Count 1
Max Sentry Count 2
Projectile Count 1
Projectile Speed 3000
Explosion Range 220
Cold DMG 100%
+45 Chill Rate
+10 Freeze Rate against Chilled Enemies
+0.5% Sentry HP
+1 Sentry Critical Rate
(Magic Effect) +15% Sentry Area of Effect
(Magic Effect) +100% Sentry DMG against Debuffed enemies
(Rare Effect) +30% Sentry Area of Effect
(Rare Effect) +150% Sentry DMG against Debuffed enemies
(Rare Effect) 15% Sentry DMG Amplification
(Legendary Effect) +50% Sentry Area of Effect
(Legendary Effect) +200% Sentry DMG against Debuffed enemies
(Legendary Effect) +1 Simultaneous Sentry Count
(Legendary Effect) 30% Sentry DMG Amplification","Mana Cost 49
Triggers Immediately
Cold Element
Sentry Level 110
Sentry Duration 16 s
Sentry Count 1
Max Sentry Count 2
Projectile Count 1
Projectile Speed 3000
Explosion Range 220
Cold DMG 230%
+45 Chill Rate
+22 Freeze Rate against Chilled Enemies
+56.8% Sentry HP
+19 Sentry Critical Rate
(Magic Effect) +15% Sentry Area of Effect
(Magic Effect) +100% Sentry DMG against Debuffed enemies
(Rare Effect) +30% Sentry Area of Effect
(Rare Effect) +150% Sentry DMG against Debuffed enemies
(Rare Effect) 15% Sentry DMG Amplification
(Legendary Effect) +50% Sentry Area of Effect
(Legendary Effect) +200% Sentry DMG against Debuffed enemies
(Legendary Effect) +1 Simultaneous Sentry Count
(Legendary Effect) 30% Sentry DMG Amplification","+[20-40] Sentry Chill Rate
+[32-40]% Sentry Hit Rate
+[9-11] Sentry Critical Rate","+[40-70]% Sentry Chill Effect
+[75-100]% Sentry DMG against Chilled enemies","+[50-70]% Sentry Chill Duration
Transfers [25-35]% of the caster's Cold DMG Increase to Sentry (Max: 250%)"
,Summon Arctic Rune Knight,"Arctic Rune Knight has the Spell, Strike, Area of Effect, Cold, Melee tags.
Summons a Rune Knight of Cold that periodically uses the Frost Wind skill to Strike nearby enemies, and enhances nearby Abysslings.
The Rune Knight periodically absorbs an Abyssling during Melody High Tone and additional fusion occurs when an Abyssling of an identical element is absorbed.
An Abyss Knight is summoned upon fusing 3 times.
Has a maintenance cost upon summoning","Spell, Minion, Rune Knight","Mana Cost 50
Cooldown 40 s
Cold Element
Summon Level 1
Summon Count 1
Max Summon Count 1
Basic Attack DMG 85% (Spell, Melee, Cold, Strike, Area of Effect)
Earth Blow DMG 160% (Spell, Melee, Cold, Strike, Area of Effect)
Frost Shield DMG 50% (Spell, Melee, Cold, Strike, Area of Effect)
+0.5% Rune Knight HP
Periodically grants Knight's Authority to Abyssling
+7.4% Abyssling Attack Speed
+7.4% Abyssling Cast Speed
(Magic Effect) +30% Rune Knight HP
(Magic Effect) +50% Rune Knight DMG
(Rare Effect) +75% Rune Knight HP
(Rare Effect) +100% Rune Knight DMG
(Legendary Effect) +125% Rune Knight HP
(Legendary Effect) +150% Rune Knight DMG","Mana Cost 152
Cooldown 40 s
Cold Element
Summon Level 110
Summon Count 1
Max Summon Count 1
Basic Attack DMG 139% (Spell, Melee, Cold, Strike, Area of Effect)
Earth Blow DMG 269% (Spell, Melee, Cold, Strike, Area of Effect)
Frost Shield DMG 89% (Spell, Melee, Cold, Strike, Area of Effect)
+56.8% Rune Knight HP
Periodically grants Knight's Authority to Abyssling
+16.2% Abyssling Attack Speed
+16.2% Abyssling Cast Speed
(Magic Effect) +30% Rune Knight HP
(Magic Effect) +50% Rune Knight DMG
(Rare Effect) +75% Rune Knight HP
(Rare Effect) +100% Rune Knight DMG
(Legendary Effect) +125% Rune Knight HP
(Legendary Effect) +150% Rune Knight DMG","+[25-50]% Minion Area of Effect
+[50-80]% Rune Knight DMG
Enlargement",+[30-50]% Rune Knight's Authority Effect,"+[44-54] Chill Rate
+[25.7-30]% Chill Effect
Add +[15-30]% Minion DMG against Chilled enemies effect to Knight's Authority"
,Summon Lightning Rune Knight,"Lightning Rune Knight has the Spell, Strike, Area of Effect, Lightning, Melee tags.
Summons a Rune Knight of Lightning that periodically uses the Lightning Wave Skill, and enhances nearby Abysslings.
The Rune Knight periodically absorbs an Abyssling during Melody High Tone and additional fusion occurs when an Abyssling of an identical element is absorbed.
An Abyss Knight is summoned upon fusing 3 times.
Has a maintenance cost upon summoning","Spell, Minion, Rune Knight","Mana Cost 50
Cooldown 40 s
Lightning Element
Summon Level 1
Summon Count 1
Max Summon Count 1
Basic Attack DMG 85% (Spell, Melee, Lightning, Strike, Area of Effect)
Earth Blow DMG 160% (Spell, Melee, Lightning, Strike, Area of Effect)
Electric Release DMG 200% (Spell, Melee, Lightning, Strike, Area of Effect)
+0.5% Rune Knight HP
Periodically grants Knight's Authority to Abyssling
+25.2% Abyssling Critical Rate
(Magic Effect) +30% Rune Knight HP
(Magic Effect) +50% Rune Knight DMG
(Rare Effect) +75% Rune Knight HP
(Rare Effect) +100% Rune Knight DMG
(Legendary Effect) +125% Rune Knight HP
(Legendary Effect) +150% Rune Knight DMG","Mana Cost 152
Cooldown 40 s
Lightning Element
Summon Level 110
Summon Count 1
Max Summon Count 1
Basic Attack DMG 139% (Spell, Melee, Lightning, Strike, Area of Effect)
Earth Blow DMG 269% (Spell, Melee, Lightning, Strike, Area of Effect)
Electric Release DMG 362% (Spell, Melee, Lightning, Strike, Area of Effect)
+56.8% Rune Knight HP
Periodically grants Knight's Authority to Abyssling
+69.2% Abyssling Critical Rate
(Magic Effect) +30% Rune Knight HP
(Magic Effect) +50% Rune Knight DMG
(Rare Effect) +75% Rune Knight HP
(Rare Effect) +100% Rune Knight DMG
(Legendary Effect) +125% Rune Knight HP
(Legendary Effect) +150% Rune Knight DMG","+[25-50]% Minion Area of Effect
+[50-80]% Rune Knight DMG
Enlargement",+[30-50]% Rune Knight's Authority Effect,"+[41-51] Shock Rate
+[20.7-25]% Shock Effect
Add +[15-30]% Minion DMG against Shocked enemies effect to Knight's Authority"
,Fighter's Wrath,Amplifies Melee DMG and increases Attack Speed during skill duration,"Spell, Attack Enhance, Duration","Mana Cost 17
Cooldown 30 s
Duration 3 s
25.5% Melee DMG Amplification
+35% Attack Speed
Shares Cooldowns between Attack Enhance Skills
(Magic Effect) +5% Enhance Skill Rune Effect
(Rare Effect) +10% Enhance Skill Rune Effect
(Legendary Effect) +15% Enhance Skill Rune Effect","Mana Cost 44.2
Cooldown 30 s
Duration 3 s
56.7% Melee DMG Amplification
+35% Attack Speed
Shares Cooldowns between Attack Enhance Skills
(Magic Effect) +5% Enhance Skill Rune Effect
(Rare Effect) +10% Enhance Skill Rune Effect
(Legendary Effect) +15% Enhance Skill Rune Effect","+[15-30]% Enhance Skill Rune Effect
+[5-10]% Enhance Skill Rune Cooldown Recovery Speed","+[35-60]% Enhance Skill Rune Duration
+[5-10]% Enhance Skill Rune Effect",[10-15]% Skill Rune Cooldown Dampening
,Release Element,Amplifies Element DMG and increases Cast Speed during skill duration,"Spell, Attack Enhance, Duration","Mana Cost 25
Cooldown 30 s
Duration 3 s
25.5% Element DMG Amplification
+35% Cast Speed
Shares Cooldowns between Attack Enhance Skills
(Magic Effect) +5% Enhance Skill Rune Effect
(Rare Effect) +10% Enhance Skill Rune Effect
(Legendary Effect) +15% Enhance Skill Rune Effect","Mana Cost 52.2
Cooldown 30 s
Duration 3 s
56.7% Element DMG Amplification
+35% Cast Speed
Shares Cooldowns between Attack Enhance Skills
(Magic Effect) +5% Enhance Skill Rune Effect
(Rare Effect) +10% Enhance Skill Rune Effect
(Legendary Effect) +15% Enhance Skill Rune Effect","-[30-40]% Enhance Skill Rune Resource Cost
+[5-10]% Enhance Skill Rune Cooldown Recovery Speed",+[30-50]% Enhance Skill Rune Duration,+[15-25]% Enhance Skill Rune Effect
,Intensify Pain,"Increases DMG Status Effect Rate for the duration, and Status Effect DMG are amplified","Spell, Attack Enhance, Duration","Mana Cost 25
Cooldown 30 s
Duration 3 s
+94 DoT Rate
43% Status Effect DMG Amplification
Shares Cooldowns between Attack Enhance Skills
(Magic Effect) +5% Enhance Skill Rune Effect
(Rare Effect) +10% Enhance Skill Rune Effect
(Legendary Effect) +15% Enhance Skill Rune Effect","Mana Cost 52.2
Cooldown 30 s
Duration 3 s
+177 DoT Rate
87.4% Status Effect DMG Amplification
Shares Cooldowns between Attack Enhance Skills
(Magic Effect) +5% Enhance Skill Rune Effect
(Rare Effect) +10% Enhance Skill Rune Effect
(Legendary Effect) +15% Enhance Skill Rune Effect","-[30-40]% Enhance Skill Rune Resource Cost
+[5-10]% Enhance Skill Rune Cooldown Recovery Speed",+[30-50]% Enhance Skill Rune Duration,+[15-25]% Enhance Skill Rune Effect
,Vital Strike,Increases Critical Rate and Critical DMG during skill duration,"Spell, Attack Enhance, Duration","Mana Cost 16
Cooldown 30 s
Duration 3 s
+240% Critical Rate
+117% Critical DMG
+5% Critical Chance
Shares Cooldowns between Attack Enhance Skills
(Magic Effect) +5% Enhance Skill Rune Effect
(Rare Effect) +10% Enhance Skill Rune Effect
(Legendary Effect) +15% Enhance Skill Rune Effect","Mana Cost 43.2
Cooldown 30 s
Duration 3 s
+470.4% Critical Rate
+191.1% Critical DMG
+10.9% Critical Chance
Shares Cooldowns between Attack Enhance Skills
(Magic Effect) +5% Enhance Skill Rune Effect
(Rare Effect) +10% Enhance Skill Rune Effect
(Legendary Effect) +15% Enhance Skill Rune Effect",+[10-20]% Enhance Skill Rune Effect,"+[5-10]% Enhance Skill Rune Effect
+[25-50]% Enhance Skill Rune Cooldown Recovery Speed","[10-20]% Resource Cost Dampening
+[10-20]% Enhance Skill Rune Cooldown Recovery Speed"
,Bulwark of Protection,Increases Armor and Element Resist during skill duration,"Spell, Defense Enhance, Duration","Mana Cost 17
Cooldown 30 s
Duration 3 s
+178% Armor
+69 Element Resist
5% DMG Taken Dampening
Shares Cooldowns between Defense Enhance Skills
(Magic Effect) +6% Enhance Skill Rune Effect
(Rare Effect) +15% Enhance Skill Rune Effect
(Legendary Effect) +25% Enhance Skill Rune Effect","Mana Cost 44.2
Cooldown 30 s
Duration 3 s
+296.2% Armor
+115 Element Resist
16% DMG Taken Dampening
Shares Cooldowns between Defense Enhance Skills
(Magic Effect) +6% Enhance Skill Rune Effect
(Rare Effect) +15% Enhance Skill Rune Effect
(Legendary Effect) +25% Enhance Skill Rune Effect",[15-30]% Skill Rune Cooldown Dampening,"+[40-65]% Enhance Skill Rune Duration
+[5-10]% Enhance Skill Rune Effect","+[10-30]% Enhance Skill Rune Duration
Creates an Area of Protection upon using Skill
Area of Protection Duration 3 s
Area of Protection Area of Effect 450
+50% Armor to all allies within Area of Protection"
,Marksman,Increases Projectile DMG and Pierce Count during skill duration,"Spell, Attack Enhance, Duration","Mana Cost 17
Cooldown 30 s
Duration 3 s
+53% Hit Rate
28% Projectile DMG Amplification
+1 Pierce Count
Shares Cooldowns between Attack Enhance Skills
(Magic Effect) +5% Enhance Skill Rune Effect
(Rare Effect) +10% Enhance Skill Rune Effect
(Legendary Effect) +15% Enhance Skill Rune Effect","Mana Cost 44.2
Cooldown 30 s
Duration 3 s
+107.1% Hit Rate
56.1% Projectile DMG Amplification
+1 Pierce Count
Shares Cooldowns between Attack Enhance Skills
(Magic Effect) +5% Enhance Skill Rune Effect
(Rare Effect) +10% Enhance Skill Rune Effect
(Legendary Effect) +15% Enhance Skill Rune Effect","[10-20]% Resource Cost Dampening
+[10-20]% Enhance Skill Rune Cooldown Recovery Speed",+[15-30]% Enhance Skill Rune Effect,+[30-50]% Skill Rune Duration
,Shout of Provocation,Increases the caster's Armor during skill duration and forces enemies within range to attack the caster. Temporarily increases DMG upon use,"Attack, Area of Effect, Shout, Duration","Mana Cost 15
Cooldown 15 s
Provokes enemies
Shout Range 350
+56% DMG
Shout Duration 3 s
Shout Skill Effect
15% Armor Amplification
Provoked enemy cannot be Provoked for 5 s
(Magic Effect) +5% Shout Skill Rune Effect
(Rare Effect) +12% Shout Skill Rune Effect
(Legendary Effect) +20% Shout Skill Rune Effect","Mana Cost 37
Cooldown 15 s
Provokes enemies
Shout Range 350
+144% DMG
Shout Duration 3 s
Shout Skill Effect
52% Armor Amplification
Provoked enemy cannot be Provoked for 5 s
(Magic Effect) +5% Shout Skill Rune Effect
(Rare Effect) +12% Shout Skill Rune Effect
(Legendary Effect) +20% Shout Skill Rune Effect","+[10-35]% Shout Skill Rune Cooldown Recovery Speed
Gain Vampire Skin Effect for 1 s upon using Skill
Recovers HP by 10% of DMG Taken when Vampire Skin is effective","+[5-15]% Shout Skill Rune Effect
+[60-100]% Shout Skill Rune Cast Speed","+[25-50]% Shout Skill Rune Effect Range
20% DMG Dampening for 3 s against Provoked Target"
,Tenacious Regeneration,Increases HP and HP Regen during skill duration,"Spell, Defense Enhance, Duration","Mana Cost 17
Cooldown 30 s
Duration 3 s
+15% HP
+90 HP Regen/Sec
Instantly recover 15% of Max HP
Shares Cooldowns between Defense Enhance Skills
(Magic Effect) +5% Enhance Skill Rune Effect
(Rare Effect) +12% Enhance Skill Rune Effect
(Legendary Effect) +20% Enhance Skill Rune Effect","Mana Cost 44.2
Cooldown 30 s
Duration 3 s
+20.9% HP
+264 HP Regen/Sec
Instantly recover 21.2% of Max HP
Shares Cooldowns between Defense Enhance Skills
(Magic Effect) +5% Enhance Skill Rune Effect
(Rare Effect) +12% Enhance Skill Rune Effect
(Legendary Effect) +20% Enhance Skill Rune Effect",[15-30]% Skill Rune Cooldown Dampening,+[50-75]% Enhance Skill Rune Duration,"+[2-10]% Enhance Skill Rune Effect
+30% Status Effect Dodge Chance"
,Illusion Arrow,Chance to automatically fire a Guided Arrow upon reaching stack count with Bow Skills,"Attack, Strike, Physical, Projectile, Duration, Toggle, Toggle DMGCannot use Parallel Shot, Cannot Split, Cannot Chain","15% Resource Cost Amplification
Cooldown 3 s
Physical Element
Gain Illusion Arrow on hit
Activation Stack: 5
Duration 5 s
Arrows: 6
Projectile Speed 600
Cannot Pierce
Physical DMG 80%
Physical DMG +53
5% DMG Dampening when hitting the same target repeatedly
(Magic Effect) +20% Projectile DMG
(Rare Effect) +40% Projectile DMG
(Rare Effect) +1 Projectile Count
(Legendary Effect) +65% Projectile DMG
(Legendary Effect) +2 Projectile Count","15% Resource Cost Amplification
Cooldown 3 s
Physical Element
Gain Illusion Arrow on hit
Activation Stack: 5
Duration 5 s
Arrows: 6
Projectile Speed 600
Cannot Pierce
Physical DMG 167%
Physical DMG +176
5% DMG Dampening when hitting the same target repeatedly
(Magic Effect) +20% Projectile DMG
(Rare Effect) +40% Projectile DMG
(Rare Effect) +1 Projectile Count
(Legendary Effect) +65% Projectile DMG
(Legendary Effect) +2 Projectile Count",[10-15]% Projectile DMG Amplification,+[20-30] Debuff Rate,"Gain Multishot Link Rune Effect
+4 Projectile Count
[1-3]% Projectile DMG Amplification
Cannot link Multishot Link Rune"
,Poison Explosion,Cause Poison Explosion in the surrounding area upon reaching stack count by inflicting Venom,"Attack, Area of Effect, Strike, Poison, Duration, Toggle, Toggle DMG","15% Resource Cost Amplification
Cooldown 3 s
Poison Element
Gain a stack upon inflicting Venom
Poison Explosion Activation Stack: 5
Duration 8 s
Area of Effect 250
Poison DMG 121%
Poison DMG +6
+10% DMG per stack against affected by Venom
20% chance to +1 Poison Energy on Poison Explosion hit
(Magic Effect) +25% Area of Effect
(Rare Effect) +50% Area of Effect
(Rare Effect) +50% DMG against enemies affected by Venom
(Legendary Effect) +80% Area of Effect
(Legendary Effect) +100% DMG against enemies affected by Venom","15% Resource Cost Amplification
Cooldown 3 s
Poison Element
Gain a stack upon inflicting Venom
Poison Explosion Activation Stack: 5
Duration 8 s
Area of Effect 250
Poison DMG 266%
Poison DMG +258
+10% DMG per stack against affected by Venom
20% chance to +1 Poison Energy on Poison Explosion hit
(Magic Effect) +25% Area of Effect
(Rare Effect) +50% Area of Effect
(Rare Effect) +50% DMG against enemies affected by Venom
(Legendary Effect) +80% Area of Effect
(Legendary Effect) +100% DMG against enemies affected by Venom",[10-15]% Poison DMG Amplification,[10-20]% DMG Amplification against enemies affected by Poison Status Effect,+[40-60]% Area of Effect
,Blood Explosion,Cause Blood Explosion in the surrounding area upon reaching stack count by inflicting Bleed,"Attack, Melee, Area of Effect, Strike, Physical, Duration, Toggle, Toggle DMG","15% Resource Cost Amplification
Cooldown 3 s
Physical Element
Gain a stack upon inflicting Bleed
Blood Explosion Activation Stack: 5
Duration 6 s
Area of Effect 250
Physical DMG 121%
Physical DMG +6
+10% DMG per stack against Bleeding enemies
20% chance to +1 Earth Energy on Blood Explosion hit
(Magic Effect) +25% Area of Effect
(Rare Effect) +50% Area of Effect
(Rare Effect) +50% DMG against Bleeding enemies
(Legendary Effect) +80% Area of Effect
(Legendary Effect) +100% DMG against Bleeding enemies","15% Resource Cost Amplification
Cooldown 3 s
Physical Element
Gain a stack upon inflicting Bleed
Blood Explosion Activation Stack: 5
Duration 6 s
Area of Effect 250
Physical DMG 392%
Physical DMG +258
+10% DMG per stack against Bleeding enemies
20% chance to +1 Earth Energy on Blood Explosion hit
(Magic Effect) +25% Area of Effect
(Rare Effect) +50% Area of Effect
(Rare Effect) +50% DMG against Bleeding enemies
(Legendary Effect) +80% Area of Effect
(Legendary Effect) +100% DMG against Bleeding enemies","+17% DMG per stack against Bleeding enemies
[10-15]% DMG Dampening
Change Blood Explosion Activation Stack to 3",+[10-30]% Bleed Chance,"+[15-30]% Skill Rune Effect
+[40-70] Crowd Control Rate"
,Counterattack,"Deal DMG to the enemy upon dodging, blocking, or damaged by enemy attack","Attack, Area of Effect, Strike, Physical, Toggle, Toggle DMG","15% Resource Cost Amplification
Cooldown 3 s
Physical Element
Apply Chance 100%
Area of Effect 400
Physical DMG 350%
Physical DMG +50
+20% Dodge Rate
Inflict Pain effect for 4 s on hit
Does not activate for 1 s after Counterattack proc
(Magic Effect) +20% Area of Effect
(Rare Effect) +50% Area of Effect
(Legendary Effect) +90% Area of Effect","15% Resource Cost Amplification
Cooldown 3 s
Physical Element
Apply Chance 100%
Area of Effect 400
Physical DMG 638%
Physical DMG +315
+112% Dodge Rate
Inflict Pain effect for 4 s on hit
Does not activate for 1 s after Counterattack proc
(Magic Effect) +20% Area of Effect
(Rare Effect) +50% Area of Effect
(Legendary Effect) +90% Area of Effect",+[40-60]% Area of Effect,[5-10]% DMG Amplification,+[10-20]% Control Status Effect Chance
,Cold Outburst,Launches multiple Ice Spikes forward. Deals damage beyond the target with Ice Shards,"Spell, Area of Effect, Strike, Cold, ProjectileCannot Multishot, Cannot Split, Cannot Chain, Cannot Change Speed","Mana Cost 30
Cooldown 20 s
Cold Element
Cold Outburst Cold DMG 200%
Cold Outburst Cold DMG +250
+1 Max Use Count
Ice Shard Range 200
Ice Shard Cold DMG 250%
Ice Shard Cold DMG +80
+6% Chill Chance
(Magic Effect) +50% DMG against Chilled enemies
(Magic Effect) +3% Chill Chance
(Rare Effect) +150% DMG against Chilled enemies
(Rare Effect) +6% Chill Chance
(Legendary Effect) +250% DMG against Chilled enemies
(Legendary Effect) +9% Chill Chance","Mana Cost 73
Cooldown 20 s
Cold Element
Cold Outburst Cold DMG 769%
Cold Outburst Cold DMG +1345
+1 Max Use Count
Ice Shard Range 200
Ice Shard Cold DMG 669%
Ice Shard Cold DMG +505
+6% Chill Chance
(Magic Effect) +50% DMG against Chilled enemies
(Magic Effect) +3% Chill Chance
(Rare Effect) +150% DMG against Chilled enemies
(Rare Effect) +6% Chill Chance
(Legendary Effect) +250% DMG against Chilled enemies
(Legendary Effect) +9% Chill Chance","+[15-20]% Cold Penetration
Projectile Count +2",+[75-100]% DMG against Elites,"Dampens Skill Rune Cooldown by 100%
75% DMG Dampening
[20-40]% Resource Cost Dampening
Cannot link Time Warp Link Rune
Repeatable"
,Guardian,Deals Physical DMG to nearby enemies and inflicts Stun or Slow on hit,"Attack, Melee, Area of Effect, Strike, Physical, Duration","Mana Cost 17
Cooldown 20 s
Physical Element
+20% Control Status Effect Chance
+50% Pull Chance
+1 Max Use Count
Area of Effect 400
Physical DMG 954%
Physical DMG +280
Cannot Pull movement disabled enemy
100% chance to inflict Disturb effect on hit
Applied as Vulnerable effect
Disturb Duration 5 s
15% Movement Speed Dampening
15% Attack Speed Dampening
15% Cast Speed Dampening
(Magic Effect) +30% Status Effect Duration
(Magic Effect) +30% Skill Rune Effect
(Magic Effect) +30% DMG against Disturbed enemies
(Rare Effect) +75% Status Effect Duration
(Rare Effect) +60% Skill Rune Effect
(Rare Effect) +5 Stun Rate
(Rare Effect) +60% DMG against Disturbed enemies
(Legendary Effect) +100% Status Effect Duration
(Legendary Effect) +90% Skill Rune Effect
(Legendary Effect) +10 Stun Rate
(Legendary Effect) +90% DMG against Disturbed enemies","Mana Cost 31.3
Cooldown 20 s
Physical Element
+31.5% Control Status Effect Chance
+50% Pull Chance
+1 Max Use Count
Area of Effect 400
Physical DMG 2552%
Physical DMG +926
Cannot Pull movement disabled enemy
100% chance to inflict Disturb effect on hit
Applied as Vulnerable effect
Disturb Duration 5 s
15% Movement Speed Dampening
15% Attack Speed Dampening
15% Cast Speed Dampening
(Magic Effect) +30% Status Effect Duration
(Magic Effect) +30% Skill Rune Effect
(Magic Effect) +30% DMG against Disturbed enemies
(Rare Effect) +75% Status Effect Duration
(Rare Effect) +60% Skill Rune Effect
(Rare Effect) +5 Stun Rate
(Rare Effect) +60% DMG against Disturbed enemies
(Legendary Effect) +100% Status Effect Duration
(Legendary Effect) +90% Skill Rune Effect
(Legendary Effect) +10 Stun Rate
(Legendary Effect) +90% DMG against Disturbed enemies","+[10-30]% Skill Rune Cooldown Recovery Speed
50% chance to active Shield of Determination upon using Skill
Shield of Determination Duration 2 s
+[50-100]% Armor while Shield of Determination is active","[15-20]% Resource Cost Dampening
+100% Status Effect Dodge Chance for 1 s upon using Skill","+100% Pull Chance
+[10-40]% Area DMG"
,Weaken Totem,Summons a Totem that increases DMG Taken by enemies,"Spell, Totem","Mana Cost 20
Cooldown 10 s
Summon Duration 10 s
Install Count 1
Max Install Count 1
Totem Range 400
Applied as Vulnerable effect
6% DMG Taken Increase
(Magic Effect) +8% Totem Effect
(Rare Effect) +16% Totem Effect
(Rare Effect) +10% Totem Effect Range
(Legendary Effect) +28% Totem Effect
(Legendary Effect) +20% Totem Effect Range","Mana Cost 60.8
Cooldown 10 s
Summon Duration 10 s
Install Count 1
Max Install Count 1
Totem Range 400
Applied as Vulnerable effect
15% DMG Taken Increase
(Magic Effect) +8% Totem Effect
(Rare Effect) +16% Totem Effect
(Rare Effect) +10% Totem Effect Range
(Legendary Effect) +28% Totem Effect
(Legendary Effect) +20% Totem Effect Range",Totem applies [20-25]% Element DMG Taken Increase for 3 s to enemies within 800 range when destroyed by enemy,"+[10-15]% Totem Effect Range
+[10-20]% Totem Effect","+[15-30]% Totem Duration
Increase Totem Install Distance by 500
Upon installing Totem, [80-90]% DMG Taken by Totem Dampening for 3 s"
,Tremor Totem,"Summons a Totem that dampens Movement, Attack, and Cast Speed of enemies","Spell, Totem","Mana Cost 20
Cooldown 10 s
Summon Duration 10 s
Install Count 1
Max Install Count 1
Totem Range 400
Applied as Vulnerable effect
10% Movement Speed Dampening
10% Attack Speed Dampening
10% Cast Speed Dampening
(Magic Effect) +8% Totem Effect
(Rare Effect) +16% Totem Effect
(Rare Effect) +10% Totem Effect Range
(Legendary Effect) +28% Totem Effect
(Legendary Effect) +20% Totem Effect Range","Mana Cost 60.8
Cooldown 10 s
Summon Duration 10 s
Install Count 1
Max Install Count 1
Totem Range 400
Applied as Vulnerable effect
25.4% Movement Speed Dampening
19.2% Attack Speed Dampening
25.4% Cast Speed Dampening
(Magic Effect) +8% Totem Effect
(Rare Effect) +16% Totem Effect
(Rare Effect) +10% Totem Effect Range
(Legendary Effect) +28% Totem Effect
(Legendary Effect) +20% Totem Effect Range","+5 Skill Rune Cooldown
Amplifies Totem Max HP by [10-15]%
Upon installing Totem, Provoke enemies
Provoked enemy cannot be Provoked for 10 s","Amplifies Totem Max HP by [5-10]%
+[10-15]% Totem Duration
Upon installing Totem, Totem takes [6-10]% of DMG Taken instead for 10 s","+[15-30]% Totem Duration
Increase Totem Install Distance by 500
Upon installing Totem, [80-90]% DMG Taken by Totem Dampening for 3 s"
,Protection Totem,Summons a Totem that increases Barrier and decreases Barrier Regen Cycle for Caster and allies,"Spell, Totem","Mana Cost 20
Cooldown 15 s
Summon Duration 5 s
Install Count 1
Max Install Count 1
Totem Range 400
+20 Barrier Regen/Sec
+30 Barrier
(Magic Effect) +8% Totem Effect
(Rare Effect) +16% Totem Effect
(Rare Effect) +10% Totem Effect Range
(Legendary Effect) +28% Totem Effect
(Legendary Effect) +20% Totem Effect Range","Mana Cost 60.8
Cooldown 15 s
Summon Duration 5 s
Install Count 1
Max Install Count 1
Totem Range 400
+64 Barrier Regen/Sec
+162 Barrier
(Magic Effect) +8% Totem Effect
(Rare Effect) +16% Totem Effect
(Rare Effect) +10% Totem Effect Range
(Legendary Effect) +28% Totem Effect
(Legendary Effect) +20% Totem Effect Range","+4 Skill Rune Cooldown
Recover Barrier by [8-10]% of Max Barrier to Caster for 1 s upon installing Totem","+[10-15]% Totem Duration
Amplifies Totem Max HP by [5-10]%
Upon installing Totem, [80-90]% DMG Taken by Totem Dampening for 3 s","Add Aura Effect
Regenerate [1-2]% of Max Barrier per Sec"
,Life Totem,Summons a Totem that increases HP Regen for Caster and allies,"Spell, Totem","Mana Cost 20
Cooldown 15 s
Summon Duration 5 s
Install Count 1
Max Install Count 1
Totem Range 400
+20 HP Regen/Sec
(Magic Effect) +8% Totem Effect
(Rare Effect) +16% Totem Effect
(Rare Effect) +10% Totem Effect Range
(Legendary Effect) +28% Totem Effect
(Legendary Effect) +20% Totem Effect Range","Mana Cost 60.8
Cooldown 15 s
Summon Duration 5 s
Install Count 1
Max Install Count 1
Totem Range 400
+218 HP Regen/Sec
(Magic Effect) +8% Totem Effect
(Rare Effect) +16% Totem Effect
(Rare Effect) +10% Totem Effect Range
(Legendary Effect) +28% Totem Effect
(Legendary Effect) +20% Totem Effect Range","+4 Skill Rune Cooldown
Recover HP by [8-10]% of Max HP to Caster for 1 s upon installing Totem",Totem applies Regen [5-8]% of Max HP/Sec for 2 s to friendly targets within 800 range when destroyed by enemy,"Add Aura Effect
Regen [1-3]% of Max HP/Sec"
,Wind Totem,Summons a Totem that increases Attack Speed and Cast Speed for Caster and allies,"Spell, Totem","Mana Cost 20
Cooldown 10 s
Summon Duration 10 s
Install Count 1
Max Install Count 1
Totem Range 400
+10% Cast Speed
+10% Attack Speed
(Rare Effect) +16% Totem Effect
(Rare Effect) +10% Totem Effect Range
(Legendary Effect) +28% Totem Effect
(Legendary Effect) +20% Totem Effect Range","Mana Cost 60.8
Cooldown 10 s
Summon Duration 10 s
Install Count 1
Max Install Count 1
Totem Range 400
+23.2% Cast Speed
+23.2% Attack Speed
(Rare Effect) +16% Totem Effect
(Rare Effect) +10% Totem Effect Range
(Legendary Effect) +28% Totem Effect
(Legendary Effect) +20% Totem Effect Range","+[5-10]% Totem Effect Range
+[5-10]% Totem Effect
+[10-15]% Totem Duration","+[10-20]% Totem Effect Range
Add Aura Effect
[5-8]% Movement Speed Amplification","+[5-10]% Totem Effect
+[15-20]% Totem Duration
Totem applies 20% Movement Speed Increase for 3 s to friendly targets within 800 range when destroyed by enemy"
,Mist Totem,Summons a Totem that decreases Hit Rate and Critical Rate of enemies,"Spell, Totem","Mana Cost 20
Cooldown 10 s
Summon Duration 10 s
Install Count 1
Max Install Count 1
Totem Range 400
Applied as Vulnerable effect
12% Hit Rate Dampening
8.3% Critical Rate Dampening
(Magic Effect) +8% Totem Effect
(Rare Effect) +16% Totem Effect
(Rare Effect) +10% Totem Effect Range
(Legendary Effect) +28% Totem Effect
(Legendary Effect) +20% Totem Effect Range","Mana Cost 60.8
Cooldown 10 s
Summon Duration 10 s
Install Count 1
Max Install Count 1
Totem Range 400
Applied as Vulnerable effect
38.4% Hit Rate Dampening
21.5% Critical Rate Dampening
(Magic Effect) +8% Totem Effect
(Rare Effect) +16% Totem Effect
(Rare Effect) +10% Totem Effect Range
(Legendary Effect) +28% Totem Effect
(Legendary Effect) +20% Totem Effect Range","+[5-10]% Totem Effect Range
+[5-10]% Totem Effect
+[10-15]% Totem Duration","Amplifies Totem Max HP by [5-10]%
+[10-15]% Totem Duration
Upon installing Totem, Totem takes [6-10]% of DMG Taken instead for 10 s","Change to Seal
15% Resource Cost Amplification
Cooldown 3 s
Add Toggle, Toggle Effect tags
Remove Totem tag
Affects enemies
Max Attack Seal Activation Count 0
Aura Radius 250
Applied as Vulnerable effect
29.4% Hit Rate Dampening
17% Critical Rate Dampening
Change Legendary effect to the following effect
+28% Aura and Seal Effect
+20% Aura Range
-[5-1] Resource Cost"
,Electromagnetic Field,Releases an Electric Sphere that instantly draws enemies to the center,"Spell, Area of Effect, Strike, Lightning","Mana Cost 25
Cooldown 30 s
Lightning Element
Duration 2.3 s
Explosion Interval 0.5 s
Explosion Range 250
Lightning DMG +100
Lightning DMG 278%
+10 Bind Rate
+1 Max Use Count
Pulls enemy to the center of the explosion
(Magic Effect) +10 Bind Rate
(Magic Effect) +20% Area of Effect
(Rare Effect) +20% Area DMG
(Rare Effect) +30 Bind Rate
(Rare Effect) +40% Area of Effect
(Legendary Effect) +50% Area DMG
(Legendary Effect) +50 Bind Rate
(Legendary Effect) +70% Area of Effect","Mana Cost 93
Cooldown 30 s
Lightning Element
Duration 2.3 s
Explosion Interval 0.5 s
Explosion Range 250
Lightning DMG +1465
Lightning DMG 690%
+98 Bind Rate
+1 Max Use Count
Pulls enemy to the center of the explosion
(Magic Effect) +10 Bind Rate
(Magic Effect) +20% Area of Effect
(Rare Effect) +20% Area DMG
(Rare Effect) +30 Bind Rate
(Rare Effect) +40% Area of Effect
(Legendary Effect) +50% Area DMG
(Legendary Effect) +50 Bind Rate
(Legendary Effect) +70% Area of Effect","+2 Max Use Count
+[10-15]% Bind Chance","-[30-20]% Area of Effect
25% chance to inflict Pain on the enemy for 2 s on hit
( DMG Taken 10% Increase )","100% chance to +1 Lightning Energy on hit
DMG Amplification [1-2]% per Lightning Energy"
,Attack Impulse,Temporarily increases Attack Speed and DMG upon use,"Spell, Attack Enhance, Duration","Mana Cost 17
Cooldown 30 s
Duration 3 s
+49% Attack Speed
15% Attack Speed Amplification
15% DMG Amplification
5% Resource Cost Decrease
Shares Cooldowns between Attack Enhance Skills
(Magic Effect) +5% Enhance Skill Rune Effect
(Rare Effect) +10% Enhance Skill Rune Effect
(Legendary Effect) +16% Enhance Skill Rune Effect","Mana Cost 44.2
Cooldown 30 s
Duration 3 s
+91.4% Attack Speed
15% Attack Speed Amplification
38% DMG Amplification
24% Resource Cost Decrease
Shares Cooldowns between Attack Enhance Skills
(Magic Effect) +5% Enhance Skill Rune Effect
(Rare Effect) +10% Enhance Skill Rune Effect
(Legendary Effect) +16% Enhance Skill Rune Effect",[15-30]% Skill Rune Cooldown Dampening,+[10-20]% Enhance Skill Rune Effect,+[30-50]% Skill Rune Duration
,Veil of Protection,Decreases Melee or Projectile DMG Taken whenever a Skill is used,"Spell, Defense Enhance, Toggle, Toggle Effect","15% Resource Cost Amplification
Cooldown 5 s
Upon activating Earth Veil
10% Melee DMG Taken Decrease
Projectile DMG Taken 2% increase
Upon activating Wind Veil
10% Projectile DMG Taken Decrease
Melee DMG Taken 2% increase
(Rare Effect) +15% Earth Veil Effect
(Rare Effect) +15% Wind Veil Effect
(Legendary Effect) +35% Earth Veil Effect
(Legendary Effect) +35% Wind Veil Effect","15% Resource Cost Amplification
Cooldown 5 s
Upon activating Earth Veil
14.4% Melee DMG Taken Decrease
Projectile DMG Taken 2% increase
Upon activating Wind Veil
14.4% Projectile DMG Taken Decrease
Melee DMG Taken 2% increase
(Rare Effect) +15% Earth Veil Effect
(Rare Effect) +15% Wind Veil Effect
(Legendary Effect) +35% Earth Veil Effect
(Legendary Effect) +35% Wind Veil Effect",+[15-30]% Enhance Skill Rune Effect,[10-20]% Skill Rune Cooldown Dampening,"+[15-20]% Enhance Skill Rune Effect
[10-15]% Skill Rune Cooldown Dampening"
,Improved Senses,Gains a temporary Enhance effect based on the number of Daggers equipped upon using a Skill,"Spell, Defense Enhance, Duration","Mana Cost 17
Cooldown 30 s
Duration 3 s
When Dagger is equipped
+50 Gear Block Expertise
+160% Dodge Rate
Additional Effect when Dual Wielding Daggers
60% Dodge Rate Amplification
Shares Cooldowns between Defense Enhance Skills
(Magic Effect) +5% Enhance Skill Rune Effect
(Rare Effect) +12% Enhance Skill Rune Effect
(Legendary Effect) +20% Enhance Skill Rune Effect","Mana Cost 44.2
Cooldown 30 s
Duration 3 s
When Dagger is equipped
+87 Gear Block Expertise
+251.2% Dodge Rate
Additional Effect when Dual Wielding Daggers
124% Dodge Rate Amplification
Shares Cooldowns between Defense Enhance Skills
(Magic Effect) +5% Enhance Skill Rune Effect
(Rare Effect) +12% Enhance Skill Rune Effect
(Legendary Effect) +20% Enhance Skill Rune Effect",[15-30]% Skill Rune Cooldown Dampening,+[20-40]% Enhance Skill Rune Effect,+[30-50]% Skill Rune Duration
,Enduring Pain,Increases Armor based on stacks upon taking damage while using this skill. Gains an Enhance buff at Max Stacks,"Spell, Defense Enhance, Toggle, Toggle Effect","15% Resource Cost Amplification
Cooldown 3 s
Gain Pain stacks upon receiving DMG
Max Stacks: 10
+5% Armor per stack
Activates Patience Outburst at Max Stacks
Patience Outburst
Duration 5 s
+50% DMG
Increase Melee DMG by 30% of Last DMG Taken when hit (Max: 100%)
Pain stacks and Patience Outburst effect reset once duration ends
(Magic Effect) +10% Defense Enhance Skill Rune Effect
(Magic Effect) +50% Patience Outburst Max Limit
(Rare Effect) +20% Defense Enhance Skill Rune Effect
(Rare Effect) +100% Patience Outburst Max Limit
(Legendary Effect) +30% Defense Enhance Skill Rune Effect
(Legendary Effect) +1 Skill Rune Duration
(Legendary Effect) +150% Patience Outburst Max Limit","10% Resource Cost Amplification
Cooldown 3 s
Gain Pain stacks upon receiving DMG
Max Stacks: 10
+17.5% Armor per stack
Activates Patience Outburst at Max Stacks
Patience Outburst
Duration 5 s
+50% DMG
Increase Melee DMG by 30% of Last DMG Taken when hit (Max: 100%)
Pain stacks and Patience Outburst effect reset once duration ends
(Magic Effect) +10% Defense Enhance Skill Rune Effect
(Magic Effect) +50% Patience Outburst Max Limit
(Rare Effect) +20% Defense Enhance Skill Rune Effect
(Rare Effect) +100% Patience Outburst Max Limit
(Legendary Effect) +30% Defense Enhance Skill Rune Effect
(Legendary Effect) +1 Skill Rune Duration
(Legendary Effect) +150% Patience Outburst Max Limit","Change Max Pain Stacks to 5
+24.1% Armor per stack
+[5-10]% Defense Enhance Skill Rune Effect",+[50-75]% Defense Enhance Skill Rune Duration,"+[10-30]% Defense Enhance Skill Rune Effect
Gain the following effect for 5 s upon Patience Outburst
+100% Armor
20% Dodge Rate Decrease
-10 Block Expertise"
,Teleport,Teleports forward. Temporarily increases Element Resist after teleporting,"Spell, Duration, Movement","Mana Cost 4
Cooldown 6 s
+1 Max Use Count
Gain Distort Space for 1 s upon use
+16 Element Resist
Shares Cooldowns between Movement Skills
(Magic Effect) +10% Distort Space Effect
(Rare Effect) +24% Distort Space Effect
(Legendary Effect) +37% Distort Space Effect","Mana Cost 17.6
Cooldown 6 s
+1 Max Use Count
Gain Distort Space for 1 s upon use
+59 Element Resist
Shares Cooldowns between Movement Skills
(Magic Effect) +10% Distort Space Effect
(Rare Effect) +24% Distort Space Effect
(Legendary Effect) +37% Distort Space Effect","-[50-60]% Movement Skill Rune Resource Cost
+[10-20]% Skill Rune Duration","+[20-30]% Distort Space Effect
+[5-10]% Movement Skill Rune Cooldown Recovery Speed","+2 Max Use Count
[5-10]% Skill Rune Cooldown Amplification"
,Weaken DMG Totem,Summons a Totem that Dampens enemy DMG,"Spell, Totem","Mana Cost 20
Cooldown 10 s
Summon Duration 10 s
Install Count 1
Max Install Count 1
Totem Range 400
Applied as Vulnerable effect
5% DMG Dampening
(Magic Effect) +8% Totem Effect
(Rare Effect) +16% Totem Effect
(Rare Effect) +10% Totem Effect Range
(Legendary Effect) +28% Totem Effect
(Legendary Effect) +20% Totem Effect Range","Mana Cost 60.8
Cooldown 10 s
Summon Duration 10 s
Install Count 1
Max Install Count 1
Totem Range 400
Applied as Vulnerable effect
15.5% DMG Dampening
(Magic Effect) +8% Totem Effect
(Rare Effect) +16% Totem Effect
(Rare Effect) +10% Totem Effect Range
(Legendary Effect) +28% Totem Effect
(Legendary Effect) +20% Totem Effect Range","+[10-15]% Totem Duration
Add Aura Effect
[7-12]% DMG Dampening","Amplifies Totem Max HP by [5-10]%
+[10-15]% Totem Duration
Upon installing Totem, Totem takes [6-10]% of DMG Taken instead for 10 s","Totem regenerates [3-5]% of Max HP per Sec
Upon installing Totem, [80-90]% DMG Taken by Totem Dampening for 3 s"
,Seal of Condensed Destruction,Increases Target's Physical DMG,"Spell, Attack Seal, Toggle","20% Resource Cost Amplification
Cooldown 3 s
Affects yourself
Max Attack Seal Activation Count 0
+30% Physical DMG
(Rare Effect) +10% Aura and Seal Effect
(Legendary Effect) +25% Aura and Seal Effect","20% Resource Cost Amplification
Cooldown 3 s
Affects yourself
Max Attack Seal Activation Count 0
+263% Physical DMG
(Rare Effect) +10% Aura and Seal Effect
(Legendary Effect) +25% Aura and Seal Effect","Change to Rapid Seal Skill
Duration 5 s
+165% Physical DMG
Cooldown 20 s
Cost 44 Mana
Add Rapid Seal, Duration tags
Remove Toggle tag
Not affected by Active Seal Count Limit
Shares Cooldowns between Rapid Seal Skills.
Not affected by Enhance Skill Rune Effect
Change Legendary effect to the following effect
+25% Rapid Seal Skill Rune Effect
+[10-25]% Seal Skill Rune Cooldown Recovery Speed
10% Rapid Seal Effect Dampening","Change to Aura
Affects yourself and allies
Max Attack Seal Activation Count 0
Aura Radius 250
+165% Physical DMG
+25% Aura and Seal Effect
20% Aura and Seal Effect Dampening
+[60-100]% Aura Range",+[10-60]% Aura and Seal Effect
,Seal of Condensed Elements,Increases Target's Element DMG,"Spell, Attack Seal, Toggle","20% Resource Cost Amplification
Cooldown 3 s
Affects yourself
Max Attack Seal Activation Count 0
+30% Element DMG
(Rare Effect) +10% Aura and Seal Effect
(Legendary Effect) +25% Aura and Seal Effect","20% Resource Cost Amplification
Cooldown 3 s
Affects yourself
Max Attack Seal Activation Count 0
+263% Element DMG
(Rare Effect) +10% Aura and Seal Effect
(Legendary Effect) +25% Aura and Seal Effect","Change to Rapid Seal Skill
Duration 5 s
+165% Element DMG
Cooldown 20 s
Cost 44 Mana
Add Rapid Seal, Duration tags
Remove Toggle tag
Not affected by Active Seal Count Limit
Shares Cooldowns between Rapid Seal Skills.
Not affected by Enhance Skill Rune Effect
Change Legendary effect to the following effect
+25% Rapid Seal Skill Rune Effect
+[10-25]% Seal Skill Rune Cooldown Recovery Speed
10% Rapid Seal Effect Dampening","Change to Aura
Affects yourself and allies
Max Attack Seal Activation Count 0
Aura Radius 250
+165% Element DMG
+25% Aura and Seal Effect
20% Aura and Seal Effect Dampening
+[60-100]% Aura Range",+[10-60]% Aura and Seal Effect
,Seal of Accuracy,Increases Target's Hit Rate,"Spell, Attack Seal, Toggle","20% Resource Cost Amplification
Cooldown 3 s
Affects yourself
Max Attack Seal Activation Count 0
+60% Hit Rate
3% DMG Amplification
(Rare Effect) +10% Aura and Seal Effect
(Legendary Effect) +25% Aura and Seal Effect","20% Resource Cost Amplification
Cooldown 3 s
Affects yourself
Max Attack Seal Activation Count 0
+269.7% Hit Rate
3% DMG Amplification
(Rare Effect) +10% Aura and Seal Effect
(Legendary Effect) +25% Aura and Seal Effect","Change to Rapid Seal Skill
Duration 5 s
+176.6% Hit Rate
3% DMG Amplification
Cooldown 20 s
Cost 44 Mana
Add Rapid Seal, Duration tags
Remove Toggle tag
Not affected by Active Seal Count Limit
Shares Cooldowns between Rapid Seal Skills.
Not affected by Enhance Skill Rune Effect
Change Legendary effect to the following effect
+25% Rapid Seal Skill Rune Effect
+[10-25]% Seal Skill Rune Cooldown Recovery Speed
10% Rapid Seal Effect Dampening","Change to Aura
Affects yourself and allies
Max Attack Seal Activation Count 0
Aura Radius 250
+176.6% Hit Rate
+25% Aura and Seal Effect
20% Aura and Seal Effect Dampening
+[60-100]% Aura Range",+[120-150]% Hit Rate for 2 s on Attack miss (Cooldown: 5 s)
,Seal of Dodge,Increases Target's Dodge Rate,"Spell, Defense Seal, Toggle","15% Resource Cost Amplification
Cooldown 3 s
Affects yourself
Max Defense Seal Activation Count 0
+35% Dodge Rate
+3% Max Attack Dodge Chance
+3% Max Spell Dodge Chance
(Rare Effect) +10% Aura and Seal Effect
(Legendary Effect) +25% Aura and Seal Effect","15% Resource Cost Amplification
Cooldown 3 s
Affects yourself
Max Defense Seal Activation Count 0
+152% Dodge Rate
+3% Max Attack Dodge Chance
+3% Max Spell Dodge Chance
(Rare Effect) +10% Aura and Seal Effect
(Legendary Effect) +25% Aura and Seal Effect","Change to Rapid Seal Skill
Duration 5 s
+122% Dodge Rate
+3% Max Attack Dodge Chance
+3% Max Spell Dodge Chance
Cooldown 20 s
Cost 44 Mana
Add Rapid Seal, Duration tags
Remove Toggle tag
Not affected by Active Seal Count Limit
Shares Cooldowns between Rapid Seal Skills.
Not affected by Enhance Skill Rune Effect
Change Legendary effect to the following effect
+25% Rapid Seal Skill Rune Effect
+[10-25]% Seal Skill Rune Cooldown Recovery Speed
10% Rapid Seal Effect Dampening","Change to Aura
Affects yourself and allies
Max Defense Seal Activation Count 0
Aura Radius 250
+122% Dodge Rate
+25% Aura and Seal Effect
20% Aura and Seal Effect Dampening
+[60-100]% Aura Range",Add +5% Perfect Dodge effect upon Seal Activation
,Seal of Defense,Increases Target's Armor,"Spell, Defense Seal, Toggle","15% Resource Cost Amplification
Cooldown 3 s
Affects yourself
Max Defense Seal Activation Count 0
+30% Armor
+3% Armor DMG Decrease Limit
(Rare Effect) +10% Aura and Seal Effect
(Legendary Effect) +25% Aura and Seal Effect","15% Resource Cost Amplification
Cooldown 3 s
Affects yourself
Max Defense Seal Activation Count 0
+128% Armor
+3% Armor DMG Decrease Limit
(Rare Effect) +10% Aura and Seal Effect
(Legendary Effect) +25% Aura and Seal Effect","Change to Rapid Seal Skill
Duration 5 s
+102.5% Armor
+3% Armor DMG Decrease Limit
Cooldown 20 s
Cost 44 Mana
Add Rapid Seal, Duration tags
Remove Toggle tag
Not affected by Active Seal Count Limit
Shares Cooldowns between Rapid Seal Skills.
Not affected by Enhance Skill Rune Effect
Change Legendary effect to the following effect
+25% Rapid Seal Skill Rune Effect
+[10-25]% Seal Skill Rune Cooldown Recovery Speed
10% Rapid Seal Effect Dampening","Change to Aura
Affects yourself and allies
Max Defense Seal Activation Count 0
Aura Radius 250
+102.5% Armor
+25% Aura and Seal Effect
20% Aura and Seal Effect Dampening
+[60-100]% Aura Range",Add [3-6]% Armor Amplification effect upon Seal Activation
,Seal of Element Resist,Increases Target's Element Resist for all Elements,"Spell, Defense Seal, Toggle","15% Resource Cost Amplification
Cooldown 3 s
Affects yourself
Max Defense Seal Activation Count 0
+8 Element Resist
(Rare Effect) +10% Aura and Seal Effect
(Legendary Effect) +25% Aura and Seal Effect","15% Resource Cost Amplification
Cooldown 3 s
Affects yourself
Max Defense Seal Activation Count 0
+25 Element Resist
(Rare Effect) +10% Aura and Seal Effect
(Legendary Effect) +25% Aura and Seal Effect","Change to Rapid Seal Skill
Duration 5 s
+20 Element Resist
Cooldown 20 s
Cost 44 Mana
Add Rapid Seal, Duration tags
Remove Toggle tag
Not affected by Active Seal Count Limit
Shares Cooldowns between Rapid Seal Skills.
Not affected by Enhance Skill Rune Effect
Change Legendary effect to the following effect
+25% Rapid Seal Skill Rune Effect
+[10-25]% Seal Skill Rune Cooldown Recovery Speed
10% Rapid Seal Effect Dampening","Change to Aura
Affects yourself and allies
Max Defense Seal Activation Count 0
Aura Radius 250
+20 Element Resist
+25% Aura and Seal Effect
20% Aura and Seal Effect Dampening
+[60-100]% Aura Range",+[35-50]% Aura and Seal Effect
,Seal of Critical Chance,Increases Target's Critical Chance,"Spell, Attack Seal, Toggle","15% Resource Cost Amplification
Cooldown 3 s
Affects yourself
Max Attack Seal Activation Count 0
+50% Critical Rate
+3% Critical Chance
(Rare Effect) +10% Aura and Seal Effect
(Legendary Effect) +25% Aura and Seal Effect","15% Resource Cost Amplification
Cooldown 3 s
Affects yourself
Max Attack Seal Activation Count 0
+242.7% Critical Rate
+3% Critical Chance
(Rare Effect) +10% Aura and Seal Effect
(Legendary Effect) +25% Aura and Seal Effect","Change to Rapid Seal Skill
Duration 5 s
+157% Critical Rate
+3% Critical Chance
Cooldown 20 s
Cost 44 Mana
Add Rapid Seal, Duration tags
Remove Toggle tag
Not affected by Active Seal Count Limit
Shares Cooldowns between Rapid Seal Skills.
Not affected by Enhance Skill Rune Effect
Change Legendary effect to the following effect
+25% Rapid Seal Skill Rune Effect
+[10-25]% Seal Skill Rune Cooldown Recovery Speed
10% Rapid Seal Effect Dampening","Change to Aura
Affects yourself and allies
Max Attack Seal Activation Count 0
Aura Radius 250
+157% Critical Rate
+25% Aura and Seal Effect
20% Aura and Seal Effect Dampening
+[60-100]% Aura Range",+[150-180]% Critical Rate for 2 s on non-critical hit (Cooldown: 5 s)
,Seal of Physical Domain,Decreases Target's Physical DMG Taken,"Spell, Defense Seal, Toggle","15% Resource Cost Amplification
Cooldown 3 s
Affects yourself
Max Defense Seal Activation Count 0
7.5% Physical DMG Taken Dampening
(Legendary Effect) +25% Aura and Seal Effect","15% Resource Cost Amplification
Cooldown 3 s
Affects yourself
Max Defense Seal Activation Count 0
16.2% Physical DMG Taken Dampening
(Legendary Effect) +25% Aura and Seal Effect","Change to Rapid Seal Skill
Duration 5 s
12.3% Physical DMG Taken Dampening
Cooldown 20 s
Cost 44 Mana
Add Rapid Seal, Duration tags
Remove Toggle tag
Not affected by Active Seal Count Limit
Shares Cooldowns between Rapid Seal Skills.
Not affected by Enhance Skill Rune Effect
Change Legendary effect to the following effect
+25% Rapid Seal Skill Rune Effect
+[10-25]% Seal Skill Rune Cooldown Recovery Speed
10% Rapid Seal Effect Dampening","Change to Aura
Affects yourself and allies
Max Defense Seal Activation Count 0
Aura Radius 250
12.3% Physical DMG Taken Dampening
+25% Aura and Seal Effect
20% Aura and Seal Effect Dampening
+[60-100]% Aura Range",+[25-40]% Aura and Seal Effect
,Seal of Elemental Domain,Decreases Target's Element DMG Taken,"Spell, Defense Seal, Toggle","15% Resource Cost Amplification
Cooldown 3 s
Affects yourself
Max Defense Seal Activation Count 0
7.5% Element DMG Taken Dampening
(Legendary Effect) +25% Aura and Seal Effect","15% Resource Cost Amplification
Cooldown 3 s
Affects yourself
Max Defense Seal Activation Count 0
16.2% Element DMG Taken Dampening
(Legendary Effect) +25% Aura and Seal Effect","Change to Rapid Seal Skill
Duration 5 s
12.3% Element DMG Taken Dampening
Cooldown 20 s
Cost 44 Mana
Add Rapid Seal, Duration tags
Remove Toggle tag
Not affected by Active Seal Count Limit
Shares Cooldowns between Rapid Seal Skills.
Not affected by Enhance Skill Rune Effect
Change Legendary effect to the following effect
+25% Rapid Seal Skill Rune Effect
+[10-25]% Seal Skill Rune Cooldown Recovery Speed
10% Rapid Seal Effect Dampening","Change to Aura
Affects yourself and allies
Max Defense Seal Activation Count 0
Aura Radius 250
12.3% Element DMG Taken Dampening
+25% Aura and Seal Effect
20% Aura and Seal Effect Dampening
+[60-100]% Aura Range",+[25-40]% Aura and Seal Effect
,Seal of Chaos Resist,Increases Target's Chaos Resist,"Spell, Defense Seal, Toggle","15% Resource Cost Amplification
Cooldown 3 s
Affects yourself
Max Defense Seal Activation Count 0
+15 Chaos Resist
(Legendary Effect) +25% Aura and Seal Effect","15% Resource Cost Amplification
Cooldown 3 s
Affects yourself
Max Defense Seal Activation Count 0
+43 Chaos Resist
(Legendary Effect) +25% Aura and Seal Effect","Change to Rapid Seal Skill
Duration 5 s
+31 Chaos Resist
Cooldown 25 s
Cost 72.3 Mana
Add Rapid Seal, Duration tags
Remove Toggle tag
Not affected by Active Seal Count Limit
Shares Cooldowns between Rapid Seal Skills.
Not affected by Enhance Skill Rune Effect
Change Legendary effect to the following effect
+25% Rapid Seal Skill Rune Effect
+[10-25]% Seal Skill Rune Cooldown Recovery Speed
15% Rapid Seal Effect Dampening","Change to Aura
Affects yourself and allies
Max Defense Seal Activation Count 0
Aura Radius 250
+31 Chaos Resist
+25% Aura and Seal Effect
30% Aura and Seal Effect Dampening
+[60-100]% Aura Range",-[15-5]% Resource Cost Amplification
,Seal of Pain,Amplifies Target's DoT,"Spell, Attack Seal, Toggle","20% Resource Cost Amplification
Cooldown 3 s
Affects yourself
Max Attack Seal Activation Count 0
5.2% DoT Amplification
(Legendary Effect) +25% Aura and Seal Effect","20% Resource Cost Amplification
Cooldown 3 s
Affects yourself
Max Attack Seal Activation Count 0
15.7% DoT Amplification
(Legendary Effect) +25% Aura and Seal Effect","Change to Rapid Seal Skill
Duration 5 s
11.2% DoT Amplification
Cooldown 25 s
Cost 72.3 Mana
Add Rapid Seal, Duration tags
Remove Toggle tag
Not affected by Active Seal Count Limit
Shares Cooldowns between Rapid Seal Skills.
Not affected by Enhance Skill Rune Effect
Change Legendary effect to the following effect
+25% Rapid Seal Skill Rune Effect
+[10-25]% Seal Skill Rune Cooldown Recovery Speed
25% Rapid Seal Effect Dampening","Change to Aura
Affects yourself and allies
Max Attack Seal Activation Count 0
Aura Radius 250
11.2% DoT Amplification
+25% Aura and Seal Effect
30% Aura and Seal Effect Dampening
+[60-100]% Aura Range",-[15-5]% Resource Cost Amplification
,Seal of Striking,Amplifies Target's Strike DMG,"Spell, Attack Seal, Toggle","20% Resource Cost Amplification
Cooldown 3 s
Affects yourself
Max Attack Seal Activation Count 0
5.2% Strike DMG Amplification
(Legendary Effect) +25% Aura and Seal Effect","20% Resource Cost Amplification
Cooldown 3 s
Affects yourself
Max Attack Seal Activation Count 0
15.7% Strike DMG Amplification
(Legendary Effect) +25% Aura and Seal Effect","Change to Rapid Seal Skill
Duration 5 s
11.2% Strike DMG Amplification
Cooldown 25 s
Cost 72.3 Mana
Add Rapid Seal, Duration tags
Remove Toggle tag
Not affected by Active Seal Count Limit
Shares Cooldowns between Rapid Seal Skills.
Not affected by Enhance Skill Rune Effect
Change Legendary effect to the following effect
+25% Rapid Seal Skill Rune Effect
+[10-25]% Seal Skill Rune Cooldown Recovery Speed
25% Rapid Seal Effect Dampening","Change to Aura
Affects yourself and allies
Max Attack Seal Activation Count 0
Aura Radius 250
11.2% Strike DMG Amplification
+25% Aura and Seal Effect
30% Aura and Seal Effect Dampening
+[60-100]% Aura Range",-[15-5]% Resource Cost Amplification
,Enchanted Sentry,Amplifies the DMG of nearby Sentries based on the number of stacks while Channeling,"Spell, Channel","Mana Cost 10
Triggers Immediately
Sentry Effect when channeling
Max Stacks 3
10% Sentry DMG Amplification per stack
Caster Effect when channeling
Max Stacks 3
10% DMG Taken Amplification per stack on Caster
(Magic Effect) +5% Skill Rune Effect
(Magic Effect) +1 Max Enchanted Sentry Stacks
(Rare Effect) +10% Skill Rune Effect
(Rare Effect) +2 Max Enchanted Sentry Stacks
(Legendary Effect) +15% Skill Rune Effect
(Legendary Effect) +3 Max Enchanted Sentry Stacks","Mana Cost 27
Triggers Immediately
Sentry Effect when channeling
Max Stacks 3
32% Sentry DMG Amplification per stack
Caster Effect when channeling
Max Stacks 3
10% DMG Taken Amplification per stack on Caster
(Magic Effect) +5% Skill Rune Effect
(Magic Effect) +1 Max Enchanted Sentry Stacks
(Rare Effect) +10% Skill Rune Effect
(Rare Effect) +2 Max Enchanted Sentry Stacks
(Legendary Effect) +15% Skill Rune Effect
(Legendary Effect) +3 Max Enchanted Sentry Stacks","+[10-30]% Skill Rune Effect
10% Sentry Attack Speed Amplification per stack","10% Caster's DMG Taken Dampening per stack
-[30-10]% Skill Rune Effect
Changes Caster's DMG Taken Amplification effect to DMG Taken Dampening effect per stack","+[10-30]% Skill Rune Effect
Gain Regeneration while channeling
( 1% Max HP Regen/Sec, 0.4% Max Mana Regen/Sec )"
,Sentry Expert,Changes Sentry Stats according to the situation,"Spell, Defense Enhance, Attack Enhance, Toggle, Toggle Effect","15% Resource Cost Amplification
Cooldown 5 s
Effect Range 1600
Upon switching to Attack Sentry
+75% Sentry DMG
+24% Sentry Attack Speed
Upon switching to Defense Sentry
Dramatically Increases Sentry Perception Range
-32% Sentry Attack Speed
(Magic Effect) +15% Aura Range
(Magic Effect) 10% Skill Rune Cooldown Dampening
(Rare Effect) +30% Aura Range
(Rare Effect) 30% Skill Rune Cooldown Dampening
(Legendary Effect) +45% Aura Range
(Legendary Effect) 50% Skill Rune Cooldown Dampening","15% Resource Cost Amplification
Cooldown 5 s
Effect Range 1600
Upon switching to Attack Sentry
+157.5% Sentry DMG
+50.4% Sentry Attack Speed
Upon switching to Defense Sentry
Dramatically Increases Sentry Perception Range
-23.2% Sentry Attack Speed
(Magic Effect) +15% Aura Range
(Magic Effect) 10% Skill Rune Cooldown Dampening
(Rare Effect) +30% Aura Range
(Rare Effect) 30% Skill Rune Cooldown Dampening
(Legendary Effect) +45% Aura Range
(Legendary Effect) 50% Skill Rune Cooldown Dampening",[5-15]% DMG Taken by Sentry Dampening on using Attack Toggle,"[15-30]% Resource Cost Amplification
+1 Max Sentry Summon Count",[5-15]% chance for Sentry to deal double maximized DMG on using Defense Toggle
,Seal of Crowd Control Dodge,Increases Crowd Control Dodge Chance of target.,"Spell, Defense Seal, Toggle","15% Resource Cost Amplification
Cooldown 3 s
Affects yourself
Max Defense Seal Activation Count 0
+10% Crowd Control Dodge Chance
(Rare Effect) +10% Aura and Seal Effect
(Legendary Effect) +25% Aura and Seal Effect","15% Resource Cost Amplification
Cooldown 3 s
Affects yourself
Max Defense Seal Activation Count 0
+37.3% Crowd Control Dodge Chance
(Rare Effect) +10% Aura and Seal Effect
(Legendary Effect) +25% Aura and Seal Effect","Change to Rapid Seal Skill
Duration 5 s
+30.3% Crowd Control Dodge Chance
Cooldown 20 s
Cost 44 Mana
Add Rapid Seal, Duration tags
Remove Toggle tag
Not affected by Active Seal Count Limit
Shares Cooldowns between Rapid Seal Skills.
Not affected by Enhance Skill Rune Effect
Change Legendary effect to the following effect
+25% Rapid Seal Skill Rune Effect
+[10-25]% Seal Skill Rune Cooldown Recovery Speed
10% Rapid Seal Effect Dampening","Change to Aura
Affects yourself and allies
Max Defense Seal Activation Count 0
Aura Radius 250
+30.3% Crowd Control Dodge Chance
+25% Aura and Seal Effect
20% Aura and Seal Effect Dampening
+[60-100]% Aura Range","-[10-3]% Resource Cost Amplification
Immune to Crowd Control for 5 s when hitting a Crowd Controlled enemy (Cooldown: 10 s)"
,Summon Twisted Abyssling,"Twisted Abyssling has the Attack, Strike, Area of Effect, Physical, Melee tags.
Summons an Abyssling that charges toward the enemy and explodes.
Has a maintenance cost upon summoning","Spell, Minion, Abyssling","Mana Cost 12
Cooldown 0.3 s
Physical Element
Summon Level 1
Summon Count 1
Max Summon Count 2
Summon Duration 10 s
Abyssling Explosion Range 350
Abyssling Explosion Attack DMG 250%
2% DMG Amplification per 0.1 excess Attack Speed upon exceeding 1 Abyssling Attack Speed
+1 Minion Critical Rate
+0.5% Abyssling HP
(Magic Effect) +15% Abyssling HP
(Magic Effect) +10% Minion Area of Effect
(Magic Effect) 10% Abyssling Movement Speed increase
(Rare Effect) +35% Abyssling HP
(Rare Effect) +20% Minion Area of Effect
(Rare Effect) 15% Abyssling DMG Amplification
(Rare Effect) 20% Abyssling Movement Speed increase
(Legendary Effect) +70% Abyssling HP
(Legendary Effect) +30% Minion Area of Effect
(Legendary Effect) 30% Abyssling DMG Amplification
(Legendary Effect) 30% Abyssling Movement Speed increase","Mana Cost 46
Cooldown 0.3 s
Physical Element
Summon Level 110
Summon Count 1
Max Summon Count 2
Summon Duration 54 s
Abyssling Explosion Range 350
Abyssling Explosion Attack DMG 328%
2% DMG Amplification per 0.1 excess Attack Speed upon exceeding 1 Abyssling Attack Speed
+19 Minion Critical Rate
+56.8% Abyssling HP
(Magic Effect) +15% Abyssling HP
(Magic Effect) +10% Minion Area of Effect
(Magic Effect) 10% Abyssling Movement Speed increase
(Rare Effect) +35% Abyssling HP
(Rare Effect) +20% Minion Area of Effect
(Rare Effect) 15% Abyssling DMG Amplification
(Rare Effect) 20% Abyssling Movement Speed increase
(Legendary Effect) +70% Abyssling HP
(Legendary Effect) +30% Minion Area of Effect
(Legendary Effect) 30% Abyssling DMG Amplification
(Legendary Effect) 30% Abyssling Movement Speed increase","Simultaneously summons Abysslings equal to Max Minion Count
[40-80]% Skill Rune Cooldown Amplification","+2% DMG per 1% remaining HP of Twisted Abyssling (Max: + 200%)
+[25-30]% Abyssling Armor Penetration","+[15-30]% Minion Overpower Effect
Gain Minion Overpower upon summoning Abyssling
( Main Element DMG +25-45, Armor Penetration +5%, Element Penetration +5% )"
,Freeze Arrow,Fires multiple arrows that freeze the enemy to deal damage and cause an additional Cold Explosion upon inflicting Freeze,"Attack, Area of Effect, Strike, Cold, Projectile, Bow, Overheat, ShadowCannot use Parallel Shot, Cannot Split","Mana Cost 4
Triggers Immediately
40 Overheat Accumulation
Cold Element
Cold DMG +59
Arrows: 3
Projectile Speed 3000
Freeze Arrow Cold DMG 100%
8% DMG Dampening when hitting the same target repeatedly
+15 Freeze Rate
For every Freeze applied by Freeze Arrow
100% chance to cast Cold Explosion after 0.3 s
Cold Explosion Range 200
Cold Explosion Cold DMG 105%
+20 Freeze Rate against Chilled Enemies
Removes Freeze upon Cold Explosion
(Magic Effect) +50% Area DMG
(Magic Effect) +10% Strike DMG Multiplier
(Rare Effect) +100% Area DMG
(Rare Effect) +10% Cold Penetration
(Rare Effect) +1 Projectile Count
(Rare Effect) +15% Strike DMG Multiplier
(Legendary Effect) +150% Area DMG
(Legendary Effect) +20% Cold Penetration
(Legendary Effect) +2 Projectile Count
(Legendary Effect) +30% Strike DMG Multiplier","Mana Cost 21
Triggers Immediately
40 Overheat Accumulation
Cold Element
Cold DMG +452
Arrows: 3
Projectile Speed 3000
Freeze Arrow Cold DMG 198%
8% DMG Dampening when hitting the same target repeatedly
+15 Freeze Rate
For every Freeze applied by Freeze Arrow
100% chance to cast Cold Explosion after 0.3 s
Cold Explosion Range 200
Cold Explosion Cold DMG 276%
+20 Freeze Rate against Chilled Enemies
Removes Freeze upon Cold Explosion
(Magic Effect) +50% Area DMG
(Magic Effect) +10% Strike DMG Multiplier
(Rare Effect) +100% Area DMG
(Rare Effect) +10% Cold Penetration
(Rare Effect) +1 Projectile Count
(Rare Effect) +15% Strike DMG Multiplier
(Legendary Effect) +150% Area DMG
(Legendary Effect) +20% Cold Penetration
(Legendary Effect) +2 Projectile Count
(Legendary Effect) +30% Strike DMG Multiplier","+2 Projectile Count
-[5-3]% DMG Dampening Decrease upon hitting the same target repeatedly","Projectile Return
+1 Pierce Count
Projectile Return DMG [60-70]% Dampening","[5-10]% Area DMG Dampening
[10-15]% Projectile DMG Amplification
Triggers Cold Explosion upon inflicting Chill"
,Agile Movement,Gains an effect that amplifies Dodge Rate and dampens DMG Taken while dampening Armor during skill duration.,"Spell, Defense Enhance, Duration","Mana Cost 17
Cooldown 30 s
Duration 3 s
30% Caster Armor Dampening
15% DMG Taken Dampening
90% Dodge Rate Amplification
Shares Cooldowns between Defense Enhance Skills
(Magic Effect) +6% Enhance Skill Rune Effect
(Rare Effect) +12% Enhance Skill Rune Effect
(Legendary Effect) +18% Enhance Skill Rune Effect","Mana Cost 44.2
Cooldown 30 s
Duration 3 s
30% Caster Armor Dampening
26.6% DMG Taken Dampening
171% Dodge Rate Amplification
Shares Cooldowns between Defense Enhance Skills
(Magic Effect) +6% Enhance Skill Rune Effect
(Rare Effect) +12% Enhance Skill Rune Effect
(Legendary Effect) +18% Enhance Skill Rune Effect",+[30-50]% Skill Rune Duration,[15-30]% Resource Cost Dampening,[15-30]% Skill Rune Cooldown Dampening
,Pantheon,Enhances your Barrier to greatly increase Barrier Regen,"Spell, Defense Enhance, Duration","Mana Cost 50
Cooldown 30 s
Duration 3 s
Regenerate 5% of Max Barrier per Sec
Shares Cooldowns between Defense Enhance Skills
(Magic Effect) +4% Enhance Skill Rune Effect
(Rare Effect) +10% Enhance Skill Rune Effect
(Legendary Effect) +15% Enhance Skill Rune Effect","Mana Cost 33
Cooldown 30 s
Duration 3 s
Regenerate 9.4% of Max Barrier per Sec
Shares Cooldowns between Defense Enhance Skills
(Magic Effect) +4% Enhance Skill Rune Effect
(Rare Effect) +10% Enhance Skill Rune Effect
(Legendary Effect) +15% Enhance Skill Rune Effect",[5-10]% Barrier Amplification while Pantheon is active,[10-20]% DMG Taken Dampening while Pantheon is active,[10-30]% Movement Speed Increase while Pantheon is active
,Electric Area,Creates an Electric Area that deals Lightning damage in the forward direction. Enemies within range take Lightning damage periodically,"Attack, Area of Effect, Strike, Lightning","Mana Cost 17
Cooldown 25 s
Lightning Element
Duration 7 s
Electric Area Strike Cycle 0.5
Electric Area Range 400
Lightning DMG 98%
Lightning DMG +12
+30% Shock Chance
+1 Max Use Count
(Magic Effect) +20% Area of Effect
(Magic Effect) +40% Lightning DMG
(Magic Effect) +10% Shock Chance
(Rare Effect) +30% Area of Effect
(Rare Effect) +80% Lightning DMG
(Rare Effect) +20% Shock Chance
(Legendary Effect) +40% Area of Effect
(Legendary Effect) +80% Lightning DMG
(Legendary Effect) +30% Shock Chance
(Legendary Effect) 10% Lightning DMG Amplification","Mana Cost 44.2
Cooldown 25 s
Lightning Element
Duration 7 s
Electric Area Strike Cycle 0.5
Electric Area Range 400
Lightning DMG 419%
Lightning DMG +192
+30% Shock Chance
+1 Max Use Count
(Magic Effect) +20% Area of Effect
(Magic Effect) +40% Lightning DMG
(Magic Effect) +10% Shock Chance
(Rare Effect) +30% Area of Effect
(Rare Effect) +80% Lightning DMG
(Rare Effect) +20% Shock Chance
(Legendary Effect) +40% Area of Effect
(Legendary Effect) +80% Lightning DMG
(Legendary Effect) +30% Shock Chance
(Legendary Effect) 10% Lightning DMG Amplification","[25-30]% DMG Amplification
+[5-20]% Skill Rune Cooldown Recovery Speed
-60% Shock Chance","30% chance for target to cast Chain Lightning on every hit
Chain Lightning DMG 60%
Chain Lightning DMG +128
Chain Lightning Shock Chance + 5%
Chain Lightning Chain Count +2
+[10-20]% Shock Effect","Apply the following effects if the caster and allies are within the Electric Area
+[90-120]% Mana Regen/Sec
+[10-20] Element Resist"
,Wheel Slash,Slash the surroundings to deal DoT to the target.,"Attack, Melee, Weapon Range, Strike, DoT, Physical, Shadow","Mana Cost 5
Triggers Immediately
Physical Element
No equipped weapon range
DoT for 4 s to enemies on hit
Max Stacks 5
Physical DoT 75%
Physical DoT +10
Physical DMG 20%
Physical DMG +5
+60% Weapon Range
(Magic Effect) +40% DoT
(Magic Effect) +10% Weapon Range
(Rare Effect) +80% DoT
(Rare Effect) +20% Weapon Range
(Legendary Effect) +80% DoT
(Legendary Effect) +30% Weapon Range
(Legendary Effect) 10% DoT Amplification","Mana Cost 12.2
Triggers Immediately
Physical Element
No equipped weapon range
DoT for 4 s to enemies on hit
Max Stacks 5
Physical DoT 523%
Physical DoT +171
Physical DMG 212%
Physical DMG +60
+60% Weapon Range
(Magic Effect) +40% DoT
(Magic Effect) +10% Weapon Range
(Rare Effect) +80% DoT
(Rare Effect) +20% Weapon Range
(Legendary Effect) +80% DoT
(Legendary Effect) +30% Weapon Range
(Legendary Effect) 10% DoT Amplification","Create Blood Puddle for 2 s upon using Skill
1 DoT stack on enemies within Blood Puddle
Blood Puddle Strike Cycle 1 s
Blood Puddle Creation Cooldown 1 s
Blood Puddle Range 350
+[40-80]% DoT","+[20-30]% DoT Acceleration
+[10-30]% DoT","+2 Max DoT Stacks
+[7-16]% Attack Speed"
,Fire Blow,Slams the ground to deal Fire DMG and create a Fire Pillar.,"Attack, Melee, Area of Effect, Strike, Fire, Blow, ProjectileCannot use Parallel Shot, Cannot Pierce, Cannot Split, Cannot Change Speed","Mana Cost 5
Triggers Immediately
Fire Element
Fire Blow Range 350
Fire Blow DMG 330%
Fire Blow DMG +10
Fire Pillar Count 8
Fire Pillar Explosion Range 250
Fire Pillar DMG 75%
Fire Pillar DMG +10
15% DMG Dampening per Fire Pillar Chain
Fire Pillar gains the Projectile tag.
Can be applied to Chain Count and number of Projectile except Link Rune
(Rare Effect) +80% Fire DMG
(Rare Effect) +20% Area of Effect
(Rare Effect) 2% Fire DMG Amplification
(Legendary Effect) +100% Fire DMG
(Legendary Effect) +30% Area of Effect
(Legendary Effect) 7% Fire DMG Amplification","Mana Cost 14.5
Triggers Immediately
Fire Element
Fire Blow Range 350
Fire Blow DMG 897%
Fire Blow DMG +316
Fire Pillar Count 8
Fire Pillar Explosion Range 250
Fire Pillar DMG 134%
Fire Pillar DMG +316
15% DMG Dampening per Fire Pillar Chain
Fire Pillar gains the Projectile tag.
Can be applied to Chain Count and number of Projectile except Link Rune
(Rare Effect) +80% Fire DMG
(Rare Effect) +20% Area of Effect
(Rare Effect) 2% Fire DMG Amplification
(Legendary Effect) +100% Fire DMG
(Legendary Effect) +30% Area of Effect
(Legendary Effect) 7% Fire DMG Amplification",[10-15]% chance to deal double Maximized DMG on hit,"Change Fire Pillar Creation Range to 120º
+[20-30]% Area of Effect","+1 Projectile Count
[12-17]% Projectile DMG Amplification"
,Sprint,Sprint very quickly for a short amount of time. Becomes momentarily immune to Crowd Control status effects.,"Attack, Duration, Movement","Mana Cost 6
Cooldown 9 s
Duration 1.5 s
+10 Movement Speed
+20% Armor
Immune to Crowd Control
Ignores collision with enemies when moving
Cannot pass through large monsters
Removes Sprint when channeling
Shares Cooldowns between Movement Skills
(Magic Effect) 10% Movement Speed Increase on using Sprint
(Rare Effect) 20% Movement Speed Increase on using Sprint
(Legendary Effect) 30% Movement Speed Increase on using Sprint","Mana Cost 29.4
Cooldown 9 s
Duration 1.5 s
+28 Movement Speed
+90% Armor
Immune to Crowd Control
Ignores collision with enemies when moving
Cannot pass through large monsters
Removes Sprint when channeling
Shares Cooldowns between Movement Skills
(Magic Effect) 10% Movement Speed Increase on using Sprint
(Rare Effect) 20% Movement Speed Increase on using Sprint
(Legendary Effect) 30% Movement Speed Increase on using Sprint","Immune to all Status Effects until end of duration
+[10-20]% Skill Rune Duration","Create a Gravity Aura on the caster while sprinting
Gravity Aura Range 600
Apply the following effect to caster and friendly targets within Gravity Aura Range
[15-20]% Movement Speed Increase
Apply the following effect to all enemies within Gravity Aura Range
10% Attack Speed Dampening
10% Movement Speed Dampening",+[10-20]% Movement Skill Rune Cooldown Recovery Speed
,Scorching Arrow,Fires a burning arrow. Gains Maintain Position effect on hit and fires an additional arrow based on the number of stacks,"Attack, Strike, Fire, Projectile, Bow, Overheat, ShadowCannot Multishot, Cannot Split, Cannot Chain","Mana Cost 4
Triggers Immediately
40 Overheat Accumulation
Fire Element
Scorching Arrow Speed 6000
Scorching Arrow Pierces All
Scorching Arrow Fire DMG 100%
Scorching Arrow Fire DMG +52
1 Maintain Position stack on Scorching Arrow hit
Remove 1 stack of Maintain Position every 0.2 s while moving
Remove 3 stacks of Maintain Position upon using Movement Skill
Max Maintain Position Stacks 30
Maintain Position Duration 7 s
0.5% DMG Amplification per Maintain Position Stack
+1.2% Attack Speed per Maintain Position Stack
2 additional Arrow Projectile for every 5 Maintain Position stacks
Projectile Speed 6000
Additional Arrow Fire DMG 20%
Additional Arrow Fire DMG +10
5% Additional Arrow DMG Dampening per 5 Maintain Position stacks
Maintain Position is not removed on Movement and on Movement Skill use for 1 s on hit
(Magic Effect) 2% Attack Speed Amplification
(Magic Effect) +20% Projectile DMG
(Rare Effect) 4% Attack Speed Amplification
(Rare Effect) +45% Projectile DMG
(Legendary Effect) 6% Attack Speed Amplification
(Legendary Effect) +70% Projectile DMG
(Legendary Effect) 3% Projectile DMG Amplification","Mana Cost 17.6
Triggers Immediately
40 Overheat Accumulation
Fire Element
Scorching Arrow Speed 6000
Scorching Arrow Pierces All
Scorching Arrow Fire DMG 549%
Scorching Arrow Fire DMG +1139
1 Maintain Position stack on Scorching Arrow hit
Remove 1 stack of Maintain Position every 0.2 s while moving
Remove 3 stacks of Maintain Position upon using Movement Skill
Max Maintain Position Stacks 30
Maintain Position Duration 7 s
0.5% DMG Amplification per Maintain Position Stack
+1.2% Attack Speed per Maintain Position Stack
2 additional Arrow Projectile for every 5 Maintain Position stacks
Projectile Speed 6000
Additional Arrow Fire DMG 135%
Additional Arrow Fire DMG +287
5% Additional Arrow DMG Dampening per 5 Maintain Position stacks
Maintain Position is not removed on Movement and on Movement Skill use for 1 s on hit
(Magic Effect) 2% Attack Speed Amplification
(Magic Effect) +20% Projectile DMG
(Rare Effect) 4% Attack Speed Amplification
(Rare Effect) +45% Projectile DMG
(Legendary Effect) 6% Attack Speed Amplification
(Legendary Effect) +70% Projectile DMG
(Legendary Effect) 3% Projectile DMG Amplification","Maintain Position Stacks +4
+[15-30]% Maintain Position effect","+5 Max Maintain Position Stacks
+[20-50]% Projectile DMG","[0.4-0.7]% DMG Taken Dampening per Maintain Position stack
+[4-8] Fire Penetration"
,Judgment of Light,Deal DMG with Highest Element. Amplify DMG and increase Resource Cost on hit. Buff will reset on using any skills other than Judgment.,"Spell, Area of Effect, Strike, Cold, Poison, Lightning, Fire, Projectile, Cannot Convert DMGCannot Multishot, Cannot use Parallel Shot, Cannot Pierce, Cannot Split, Cannot Chain, Cannot Change Speed","Mana Cost 5
Triggers Immediately
Highest Element DMG
Explosion Range 150
Highest Element DMG 75%
Highest Element DMG +50
Gain Resource Outburst and Judgment of Light Effect for 10 s on hit
Max Resource Outburst Stacks 20
+20% Resource Cost per Resource Outburst stack
Max Judgment of Light Stacks 10
10% DMG Amplification per Judgment of Light stack
+15 Area of Effect per Judgment of Light stack
Dark Judgment stack -2 on hit with 5 or more Dark Judgment and Judgment of Light stacks
Inflict Brilliance effect to Target for 1 s on hit
Add +1 Dark Judgment projectile at the enemy’s location on Dark Judgment hit during Brilliance effect
Resource Outburst, Judgment of Light buff removal on using any skills other than Judgment
-5% Elemental Particle Creation Chance of all skills with skill equipped
(Applied to Zodiac Pirate node Elementalist Zodiac.)
(Rare Effect) +20% Area of Effect
(Rare Effect) +100% DMG
(Legendary Effect) +40% Area of Effect
(Legendary Effect) +150% DMG
(Legendary Effect) 10% Cast Speed Amplification
(Legendary Effect) 10% DMG Amplification","Mana Cost 15.2
Triggers Immediately
Highest Element DMG
Explosion Range 150
Highest Element DMG 432%
Highest Element DMG +1138
Gain Resource Outburst and Judgment of Light Effect for 10 s on hit
Max Resource Outburst Stacks 20
+20% Resource Cost per Resource Outburst stack
Max Judgment of Light Stacks 10
10% DMG Amplification per Judgment of Light stack
+15 Area of Effect per Judgment of Light stack
Dark Judgment stack -2 on hit with 5 or more Dark Judgment and Judgment of Light stacks
Inflict Brilliance effect to Target for 1 s on hit
Add +1 Dark Judgment projectile at the enemy’s location on Dark Judgment hit during Brilliance effect
Resource Outburst, Judgment of Light buff removal on using any skills other than Judgment
-5% Elemental Particle Creation Chance of all skills with skill equipped
(Applied to Zodiac Pirate node Elementalist Zodiac.)
(Rare Effect) +20% Area of Effect
(Rare Effect) +100% DMG
(Legendary Effect) +40% Area of Effect
(Legendary Effect) +150% DMG
(Legendary Effect) 10% Cast Speed Amplification
(Legendary Effect) 10% DMG Amplification",[13-15]% chance to deal double Maximized DMG on hit,Regen [0.5-1]% of Max Mana/Sec for every removed buff for 2 s when removing Resource Outburst,"Judgment of Light effect cannot be removed upon different skill use
[5-15]% Resource Cost Dampening"
,Lightning Arrow,Fires arrows in a row and deals Lightning Damage to enemy. Obtain Lightning Energy at a certain chance on hit and gain effect proportionate to Lightning Energy stack.,"Attack, Strike, Lightning, Projectile, Bow, Overheat, Shadow","Mana Cost 5
Triggers Immediately
40 Overheat Accumulation
Lightning Element
Projectile Count 5
Projectile Speed 3000
Lightning DMG 495%
Lightning DMG +8
50% Lightning Energy Debuff Effect Reduction
+10% Shock Chance
25% chance to charge 1 Lightning Energy on hit
4% DMG Amplification per Lightning Energy stack
+4.2% Attack Speed per Lightning Energy stack
(Magic Effect) +30% Lightning DMG
(Magic Effect) 5% DMG Amplification against Shocked enemies
(Rare Effect) +60% Lightning DMG
(Rare Effect) 10% DMG Amplification against Shocked enemies
(Rare Effect) +2 Projectile Count
(Legendary Effect) +100% Lightning DMG
(Legendary Effect) 15% DMG Amplification against Shocked enemies
(Legendary Effect) +2 Projectile Count","Mana Cost 17.1
Triggers Immediately
40 Overheat Accumulation
Lightning Element
Projectile Count 5
Projectile Speed 3000
Lightning DMG 939%
Lightning DMG +229
50% Lightning Energy Debuff Effect Reduction
+10% Shock Chance
25% chance to charge 1 Lightning Energy on hit
4% DMG Amplification per Lightning Energy stack
+4.2% Attack Speed per Lightning Energy stack
(Magic Effect) +30% Lightning DMG
(Magic Effect) 5% DMG Amplification against Shocked enemies
(Rare Effect) +60% Lightning DMG
(Rare Effect) 10% DMG Amplification against Shocked enemies
(Rare Effect) +2 Projectile Count
(Legendary Effect) +100% Lightning DMG
(Legendary Effect) 15% DMG Amplification against Shocked enemies
(Legendary Effect) +2 Projectile Count","1 Projectile Curve
+1 Pierce Count
[30-40]% Projectile DMG Dampening
Projectile count for every 3 Lightning Energy: 2","Gain Lightning Penetration Link Rune Effect
+[17-20] Lightning Penetration
+[40-52]% Lightning DMG
Cannot link Lightning Penetration Link Rune","Gain Lightning Barrier for 10 s upon Skill use
60% chance to charge 1 Lightning Energy upon being hit while under Lightning Barrier (Cooldown: 1 s)
[1.5-4]% Damage Taken Dampening for every Lightning Energy while under Lightning Barrier (Max: 25%)"
,Absorb Energy,Consumes all Energy to increase stats identical to the effect(s) of consumed Energy for the duration,"Spell, Attack Enhance, Duration","Mana Cost 25
Cooldown 30 s
Duration 3 s
Consume all Energy
3% Physical DMG Taken Decrease per Earth Energy consumed
5.1% Physical DMG Amplification per Earth Energy consumed
20% DMG per consumed Fire Energy count
5.1% Fire DMG Amplification per Fire Energy consumed
3% Decreases Element DMG Taken per consumed number of Cold Energy count
5.1% Cold DMG Amplification per Cold Energy consumed
+6 Status Effect Rate per Lightning Energy consumed
5.1% Lightning DMG Amplification per Lightning Energy consumed
6% Attack Speed per consumed Poison Energy count
6% Cast Speed per consumed Poison Energy count
5.1% Poison DMG Amplification per Poison Energy consumed
Cannot Gain Energy during this effect
Shares Cooldowns between Attack Enhance Skills
(Rare Effect) +10% Enhance Skill Rune Effect
(Legendary Effect) +15% Enhance Skill Rune Effect","Mana Cost 52.2
Cooldown 30 s
Duration 3 s
Consume all Energy
3% Physical DMG Taken Decrease per Earth Energy consumed
8.2% Physical DMG Amplification per Earth Energy consumed
20% DMG per consumed Fire Energy count
8.2% Fire DMG Amplification per Fire Energy consumed
3% Decreases Element DMG Taken per consumed number of Cold Energy count
8.2% Cold DMG Amplification per Cold Energy consumed
+6 Status Effect Rate per Lightning Energy consumed
8.2% Lightning DMG Amplification per Lightning Energy consumed
6% Attack Speed per consumed Poison Energy count
6% Cast Speed per consumed Poison Energy count
8.2% Poison DMG Amplification per Poison Energy consumed
Cannot Gain Energy during this effect
Shares Cooldowns between Attack Enhance Skills
(Rare Effect) +10% Enhance Skill Rune Effect
(Legendary Effect) +15% Enhance Skill Rune Effect",+[30-50]% Enhance Skill Rune Duration,+[10-20]% Enhance Skill Rune Effect,"-[30-40]% Enhance Skill Rune Resource Cost
+[5-10]% Enhance Skill Rune Cooldown Recovery Speed"
,Lightning Wave,"Use all Lightning Energy to fire a lightning wave to deal Lightning Damage to frontal enemies.
Damage amplifies for every used Lightning Energy","Spell, Melee, Area of Effect, Strike, Lightning","Mana Cost 8
Triggers Immediately
Lightning Element
Area of Effect 900
Lightning DMG 128%
Lightning DMG +28
20% chance to charge 1 Lightning Energy on hit
25% DMG Amplification per Lightning Energy
Remove all Lightning Energy 2 s after using a skill
50% Lightning Energy Debuff Effect Reduction
(Rare Effect) +120% Area DMG
(Rare Effect) +10 Lightning Penetration
(Legendary Effect) +180% Area DMG
(Legendary Effect) +15 Lightning Penetration","Mana Cost 31.8
Triggers Immediately
Lightning Element
Area of Effect 900
Lightning DMG 468%
Lightning DMG +1352
20% chance to charge 1 Lightning Energy on hit
25% DMG Amplification per Lightning Energy
Remove all Lightning Energy 2 s after using a skill
50% Lightning Energy Debuff Effect Reduction
(Rare Effect) +120% Area DMG
(Rare Effect) +10 Lightning Penetration
(Legendary Effect) +180% Area DMG
(Legendary Effect) +15 Lightning Penetration",[50-40]% chance to not consume Lightning Energy,"Gain Lightning Penetration Link Rune Effect
+[17-20] Lightning Penetration
+[40-52]% Lightning DMG
Cannot link Lightning Penetration Link Rune",[1.5-2]% DMG Taken Dampening for every used Lightning Energy for 3 s on using skill
,Fire Orb Trap,Installs a Trap that fires a randomly exploding flame orb that deals Fire DMG upon detecting an enemy,"Attack, Area of Effect, Trap, Strike, Fire, ProjectileCannot use Parallel Shot, Cannot Split","Mana Cost 5
Triggers Immediately
Fire Element
Apply Normal Trap effect
Trap Duration 4 s
Trap Count 1
Max Trap Count 4
Trap Installation Distance 900
Projectile Count 2
Max Chain Count 0
Explosion Range 150
Fire DMG 29%
Fire DMG +40
15% DMG Dampening when hitting the same target repeatedly
(Rare Effect) +1 Trap Projectile Count
(Rare Effect) +20% Trap Detection Range
(Legendary Effect) +1 Trap Projectile Count
(Legendary Effect) +30% Trap Detection Range
(Legendary Effect) +1 Simultaneous Trap Count","Mana Cost 22
Triggers Immediately
Fire Element
Apply Normal Trap effect
Trap Duration 8.4 s
Trap Count 1
Max Trap Count 4
Trap Installation Distance 900
Projectile Count 2
Max Chain Count 0
Explosion Range 150
Fire DMG 194%
Fire DMG +415
15% DMG Dampening when hitting the same target repeatedly
(Rare Effect) +1 Trap Projectile Count
(Rare Effect) +20% Trap Detection Range
(Legendary Effect) +1 Trap Projectile Count
(Legendary Effect) +30% Trap Detection Range
(Legendary Effect) +1 Simultaneous Trap Count","+[20-30]% Area of Effect
[3-6]% Fire DMG Amplification
+1 Trap Projectile Count","100% chance to gain Regeneration for 3 s on hit
+[80-100]% Regeneration Effect","+[2-3] Simultaneous Trap Count
+[1-2] Chain Count"
,Fire Fissure Trap,Installs a Trap that explodes to deal Fire DMG upon detecting an enemy,"Attack, Area of Effect, Trap, Strike, Fire","Mana Cost 5
Triggers Immediately
Fire Element
Apply Normal Trap effect
Trap Duration 4 s
Trap Count 1
Max Trap Count 4
Trap Installation Distance 900
Area of Effect 280
Fire DMG 143%
Fire DMG +99
Inflict Burn Wound for 5 s to enemies on hit
Inflict Fire Weakness for 5 s after removing Burn Wound at 10 stack(s)
10% Fire DMG Taken
Cannot stack Burn Wound during Fire Weakness
+10% Trap Install Speed
(Magic Effect) +5 Fire Penetration
(Magic Effect) +20% Area of Effect
(Magic Effect) +20% Trap Detection Range
(Rare Effect) +10 Fire Penetration
(Rare Effect) +30% Area of Effect
(Rare Effect) +30% Trap Detection Range
(Legendary Effect) +15 Fire Penetration
(Legendary Effect) +60% Area of Effect
(Legendary Effect) +60% Trap Detection Range
(Legendary Effect) +1 Simultaneous Trap Count","Mana Cost 22
Triggers Immediately
Fire Element
Apply Normal Trap effect
Trap Duration 8.4 s
Trap Count 1
Max Trap Count 4
Trap Installation Distance 900
Area of Effect 280
Fire DMG 422%
Fire DMG +238
Inflict Burn Wound for 5 s to enemies on hit
Inflict Fire Weakness for 5 s after removing Burn Wound at 10 stack(s)
10% Fire DMG Taken
Cannot stack Burn Wound during Fire Weakness
+10% Trap Install Speed
(Magic Effect) +5 Fire Penetration
(Magic Effect) +20% Area of Effect
(Magic Effect) +20% Trap Detection Range
(Rare Effect) +10 Fire Penetration
(Rare Effect) +30% Area of Effect
(Rare Effect) +30% Trap Detection Range
(Legendary Effect) +15 Fire Penetration
(Legendary Effect) +60% Area of Effect
(Legendary Effect) +60% Trap Detection Range
(Legendary Effect) +1 Simultaneous Trap Count",[8-13]% DMG Amplification,"+[25-40] Burn Rate
[6-9]% DMG Amplification against enemies affected by Fire Status Effect","15% Fire DMG Taken
+[50-60]% DMG against Debuffed enemies"
,Frost Trap,Installs a Trap that detonates a cold orb to deal Cold DMG upon detecting an enemy,"Attack, Area of Effect, Trap, Strike, Cold, ProjectileCannot use Parallel Shot, Cannot Split, Cannot Chain","Mana Cost 5
Triggers Immediately
Cold Element
Apply Normal Trap effect
Trap Duration 4 s
Trap Count 1
Max Trap Count 4
Trap Installation Distance 900
Projectile Count 4
Explosion Range 150
Cold DMG 66%
Cold DMG +66
(Magic Effect) +1 Trap Projectile Count
(Magic Effect) +10% Trap Detection Range
(Rare Effect) +1 Trap Projectile Count
(Rare Effect) +20% Trap Detection Range
(Legendary Effect) +1 Trap Projectile Count
(Legendary Effect) +30% Trap Detection Range
(Legendary Effect) +1 Simultaneous Trap Count","Mana Cost 22
Triggers Immediately
Cold Element
Apply Normal Trap effect
Trap Duration 8.4 s
Trap Count 1
Max Trap Count 4
Trap Installation Distance 900
Projectile Count 4
Explosion Range 150
Cold DMG 180%
Cold DMG +180
(Magic Effect) +1 Trap Projectile Count
(Magic Effect) +10% Trap Detection Range
(Rare Effect) +1 Trap Projectile Count
(Rare Effect) +20% Trap Detection Range
(Legendary Effect) +1 Trap Projectile Count
(Legendary Effect) +30% Trap Detection Range
(Legendary Effect) +1 Simultaneous Trap Count","+[20-30]% Area of Effect
[3-6]% Cold DMG Amplification
+1 Trap Projectile Count","Gain Area Effect Link Rune Effect
+[42-50]% Area of Effect
+[46-61]% DMG","Gain Avoid Crisis for 3 on hit
Max Stacks 5
[5-8]% DMG Taken Dampening per stack
Remove Avoid Crisis when hit"
,Chill Area Trap,Installs a Trap that generates a chilly area that deals Cold DMG upon detecting an enemy,"Attack, Area of Effect, Trap, Strike, Cold","Mana Cost 5
Cooldown 5 s
Cold Element
Apply Normal Trap effect
Trap Duration 4 s
Trap Count 1
Max Trap Count 4
Trap Installation Distance 900
Explosion Range 360
Duration 3 s
Explosion Interval 0.5 s
Cold DMG 95%
Cold DMG +100
+40% Chill Chance
+40 Freeze Rate against Chilled Enemies
Inflict Cold Wave for 3 s to enemies on hit
Max Stacks 5
0.5% Cold DMG Taken per Stack
(Rare Effect) +20% Chill Chance
(Rare Effect) +35% Chill Effect
(Legendary Effect) +30% Chill Chance
(Legendary Effect) +35% Chill Effect
(Legendary Effect) +1 Simultaneous Trap Count","Mana Cost 22
Cooldown 5 s
Cold Element
Apply Normal Trap effect
Trap Duration 8.4 s
Trap Count 1
Max Trap Count 4
Trap Installation Distance 900
Explosion Range 360
Duration 3 s
Explosion Interval 0.5 s
Cold DMG 383%
Cold DMG +445
+40% Chill Chance
+40 Freeze Rate against Chilled Enemies
Inflict Cold Wave for 3 s to enemies on hit
Max Stacks 5
3.5% Cold DMG Taken per Stack
(Rare Effect) +20% Chill Chance
(Rare Effect) +35% Chill Effect
(Legendary Effect) +30% Chill Chance
(Legendary Effect) +35% Chill Effect
(Legendary Effect) +1 Simultaneous Trap Count","+2 Skill Buff Stack Count
+[10-40]% Cold DMG","+[20-50]% Chill Effect
+[10-20] Freeze Rate
+[20-30]% Cold DMG","Gain the following effect(s) if the caster is inside a Chill Area
[10-15]% Element DMG Taken Dampening"
,Electric Orb Trap,Installs a Trap that fires an electric orb that deals Lightning DMG upon detecting an enemy,"Attack, Trap, Strike, Lightning, ProjectileCannot use Parallel Shot","Mana Cost 5
Triggers Immediately
Lightning Element
Apply Normal Trap effect
Trap Duration 4 s
Trap Count 1
Max Trap Count 4
Trap Installation Distance 900
Projectile Count 7
Projectile Speed 600
Lightning DMG 110%
Lightning DMG +88
(Magic Effect) +1 Trap Projectile Count
(Magic Effect) +10% Trap Detection Range
(Rare Effect) +2 Trap Projectile Count
(Rare Effect) +20% Trap Detection Range
(Legendary Effect) +3 Trap Projectile Count
(Legendary Effect) +30% Trap Detection Range
(Legendary Effect) +1 Simultaneous Trap Count","Mana Cost 22
Triggers Immediately
Lightning Element
Apply Normal Trap effect
Trap Duration 8.4 s
Trap Count 1
Max Trap Count 4
Trap Installation Distance 900
Projectile Count 10
Projectile Speed 600
Lightning DMG 262%
Lightning DMG +595
(Magic Effect) +1 Trap Projectile Count
(Magic Effect) +10% Trap Detection Range
(Rare Effect) +2 Trap Projectile Count
(Rare Effect) +20% Trap Detection Range
(Legendary Effect) +3 Trap Projectile Count
(Legendary Effect) +30% Trap Detection Range
(Legendary Effect) +1 Simultaneous Trap Count","+[20-30]% Trap Detection Range
100% chance to gain Condensed Lightning for 2 s on hit
Max Stacks 10
Amplifies Lightning DMG by [1-2]% per stack","Gain Continuous Shock Link Rune Effect
+[41-51] Shock Rate
+[21-25]% Shock Effect
Cannot link Continuous Shock Link Rune","100% chance to gain Agile Barrier for 2 s on hit
[5-10]% Dodge Rate Amplification
[3-8]% Barrier Amplification"
,Poison Gas Trap,Installs a Trap that generates poison gas that deals Poison DMG upon detecting an enemy,"Attack, Area of Effect, Trap, Strike, Poison","Mana Cost 5
Cooldown 5 s
Poison Element
Apply Normal Trap effect
Trap Duration 4 s
Trap Count 1
Max Trap Count 4
Trap Installation Distance 900
Duration 6 s
Explosion Interval 0.5 s
Explosion Range 320
Poison DMG 100%
Poison DMG +2
+30% Blind Chance
(Magic Effect) +20% Area of Effect
(Magic Effect) +10 Blind Rate
(Rare Effect) +30% Area of Effect
(Rare Effect) +15 Blind Rate
(Rare Effect) 5% DMG Amplification
(Legendary Effect) +40% Area of Effect
(Legendary Effect) +20 Blind Rate
(Legendary Effect) 10% DMG Amplification
(Legendary Effect) +1 Simultaneous Trap Count","Mana Cost 22
Cooldown 5 s
Poison Element
Apply Normal Trap effect
Trap Duration 8.4 s
Trap Count 1
Max Trap Count 4
Trap Installation Distance 900
Duration 6 s
Explosion Interval 0.5 s
Explosion Range 320
Poison DMG 406%
Poison DMG +115
+30% Blind Chance
(Magic Effect) +20% Area of Effect
(Magic Effect) +10 Blind Rate
(Rare Effect) +30% Area of Effect
(Rare Effect) +15 Blind Rate
(Rare Effect) 5% DMG Amplification
(Legendary Effect) +40% Area of Effect
(Legendary Effect) +20 Blind Rate
(Legendary Effect) 10% DMG Amplification
(Legendary Effect) +1 Simultaneous Trap Count","Gain Poison Penetration Link Rune Effect
+[17-20] Poison Penetration
+[40-52]% Poison DMG
Cannot link Poison Penetration Link Rune","Gain Area Effect Link Rune Effect
+[42-50]% Area of Effect
+[46-61]% DMG","Gain the following effect(s) if the caster is inside poison gas
[10-15]% Dodge Rate Amplification"
,Condense Fire,Creates a sphere of condensed Fire Energy,"Spell, Area of Effect, Strike, Fire, ProjectileCannot Multishot, Cannot Split, Cannot Chain","Mana Cost 5
Triggers Immediately
Fire Element
Projectile Count 1
Explosion Range 200
Duration 1 s
+1 Projectile Count per 5 Fire Energy
Fire DMG 245%
Fire DMG +23
Gain Suppress Heat for 1 s on skill use while Max Fire Energy
Suppress Heat
Reset Fire Energy when Suppress Heat expires
(Magic Effect) +10% Fire Penetration
(Magic Effect) +20% Fire DMG
(Rare Effect) +20% Fire Penetration
(Rare Effect) +50% Fire DMG
(Legendary Effect) +25% Fire Penetration
(Legendary Effect) +100% Fire DMG
(Legendary Effect) 5% Fire DMG Amplification","Mana Cost 15.2
Triggers Immediately
Fire Element
Projectile Count 1
Explosion Range 200
Duration 1 s
+1 Projectile Count per 5 Fire Energy
Fire DMG 577%
Fire DMG +1036
Gain Suppress Heat for 1 s on skill use while Max Fire Energy
Suppress Heat
Reset Fire Energy when Suppress Heat expires
(Magic Effect) +10% Fire Penetration
(Magic Effect) +20% Fire DMG
(Rare Effect) +20% Fire Penetration
(Rare Effect) +50% Fire DMG
(Legendary Effect) +25% Fire Penetration
(Legendary Effect) +100% Fire DMG
(Legendary Effect) 5% Fire DMG Amplification",[15-20]% DMG Amplification against Elites,"Cannot increase Projectiles with Fire Energy
Cannot gain Suppress Heat
+2 Projectile Count
[25-40]% DMG Dampening",+[10-15]% Fire Energy +1 chance on hit
,Flames of Death,"Burst out a trail of fire that deals Fire DMG, deal omni directional Fire DMG upon reaching max Fire Energy","Spell, Melee, Area of Effect, Strike, Fire","Mana Cost 5
Triggers Immediately
Fire Element
Area of Effect 400
Fire DMG 280%
Fire DMG +65
Gain Spreading Flames for 1 s upon reaching Max Fire Energy
Spreading Flames
Area of Effect 450
Change to 360º Area of Effect
Spreading Flames DMG 280%
Spreading Flames DMG +65
5% DMG Amplification per Fire Energy
Reset Fire Energy when Spreading Flames expires
(Rare Effect) +35% Area of Effect
(Rare Effect) +50% Fire DMG
(Legendary Effect) +50% Area of Effect
(Legendary Effect) +80% Fire DMG
(Legendary Effect) 10% Fire DMG Amplification","Mana Cost 22
Triggers Immediately
Fire Element
Area of Effect 400
Fire DMG 822%
Fire DMG +451
Gain Spreading Flames for 1 s upon reaching Max Fire Energy
Spreading Flames
Area of Effect 450
Change to 360º Area of Effect
Spreading Flames DMG 822%
Spreading Flames DMG +541
5% DMG Amplification per Fire Energy
Reset Fire Energy when Spreading Flames expires
(Rare Effect) +35% Area of Effect
(Rare Effect) +50% Fire DMG
(Legendary Effect) +50% Area of Effect
(Legendary Effect) +80% Fire DMG
(Legendary Effect) 10% Fire DMG Amplification","Gain Concentrated Area DMG Link Rune Effect
[20.7-25]% Area DMG Amplification
30% Area of Effect Dampening
Cannot link Concentrated Area DMG Link Rune",+[50-100]% Spreading Flames Buff Duration,"Cannot gain Spreading Flames
[3-5]% DMG Amplification per Fire Energy"
,Domain of Strength,Channels to summon a Domain of Strength. Domain of Strength automatically attacks enemies on each attack cycle. Attacks grow faster with longer channeling,"Attack, Melee, Area of Effect, Channel, Strike, Physical","Mana Cost 5
Triggers Immediately
Physical Element
Area of Effect 320
Physical DMG 180%
Physical DMG +14
+10 Max Stage
15% Attack Cycle when Channeling
4% Attack Cycle per Stage
+10 DoT Rate
+5 Debuff Rate
Decrease stage every 2 s upon canceling
+15% Area of Effect per stage
(Rare Effect) 10% Attack Cycle when Channeling
(Rare Effect) +20% Area of Effect
(Legendary Effect) 15% Attack Cycle when Channeling
(Legendary Effect) +30% Area of Effect
(Legendary Effect) 10% Area DMG Amplification","Mana Cost 14.5
Triggers Immediately
Physical Element
Area of Effect 320
Physical DMG 598%
Physical DMG +339
+10 Max Stage
15% Attack Cycle when Channeling
4% Attack Cycle per Stage
+60 DoT Rate
+35 Debuff Rate
Decrease stage every 2 s upon canceling
+15% Area of Effect per stage
(Rare Effect) 10% Attack Cycle when Channeling
(Rare Effect) +20% Area of Effect
(Legendary Effect) 15% Attack Cycle when Channeling
(Legendary Effect) +30% Area of Effect
(Legendary Effect) 10% Area DMG Amplification",[5-15]% Attack Cycle per Stage,"+[5-10] DoT Rate
+[5-10] Debuff Rate
+[2-5] Crowd Control Rate","Gain Area Effect Link Rune Effect
+[42-50]% Area of Effect
+[46-61]% Area DMG
Cannot link Area Effect Link Rune"
,Arctic Shard,"Creates Ice Pillars to deal Cold DMG against enemies, and creates additional Ice Pillars based on Cold Energy","Attack, Melee, Area of Effect, Strike, Cold, Shadow","Mana Cost 3
Triggers Immediately
Cold Element
5% Attack Speed Amplification
+10 Chill Rate
+10% Critical Chance
Area of Effect 350
Cold DMG 80%
Cold DMG +50
3% Cold DMG Amplification per 1 Cold Energy
20% chance to gain Cold Energy on hitting a Chilled enemy
+3% Cold Penetration per 1 Cold Energy
+2 Ice Pillar(s) per 2 Cold Energy (Max 6)
(Legendary Effect) +100% Area of Effect
(Legendary Effect) +20% Cold Penetration
(Legendary Effect) +100% Strike DMG Multiplier
(Legendary Effect) 20% DMG Amplification against enemies affected by Cold Status Effect","Mana Cost 12.5
Triggers Immediately
Cold Element
5% Attack Speed Amplification
+10 Chill Rate
+10% Critical Chance
Area of Effect 570
Cold DMG 323%
Cold DMG +295
3% Cold DMG Amplification per 1 Cold Energy
20% chance to gain Cold Energy on hitting a Chilled enemy
+3% Cold Penetration per 1 Cold Energy
+2 Ice Pillar(s) per 2 Cold Energy (Max 6)
(Legendary Effect) +100% Area of Effect
(Legendary Effect) +20% Cold Penetration
(Legendary Effect) +100% Strike DMG Multiplier
(Legendary Effect) 20% DMG Amplification against enemies affected by Cold Status Effect","Gain Cold Penetration Link Rune Effect
+[17-20] Cold Penetration
+[40-52]% Cold DMG
Cannot link Cold Penetration Link Rune","+[10-15] Debuff Rate
+[3-10] Crowd Control Rate
Cold DMG +[8-12]% per Cold Energy stack","+2 Ice Pillar(s) per 2 Cold Energy (Max 8)
[15-20]% Cold DMG Dampening"
,Wind Blade,Deal Physical DMG by scattering daggers nearby. Deal DMG again on Critical Hit.,"Attack, Melee, Area of Effect, Strike, Physical, Shadow","Mana Cost 4
Triggers Immediately
Physical Element
Area of Effect 280
Physical DMG +74
Physical DMG 80%
+15% Critical Chance
40% chance to trigger Additional Hit upon Critical Hit
Additional Hit Area of Effect 380
Gain Tempest effect for 3 s upon Skill use
Tempest Effect
(Gain Strong Winds on movement, gain Light Winds when idle for 1 or more seconds)
Strong Winds
Attack Speed +20%, Movement Speed +15%
Light Winds
DMG +100%, Dampen DMG Taken by 10%
(Rare Effect) +30% Area of Effect
(Rare Effect) 5% Strike DMG Amplification
(Legendary Effect) +50% Area of Effect
(Legendary Effect) 10% Strike DMG Amplification
(Legendary Effect) +15% Light Winds Effect
(Legendary Effect) +15% Strong Winds effect","Mana Cost 13.5
Triggers Immediately
Physical Element
Area of Effect 280
Physical DMG +1026
Physical DMG 411%
+15% Critical Chance
40% chance to trigger Additional Hit upon Critical Hit
Additional Hit Area of Effect 380
Gain Tempest effect for 3 s upon Skill use
Tempest Effect
(Gain Strong Winds on movement, gain Light Winds when idle for 1 or more seconds)
Strong Winds
Attack Speed +20%, Movement Speed +15%
Light Winds
DMG +100%, Dampen DMG Taken by 10%
(Rare Effect) +30% Area of Effect
(Rare Effect) 5% Strike DMG Amplification
(Legendary Effect) +50% Area of Effect
(Legendary Effect) 10% Strike DMG Amplification
(Legendary Effect) +15% Light Winds Effect
(Legendary Effect) +15% Strong Winds effect",[5-15]% chance to trigger Additional Hit on hit,"+[40-60]% Strong Winds effect
+[40-60]% Light Winds Effect","60% chance to trigger Additional Hit upon Critical Hit
+[20-50]% Area of Effect
+[15-20]% Critical DMG"
,Ice Crystal Arrow,Shoots a Cold Arrow that can be Chained. Gain Scaling Cold effect on hit and fires additional arrow(s) upon moving based on the number of Cold Crystal stack(s),"Attack, Strike, Cold, Projectile, Bow, Overheat, ShadowCannot Multishot","Mana Cost 4
Triggers Immediately
40 Overheat Accumulation
Cold Element
Cannot Pierce
Cold Arrow Count +1
Ice Crystal Arrow +2
Projectile Speed 3000
Max Chain Count 1
Cold DMG +55
Cold DMG 180%
25% Ice Crystal Arrow DMG Dampening
+10% Chill Chance
+5% Freeze Chance
Gain Scaling Cold for 5 s on hit
Scaling Cold
Gain Cold Crystal on movement (Max Stacks 6)
Remove all Cold Crystal when idle for 5 s
Cold Crystal
+0.6% Attack Speed per 1 stack(s)
+1 Chain per 5 stack(s)
+2 Projectile Count per 5 stack(s)
(Rare Effect) +10% Attack Speed
(Rare Effect) +45% Cold DMG
(Rare Effect) 15% DMG Amplification against Frozen enemies
(Legendary Effect) +15% Attack Speed
(Legendary Effect) +70% Cold DMG
(Legendary Effect) 25% DMG Amplification against Frozen enemies","Mana Cost 17.6
Triggers Immediately
40 Overheat Accumulation
Cold Element
Cannot Pierce
Cold Arrow Count +1
Ice Crystal Arrow +2
Projectile Speed 3000
Max Chain Count 1
Cold DMG +931
Cold DMG 533%
25% Ice Crystal Arrow DMG Dampening
+10% Chill Chance
+5% Freeze Chance
Gain Scaling Cold for 5 s on hit
Scaling Cold
Gain Cold Crystal on movement (Max Stacks 6)
Remove all Cold Crystal when idle for 5 s
Cold Crystal
+0.6% Attack Speed per 1 stack(s)
+1 Chain per 5 stack(s)
+2 Projectile Count per 5 stack(s)
(Rare Effect) +10% Attack Speed
(Rare Effect) +45% Cold DMG
(Rare Effect) 15% DMG Amplification against Frozen enemies
(Legendary Effect) +15% Attack Speed
(Legendary Effect) +70% Cold DMG
(Legendary Effect) 25% DMG Amplification against Frozen enemies","+[20-30]% Projectile DMG
+[4-9] Cold Crystal Buff Stack Count",[1.5-3]% DMG Amplification per Cold Crystal stack,"Change Ice Crystal Arrow to enemy Tracking Projectile
[10-15]% DMG Dampening when hitting the same target repeatedly"
,Firebomb Shot,Shoots a Fire Element shell A Firebomb explodes on Hit and deals DMG for a set amount of time,"Attack, Area of Effect, Strike, Fire, Projectile, Bowgun, Overheat, ShadowCannot Multishot, Cannot use Parallel Shot, Cannot Split, Cannot Chain","Mana Cost 3
Triggers Immediately
40 Overheat Accumulation
Fire Element
Cannot Pierce
Projectile Count 1
Projectile Speed 3000
Heat Explosion Area of Effect 250
Heat Explosion Duration 0.3 s
Heat Explosion Frequency 0.2 s
Fire DMG +21
Fire DMG 145%
15% DMG Dampening when hitting the same target repeatedly
+17% Heat Explosion Duration per 1 Fire Energy
Gain Suppress Heat for 1 s on skill use while Max Fire Energy
Reset Fire Energy when Suppress Heat expires
(Rare Effect) +15% Area of Effect
(Rare Effect) +50% Fire DMG
(Legendary Effect) +15% Area of Effect
(Legendary Effect) +100% Fire DMG
(Legendary Effect) 5% DMG Amplification per 1 Fire Energy","Mana Cost 16.6
Triggers Immediately
40 Overheat Accumulation
Fire Element
Cannot Pierce
Projectile Count 1
Projectile Speed 3000
Heat Explosion Area of Effect 250
Heat Explosion Duration 0.3 s
Heat Explosion Frequency 0.2 s
Fire DMG +655
Fire DMG 468%
15% DMG Dampening when hitting the same target repeatedly
+17% Heat Explosion Duration per 1 Fire Energy
Gain Suppress Heat for 1 s on skill use while Max Fire Energy
Reset Fire Energy when Suppress Heat expires
(Rare Effect) +15% Area of Effect
(Rare Effect) +50% Fire DMG
(Legendary Effect) +15% Area of Effect
(Legendary Effect) +100% Fire DMG
(Legendary Effect) 5% DMG Amplification per 1 Fire Energy","+11% Heat Explosion Duration per 1 Fire Energy
Change to
Projectile Count +2
[10-15]% DMG Dampening
[15-20]% Area of Effect Dampening","+25% Heat Explosion Duration per 1 Fire Energy
Change to
Change to Heat Explosion Duration 0.6 s
Change to Heat Explosion Frequency 0.4 s
[4-8]% DMG Amplification","Change Suppress Heat to [10-50]% gain chance
+[30-60]% DMG"
,Whirlwind Barrage,Shoots a barrage of rounds around you while moving when maintaining Focus,"Attack, Channel, Strike, Physical, Projectile, Bowgun, OverheatCannot use Parallel Shot, Cannot Split, Cannot Chain","Mana Cost 3
Triggers Immediately
50 Overheat Accumulation
Physical Element
Base Projectile Count 1
Additional Projectile Count 6
Projectile Speed 3000
Physical DMG +16
Physical DMG 156%
+2% Projectile Speed per 50 Movement Speed
10% DMG Dampening when hitting the same target repeatedly
35% Movement Speed Dampening
(Magic Effect) 30% Movement Speed Dampening
(Rare Effect) 25% Movement Speed Dampening
(Legendary Effect) 20% Movement Speed Dampening
(Legendary Effect) +60% Projectile DMG
(Legendary Effect) Inflict Gunshot Wound for 2 s to enemies on Additional Projectile hit (Max stacks: 3)
(Legendary Effect) 5% DMG Amplification on target(s) inflicted by Gunshot Wound","Mana Cost 20
Triggers Immediately
50 Overheat Accumulation
Physical Element
Base Projectile Count 1
Additional Projectile Count 6
Projectile Speed 3000
Physical DMG +697
Physical DMG 501%
+2% Projectile Speed per 50 Movement Speed
10% DMG Dampening when hitting the same target repeatedly
35% Movement Speed Dampening
(Magic Effect) 30% Movement Speed Dampening
(Rare Effect) 25% Movement Speed Dampening
(Legendary Effect) 20% Movement Speed Dampening
(Legendary Effect) +60% Projectile DMG
(Legendary Effect) Inflict Gunshot Wound for 2 s to enemies on Additional Projectile hit (Max stacks: 3)
(Legendary Effect) 5% DMG Amplification on target(s) inflicted by Gunshot Wound","Add Melee tag
Cannot link Knockback Link Rune
+[10-35]% Melee DMG
25% Dampening for Max Projectile Distance Traveled","+[1-2] Pierce Count
[10-15]% Overheat Accumulation Dampening
[10-15]% Resource Cost Dampening","+2 Projectile Count
+[20-50]% Projectile DMG
+[20-40]% Projectile Size"
,Electric Shell Shot,Shoots an Electric Round that explodes behind the target on Hit,"Attack, Area of Effect, Strike, Lightning, Projectile, Bowgun, Overheat, ShadowCannot Multishot, Cannot use Parallel Shot, Cannot Chain","Mana Cost 3
Triggers Immediately
40 Overheat Accumulation
Lightning Element
Cannot Pierce
Projectile Count 1
Projectile Speed 3000
Lightning DMG +19
Lightning DMG 183%
Split Projectile
+1 Split Projectile Count
+15% Shock Chance
Explosion Range 350
10% DMG Dampening when hitting the same target repeatedly
(Magic Effect) +50% Lightning DMG
(Magic Effect) +10% Area of Effect
(Magic Effect) 5% Lightning DMG Amplification
(Rare Effect) +100% Lightning DMG
(Rare Effect) +20% Area of Effect
(Rare Effect) 10% Lightning DMG Amplification
(Legendary Effect) +150% Lightning DMG
(Legendary Effect) +30% Area of Effect
(Legendary Effect) 20% Lightning DMG Amplification","Mana Cost 16.6
Triggers Immediately
40 Overheat Accumulation
Lightning Element
Cannot Pierce
Projectile Count 1
Projectile Speed 3000
Lightning DMG +562
Lightning DMG 641%
Split Projectile
+1 Split Projectile Count
+15% Shock Chance
Explosion Range 350
10% DMG Dampening when hitting the same target repeatedly
(Magic Effect) +50% Lightning DMG
(Magic Effect) +10% Area of Effect
(Magic Effect) 5% Lightning DMG Amplification
(Rare Effect) +100% Lightning DMG
(Rare Effect) +20% Area of Effect
(Rare Effect) 10% Lightning DMG Amplification
(Legendary Effect) +150% Lightning DMG
(Legendary Effect) +30% Area of Effect
(Legendary Effect) 20% Lightning DMG Amplification","[10-15]% DMG Amplification against Shocked enemies
+[10-20] Shock Rate","+2 Split Projectile Count
-15 Split Projectile Angle
[10-15]% Area of Effect Dampening","0.4% DMG Amplification per 1% Overheat Accumulation
+[20-50]% DMG"
,Throw Explosive,Throw numerous explosives to deal DMG within an area,"Attack, Area of Effect, Strike, Physical, Projectile, Bowgun, ShadowCannot use Parallel Shot, Cannot Split, Cannot Chain, Cannot Change Speed","Mana Cost 4
Triggers Immediately
Physical Element
Pierces All
Projectile Count 4
Explosion Range 165
Physical DMG +16
Physical DMG 143%
0.8% DMG Amplification per 1% Overheat Accumulation
15% DMG Dampening when hitting the same target repeatedly
Gain Overheat Mana for 3 s on skill use duing Extreme Overheat
Overheat Mana
Max Stacks 20
+20% Resource Cost per stack
+10% Physical DMG per Stack
(Rare Effect) +20% Area DMG
(Rare Effect) +10% Area of Effect
(Legendary Effect) +50% Area DMG
(Legendary Effect) +20% Area of Effect
(Legendary Effect) +1 Projectile Count","Mana Cost 21
Triggers Immediately
Physical Element
Pierces All
Projectile Count 4
Explosion Range 165
Physical DMG +415
Physical DMG 294%
0.8% DMG Amplification per 1% Overheat Accumulation
15% DMG Dampening when hitting the same target repeatedly
Gain Overheat Mana for 3 s on skill use duing Extreme Overheat
Overheat Mana
Max Stacks 20
+20% Resource Cost per stack
+10% Physical DMG per Stack
(Rare Effect) +20% Area DMG
(Rare Effect) +10% Area of Effect
(Legendary Effect) +50% Area DMG
(Legendary Effect) +20% Area of Effect
(Legendary Effect) +1 Projectile Count","+[25-40]% Area of Effect
+[20-50]% DMG","Add Overheat tag
[15-20]% Area DMG Amplification","+1 Projectile Count
+[15-30] Crowd Control Rate"
,Aerial Throw,Move and deal DMG within trail,"Attack, Melee, Area of Effect, Strike, Physical, Movement, Bowgun","Mana Cost 5
Cooldown 6 s
Physical Element
+2 Max Use Count
Explosion Range 150
Physical DMG +12
Physical DMG 400%
Gain Prepare Shot effect for 1 s on hit
7% DMG Amplification for next skill during Prepare Shot effect
Gain Leap Preparation for 1 s on Hit (Cooldown: 10 s)
Reset Cooldown upon using Aerial Throw during Leap Preparation
Shares Cooldowns between Offensive Movement Skills
(Magic Effect) +10% Prepare Shot effect
(Rare Effect) +25% Prepare Shot effect
(Legendary Effect) +30% Prepare Shot effect
(Legendary Effect) +10% Leap Preparation Cooldown Recovery Speed","Mana Cost 18.6
Cooldown 6 s
Physical Element
+2 Max Use Count
Explosion Range 150
Physical DMG +639
Physical DMG 830%
Gain Prepare Shot effect for 1 s on hit
7% DMG Amplification for next skill during Prepare Shot effect
Gain Leap Preparation for 1 s on Hit (Cooldown: 10 s)
Reset Cooldown upon using Aerial Throw during Leap Preparation
Shares Cooldowns between Offensive Movement Skills
(Magic Effect) +10% Prepare Shot effect
(Rare Effect) +25% Prepare Shot effect
(Legendary Effect) +30% Prepare Shot effect
(Legendary Effect) +10% Leap Preparation Cooldown Recovery Speed","+1 Max Use Count
+[12-20]% Leap Preparation Cooldown Recovery Speed",[10-20]% Overheat Accumulation Dampening for 1 s on hit,+[7-13]% Movement Skill Rune Cooldown Recovery Speed
,Instant Acceleration,Move fast and Release Accumulated Overheat,"Attack, Movement, Bowgun","Mana Cost 3
Cooldown 5 s
+2 Max Use Count
Release 20% Overheat on skill use
Gain Shrewdness for 1 s on skill use
Shrewdness
+10% Attack Speed
10% Movement Speed Increase
Shares Cooldowns between Movement Skills
(Magic Effect) +5% Shrewdness effect
(Rare Effect) +10% Shrewdness effect
(Legendary Effect) +20% Shrewdness effect
(Legendary Effect) +5% Movement Skill Rune Cooldown Recovery Speed","Mana Cost 13.2
Cooldown 5 s
+2 Max Use Count
Release 20% Overheat on skill use
Gain Shrewdness for 1 s on skill use
Shrewdness
+18.9% Attack Speed
20.2% Movement Speed Increase
Shares Cooldowns between Movement Skills
(Magic Effect) +5% Shrewdness effect
(Rare Effect) +10% Shrewdness effect
(Legendary Effect) +20% Shrewdness effect
(Legendary Effect) +5% Movement Skill Rune Cooldown Recovery Speed",+[9-15]% Movement Skill Rune Cooldown Recovery Speed,"+[40-80]% Shrewdness Duration
+[5-12]% Shrewdness effect","Release 12% Overheat on skill use
Change to
+[2-8]% Movement Skill Rune Cooldown Recovery Speed
+250 Instant Acceleration Movement range"
,Total Barrage,Accumulate up to max Overheat when used to deal DMG proportionate to the remaining Overheat,"Attack, Melee, Area of Effect, Strike, Physical, Bowgun, Overheat","Mana Cost 13
Cooldown 20 s
Physical Element
+1 Max Use Count
Strike Count 6
Area of Effect 425
Physical DMG +6
Physical DMG 97%
Accumulate 100% Overheat on skill use
+1% Area of Effect per 1% of remaining ratio until Critical Overheat Point
1.5% DMG Amplification per 1% of remaining ratio until Critical Overheat Point
Immune to Attack Speed effect
(Magic Effect) +30% Area DMG
(Rare Effect) +70% Area DMG
(Rare Effect) +1% Area of Effect per 2% of remaining ratio until Critical Overheat Point
(Legendary Effect) +100% Area DMG
(Legendary Effect) +1% Area of Effect per 2% of remaining ratio until Critical Overheat Point
(Legendary Effect) 0.5% DMG Amplification per 2% of remaining ratio until Critical Overheat Point","Mana Cost 60.6
Cooldown 20 s
Physical Element
+1 Max Use Count
Strike Count 6
Area of Effect 425
Physical DMG +153
Physical DMG 258%
Accumulate 100% Overheat on skill use
+1% Area of Effect per 1% of remaining ratio until Critical Overheat Point
1.5% DMG Amplification per 1% of remaining ratio until Critical Overheat Point
Immune to Attack Speed effect
(Magic Effect) +30% Area DMG
(Rare Effect) +70% Area DMG
(Rare Effect) +1% Area of Effect per 2% of remaining ratio until Critical Overheat Point
(Legendary Effect) +100% Area DMG
(Legendary Effect) +1% Area of Effect per 2% of remaining ratio until Critical Overheat Point
(Legendary Effect) 0.5% DMG Amplification per 2% of remaining ratio until Critical Overheat Point","[10-20]% Skill Rune Cooldown Dampening
+[10-25] Crowd Control Rate",[12-18]% DMG Taken Dampening for 4 s on hit,"Accumulate 50% Overheat on skill use
[15-20]% DMG Dampening"
,Seal of Persistence,Increases Maximized DMG effect of Target,"Spell, Attack Seal, Toggle","20% Resource Cost Amplification
Cooldown 3 s
Affects yourself
Max Attack Seal Activation Count 0
1% chance to deal triple Maximized DMG on hit
5% chance to deal double Maximized DMG on hit
+10% Maximized DMG
Critical Hit Disabled
(Rare Effect) +10% Aura and Seal Effect
(Legendary Effect) +25% Aura and Seal Effect","20% Resource Cost Amplification
Cooldown 3 s
Affects yourself
Max Attack Seal Activation Count 0
3% chance to deal triple Maximized DMG on hit
10% chance to deal double Maximized DMG on hit
+40% Maximized DMG
Critical Hit Disabled
(Rare Effect) +10% Aura and Seal Effect
(Legendary Effect) +25% Aura and Seal Effect","Change to Rapid Seal Skill
Duration 5 s
2% chance to deal triple Maximized DMG on hit
7.6% chance to deal double Maximized DMG on hit
+26.9% Maximized DMG
Critical Hit Disabled
Cooldown 20 s
Cost 44 Mana
Add Rapid Seal, Duration tags
Remove Toggle tag
Not affected by Active Seal Count Limit
Shares Cooldowns between Rapid Seal Skills.
Not affected by Enhance Skill Rune Effect
Change Legendary effect to the following effect
+25% Rapid Seal Skill Rune Effect
+[10-25]% Seal Skill Rune Cooldown Recovery Speed
15% Rapid Seal Effect Dampening","Change to Aura
Affects yourself and allies
Max Attack Seal Activation Count 0
Aura Radius 250
2% chance to deal triple Maximized DMG on hit
7.6% chance to deal double Maximized DMG on hit
+26.9% Maximized DMG
Critical Hit Disabled
+25% Aura and Seal Effect
20% Aura and Seal Effect Dampening
+[60-100]% Aura Range",+[35-50]% Aura and Seal Effect
,Ogre Arrow,Fires a projectile that pierces and tracks the enemy,"Attack, Strike, Poison, Projectile, Bow, ShadowCannot Multishot, Cannot Split, Cannot Chain","Mana Cost 4
Triggers Immediately
Poison Element
10% Base Speed Amplification
Pierce Count 2
Projectile Count 2
Poison DMG +26
Poison DMG 90%
20% DMG Dampening when hitting the same target repeatedly
30% DMG Increase per 1 Pierce Count (Max: 150%)
(Magic Effect) +60% Projectile DMG
(Rare Effect) +100% Projectile DMG
(Rare Effect) 5% DMG Amplification
(Legendary Effect) +150% Projectile DMG
(Legendary Effect) 10% DMG Amplification
(Legendary Effect) +1 Projectile Count","Mana Cost 21
Triggers Immediately
Poison Element
10% Base Speed Amplification
Pierce Count 2
Projectile Count 2
Poison DMG +691
Poison DMG 171%
20% DMG Dampening when hitting the same target repeatedly
30% DMG Increase per 1 Pierce Count (Max: 150%)
(Magic Effect) +60% Projectile DMG
(Rare Effect) +100% Projectile DMG
(Rare Effect) 5% DMG Amplification
(Legendary Effect) +150% Projectile DMG
(Legendary Effect) 10% DMG Amplification
(Legendary Effect) +1 Projectile Count","+1 Projectile Count
+[30-50]% Projectile DMG","+1 Pierce Count
+[30-50]% Projectile DMG","+125% DMG against Elites
[8-12]% DMG Amplification against Bosses
Cannot link Elite Slayer Link Rune"
,Persistent Strike,Increases the chance of double maximization for the duration,"Spell, Attack Enhance, Duration","Mana Cost 25
Cooldown 30 s
Duration 3 s
15% chance to deal double Maximized DMG on hit
Critical Hit Disabled
Shares Cooldowns between Attack Enhance Skills
(Magic Effect) 2% chance to deal triple Maximized DMG on hit
(Magic Effect) +5% Enhance Skill Rune Effect
(Rare Effect) 4% chance to deal triple Maximized DMG on hit
(Rare Effect) +10% Enhance Skill Rune Effect
(Legendary Effect) 6% chance to deal triple Maximized DMG on hit
(Legendary Effect) +15% Enhance Skill Rune Effect","Mana Cost 52.2
Cooldown 30 s
Duration 3 s
48.6% chance to deal double Maximized DMG on hit
Critical Hit Disabled
Shares Cooldowns between Attack Enhance Skills
(Magic Effect) 2% chance to deal triple Maximized DMG on hit
(Magic Effect) +5% Enhance Skill Rune Effect
(Rare Effect) 4% chance to deal triple Maximized DMG on hit
(Rare Effect) +10% Enhance Skill Rune Effect
(Legendary Effect) 6% chance to deal triple Maximized DMG on hit
(Legendary Effect) +15% Enhance Skill Rune Effect","-[30-40]% Enhance Skill Rune Resource Cost
+[5-10]% Enhance Skill Rune Cooldown Recovery Speed",+[30-50]% Enhance Skill Rune Duration,+[15-25]% Enhance Skill Rune Effect
,Dark Judgment,Summons Judgment at random to your surrounding and deals damage with your highest element Buff will reset on using any skills other than Judgment,"Spell, Area of Effect, Strike, Cold, Poison, Lightning, Fire, Projectile, Cannot Convert DMGCannot Multishot, Cannot use Parallel Shot, Cannot Pierce, Cannot Split, Cannot Chain, Cannot Change Speed","Mana Cost 5
Triggers Immediately
Highest Element DMG
Projectile Count 5
Explosion Range 140
Highest Element DMG 124%
Highest Element DMG +15
10% DMG Dampening when hitting the same target repeatedly
Gain Dark Judgment effect for 10 s on hit
Max Dark Judgment Stacks 10
5% DMG Amplification per Dark Judgment stack
Reset stacks after 2 s upon reaching Max Dark Judgment stacks
Judgment of Light stack -2 on hit with 5 or more Dark Judgment and Judgment of Light stacks
-2 Resource Outburst stacks on hit at 4 or more Resource Outburst stacks
Dark Judgment buff removal on using any skills other than Judgment
Inflict Stillness on target for 1 s on hit
Max Stillness stacks 5
1.7% Element Resist Dampening per stack
Remove Stillness effect on Judgment of Light hit
-7% Elemental Particle Creation Chance of all skills with skill equipped
(Applied to Zodiac Pirate node Elementalist Zodiac.)
(Magic Effect) +60% Projectile DMG
(Rare Effect) +100% Projectile DMG
(Rare Effect) +10% Area of Effect
(Rare Effect) 5% DMG Amplification
(Legendary Effect) +130% Projectile DMG
(Legendary Effect) +20% Area of Effect
(Legendary Effect) 15% DMG Amplification","Mana Cost 22
Triggers Immediately
Highest Element DMG
Projectile Count 5
Explosion Range 140
Highest Element DMG 607%
Highest Element DMG +228
10% DMG Dampening when hitting the same target repeatedly
Gain Dark Judgment effect for 10 s on hit
Max Dark Judgment Stacks 10
5% DMG Amplification per Dark Judgment stack
Reset stacks after 2 s upon reaching Max Dark Judgment stacks
Judgment of Light stack -2 on hit with 5 or more Dark Judgment and Judgment of Light stacks
-2 Resource Outburst stacks on hit at 4 or more Resource Outburst stacks
Dark Judgment buff removal on using any skills other than Judgment
Inflict Stillness on target for 1 s on hit
Max Stillness stacks 5
4.5% Element Resist Dampening per stack
Remove Stillness effect on Judgment of Light hit
-7% Elemental Particle Creation Chance of all skills with skill equipped
(Applied to Zodiac Pirate node Elementalist Zodiac.)
(Magic Effect) +60% Projectile DMG
(Rare Effect) +100% Projectile DMG
(Rare Effect) +10% Area of Effect
(Rare Effect) 5% DMG Amplification
(Legendary Effect) +130% Projectile DMG
(Legendary Effect) +20% Area of Effect
(Legendary Effect) 15% DMG Amplification","Projectile Count +1
+[20-50]% DMG","-150 Projectile Creation Range
+[10-30]% Area of Effect","Dark Judgment effect cannot be removed upon different skill use
Change to 5 Max Dark Judgment Stacks
[5-15]% Resource Cost Dampening"
,"Hazy Melody (Low Tone, High Tone)","The stance applied to minions are changed whenever a skill is used.
Enhances the Rune Knight’s Authority during Melody Low Tone.
Enhances the Rune Knight and weakens Abysslings during Melody High Tone and the Rune Knight periodically absorbs nearby Abysslings. Additional fusion occurs when an Abyssling of an identical element is absorbed.
An Abyss Knight is summoned upon fusing 3 times","Spell, Attack Enhance, Defense Enhance, Toggle, Toggle Effect","15% Resource Cost Amplification
Cooldown 2 s
Max Abyssling Summon Count per Rune Knight Fusion Stack -1
Hazy Melody Low Tone Effect
+10% Rune Knight's Authority Effect
Hazy Melody High Tone Effect
5% Rune Knight DMG Amplification
35% Abyssling DMG Dampening
(Magic Effect) +5% High Tone Effect
(Magic Effect) +5% Low Tone Effect
(Rare Effect) +15% High Tone Effect
(Rare Effect) +15% Low Tone Effect
(Legendary Effect) +30% High Tone Effect
(Legendary Effect) +30% Low Tone Effect","15% Resource Cost Amplification
Cooldown 2 s
Max Abyssling Summon Count per Rune Knight Fusion Stack -1
Hazy Melody Low Tone Effect
+200% Rune Knight's Authority Effect
Hazy Melody High Tone Effect
46% Rune Knight DMG Amplification
35% Abyssling DMG Dampening
(Magic Effect) +5% High Tone Effect
(Magic Effect) +5% Low Tone Effect
(Rare Effect) +15% High Tone Effect
(Rare Effect) +15% Low Tone Effect
(Legendary Effect) +30% High Tone Effect
(Legendary Effect) +30% Low Tone Effect","+[10-5]% Enhance Skill Rune Resource Cost
+[5-15]% High Tone Effect","Increases Max Abyssling Summon Count during High Tone of Hazy Melody
+1 Max Abyssling Summon Count
[10-25]% Minion Skill Cooldown Dampening","+[10-5]% Enhance Skill Rune Resource Cost
+[5-15]% Low Tone Effect"
,Summon Deadly Poison Rune Knight,"Deadly Poison Rune Knight has the Spell, Strike, Area of Effect, Poison, Melee tags.
Summons a Rune Knight of Poison that periodically breathes Poison Fire and enhances DoT of nearby Abysslings.
The Rune Knight periodically absorbs an Abyssling during Melody High Tone and additional fusion occurs when an Abyssling of an identical element is absorbed.
An Abyss Knight is summoned upon fusing 3 times.
Has a maintenance cost upon summoning","Spell, Minion, Rune Knight","Mana Cost 50
Cooldown 40 s
Poison Element
Summon Level 1
Summon Count 1
Max Summon Count 1
Basic Attack DMG 85% (Spell, Melee, Poison, Strike, Area of Effect)
Earth Blow DMG 160% (Spell, Melee, Poison, Strike, Area of Effect)
Thorn Poison DoT 52% (Spell, Projectile, Poison, DoT)
+0.5% Rune Knight HP
Periodically grants Knight's Authority to Abyssling
+25.2% Abyssling DoT
(Magic Effect) +30% Rune Knight HP
(Magic Effect) +50% Rune Knight DMG
(Rare Effect) +75% Rune Knight HP
(Rare Effect) +100% Rune Knight DMG
(Legendary Effect) +125% Rune Knight HP
(Legendary Effect) +150% Rune Knight DMG","Mana Cost 152
Cooldown 40 s
Poison Element
Summon Level 110
Summon Count 1
Max Summon Count 1
Basic Attack DMG 139% (Spell, Melee, Poison, Strike, Area of Effect)
Earth Blow DMG 269% (Spell, Melee, Poison, Strike, Area of Effect)
Thorn Poison DoT 84% (Spell, Projectile, Poison, DoT)
+56.8% Rune Knight HP
Periodically grants Knight's Authority to Abyssling
+69.2% Abyssling DoT
(Magic Effect) +30% Rune Knight HP
(Magic Effect) +50% Rune Knight DMG
(Rare Effect) +75% Rune Knight HP
(Rare Effect) +100% Rune Knight DMG
(Legendary Effect) +125% Rune Knight HP
(Legendary Effect) +150% Rune Knight DMG","+[25-50]% Minion Area of Effect
+[50-80]% Rune Knight DMG
Enlargement",+[30-50]% Rune Knight's Authority Effect,"25% Minion DMG Dampening
[16.4-19]% DMG Taken by Minions Decrease
Add +[20-30]% Minion Armor effect to Knight's Authority"
,Thorn Explosion,Attacks by summoning thorns around the target and additionally triggers an explosion attack.,"Spell, Area of Effect, Strike, Physical, ProjectileCannot Multishot, Cannot use Parallel Shot, Cannot Pierce, Cannot Split, Cannot Chain, Cannot Change Speed","Mana Cost 3
Triggers Immediately
Physical Element
+10% Area of Effect
+10 Bleed Rate
1st Thorn Attack
Explosion Range 150
Explosion Interval 0.3 s
Physical DMG 130%
Physical DMG +30
2nd Thorn Attack
Explosion Range 200
Physical DMG 485%
Physical DMG +170
(Magic Effect) +10% Area of Effect
(Magic Effect) 5% DMG Amplification against Bleeding enemies
(Rare Effect) +15% Area of Effect
(Rare Effect) 10% DMG Amplification against Bleeding enemies
(Legendary Effect) +30% Area of Effect
(Legendary Effect) 15% DMG Amplification against Bleeding enemies","Mana Cost 12.5
Triggers Immediately
Physical Element
+10% Area of Effect
+10 Bleed Rate
1st Thorn Attack
Explosion Range 150
Explosion Interval 0.3 s
Physical DMG 217%
Physical DMG +597
2nd Thorn Attack
Explosion Range 200
Physical DMG 624%
Physical DMG +692
(Magic Effect) +10% Area of Effect
(Magic Effect) 5% DMG Amplification against Bleeding enemies
(Rare Effect) +15% Area of Effect
(Rare Effect) 10% DMG Amplification against Bleeding enemies
(Legendary Effect) +30% Area of Effect
(Legendary Effect) 15% DMG Amplification against Bleeding enemies","[10-25]% DMG Amplification
[5-10]% Area of Effect Amplification","Deletes 2nd projectile attack, changes projectile number to 3
[5-10]% DMG Amplification
[5-15]% Area of Effect Amplification","+[20-25]% Bleed Chance
[15-30]% DMG Amplification against Bleeding enemies
+[5-15] Stun Rate"
,Trick Shot,Moves forward and deals damage to an enemy behind.,"Attack, Area of Effect, Strike, Physical, Duration, Movement","Mana Cost 5
Cooldown 6 s
Physical Element
+1 Max Use Count
+30% Knockback Chance
+50% Knockback Distance
Area of Effect 400
Physical DMG 266%
Physical DMG +28
Shares Cooldowns between Offensive Movement Skills
(Magic Effect) +20% Knockback Chance
(Magic Effect) +10% Knockback Distance
(Magic Effect) +60% Area of Effect
(Rare Effect) +45% Knockback Chance
(Rare Effect) +30% Knockback Distance
(Rare Effect) +90% Area of Effect
(Legendary Effect) +60% Knockback Chance
(Legendary Effect) +50% Knockback Distance
(Legendary Effect) +120% Area of Effect
(Legendary Effect) +1 Max Use Count","Mana Cost 18.6
Cooldown 4 s
Physical Element
+1 Max Use Count
+30% Knockback Chance
+50% Knockback Distance
Area of Effect 400
Physical DMG 615%
Physical DMG +514
Shares Cooldowns between Offensive Movement Skills
(Magic Effect) +20% Knockback Chance
(Magic Effect) +10% Knockback Distance
(Magic Effect) +60% Area of Effect
(Rare Effect) +45% Knockback Chance
(Rare Effect) +30% Knockback Distance
(Rare Effect) +90% Area of Effect
(Legendary Effect) +60% Knockback Chance
(Legendary Effect) +50% Knockback Distance
(Legendary Effect) +120% Area of Effect
(Legendary Effect) +1 Max Use Count","Gain Acceleration effect for 3 s at a 100% chance upon hitting an enemy
+70% Acceleration Effect","Inflict Disturb effect for 3 s at a 100% chance upon hitting an enemy
+[80-100]% Disturb Effect
+[15-20]% Movement Skill Rune Cooldown Recovery Speed
+[70-90]% Area of Effect
Cannot link Disturb Link Rune","+1 Max Use Count
[10-15]% Skill Rune Cooldown Amplification
15% chance to reset Cooldown upon using a skill"
,Black Plague,"Moves toward the control direction while channeling, forming an area of Black Plague around yourself. Inflicts additional DMG according to the number of Black Plague stacks. However, Great Plague is not caused when Channeling is canceled by Movement Skills or Crowd Control effects.","Spell, Area of Effect, Channel, Strike, Poison","HP Cost 3
Triggers Immediately
Poison Element
1st DMG
Area of Effect 350
Poison DMG 160%
Poison DMG +58
+10% Venom Chance
30% Trigger Skill DMG Dampening
20% chance to inflict Black Plague effect to Target for 5s
Black Plague Effect
Poison Resist decreases by -7 per stack.
Remove all Black Plague stacks when channeling ends. Inflict Great Plague with DMG exponentially multiplied by the number of stacks
Great Plague
Area of Effect 75
Poison DMG 160%
Poison DMG +58
(Magic Effect) 35% Movement Speed Dampening
(Magic Effect) +5% Black Plague Effect
(Rare Effect) 30% Movement Speed Dampening
(Rare Effect) +10% Black Plague Effect
(Rare Effect) 10% DMG Amplification against enemies affected by Venom
(Legendary Effect) 25% Movement Speed Dampening
(Legendary Effect) +15% Black Plague Effect
(Legendary Effect) 15% DMG Amplification against enemies affected by Venom","HP Cost 16.6
Triggers Immediately
Poison Element
1st DMG
Area of Effect 350
Poison DMG 462%
Poison DMG +498
+10% Venom Chance
30% Trigger Skill DMG Dampening
20% chance to inflict Black Plague effect to Target for 5s
Black Plague Effect
Poison Resist decreases by -7 per stack.
Remove all Black Plague stacks when channeling ends. Inflict Great Plague with DMG exponentially multiplied by the number of stacks
Great Plague
Area of Effect 75
Poison DMG 693%
Poison DMG +498
(Magic Effect) 35% Movement Speed Dampening
(Magic Effect) +5% Black Plague Effect
(Rare Effect) 30% Movement Speed Dampening
(Rare Effect) +10% Black Plague Effect
(Rare Effect) 10% DMG Amplification against enemies affected by Venom
(Legendary Effect) 25% Movement Speed Dampening
(Legendary Effect) +15% Black Plague Effect
(Legendary Effect) 15% DMG Amplification against enemies affected by Venom","Activate Great Plague Effect on Spell Hit
Remove all stacks of target with Great Plague Effect activated
+[10-30]% Strike DMG
[10-20]% Venom DMG Dampening","Gain Concentrated Area DMG Link Rune Effect
[15-25]% Area DMG Amplification
30% Area of Effect Dampening
+[5-15]% Black Plague Effect","[10-20]% Venom DMG Amplification
+[10-25]% Black Plague Effect"
,Wings of Ignition,"Summons projectiles that track enemies, and if hit, the projectiles split. The split projectiles then track new targets.","Spell, Strike, Fire, ProjectileCannot Multishot, Cannot Pierce","Mana Cost 4
Triggers Immediately
Fire Element
Projectile Count 2
Fire DMG 180%
Fire DMG +52
Split Projectile
+1 Projectile Split Count
10% DMG Dampening when hitting the same target repeatedly
(Magic Effect) +30% Fire DMG
(Rare Effect) +50% Fire DMG
(Rare Effect) +10% Fire Penetration
(Legendary Effect) +70% Fire DMG
(Legendary Effect) +15% Fire Penetration
(Legendary Effect) +1 Projectile Count","Mana Cost 21
Triggers Immediately
Fire Element
Projectile Count 2
Fire DMG 557%
Fire DMG +555
Split Projectile
+1 Projectile Split Count
10% DMG Dampening when hitting the same target repeatedly
(Magic Effect) +30% Fire DMG
(Rare Effect) +50% Fire DMG
(Rare Effect) +10% Fire Penetration
(Legendary Effect) +70% Fire DMG
(Legendary Effect) +15% Fire Penetration
(Legendary Effect) +1 Projectile Count","+[1-4] Projectile Count
-1 Projectile Split Count
+1 Split Projectile Count","+1 Split Projectile Count
[5-15]% DMG Dampening","+1 Projectile Split Count
[10-20]% DMG Dampening"
,Vision Shift,Moves forward to inflict DMG on enemies. Amplifies Resource Cost and DMG upon continuously using the skill.,"Spell, Area of Effect, Move Attack, Strike, Physical","Mana Cost 25
Cooldown 10 s
Physical Element
Physical DMG 120%
Physical DMG +60
Skill Cooldown does not decrease below 0.3 s
Gain Mana Focus on skill use
Mana Focus
Max Stacks 30
+20% DMG per Stack
Gain Overload on skill use
Overload
Max Stacks 30
5% Resource Cost per stack
(Rare Effect) +50% Area DMG
(Legendary Effect) +100% Area DMG
(Legendary Effect) 10% Skill Rune Cooldown Dampening","Mana Cost 93
Cooldown 2.5 s
Physical Element
Physical DMG 537%
Physical DMG +1018
Skill Cooldown does not decrease below 0.3 s
Gain Mana Focus on skill use
Mana Focus
Max Stacks 30
+20% DMG per Stack
Gain Overload on skill use
Overload
Max Stacks 30
5% Resource Cost per stack
(Rare Effect) +50% Area DMG
(Legendary Effect) +100% Area DMG
(Legendary Effect) 10% Skill Rune Cooldown Dampening","10% Skill Cooldown Dampening per 1 Movement Skill Rune Max Use Count
+[1-2] Movement Skill Rune Max Use Count","+[50-80]% Movement Skill Rune Cooldown Recovery Speed
+50% Mana Regen/Sec",[15-25]% DMG Amplification
,The Absolute's Hammer,Throws a hammer that spirals in vortex and deals DMG to nearby enemies.,"Attack, Melee, Strike, Physical, ProjectileCannot Multishot, Cannot use Parallel Shot, Cannot Split, Cannot Chain","Mana Cost 3
Triggers Immediately
Physical Element
Pierce Count 7
Physical DMG 200%
Physical DMG +90
10% DMG Dampening when hitting the same target repeatedly
10% Attack Speed Amplification
+10% Stun Chance
3 Projectile Curve
3% DMG Amplification per +1 Projectile Count
20% chance to inflict Concussion effect to the enemy upon Attack
Max Concussion Stacks 5
Concussion Effect
1% DMG Taken by The Absolute's Hammer Amplification
(Magic Effect) +10% Concussion Effect
(Rare Effect) +20% Concussion Effect
(Rare Effect) 10% DMG Amplification against Stunned enemies
(Legendary Effect) +30% Concussion Effect
(Legendary Effect) 15% DMG Amplification against Stunned enemies","Mana Cost 12.5
Triggers Immediately
Physical Element
Pierce Count 7
Physical DMG 473%
Physical DMG +909
10% DMG Dampening when hitting the same target repeatedly
10% Attack Speed Amplification
+10% Stun Chance
3 Projectile Curve
3% DMG Amplification per +1 Projectile Count
20% chance to inflict Concussion effect to the enemy upon Attack
Max Concussion Stacks 5
Concussion Effect
1% DMG Taken by The Absolute's Hammer Amplification
(Magic Effect) +10% Concussion Effect
(Rare Effect) +20% Concussion Effect
(Rare Effect) 10% DMG Amplification against Stunned enemies
(Legendary Effect) +30% Concussion Effect
(Legendary Effect) 15% DMG Amplification against Stunned enemies","Max Concussion Stacks 5
+[10-30]% Concussion Effect","+[10-20]% Projectile Size
+[10-30]% Projectile DMG","[10-20]% Projectile Speed Dampening
+[10-30]% Projectile DMG"
,Frost Storm,Fires an arrow that explodes to create a Chilling Area. The Chilling Area deals DMG for a set amount of time,"Attack, Area of Effect, Strike, Cold, Projectile, Bow, ShadowCannot use Parallel Shot, Cannot Split, Cannot Chain","Mana Cost 4
Triggers Immediately
Cold Element
Projectile Count 1 (Max 5)
Area of Effect of Chilling Area 150
Chilling Area Duration 0.4 s
Chilling Area Explosion Frequency 0.2 s
Cold DMG +50
Cold DMG 128%
+1 Chill Rate
8% DMG Dampening when hitting the same target repeatedly
(Magic Effect) +30% Cold DMG
(Rare Effect) +50% Cold DMG
(Rare Effect) +1 Projectile Count
(Legendary Effect) +100% Cold DMG
(Legendary Effect) Chilling Area Duration +30%
(Legendary Effect) +2 Projectile Count","Mana Cost 21
Triggers Immediately
Cold Element
Projectile Count 1 (Max 5)
Area of Effect of Chilling Area 150
Chilling Area Duration 0.4 s
Chilling Area Explosion Frequency 0.2 s
Cold DMG +564
Cold DMG 267%
+45 Chill Rate
8% DMG Dampening when hitting the same target repeatedly
(Magic Effect) +30% Cold DMG
(Rare Effect) +50% Cold DMG
(Rare Effect) +1 Projectile Count
(Legendary Effect) +100% Cold DMG
(Legendary Effect) Chilling Area Duration +30%
(Legendary Effect) +2 Projectile Count","Projectile Creation Range -200
+[30-70]% Area of Effect","Change to Chilling Area Explosion Frequency 0.1 s
Chilling Area Duration +[30-50]%","=+[20-30] Freeze Rate
+[50-70]% DMG against enemies affected by Cold Status Effect"
,Axe Throw,Throws a Fire Element axe to deal damage to enemies. The thrown axe varies depending on the equipped weapon type,"Attack, Area of Effect, Strike, Fire, ProjectileCannot use Parallel Shot, Cannot Split, Cannot Chain","Mana Cost 5
Triggers Immediately
Fire Element
+15% Attack Critical Chance
+90% Attack Critical DMG
10% Attack Speed Amplification
20% chance to inflict Rupture for 5 s on hit with Axe Throw (Max Stacks: 5)
Amplifies Axe Throw DMG dealt to the target by 2% per 1 Rupture stack on hit
Effect when 1-handed weapon is equipped (Attack, Fire, Strike, Projectile)
Fire DMG +40
Fire DMG 300%
Projectile Repeat DMG enabled
Projectile Count 3 (Max 7)
Pierce Count 1
10% DMG Dampening when hitting the same target repeatedly
Effect when Dual Wielding (Attack, Fire, Strike, Projectile)
Fire DMG +38
Fire DMG 280%
Projectile Count is fixed to 1 and fires twice
Pierces All
Effect when 2-handed weapon is equipped (Attack, Fire, Strike, Area, Projectile)
Projectile Count is fixed to 1 and explodes on hit
Fire DMG +50
Fire DMG 400%
Explosion Range 200
(Magic Effect) Rupture Effect +20%
(Magic Effect) +10% Fire Penetration
(Rare Effect) Rupture Effect +40%
(Rare Effect) +20% Fire Penetration
(Legendary Effect) Rupture Effect +60%
(Legendary Effect) +45% Fire Penetration
(Legendary Effect) 15% Projectile DMG Amplification","Mana Cost 14.5
Triggers Immediately
Fire Element
+15% Attack Critical Chance
+90% Attack Critical DMG
10% Attack Speed Amplification
20% chance to inflict Rupture for 5 s on hit with Axe Throw (Max Stacks: 5)
Amplifies Axe Throw DMG dealt to the target by 2% per 1 Rupture stack on hit
Effect when 1-handed weapon is equipped (Attack, Fire, Strike, Projectile)
Fire DMG +959
Fire DMG 768%
Projectile Repeat DMG enabled
Projectile Count 3 (Max 7)
Pierce Count 1
10% DMG Dampening when hitting the same target repeatedly
Effect when Dual Wielding (Attack, Fire, Strike, Projectile)
Fire DMG +947
Fire DMG 761%
Projectile Count is fixed to 1 and fires twice
Pierces All
Effect when 2-handed weapon is equipped (Attack, Fire, Strike, Area, Projectile)
Projectile Count is fixed to 1 and explodes on hit
Fire DMG +1375
Fire DMG 1326%
Explosion Range 200
(Magic Effect) Rupture Effect +20%
(Magic Effect) +10% Fire Penetration
(Rare Effect) Rupture Effect +40%
(Rare Effect) +20% Fire Penetration
(Legendary Effect) Rupture Effect +60%
(Legendary Effect) +45% Fire Penetration
(Legendary Effect) 15% Projectile DMG Amplification","Pierce Count +[1-2] when 1-handed weapon is equipped
Projectile Speed +[60-100]% when Dual Wielding
Area of Effect +[40-80]% when 2-handed weapon is equipped",Rupture Effect +[30-70]%,"100% chance to gain Hellfire effect for 5 s on hit
( Fire Penetration +10%, Increases Fire DMG by 10% )
+[50-100]% Hellfire Effect"