,Rune,,Description,tag,Lv.1,Lv.45,Source,Origin,Verity
,Quick Attack,Before,"Can be linked with Skills that are Attack
Cannot be linked with Skills that are Shout, Attack Enhance, Defense Enhance, Toggle, Movement, Trap
Applies to Minions when linked to Summon Skill",Attack,"Resource Cost Increase 20%
+12% Attack Speed
(마법 등급 효과) +4% Attack Speed
(희귀 등급 효과) +12% Attack Speed

(전설 등급 효과) +16% Attack Speed
(전설 등급 효과) 7% Attack Speed Amplification","Resource Cost Increase 20%
+41.2% Attack Speed
(마법 등급 효과) +4% Attack Speed
(희귀 등급 효과) +12% Attack Speed

(전설 등급 효과) +16% Attack Speed
(전설 등급 효과) 7% Attack Speed Amplification",+[5-10]% Attack Speed,-[10-5]% Resource Cost,+[1.7-2.5]% Attack Speed per 1 Green Link Rune on linked Skill Rune
,,After,"Can be linked with Skills that are Attack
Cannot be linked with Skills that are Shout, Attack Enhance, Defense Enhance, Toggle, Movement, Trap
Applies to Minions when linked to Summon Skill",Attack,"Resource Cost Increase 20%
+12% Attack Speed
(마법 등급 효과) +4% Attack Speed
(희귀 등급 효과) +12% Attack Speed

(전설 등급 효과) +16% Attack Speed
(전설 등급 효과) 7% Attack Speed Amplification","Resource Cost Increase 20%
+44.5% Attack Speed
(마법 등급 효과) +4% Attack Speed
(희귀 등급 효과) +12% Attack Speed

(전설 등급 효과) +16% Attack Speed
(전설 등급 효과) 7% Attack Speed Amplification",+[5-10]% Attack Speed,-[10-5]% Resource Cost,+[1.7-2.5]% Attack Speed per 1 Green Link Rune on linked Skill Rune
,Knockback,기존,"Can be linked with Skills that are Strike, Attack (must include all)
Cannot be linked with Skills that are Minion, Sentry","Strike, Attack","Resource Cost Increase 15%
+20% Knockback Chance
+10% Knockback Distance
+5-10 Attack DMG
(마법 등급 효과) +2.5% Knockback Chance
(마법 등급 효과) +15% DMG
(희귀 등급 효과) +6% Knockback Chance
(희귀 등급 효과) +30% DMG

(전설 등급 효과) +10% Knockback Chance
(전설 등급 효과) +50% DMG
(전설 등급 효과) 5% Strike DMG Amplification","Resource Cost Increase 15%
+31.4% Knockback Chance
+31.7% Knockback Distance
+35-41 Attack DMG
(마법 등급 효과) +2.5% Knockback Chance
(마법 등급 효과) +15% DMG
(희귀 등급 효과) +6% Knockback Chance
(희귀 등급 효과) +30% DMG

(전설 등급 효과) +10% Knockback Chance
(전설 등급 효과) +50% DMG
(전설 등급 효과) 5% Strike DMG Amplification","+[10-20]% Knockback Chance
20% chance to gain Cold Energy upon Knockback",[3.5-5]% Melee DMG Amplification,-[10-5]% Resource Cost
,,변경,"Can be linked with Skills that are Strike, Attack (must include all)
Cannot be linked with Skills that are Minion, Sentry","Strike, Attack","Resource Cost Increase 15%
+20% Knockback Chance
+10% Knockback Distance
+5-10 Attack DMG
(마법 등급 효과) +2.5% Knockback Chance
(마법 등급 효과) +15% DMG
(희귀 등급 효과) +6% Knockback Chance
(희귀 등급 효과) +30% DMG

(전설 등급 효과) +10% Knockback Chance
(전설 등급 효과) +50% DMG
(전설 등급 효과) 5% Strike DMG Amplification","Resource Cost Increase 15%
+34% Knockback Chance
+33% Knockback Distance
+37-43 Attack DMG
(마법 등급 효과) +2.5% Knockback Chance
(마법 등급 효과) +15% DMG
(희귀 등급 효과) +6% Knockback Chance
(희귀 등급 효과) +30% DMG

(전설 등급 효과) +10% Knockback Chance
(전설 등급 효과) +50% DMG
(전설 등급 효과) 5% Strike DMG Amplification","+[10-20]% Knockback Chance
20% chance to gain Cold Energy upon Knockback",[3.5-5]% Melee DMG Amplification,-[10-5]% Resource Cost
,Melee DMG Amplification,기존,"Can be linked with Skills that are Melee
Can be linked with Skills that satisfy any one of Attack, Spell
Applies to Minions when linked to Summon Skill","Attack, Spell, Melee","Resource Cost Increase 15%
7.5% Melee DMG Amplification
(마법 등급 효과) Cannot apply Status Effects
(희귀 등급 효과) Cannot apply Status Effects
(희귀 등급 효과) +20% Melee DMG

(전설 등급 효과) Cannot apply DoT
(전설 등급 효과) +50% Melee DMG
(전설 등급 효과) 5% DMG Amplification","Resource Cost Increase 15%
22.2% Melee DMG Amplification
(마법 등급 효과) Cannot apply Status Effects
(희귀 등급 효과) Cannot apply Status Effects
(희귀 등급 효과) +20% Melee DMG

(전설 등급 효과) Cannot apply DoT
(전설 등급 효과) +50% Melee DMG
(전설 등급 효과) 5% DMG Amplification",+[35-50]% Melee DMG,"Change to can inflict DoT
+[7-10] DoT Rate",[0.3-0.5]% Melee DMG Amplification per 1 Red Link Rune on linked Skill Rune
,,변경,"Can be linked with Skills that are Melee
Can be linked with Skills that satisfy any one of Attack, Spell
Applies to Minions when linked to Summon Skill","Attack, Spell, Melee","Resource Cost Increase 15%
7.5% Melee DMG Amplification
(마법 등급 효과) Cannot apply Status Effects
(희귀 등급 효과) Cannot apply Status Effects
(희귀 등급 효과) +20% Melee DMG

(전설 등급 효과) Cannot apply DoT
(전설 등급 효과) +50% Melee DMG
(전설 등급 효과) 5% DMG Amplification","Resource Cost Increase 15%
24% Melee DMG Amplification
(마법 등급 효과) Cannot apply Status Effects
(희귀 등급 효과) Cannot apply Status Effects
(희귀 등급 효과) +20% Melee DMG

(전설 등급 효과) Cannot apply DoT
(전설 등급 효과) +50% Melee DMG
(전설 등급 효과) 5% DMG Amplification",+[35-50]% Melee DMG,"Change to can inflict DoT
+[7-10] DoT Rate",[0.3-0.5]% Melee DMG Amplification per 1 Red Link Rune on linked Skill Rune
,Additional Physical DMG,기존,"Can be linked with Skills that are Physical
Applies to Minions when linked to Summon Skill",Physical,"Resource Cost Increase 15%
+26-34 Physical DMG
(마법 등급 효과) +18-22 Physical DMG
(희귀 등급 효과) +54-66 Physical DMG

(전설 등급 효과) +66-84 Physical DMG
(전설 등급 효과) 5% Physical DMG Amplification","Resource Cost Increase 15%
+210-244 Physical DMG
(마법 등급 효과) +18-22 Physical DMG
(희귀 등급 효과) +54-66 Physical DMG

(전설 등급 효과) +66-84 Physical DMG
(전설 등급 효과) 5% Physical DMG Amplification",+[35-50]-[55-80] Physical DMG,[0.5-0.9]% Physical DMG Amplification per 1 Red Link Rune on linked Skill Rune,+[55-80]% Physical DMG
,,변경,"Can be linked with Skills that are Physical
Applies to Minions when linked to Summon Skill",Physical,"Resource Cost Increase 15%
+26-27 Physical DMG
(마법 등급 효과) +18-22 Physical DMG
(희귀 등급 효과) +54-66 Physical DMG

(전설 등급 효과) +66-84 Physical DMG
(전설 등급 효과) 5% Physical DMG Amplification","Resource Cost Increase 15%
+227-254 Physical DMG
(마법 등급 효과) +18-22 Physical DMG
(희귀 등급 효과) +54-66 Physical DMG

(전설 등급 효과) +66-84 Physical DMG
(전설 등급 효과) 5% Physical DMG Amplification",+[35-50]-[55-80] Physical DMG,[0.5-0.9]% Physical DMG Amplification per 1 Red Link Rune on linked Skill Rune,+[55-80]% Physical DMG
,Find Weakness,기존,"Can be linked with Skills that are Strike
Cannot be linked with Persistence
Applies to Minions when linked to Summon Skill",Strike,"Resource Cost Increase 15%
+20% Critical Rate
(마법 등급 효과) +3 Critical Rate
(희귀 등급 효과) +4 Critical Rate
(희귀 등급 효과) +15% Critical Rate

(전설 등급 효과) +4 Critical Rate
(전설 등급 효과) +2% Critical Chance
(전설 등급 효과) +30% Critical Rate","Resource Cost Increase 15%
+165% Critical Rate
(마법 등급 효과) +3 Critical Rate
(희귀 등급 효과) +4 Critical Rate
(희귀 등급 효과) +15% Critical Rate

(전설 등급 효과) +4 Critical Rate
(전설 등급 효과) +2% Critical Chance
(전설 등급 효과) +30% Critical Rate",+[35-50]% Critical Rate,"+7% Critical DMG
+[6-9]% Critical Rate per 1 Green Link Rune on linked Skill Rune","+15% Critical Rate
+[12-17]% Critical DMG against enemies at 40% or less HP"
,,변경,"Can be linked with Skills that are Strike
Cannot be linked with Persistence
Applies to Minions when linked to Summon Skill",Strike,"Resource Cost Increase 15%
+20% Critical Rate
(마법 등급 효과) +3 Critical Rate
(희귀 등급 효과) +4 Critical Rate
(희귀 등급 효과) +15% Critical Rate

(전설 등급 효과) +4 Critical Rate
(전설 등급 효과) +2% Critical Chance
(전설 등급 효과) +30% Critical Rate","Resource Cost Increase 15%
+178.5% Critical Rate
(마법 등급 효과) +3 Critical Rate
(희귀 등급 효과) +4 Critical Rate
(희귀 등급 효과) +15% Critical Rate

(전설 등급 효과) +4 Critical Rate
(전설 등급 효과) +2% Critical Chance
(전설 등급 효과) +30% Critical Rate",+[35-50]% Critical Rate,"+7% Critical DMG
+[6-9]% Critical Rate per 1 Green Link Rune on linked Skill Rune","+15% Critical Rate
+[12-17]% Critical DMG against enemies at 40% or less HP"
,Additional Lightning DMG,기존,"Can be linked with Skills that are Lightning
Applies to Minions when linked to Summon Skill",Lightning,"Resource Cost Increase 20%
+10-56 Lightning DMG
+30% Lightning DMG
(마법 등급 효과) +5-32 Lightning DMG
(희귀 등급 효과) +10-110 Lightning DMG

(전설 등급 효과) +10-140 Lightning DMG
(전설 등급 효과) 5% Lightning DMG Amplification","Resource Cost Increase 20%
+10-443 Lightning DMG
+80% Lightning DMG
(마법 등급 효과) +5-32 Lightning DMG
(희귀 등급 효과) +10-110 Lightning DMG

(전설 등급 효과) +10-140 Lightning DMG
(전설 등급 효과) 5% Lightning DMG Amplification",+[1-5]-[100-155] Lightning DMG,[0.5-0.9]% Lightning DMG Amplification per 1 Blue Link Rune on linked Skill Rune,Additional Lightning DMG equal to [1.5-4]% of DMG on every hit
,,변경,"Can be linked with Skills that are Lightning
Applies to Minions when linked to Summon Skill",Lightning,"Resource Cost Increase 20%
+10-50 Lightning DMG
+30% Lightning DMG
(마법 등급 효과) +5-32 Lightning DMG
(희귀 등급 효과) +10-110 Lightning DMG

(전설 등급 효과) +10-140 Lightning DMG
(전설 등급 효과) 5% Lightning DMG Amplification","Resource Cost Increase 20%
+10-461 Lightning DMG
+83.2% Lightning DMG
(마법 등급 효과) +5-32 Lightning DMG
(희귀 등급 효과) +10-110 Lightning DMG

(전설 등급 효과) +10-140 Lightning DMG
(전설 등급 효과) 5% Lightning DMG Amplification",+[1-5]-[100-155] Lightning DMG,[0.5-0.9]% Lightning DMG Amplification per 1 Blue Link Rune on linked Skill Rune,Additional Lightning DMG equal to [1.5-4]% of DMG on every hit
,Additional Fire DMG,기존,"Can be linked with Skills that are Fire
Applies to Minions when linked to Summon Skill",Fire,"Resource Cost Increase 20%
+25-41 Fire DMG
+30% Fire DMG
(마법 등급 효과) +10-30 Fire DMG
(희귀 등급 효과) +40-80 Fire DMG

(전설 등급 효과) +50-100 Fire DMG
(전설 등급 효과) 5% Fire DMG Amplification","Resource Cost Increase 20%
+167-287 Fire DMG
+80% Fire DMG
(마법 등급 효과) +10-30 Fire DMG
(희귀 등급 효과) +40-80 Fire DMG

(전설 등급 효과) +50-100 Fire DMG
(전설 등급 효과) 5% Fire DMG Amplification",+[35-50]-[55-80] Fire DMG,[0.5-0.9]% Fire DMG Amplification per 1 Red Link Rune on linked Skill Rune,Additional Fire DMG equal to [1.5-4]% of DMG on every hit
,,변경,"Can be linked with Skills that are Fire
Applies to Minions when linked to Summon Skill",Fire,"Resource Cost Increase 20%
+23-37 Fire DMG
+30% Fire DMG
(마법 등급 효과) +10-30 Fire DMG
(희귀 등급 효과) +40-80 Fire DMG

(전설 등급 효과) +50-100 Fire DMG
(전설 등급 효과) 5% Fire DMG Amplification","Resource Cost Increase 20%
+174-298 Fire DMG
+83.2% Fire DMG
(마법 등급 효과) +10-30 Fire DMG
(희귀 등급 효과) +40-80 Fire DMG

(전설 등급 효과) +50-100 Fire DMG
(전설 등급 효과) 5% Fire DMG Amplification",+[35-50]-[55-80] Fire DMG,[0.5-0.9]% Fire DMG Amplification per 1 Red Link Rune on linked Skill Rune,Additional Fire DMG equal to [1.5-4]% of DMG on every hit
,Additional Cold DMG,기존,"Can be linked with Skills that are Cold
Applies to Minions when linked to Summon Skill",Cold,"Resource Cost Increase 20%
+31-35 Cold DMG
+30% Cold DMG
(마법 등급 효과) +17-23 Cold DMG
(희귀 등급 효과) +55-65 Cold DMG

(전설 등급 효과) +70-80 Cold DMG
(전설 등급 효과) 5% Cold DMG Amplification","Resource Cost Increase 20%
+215-238 Cold DMG
+80% Cold DMG
(마법 등급 효과) +17-23 Cold DMG
(희귀 등급 효과) +55-65 Cold DMG

(전설 등급 효과) +70-80 Cold DMG
(전설 등급 효과) 5% Cold DMG Amplification",+[35-50]-[55-80] Cold DMG,[0.5-0.9]% Cold DMG Amplification per 1 Blue Link Rune on linked Skill Rune,Additional Cold DMG equal to [1.5-4]% of DMG on every hit
,,변경,"Can be linked with Skills that are Cold
Applies to Minions when linked to Summon Skill",Cold,"Resource Cost Increase 20%
+30-34 Cold DMG
+30% Cold DMG
(마법 등급 효과) +17-23 Cold DMG
(희귀 등급 효과) +55-65 Cold DMG

(전설 등급 효과) +70-80 Cold DMG
(전설 등급 효과) 5% Cold DMG Amplification","Resource Cost Increase 20%
+224-248 Cold DMG
+83.2% Cold DMG
(마법 등급 효과) +17-23 Cold DMG
(희귀 등급 효과) +55-65 Cold DMG

(전설 등급 효과) +70-80 Cold DMG
(전설 등급 효과) 5% Cold DMG Amplification",+[35-50]-[55-80] Cold DMG,[0.5-0.9]% Cold DMG Amplification per 1 Blue Link Rune on linked Skill Rune,Additional Cold DMG equal to [1.5-4]% of DMG on every hit
,Additional Poison DMG,기존,"Can be linked with Skills that are Poison
Applies to Minions when linked to Summon Skill",Poison,"Resource Cost Increase 20%
+28-38 Poison DMG
+30% Poison DMG
(마법 등급 효과) +16-24 Poison DMG
(희귀 등급 효과) +32-88 Poison DMG

(전설 등급 효과) +54-96 Poison DMG
(전설 등급 효과) 5% Poison DMG Amplification","Resource Cost Increase 20%
+195-260 Poison DMG
+80% Poison DMG
(마법 등급 효과) +16-24 Poison DMG
(희귀 등급 효과) +32-88 Poison DMG

(전설 등급 효과) +54-96 Poison DMG
(전설 등급 효과) 5% Poison DMG Amplification",+[35-50]-[55-80] Poison DMG,[0.5-0.9]% Poison DMG Amplification per 1 Green Link Rune on linked Skill Rune,Additional Poison DMG on DMG equal to [1.5-4]% of DMG on every hit
,,변경,"Can be linked with Skills that are Poison
Applies to Minions when linked to Summon Skill",Poison,"Resource Cost Increase 20%
+27-36 Poison DMG
+30% Poison DMG
(마법 등급 효과) +16-24 Poison DMG
(희귀 등급 효과) +32-88 Poison DMG

(전설 등급 효과) +54-96 Poison DMG
(전설 등급 효과) 5% Poison DMG Amplification","Resource Cost Increase 20%
+203-270 Poison DMG
+83.2% Poison DMG
(마법 등급 효과) +16-24 Poison DMG
(희귀 등급 효과) +32-88 Poison DMG

(전설 등급 효과) +54-96 Poison DMG
(전설 등급 효과) 5% Poison DMG Amplification",+[35-50]-[55-80] Poison DMG,[0.5-0.9]% Poison DMG Amplification per 1 Green Link Rune on linked Skill Rune,Additional Poison DMG on DMG equal to [1.5-4]% of DMG on every hit
,Multishot,기존,"Can be linked with Skills that are Projectile
Cannot be linked with Skills that are Totem, Movement, Cannot Multishot, Trap
Only one Multishot can be linked at once
Applies to Minions when linked to Summon Skill",Projectile,"Resource Cost Increase 20%
+2 Projectile Count
15% Projectile DMG Dampening
(마법 등급 효과) +20% Projectile DMG
(희귀 등급 효과) +40% Projectile DMG

(전설 등급 효과) +2 Projectile Count
(전설 등급 효과) +50% Projectile DMG","Resource Cost Increase 20%
+2 Projectile Count
4.5% Projectile DMG Amplification
(마법 등급 효과) +20% Projectile DMG
(희귀 등급 효과) +40% Projectile DMG

(전설 등급 효과) +2 Projectile Count
(전설 등급 효과) +50% Projectile DMG","[3.5-5]% Projectile DMG Dampening
Gain Powerful Multishot effect for 1 s upon using Skill (Cooldown: 3 s)
Powerful Multishot effect
Projectile Count +2 for the duration",-[10-5]% Resource Cost,"2% DMG Amplification if linked Skill Rune has 6 Green Link Runes
[0.3-0.5]% Projectile DMG Amplification per 1 Projectile tag Link Rune on linked Skill Rune"
,,변경,"Can be linked with Skills that are Projectile
Cannot be linked with Skills that are Totem, Movement, Cannot Multishot, Trap
Only one Multishot can be linked at once
Applies to Minions when linked to Summon Skill",Projectile,"Resource Cost Increase 20%
+2 Projectile Count
15% Projectile DMG Dampening
(마법 등급 효과) +20% Projectile DMG
(희귀 등급 효과) +40% Projectile DMG

(전설 등급 효과) +2 Projectile Count
(전설 등급 효과) +50% Projectile DMG","Resource Cost Increase 20%
+2 Projectile Count
4.7% Projectile DMG Amplification
(마법 등급 효과) +20% Projectile DMG
(희귀 등급 효과) +40% Projectile DMG

(전설 등급 효과) +2 Projectile Count
(전설 등급 효과) +50% Projectile DMG","[3.5-5]% Projectile DMG Dampening
Gain Powerful Multishot effect for 1 s upon using Skill (Cooldown: 3 s)
Powerful Multishot effect
Projectile Count +2 for the duration",-[10-5]% Resource Cost,"2% DMG Amplification if linked Skill Rune has 6 Green Link Runes
[0.3-0.5]% Projectile DMG Amplification per 1 Projectile tag Link Rune on linked Skill Rune"
,Endless Pain,기존,"Can be linked with Skills that are Physical, Strike (must include all)
Applies to Minions when linked to Summon Skill","Physical, Strike","Resource Cost Increase 20%
+37 Bleed Rate
+15% Bleed DMG
Gain Endless Pain Effect for 5 s every time Bleed is inflicted (Max Stacks: 3)
Endless Pain Effect
7% Bleed DMG Amplification
(마법 등급 효과) 2% Physical DoT Amplification
(마법 등급 효과) 2% Bleed DMG Amplification
(희귀 등급 효과) 5% Physical DoT Amplification
(희귀 등급 효과) 4% Bleed DMG Amplification

(전설 등급 효과) 10% Physical DoT Amplification
(전설 등급 효과) 6% Bleed DMG Amplification
(전설 등급 효과) +5% Bleed Chance","Resource Cost Increase 20%
+70 Bleed Rate
+165% Bleed DMG
Gain Endless Pain Effect for 5 s every time Bleed is inflicted (Max Stacks: 3)
Endless Pain Effect
7% Bleed DMG Amplification
(마법 등급 효과) 2% Physical DoT Amplification
(마법 등급 효과) 2% Bleed DMG Amplification
(희귀 등급 효과) 5% Physical DoT Amplification
(희귀 등급 효과) 4% Bleed DMG Amplification

(전설 등급 효과) 10% Physical DoT Amplification
(전설 등급 효과) 6% Bleed DMG Amplification
(전설 등급 효과) +5% Bleed Chance","+[14-20] Bleed Rate
[3-5.5]% Bleed DMG Amplification",+[3.5-5]% DoT Acceleration,Endless Pain Effect +[20-30]%
,,변경,"Can be linked with Skills that are Physical, Strike (must include all)
Applies to Minions when linked to Summon Skill","Physical, Strike","Resource Cost Increase 20%
+37 Bleed Rate
+15% Bleed DMG
Gain Endless Pain Effect for 5 s every time Bleed is inflicted (Max Stacks: 3)
Endless Pain Effect
7% Bleed DMG Amplification
(마법 등급 효과) 2% Physical DoT Amplification
(마법 등급 효과) 2% Bleed DMG Amplification
(희귀 등급 효과) 5% Physical DoT Amplification
(희귀 등급 효과) 4% Bleed DMG Amplification

(전설 등급 효과) 10% Physical DoT Amplification
(전설 등급 효과) 6% Bleed DMG Amplification
(전설 등급 효과) +5% Bleed Chance","Resource Cost Increase 20%
+73 Bleed Rate
+172% Bleed DMG
Gain Endless Pain Effect for 5 s every time Bleed is inflicted (Max Stacks: 3)
Endless Pain Effect
7% Bleed DMG Amplification
(마법 등급 효과) 2% Physical DoT Amplification
(마법 등급 효과) 2% Bleed DMG Amplification
(희귀 등급 효과) 5% Physical DoT Amplification
(희귀 등급 효과) 4% Bleed DMG Amplification

(전설 등급 효과) 10% Physical DoT Amplification
(전설 등급 효과) 6% Bleed DMG Amplification
(전설 등급 효과) +5% Bleed Chance","+[14-20] Bleed Rate
[3-5.5]% Bleed DMG Amplification",+[3.5-5]% DoT Acceleration,Endless Pain Effect +[20-30]%
,Bloodthirst,기존,"Can be linked with Skills that are Physical, Strike (must include all)
Applies to Minions when linked to Summon Skill","Physical, Strike","Resource Cost Increase 15%
Cannot apply Bleed
+20% Critical Rate against Bleeding enemies
+10% Critical DMG against Bleeding enemies
(마법 등급 효과) +10% Critical Rate against Bleeding enemies
(마법 등급 효과) +15% DMG against Bleeding enemies
(희귀 등급 효과) +20% Critical Rate against Bleeding enemies
(희귀 등급 효과) +40% DMG against Bleeding enemies

(전설 등급 효과) +30% Critical Rate against Bleeding enemies
(전설 등급 효과) +50% DMG against Bleeding enemies
(전설 등급 효과) 7.5% DMG Amplification against Bleeding enemies","Resource Cost Increase 15%
Cannot apply Bleed
+123.7% Critical Rate against Bleeding enemies
+56.7% Critical DMG against Bleeding enemies
(마법 등급 효과) +10% Critical Rate against Bleeding enemies
(마법 등급 효과) +15% DMG against Bleeding enemies
(희귀 등급 효과) +20% Critical Rate against Bleeding enemies
(희귀 등급 효과) +40% DMG against Bleeding enemies

(전설 등급 효과) +30% Critical Rate against Bleeding enemies
(전설 등급 효과) +50% DMG against Bleeding enemies
(전설 등급 효과) 7.5% DMG Amplification against Bleeding enemies","+[31-45]% Critical Rate against Bleeding enemies
+[10-15]% Critical DMG against Bleeding enemies","Change to can inflict Bleed
[4-7.5]% Bleed DMG Amplification",[4-5.2]% DMG Amplification against Bleeding enemies
,,변경,"Can be linked with Skills that are Physical, Strike (must include all)
Applies to Minions when linked to Summon Skill","Physical, Strike","Resource Cost Increase 15%
Cannot apply Bleed
+20% Critical Rate against Bleeding enemies
+10% Critical DMG against Bleeding enemies
(마법 등급 효과) +10% Critical Rate against Bleeding enemies
(마법 등급 효과) +15% DMG against Bleeding enemies
(희귀 등급 효과) +20% Critical Rate against Bleeding enemies
(희귀 등급 효과) +40% DMG against Bleeding enemies

(전설 등급 효과) +30% Critical Rate against Bleeding enemies
(전설 등급 효과) +50% DMG against Bleeding enemies
(전설 등급 효과) 7.5% DMG Amplification against Bleeding enemies","Resource Cost Increase 15%
Cannot apply Bleed
+128.6% Critical Rate against Bleeding enemies
+59% Critical DMG against Bleeding enemies
(마법 등급 효과) +10% Critical Rate against Bleeding enemies
(마법 등급 효과) +15% DMG against Bleeding enemies
(희귀 등급 효과) +20% Critical Rate against Bleeding enemies
(희귀 등급 효과) +40% DMG against Bleeding enemies

(전설 등급 효과) +30% Critical Rate against Bleeding enemies
(전설 등급 효과) +50% DMG against Bleeding enemies
(전설 등급 효과) 7.5% DMG Amplification against Bleeding enemies","+[31-45]% Critical Rate against Bleeding enemies
+[10-15]% Critical DMG against Bleeding enemies","Change to can inflict Bleed
[4-7.5]% Bleed DMG Amplification",[4-5.2]% DMG Amplification against Bleeding enemies
,Armor Penetration,기존,"Can be linked with Skills that are Physical
Applies to Minions when linked to Summon Skill",Physical,"Resource Cost Increase 15%
+12% Armor Penetration
+12% Physical DMG
(마법 등급 효과) +5% Armor Penetration
(희귀 등급 효과) +10% Armor Penetration

(전설 등급 효과) +10% Armor Penetration
(전설 등급 효과) +3% Max Armor Penetration
(전설 등급 효과) 2% chance to ignore Armor when dealing DMG","Resource Cost Increase 15%
+45% Armor Penetration
+95% Physical DMG
(마법 등급 효과) +5% Armor Penetration
(희귀 등급 효과) +10% Armor Penetration

(전설 등급 효과) +10% Armor Penetration
(전설 등급 효과) +3% Max Armor Penetration
(전설 등급 효과) 2% chance to ignore Armor when dealing DMG","+2% Max Armor Penetration
+[10-15]% Armor Penetration","[1.4-2]% Physical DMG Amplification
+[20-40]% Physical DMG",-[10-5]% Resource Cost
,,변경,"Can be linked with Skills that are Physical
Applies to Minions when linked to Summon Skill",Physical,"Resource Cost Increase 15%
+12% Armor Penetration
+12% Physical DMG
(마법 등급 효과) +5% Armor Penetration
(희귀 등급 효과) +10% Armor Penetration

(전설 등급 효과) +10% Armor Penetration
(전설 등급 효과) +3% Max Armor Penetration
(전설 등급 효과) 2% chance to ignore Armor when dealing DMG","Resource Cost Increase 15%
+46.8% Armor Penetration
+98.8% Physical DMG
(마법 등급 효과) +5% Armor Penetration
(희귀 등급 효과) +10% Armor Penetration

(전설 등급 효과) +10% Armor Penetration
(전설 등급 효과) +3% Max Armor Penetration
(전설 등급 효과) 2% chance to ignore Armor when dealing DMG","+2% Max Armor Penetration
+[10-15]% Armor Penetration","[1.4-2]% Physical DMG Amplification
+[20-40]% Physical DMG",-[10-5]% Resource Cost
,Slaughter,기존,"Can be linked with Skills that are Strike
Cannot be linked with Persistence
Applies to Minions when linked to Summon Skill",Strike,"Resource Cost Increase 15%
+10% Critical DMG
20% chance to gain Slaughter Effect for 5 s on hit (Max Stacks: 10)
Slaughter Effect
+5% Critical DMG
(마법 등급 효과) +25% Critical DMG
(희귀 등급 효과) +43% Critical DMG

(전설 등급 효과) +60% Critical DMG","Resource Cost Increase 15%
+83% Critical DMG
20% chance to gain Slaughter Effect for 5 s on hit (Max Stacks: 10)
Slaughter Effect
+5% Critical DMG
(마법 등급 효과) +25% Critical DMG
(희귀 등급 효과) +43% Critical DMG

(전설 등급 효과) +60% Critical DMG","+[10-15]% Critical DMG
+[35-50]% DMG against enemies affected by Status Effect",[0.5-0.9]% Strike DMG Amplification per 1 Green Link Rune on linked Skill Rune,Slaughter Max Stacks +[3-5]
,,변경,"Can be linked with Skills that are Strike
Cannot be linked with Persistence
Applies to Minions when linked to Summon Skill",Strike,"Resource Cost Increase 15%
+10% Critical DMG
20% chance to gain Slaughter Effect for 5 s on hit (Max Stacks: 10)
Slaughter Effect
+5% Critical DMG
(마법 등급 효과) +25% Critical DMG
(희귀 등급 효과) +43% Critical DMG

(전설 등급 효과) +60% Critical DMG","Resource Cost Increase 15%
+86% Critical DMG
20% chance to gain Slaughter Effect for 5 s on hit (Max Stacks: 10)
Slaughter Effect
+5% Critical DMG
(마법 등급 효과) +25% Critical DMG
(희귀 등급 효과) +43% Critical DMG

(전설 등급 효과) +60% Critical DMG","+[10-15]% Critical DMG
+[35-50]% DMG against enemies affected by Status Effect",[0.5-0.9]% Strike DMG Amplification per 1 Green Link Rune on linked Skill Rune,Slaughter Max Stacks +[3-5]
,Chain,기존,"Can be linked with Skills that are capable of being Chained
Cannot be linked with Totem, Movement Skills
Applies to Minions when linked to Summon Skill",,"Resource Cost Increase 20%
+1 Chain Count
+10% Chain Range

(희귀 등급 효과) +10% Chain Range
(희귀 등급 효과) 5% DMG Amplification

(전설 등급 효과) +15% Chain Range
(전설 등급 효과) 7.5% DMG Amplification
(전설 등급 효과) +1 Chain Count","Resource Cost Increase 20%
+3 Chain Count
+30.7% Chain Range
7.5% DMG Amplification

(희귀 등급 효과) +10% Chain Range
(희귀 등급 효과) 5% DMG Amplification

(전설 등급 효과) +15% Chain Range
(전설 등급 효과) 7.5% DMG Amplification
(전설 등급 효과) +1 Chain Count","+1 Chain Count
+[15-30]% Chain Range",-[10-5]% Resource Cost,"+2 Chain Count
[8-12]% DMG Dampening"
,,변경,"Can be linked with Skills that are capable of being Chained
Cannot be linked with Totem, Movement Skills
Applies to Minions when linked to Summon Skill",,"Resource Cost Increase 20%
+1 Chain Count
+10% Chain Range

(희귀 등급 효과) +10% Chain Range
(희귀 등급 효과) 5% DMG Amplification

(전설 등급 효과) +15% Chain Range
(전설 등급 효과) 7.5% DMG Amplification
(전설 등급 효과) +1 Chain Count","Resource Cost Increase 20%
+3 Chain Count
+31.9% Chain Range
7.8% DMG Amplification

(희귀 등급 효과) +10% Chain Range
(희귀 등급 효과) 5% DMG Amplification

(전설 등급 효과) +15% Chain Range
(전설 등급 효과) 7.5% DMG Amplification
(전설 등급 효과) +1 Chain Count","+1 Chain Count
+[15-30]% Chain Range",-[10-5]% Resource Cost,"+2 Chain Count
[8-12]% DMG Dampening"
,Element DMG Amplification,기존,"Can be linked with Skills that are any one of Fire, Cold, Lightning, Poison
Applies to Minions when linked to Summon Skill","Fire, Cold, Lightning, Poison","Resource Cost Increase 20%
5.5% Element DMG Amplification
(마법 등급 효과) 100% Physical DMG Dampening
(희귀 등급 효과) 100% Physical DMG Dampening
(희귀 등급 효과) +30% Element DMG

(전설 등급 효과) 50% Physical DMG Dampening
(전설 등급 효과) +40% Element DMG
(전설 등급 효과) 5% Element DMG Amplification","Resource Cost Increase 20%
18.6% Element DMG Amplification
(마법 등급 효과) 100% Physical DMG Dampening
(희귀 등급 효과) 100% Physical DMG Dampening
(희귀 등급 효과) +30% Element DMG

(전설 등급 효과) 50% Physical DMG Dampening
(전설 등급 효과) +40% Element DMG
(전설 등급 효과) 5% Element DMG Amplification",+[45-65]% Element DMG,[0.4-0.8]% Element DMG Amplification per 1 Blue Link Rune on linked Skill Rune,-[10-5]% Resource Cost
,,변경,"Can be linked with Skills that are any one of Fire, Cold, Lightning, Poison
Applies to Minions when linked to Summon Skill","Fire, Cold, Lightning, Poison","Resource Cost Increase 20%
5.5% Element DMG Amplification
(마법 등급 효과) 100% Physical DMG Dampening
(희귀 등급 효과) 100% Physical DMG Dampening
(희귀 등급 효과) +30% Element DMG

(전설 등급 효과) 50% Physical DMG Dampening
(전설 등급 효과) +40% Element DMG
(전설 등급 효과) 5% Element DMG Amplification","Resource Cost Increase 20%
19.3% Element DMG Amplification
(마법 등급 효과) 100% Physical DMG Dampening
(희귀 등급 효과) 100% Physical DMG Dampening
(희귀 등급 효과) +30% Element DMG

(전설 등급 효과) 50% Physical DMG Dampening
(전설 등급 효과) +40% Element DMG
(전설 등급 효과) 5% Element DMG Amplification",+[45-65]% Element DMG,[0.4-0.8]% Element DMG Amplification per 1 Blue Link Rune on linked Skill Rune,-[10-5]% Resource Cost
,Quick Cast,기존,"Can be linked with Skills that are Spell
Cannot be linked with Skills that are Shout, Attack Enhance, Defense Enhance, Toggle, Movement, Trap
Applies to Minions when linked to Summon Skill",Spell,"Resource Cost Increase 20%
+12% Cast Speed
(마법 등급 효과) +4% Cast Speed
(희귀 등급 효과) +12% Cast Speed

(전설 등급 효과) +16% Cast Speed
(전설 등급 효과) 7% Cast Speed Amplification","Resource Cost Increase 20%
+41.2% Cast Speed
(마법 등급 효과) +4% Cast Speed
(희귀 등급 효과) +12% Cast Speed

(전설 등급 효과) +16% Cast Speed
(전설 등급 효과) 7% Cast Speed Amplification",+[5-10]% Cast Speed,-[10-5]% Resource Cost,+[1.7-2.5]% Cast Speed per 1 Blue Link Rune on linked Skill Rune
,,변경,"Can be linked with Skills that are Spell
Cannot be linked with Skills that are Shout, Attack Enhance, Defense Enhance, Toggle, Movement, Trap
Applies to Minions when linked to Summon Skill",Spell,"Resource Cost Increase 20%
+12% Cast Speed
(마법 등급 효과) +4% Cast Speed
(희귀 등급 효과) +12% Cast Speed

(전설 등급 효과) +16% Cast Speed
(전설 등급 효과) 7% Cast Speed Amplification","Resource Cost Increase 20%
+42.8% Cast Speed
(마법 등급 효과) +4% Cast Speed
(희귀 등급 효과) +12% Cast Speed

(전설 등급 효과) +16% Cast Speed
(전설 등급 효과) 7% Cast Speed Amplification",+[5-10]% Cast Speed,-[10-5]% Resource Cost,+[1.7-2.5]% Cast Speed per 1 Blue Link Rune on linked Skill Rune
,Lingering Chill,기존,"Can be linked with Skills that are Cold, Strike (must include all)
Applies to Minions when linked to Summon Skill","Cold, Strike","Resource Cost Increase 15%
+10 Chill Rate
+15% Chill Effect
+20% DMG against Chilled enemies
+20% Chill Duration
Gain Lingering Chill Effect for 5 s every time Chill is afflicted (Max Stacks: 3)
Lingering Chill Effect
1.5% Cold DMG Amplification
(마법 등급 효과) 5% DMG Amplification against Chilled enemies
(희귀 등급 효과) 8% DMG Amplification against Chilled enemies
(희귀 등급 효과) +5% Chill Effect

(전설 등급 효과) 10% DMG Amplification against Chilled enemies
(전설 등급 효과) +10% Chill Effect
(전설 등급 효과) +5% Chill Chance","Resource Cost Increase 15%
+40 Chill Rate
+30.6% Chill Effect
+103.3% DMG against Chilled enemies
+20% Chill Duration
Gain Lingering Chill Effect for 5 s every time Chill is afflicted (Max Stacks: 3)
Lingering Chill Effect
1.5% Cold DMG Amplification
(마법 등급 효과) 5% DMG Amplification against Chilled enemies
(희귀 등급 효과) 8% DMG Amplification against Chilled enemies
(희귀 등급 효과) +5% Chill Effect

(전설 등급 효과) 10% DMG Amplification against Chilled enemies
(전설 등급 효과) +10% Chill Effect
(전설 등급 효과) +5% Chill Chance","+[25-40]% Chill Effect
+[10-15]% Chill Chance",Lingering Chill Max Stacks +[1-2],[3.5-5]% DMG Amplification against Chilled enemies
,,변경,"Can be linked with Skills that are Cold, Strike (must include all)
Applies to Minions when linked to Summon Skill","Cold, Strike","Resource Cost Increase 15%
+10 Chill Rate
+15% Chill Effect
+20% DMG against Chilled enemies
+20% Chill Duration
Gain Lingering Chill Effect for 5 s every time Chill is afflicted (Max Stacks: 3)
Lingering Chill Effect
1.5% Cold DMG Amplification
(마법 등급 효과) 5% DMG Amplification against Chilled enemies
(희귀 등급 효과) 8% DMG Amplification against Chilled enemies
(희귀 등급 효과) +5% Chill Effect

(전설 등급 효과) 10% DMG Amplification against Chilled enemies
(전설 등급 효과) +10% Chill Effect
(전설 등급 효과) +5% Chill Chance","Resource Cost Increase 15%
+42 Chill Rate
+31.8% Chill Effect
+107.4% DMG against Chilled enemies
+20% Chill Duration
Gain Lingering Chill Effect for 5 s every time Chill is afflicted (Max Stacks: 3)
Lingering Chill Effect
1.5% Cold DMG Amplification
(마법 등급 효과) 5% DMG Amplification against Chilled enemies
(희귀 등급 효과) 8% DMG Amplification against Chilled enemies
(희귀 등급 효과) +5% Chill Effect

(전설 등급 효과) 10% DMG Amplification against Chilled enemies
(전설 등급 효과) +10% Chill Effect
(전설 등급 효과) +5% Chill Chance","+[25-40]% Chill Effect
+[10-15]% Chill Chance",Lingering Chill Max Stacks +[1-2],[3.5-5]% DMG Amplification against Chilled enemies
,Ignite,기존,"Can be linked with Skills that are Fire, Strike (must include all)
Applies to Minions when linked to Summon Skill","Fire, Strike","Resource Cost Increase 15%
+10% Burn DMG
+10% Burn DMG Multiplier
10% Burn DMG Amplification during Enhance Skill Effect
(마법 등급 효과) 1.5% Burn DMG Amplification
(마법 등급 효과) +2.5% Burn Chance
(희귀 등급 효과) 5% Burn DMG Amplification
(희귀 등급 효과) +6.5% Burn Chance

(전설 등급 효과) 10% Burn DMG Amplification
(전설 등급 효과) +15% Burn Chance","Resource Cost Increase 15%
+58% Burn DMG
+62% Burn DMG Multiplier
43% Burn DMG Amplification during Enhance Skill Effect
(마법 등급 효과) 1.5% Burn DMG Amplification
(마법 등급 효과) +2.5% Burn Chance
(희귀 등급 효과) 5% Burn DMG Amplification
(희귀 등급 효과) +6.5% Burn Chance

(전설 등급 효과) 10% Burn DMG Amplification
(전설 등급 효과) +15% Burn Chance","+[14-20] Burn Rate
+[35-50]% Burn DMG",+[3.5-5]% DoT Acceleration,[2.8-4]% DMG Amplification against Burning enemies
,,변경,"Can be linked with Skills that are Fire, Strike (must include all)
Applies to Minions when linked to Summon Skill","Fire, Strike","Resource Cost Increase 15%
+10% Burn DMG
+10% Burn DMG Multiplier
10% Burn DMG Amplification during Enhance Skill Effect
(마법 등급 효과) 1.5% Burn DMG Amplification
(마법 등급 효과) +2.5% Burn Chance
(희귀 등급 효과) 5% Burn DMG Amplification
(희귀 등급 효과) +6.5% Burn Chance

(전설 등급 효과) 10% Burn DMG Amplification
(전설 등급 효과) +15% Burn Chance","Resource Cost Increase 15%
+60.3% Burn DMG
+64.5% Burn DMG Multiplier
45% Burn DMG Amplification during Enhance Skill Effect
(마법 등급 효과) 1.5% Burn DMG Amplification
(마법 등급 효과) +2.5% Burn Chance
(희귀 등급 효과) 5% Burn DMG Amplification
(희귀 등급 효과) +6.5% Burn Chance

(전설 등급 효과) 10% Burn DMG Amplification
(전설 등급 효과) +15% Burn Chance","+[14-20] Burn Rate
+[35-50]% Burn DMG",+[3.5-5]% DoT Acceleration,[2.8-4]% DMG Amplification against Burning enemies
,Burning Flame,기존,"Can be linked with Skills that are Fire, Strike (must include all)
Applies to Minions when linked to Summon Skill","Fire, Strike","Resource Cost Increase 20%
+37 Burn Rate
+31% Burn DMG
Gain Burning Flame Effect for 5 s every time Burn is inflicted (Max Stacks: 3)
Burning Flame Effect
7% Burn DMG Amplification
(마법 등급 효과) +30% Burn DMG
(희귀 등급 효과) +50% Burn DMG
(희귀 등급 효과) +5% Burn Chance

(전설 등급 효과) +75% Burn DMG
(전설 등급 효과) +8% Burn Chance
(전설 등급 효과) 4% Fire DMG Amplification","Resource Cost Increase 20%
+70 Burn Rate
+139% Burn DMG
Gain Burning Flame Effect for 5 s every time Burn is inflicted (Max Stacks: 3)
Burning Flame Effect
7% Burn DMG Amplification
(마법 등급 효과) +30% Burn DMG
(희귀 등급 효과) +50% Burn DMG
(희귀 등급 효과) +5% Burn Chance

(전설 등급 효과) +75% Burn DMG
(전설 등급 효과) +8% Burn Chance
(전설 등급 효과) 4% Fire DMG Amplification","+[14-20]% Burn DMG
[3.5-5]% Burn DMG Amplification",+[3.5-5]% DoT Acceleration,Burning Flame Effect +[20-30]%
,,변경,"Can be linked with Skills that are Fire, Strike (must include all)
Applies to Minions when linked to Summon Skill","Fire, Strike","Resource Cost Increase 20%
+37 Burn Rate
+31% Burn DMG
Gain Burning Flame Effect for 5 s every time Burn is inflicted (Max Stacks: 3)
Burning Flame Effect
7% Burn DMG Amplification
(마법 등급 효과) +30% Burn DMG
(희귀 등급 효과) +50% Burn DMG
(희귀 등급 효과) +5% Burn Chance

(전설 등급 효과) +75% Burn DMG
(전설 등급 효과) +8% Burn Chance
(전설 등급 효과) 4% Fire DMG Amplification","Resource Cost Increase 20%
+73 Burn Rate
+145% Burn DMG
Gain Burning Flame Effect for 5 s every time Burn is inflicted (Max Stacks: 3)
Burning Flame Effect
7% Burn DMG Amplification
(마법 등급 효과) +30% Burn DMG
(희귀 등급 효과) +50% Burn DMG
(희귀 등급 효과) +5% Burn Chance

(전설 등급 효과) +75% Burn DMG
(전설 등급 효과) +8% Burn Chance
(전설 등급 효과) 4% Fire DMG Amplification","+[14-20]% Burn DMG
[3.5-5]% Burn DMG Amplification",+[3.5-5]% DoT Acceleration,Burning Flame Effect +[20-30]%
,Area Effect,기존,"Can be linked with Skills that are Area of Effect
Can be linked with Skills that satisfy any one of Strike, DoT
Cannot be linked with Skills that are Trap
Applies to Minions when linked to Summon Skill","Strike, DoT, Area of Effect","Resource Cost Increase 15%
+20% Area of Effect
+10% DMG
(마법 등급 효과) +10% Area of Effect
(희귀 등급 효과) +20% Area of Effect
(희귀 등급 효과) +20% DMG

(전설 등급 효과) +30% Area of Effect
(전설 등급 효과) +40% DMG","Resource Cost Increase 15%
+68% Area of Effect
+61.9% DMG
(마법 등급 효과) +10% Area of Effect
(희귀 등급 효과) +20% Area of Effect
(희귀 등급 효과) +20% DMG

(전설 등급 효과) +30% Area of Effect
(전설 등급 효과) +40% DMG",-[10-5]% Resource Cost,[3.5-5]% Area of Effect Amplification,[2.1-3]% Area DMG Amplification
,,변경,"Can be linked with Skills that are Area of Effect
Can be linked with Skills that satisfy any one of Strike, DoT
Cannot be linked with Skills that are Trap
Applies to Minions when linked to Summon Skill","Strike, DoT, Area of Effect","Resource Cost Increase 15%
+20% Area of Effect
+10% DMG
(마법 등급 효과) +10% Area of Effect
(희귀 등급 효과) +20% Area of Effect
(희귀 등급 효과) +20% DMG

(전설 등급 효과) +30% Area of Effect
(전설 등급 효과) +40% DMG","Resource Cost Increase 15%
+70.7% Area of Effect
+64.4% DMG
(마법 등급 효과) +10% Area of Effect
(희귀 등급 효과) +20% Area of Effect
(희귀 등급 효과) +20% DMG

(전설 등급 효과) +30% Area of Effect
(전설 등급 효과) +40% DMG",-[10-5]% Resource Cost,[3.5-5]% Area of Effect Amplification,[2.1-3]% Area DMG Amplification
,Concentrated Area DMG,기존,"Can be linked with Skills that are Area of Effect
Can be linked with Skills that satisfy any one of Strike, DoT
Cannot be linked with Skills that are Trap
Applies to Minions when linked to Summon Skill","Strike, DoT, Area of Effect","Resource Cost Increase 15%
12% DMG Amplification
30% Area of Effect Dampening
(마법 등급 효과) 2% DMG Amplification
(희귀 등급 효과) 4% DMG Amplification

(전설 등급 효과) 8% DMG Amplification","Resource Cost Increase 15%
28.7% DMG Amplification
30% Area of Effect Dampening
(마법 등급 효과) 2% DMG Amplification
(희귀 등급 효과) 4% DMG Amplification

(전설 등급 효과) 8% DMG Amplification","[4.2-6]% DMG Amplification
10% Area of Effect Dampening","+[24-35]% DMG
Change to 19% Area of Effect Dampening",-[10-5]% Resource Cost
,,변경,"Can be linked with Skills that are Area of Effect
Can be linked with Skills that satisfy any one of Strike, DoT
Cannot be linked with Skills that are Trap
Applies to Minions when linked to Summon Skill","Strike, DoT, Area of Effect","Resource Cost Increase 15%
12% DMG Amplification
30% Area of Effect Dampening
(마법 등급 효과) 2% DMG Amplification
(희귀 등급 효과) 4% DMG Amplification

(전설 등급 효과) 8% DMG Amplification","Resource Cost Increase 15%
29.8% DMG Amplification
30% Area of Effect Dampening
(마법 등급 효과) 2% DMG Amplification
(희귀 등급 효과) 4% DMG Amplification

(전설 등급 효과) 8% DMG Amplification","[4.2-6]% DMG Amplification
10% Area of Effect Dampening","+[24-35]% DMG
Change to 19% Area of Effect Dampening",-[10-5]% Resource Cost
,Increase Duration,기존,Can be linked with Skills that are Duration,Duration,"Resource Cost Increase 15%
+15% Skill Rune Duration
(마법 등급 효과) +5% Skill Rune Duration
(희귀 등급 효과) +10% Skill Rune Duration

(전설 등급 효과) +10% Skill Rune Duration
(전설 등급 효과) 3% Skill Rune Duration Amplification","Resource Cost Increase 15%
+43.5% Skill Rune Duration
(마법 등급 효과) +5% Skill Rune Duration
(희귀 등급 효과) +10% Skill Rune Duration

(전설 등급 효과) +10% Skill Rune Duration
(전설 등급 효과) 3% Skill Rune Duration Amplification",+[10-15]% Skill Rune Duration,"+5% Attack Enhance Skill Rune Duration when Strength is 300 or more
+5% Defense Enhance Skill Rune Duration when Dexterity is 300 or more
+5% Skill Rune Duration when Intelligence is 300 or more
+[4-8]% Skill Rune Cooldown Recovery Speed","+10% Skill Rune Cooldown Recovery Speed if linked Skill Rune has 4 or more Legendary Link Runes
+[3.5-5]% Skill Rune Effect"
,,변경,Can be linked with Skills that are Duration,Duration,"Resource Cost Increase 15%
+15% Skill Rune Duration
(마법 등급 효과) +5% Skill Rune Duration
(희귀 등급 효과) +10% Skill Rune Duration

(전설 등급 효과) +10% Skill Rune Duration
(전설 등급 효과) 3% Skill Rune Duration Amplification","Resource Cost Increase 15%
+45.2% Skill Rune Duration
(마법 등급 효과) +5% Skill Rune Duration
(희귀 등급 효과) +10% Skill Rune Duration

(전설 등급 효과) +10% Skill Rune Duration
(전설 등급 효과) 3% Skill Rune Duration Amplification",+[10-15]% Skill Rune Duration,"+5% Attack Enhance Skill Rune Duration when Strength is 300 or more
+5% Defense Enhance Skill Rune Duration when Dexterity is 300 or more
+5% Skill Rune Duration when Intelligence is 300 or more
+[4-8]% Skill Rune Cooldown Recovery Speed","+10% Skill Rune Cooldown Recovery Speed if linked Skill Rune has 4 or more Legendary Link Runes
+[3.5-5]% Skill Rune Effect"
,Decrease Duration,기존,Can be linked with Skills that are Duration,Duration,"Resource Cost Increase 15%
30% Skill Rune Duration Dampening
+15% Skill Rune Effect
(마법 등급 효과) +5% Skill Rune Effect
(희귀 등급 효과) +15% Skill Rune Effect

(전설 등급 효과) +30% Skill Rune Effect
(전설 등급 효과) +5% Skill Rune Cooldown Recovery Speed","Resource Cost Increase 15%
30% Skill Rune Duration Dampening
+51.3% Skill Rune Effect
(마법 등급 효과) +5% Skill Rune Effect
(희귀 등급 효과) +15% Skill Rune Effect

(전설 등급 효과) +30% Skill Rune Effect
(전설 등급 효과) +5% Skill Rune Cooldown Recovery Speed","-3% Resource Cost
+[3-6]% Skill Rune Effect","+[7-10]% Skill Rune Effect
15% Skill Rune Duration Dampening",+[7-10]% Skill Rune Cooldown Recovery Speed
,,변경,Can be linked with Skills that are Duration,Duration,"Resource Cost Increase 15%
30% Skill Rune Duration Dampening
+15% Skill Rune Effect
(마법 등급 효과) +5% Skill Rune Effect
(희귀 등급 효과) +15% Skill Rune Effect

(전설 등급 효과) +30% Skill Rune Effect
(전설 등급 효과) +5% Skill Rune Cooldown Recovery Speed","Resource Cost Increase 15%
30% Skill Rune Duration Dampening
+53.4% Skill Rune Effect
(마법 등급 효과) +5% Skill Rune Effect
(희귀 등급 효과) +15% Skill Rune Effect

(전설 등급 효과) +30% Skill Rune Effect
(전설 등급 효과) +5% Skill Rune Cooldown Recovery Speed","-3% Resource Cost
+[3-6]% Skill Rune Effect","+[7-10]% Skill Rune Effect
15% Skill Rune Duration Dampening",+[7-10]% Skill Rune Cooldown Recovery Speed
,Piercing,기존,"Can be linked with Skills that are Projectile
Cannot be linked with Skills that are Totem, Movement, Cannot Pierce
Applies to Minions when linked to Summon Skill",Projectile,"Resource Cost Increase 20%
+1 Pierce Count
1% DMG Amplification per +1 Piercing Count
(마법 등급 효과) +20% Projectile DMG
(희귀 등급 효과) +25% Projectile DMG
(희귀 등급 효과) 2.5% Projectile DMG Amplification

(전설 등급 효과) +30% Projectile DMG
(전설 등급 효과) 5% Projectile DMG Amplification","Resource Cost Increase 20%
+3 Pierce Count
+41.5% Projectile DMG
5.5% DMG Amplification per +1 Piercing Count
(마법 등급 효과) +20% Projectile DMG
(희귀 등급 효과) +25% Projectile DMG
(희귀 등급 효과) 2.5% Projectile DMG Amplification

(전설 등급 효과) +30% Projectile DMG
(전설 등급 효과) 5% Projectile DMG Amplification","+1 Pierce Count
+[50-70]% Projectile DMG",[1-1.5]% DMG Amplification per 1 Pierce(s),"+1 Pierce Count if linked Skill Rune has 3 or more Green Link Runes
[0.5-0.9]% Projectile DMG Amplification per 1 Projectile tag Link Rune on linked Skill Rune"
,,변경,"Can be linked with Skills that are Projectile
Cannot be linked with Skills that are Totem, Movement, Cannot Pierce
Applies to Minions when linked to Summon Skill",Projectile,"Resource Cost Increase 20%
+1 Pierce Count
1% DMG Amplification per +1 Piercing Count
(마법 등급 효과) +20% Projectile DMG
(희귀 등급 효과) +25% Projectile DMG
(희귀 등급 효과) 2.5% Projectile DMG Amplification

(전설 등급 효과) +30% Projectile DMG
(전설 등급 효과) 5% Projectile DMG Amplification","Resource Cost Increase 20%
+3 Pierce Count
+41.5% Projectile DMG
5.7% DMG Amplification per +1 Piercing Count
(마법 등급 효과) +20% Projectile DMG
(희귀 등급 효과) +25% Projectile DMG
(희귀 등급 효과) 2.5% Projectile DMG Amplification

(전설 등급 효과) +30% Projectile DMG
(전설 등급 효과) 5% Projectile DMG Amplification","+1 Pierce Count
+[50-70]% Projectile DMG",[1-1.5]% DMG Amplification per 1 Pierce(s),"+1 Pierce Count if linked Skill Rune has 3 or more Green Link Runes
[0.5-0.9]% Projectile DMG Amplification per 1 Projectile tag Link Rune on linked Skill Rune"
,Frost Explosion,기존,"Can be linked with Skills that are Cold, Strike (must include all)
Applies to Minions when linked to Summon Skill","Cold, Strike","Resource Cost Increase 15%
Cannot apply Chill
+13-16 Cold DMG against Chilled enemies
+10 Freeze Rate against Chilled Enemies
(마법 등급 효과) +4-6 Cold DMG against Chilled enemies
(마법 등급 효과) +5 Freeze Rate against Chilled Enemies
(희귀 등급 효과) +8-10 Cold DMG against Chilled enemies
(희귀 등급 효과) +5 Freeze Rate against Chilled Enemies

(전설 등급 효과) +16-20 Cold DMG against Chilled enemies
(전설 등급 효과) +5 Freeze Rate against Chilled Enemies
(전설 등급 효과) 9% DMG Amplification against Chilled enemies","Resource Cost Increase 15%
Cannot apply Chill
+110-124 Cold DMG against Chilled enemies
+40 Freeze Rate against Chilled Enemies
(마법 등급 효과) +4-6 Cold DMG against Chilled enemies
(마법 등급 효과) +5 Freeze Rate against Chilled Enemies
(희귀 등급 효과) +8-10 Cold DMG against Chilled enemies
(희귀 등급 효과) +5 Freeze Rate against Chilled Enemies

(전설 등급 효과) +16-20 Cold DMG against Chilled enemies
(전설 등급 효과) +5 Freeze Rate against Chilled Enemies
(전설 등급 효과) 9% DMG Amplification against Chilled enemies",[0.7-1.3]% Cold DMG Amplification per 1 Cold tag Link Rune on linked Skill Rune,"Change to can inflict Chill
[3-5]% DMG Dampening against Chilled enemies",[3.5-5]% DMG Amplification against Chilled enemies
,,변경,"Can be linked with Skills that are Cold, Strike (must include all)
Applies to Minions when linked to Summon Skill","Cold, Strike","Resource Cost Increase 15%
Cannot apply Chill
+13-16 Cold DMG against Chilled enemies
+10 Freeze Rate against Chilled Enemies
(마법 등급 효과) +4-6 Cold DMG against Chilled enemies
(마법 등급 효과) +5 Freeze Rate against Chilled Enemies
(희귀 등급 효과) +8-10 Cold DMG against Chilled enemies
(희귀 등급 효과) +5 Freeze Rate against Chilled Enemies

(전설 등급 효과) +16-20 Cold DMG against Chilled enemies
(전설 등급 효과) +5 Freeze Rate against Chilled Enemies
(전설 등급 효과) 9% DMG Amplification against Chilled enemies","Resource Cost Increase 15%
Cannot apply Chill
+114-129 Cold DMG against Chilled enemies
+42 Freeze Rate against Chilled Enemies
(마법 등급 효과) +4-6 Cold DMG against Chilled enemies
(마법 등급 효과) +5 Freeze Rate against Chilled Enemies
(희귀 등급 효과) +8-10 Cold DMG against Chilled enemies
(희귀 등급 효과) +5 Freeze Rate against Chilled Enemies

(전설 등급 효과) +16-20 Cold DMG against Chilled enemies
(전설 등급 효과) +5 Freeze Rate against Chilled Enemies
(전설 등급 효과) 9% DMG Amplification against Chilled enemies",[0.7-1.3]% Cold DMG Amplification per 1 Cold tag Link Rune on linked Skill Rune,"Change to can inflict Chill
[3-5]% DMG Dampening against Chilled enemies",[3.5-5]% DMG Amplification against Chilled enemies
,Fire Penetration,기존,"Can be linked with Skills that are Fire
Applies to Minions when linked to Summon Skill",Fire,"Resource Cost Increase 15%
+8 Fire Penetration
+12% Fire DMG
Gain Fire Penetration Effect for 5 s every time Burn is inflicted (Max Stacks: 3)
Fire Penetration Effect
+5 Fire Penetration
(마법 등급 효과) +2 Fire Penetration
(희귀 등급 효과) +7 Fire Penetration

(전설 등급 효과) +16 Fire Penetration
(전설 등급 효과) +4% Max Fire Penetration
(전설 등급 효과) 2% chance to ignore Fire Resist on hit","Resource Cost Increase 15%
+20 Fire Penetration
+37% Fire DMG
Gain Fire Penetration Effect for 5 s every time Burn is inflicted (Max Stacks: 3)
Fire Penetration Effect
+5 Fire Penetration
(마법 등급 효과) +2 Fire Penetration
(희귀 등급 효과) +7 Fire Penetration

(전설 등급 효과) +16 Fire Penetration
(전설 등급 효과) +4% Max Fire Penetration
(전설 등급 효과) 2% chance to ignore Fire Resist on hit","+[4-9] Fire Penetration
+2% Max Fire Penetration",+[55-80]% Fire DMG,+[3.5-5]% Fire Penetration per 1 Awakened Link Rune on linked Skill Rune
,,변경,"Can be linked with Skills that are Fire
Applies to Minions when linked to Summon Skill",Fire,"Resource Cost Increase 15%
+8 Fire Penetration
+12% Fire DMG
Gain Fire Penetration Effect for 5 s every time Burn is inflicted (Max Stacks: 3)
Fire Penetration Effect
+5 Fire Penetration
(마법 등급 효과) +2 Fire Penetration
(희귀 등급 효과) +7 Fire Penetration

(전설 등급 효과) +16 Fire Penetration
(전설 등급 효과) +4% Max Fire Penetration
(전설 등급 효과) 2% chance to ignore Fire Resist on hit","Resource Cost Increase 15%
+21 Fire Penetration
+38.5% Fire DMG
Gain Fire Penetration Effect for 5 s every time Burn is inflicted (Max Stacks: 3)
Fire Penetration Effect
+5 Fire Penetration
(마법 등급 효과) +2 Fire Penetration
(희귀 등급 효과) +7 Fire Penetration

(전설 등급 효과) +16 Fire Penetration
(전설 등급 효과) +4% Max Fire Penetration
(전설 등급 효과) 2% chance to ignore Fire Resist on hit","+[4-9] Fire Penetration
+2% Max Fire Penetration",+[55-80]% Fire DMG,+[3.5-5]% Fire Penetration per 1 Awakened Link Rune on linked Skill Rune
,Cold Penetration,기존,"Can be linked with Skills that are Cold
Applies to Minions when linked to Summon Skill",Cold,"Resource Cost Increase 15%
+8 Cold Penetration
+12% Cold DMG
Gain Cold Penetration Effect for 5 s every time Chill is inflicted (Max Stacks: 3)
Cold Penetration Effect
+5 Cold Penetration
(마법 등급 효과) +2 Cold Penetration
(희귀 등급 효과) +7 Cold Penetration

(전설 등급 효과) +16 Cold Penetration
(전설 등급 효과) +4% Max Cold Penetration
(전설 등급 효과) 2% chance to ignore Cold Resist on hit","Resource Cost Increase 15%
+20 Cold Penetration
+37% Cold DMG
Gain Cold Penetration Effect for 5 s every time Chill is inflicted (Max Stacks: 3)
Cold Penetration Effect
+5 Cold Penetration
(마법 등급 효과) +2 Cold Penetration
(희귀 등급 효과) +7 Cold Penetration

(전설 등급 효과) +16 Cold Penetration
(전설 등급 효과) +4% Max Cold Penetration
(전설 등급 효과) 2% chance to ignore Cold Resist on hit","+[4-9] Cold Penetration
+2% Max Cold Penetration",+[55-80]% Cold DMG,+[2.5-4.6]% Cold Penetration per 1 Awakened Link Rune on linked Skill Rune
,,변경,"Can be linked with Skills that are Cold
Applies to Minions when linked to Summon Skill",Cold,"Resource Cost Increase 15%
+8 Cold Penetration
+12% Cold DMG
Gain Cold Penetration Effect for 5 s every time Chill is inflicted (Max Stacks: 3)
Cold Penetration Effect
+5 Cold Penetration
(마법 등급 효과) +2 Cold Penetration
(희귀 등급 효과) +7 Cold Penetration

(전설 등급 효과) +16 Cold Penetration
(전설 등급 효과) +4% Max Cold Penetration
(전설 등급 효과) 2% chance to ignore Cold Resist on hit","Resource Cost Increase 15%
+21 Cold Penetration
+38.5% Cold DMG
Gain Cold Penetration Effect for 5 s every time Chill is inflicted (Max Stacks: 3)
Cold Penetration Effect
+5 Cold Penetration
(마법 등급 효과) +2 Cold Penetration
(희귀 등급 효과) +7 Cold Penetration

(전설 등급 효과) +16 Cold Penetration
(전설 등급 효과) +4% Max Cold Penetration
(전설 등급 효과) 2% chance to ignore Cold Resist on hit","+[4-9] Cold Penetration
+2% Max Cold Penetration",+[55-80]% Cold DMG,+[2.5-4.6]% Cold Penetration per 1 Awakened Link Rune on linked Skill Rune
,Lightning Penetration,기존,"Can be linked with Skills that are Lightning
Applies to Minions when linked to Summon Skill",Lightning,"Resource Cost Increase 15%
+8 Lightning Penetration
+12% Lightning DMG
Gain Lightning Penetration Effect for 5 s every time Shock is inflicted (Max Stacks: 3)
Lightning Penetration Effect
+5 Lightning Penetration
(마법 등급 효과) +2 Lightning Penetration
(희귀 등급 효과) +7 Lightning Penetration

(전설 등급 효과) +16 Lightning Penetration
(전설 등급 효과) +4% Max Lightning Penetration
(전설 등급 효과) 2% chance to ignore Lightning Resist on hit","Resource Cost Increase 15%
+20 Lightning Penetration
+37% Lightning DMG
Gain Lightning Penetration Effect for 5 s every time Shock is inflicted (Max Stacks: 3)
Lightning Penetration Effect
+5 Lightning Penetration
(마법 등급 효과) +2 Lightning Penetration
(희귀 등급 효과) +7 Lightning Penetration

(전설 등급 효과) +16 Lightning Penetration
(전설 등급 효과) +4% Max Lightning Penetration
(전설 등급 효과) 2% chance to ignore Lightning Resist on hit","+[4-9] Lightning Penetration
+2% Max Lightning Penetration",+[55-80]% Lightning DMG,+[2.5-4.6]% Lightning Penetration per 1 Awakened Link Rune on linked Skill Rune
,,변경,"Can be linked with Skills that are Lightning
Applies to Minions when linked to Summon Skill",Lightning,"Resource Cost Increase 15%
+8 Lightning Penetration
+12% Lightning DMG
Gain Lightning Penetration Effect for 5 s every time Shock is inflicted (Max Stacks: 3)
Lightning Penetration Effect
+5 Lightning Penetration
(마법 등급 효과) +2 Lightning Penetration
(희귀 등급 효과) +7 Lightning Penetration

(전설 등급 효과) +16 Lightning Penetration
(전설 등급 효과) +4% Max Lightning Penetration
(전설 등급 효과) 2% chance to ignore Lightning Resist on hit","Resource Cost Increase 15%
+21 Lightning Penetration
+38.5% Lightning DMG
Gain Lightning Penetration Effect for 5 s every time Shock is inflicted (Max Stacks: 3)
Lightning Penetration Effect
+5 Lightning Penetration
(마법 등급 효과) +2 Lightning Penetration
(희귀 등급 효과) +7 Lightning Penetration

(전설 등급 효과) +16 Lightning Penetration
(전설 등급 효과) +4% Max Lightning Penetration
(전설 등급 효과) 2% chance to ignore Lightning Resist on hit","+[4-9] Lightning Penetration
+2% Max Lightning Penetration",+[55-80]% Lightning DMG,+[2.5-4.6]% Lightning Penetration per 1 Awakened Link Rune on linked Skill Rune
,Poison Penetration,기존,"Can be linked with Skills that are Poison
Applies to Minions when linked to Summon Skill",Poison,"Resource Cost Increase 15%
+8 Poison Penetration
+12% Poison DMG
Gain Poison Penetration Effect for 5 s every time Venom is inflicted (Max Stacks: 3)
Poison Penetration Effect
+5 Poison Penetration
(마법 등급 효과) +2 Poison Penetration
(희귀 등급 효과) +7 Poison Penetration

(전설 등급 효과) +16 Poison Penetration
(전설 등급 효과) +4% Max Poison Penetration
(전설 등급 효과) 2% chance to ignore Poison Resist on hit","Resource Cost Increase 15%
+20 Poison Penetration
+37% Poison DMG
Gain Poison Penetration Effect for 5 s every time Venom is inflicted (Max Stacks: 3)
Poison Penetration Effect
+5 Poison Penetration
(마법 등급 효과) +2 Poison Penetration
(희귀 등급 효과) +7 Poison Penetration

(전설 등급 효과) +16 Poison Penetration
(전설 등급 효과) +4% Max Poison Penetration
(전설 등급 효과) 2% chance to ignore Poison Resist on hit","+[4-9] Poison Penetration
+2% Max Poison Penetration",+[55-80]% Poison DMG,+[3.5-5]% Poison Penetration per 1 Awakened Link Rune on linked Skill Rune
,,변경,"Can be linked with Skills that are Poison
Applies to Minions when linked to Summon Skill",Poison,"Resource Cost Increase 15%
+8 Poison Penetration
+12% Poison DMG
Gain Poison Penetration Effect for 5 s every time Venom is inflicted (Max Stacks: 3)
Poison Penetration Effect
+5 Poison Penetration
(마법 등급 효과) +2 Poison Penetration
(희귀 등급 효과) +7 Poison Penetration

(전설 등급 효과) +16 Poison Penetration
(전설 등급 효과) +4% Max Poison Penetration
(전설 등급 효과) 2% chance to ignore Poison Resist on hit","Resource Cost Increase 15%
+21 Poison Penetration
+38.5% Poison DMG
Gain Poison Penetration Effect for 5 s every time Venom is inflicted (Max Stacks: 3)
Poison Penetration Effect
+5 Poison Penetration
(마법 등급 효과) +2 Poison Penetration
(희귀 등급 효과) +7 Poison Penetration

(전설 등급 효과) +16 Poison Penetration
(전설 등급 효과) +4% Max Poison Penetration
(전설 등급 효과) 2% chance to ignore Poison Resist on hit","+[4-9] Poison Penetration
+2% Max Poison Penetration",+[55-80]% Poison DMG,+[3.5-5]% Poison Penetration per 1 Awakened Link Rune on linked Skill Rune
,Projectile Acceleration,기존,"Can be linked with Skills that are Projectile
Cannot be linked with Skills that are Cannot Change Speed
Applies to Minions when linked to Summon Skill",Projectile,"Resource Cost Increase 15%
+20% Projectile Speed
+10% Projectile DMG
(마법 등급 효과) +5% Projectile Speed
(마법 등급 효과) +10% Projectile DMG
(희귀 등급 효과) +15% Projectile Speed
(희귀 등급 효과) +30% Projectile DMG

(전설 등급 효과) +25% Projectile Speed
(전설 등급 효과) +60% Projectile DMG
(전설 등급 효과) 3% Projectile DMG Amplification","Resource Cost Increase 15%
+51% Projectile Speed
+103.3% Projectile DMG
(마법 등급 효과) +5% Projectile Speed
(마법 등급 효과) +10% Projectile DMG
(희귀 등급 효과) +15% Projectile Speed
(희귀 등급 효과) +30% Projectile DMG

(전설 등급 효과) +25% Projectile Speed
(전설 등급 효과) +60% Projectile DMG
(전설 등급 효과) 3% Projectile DMG Amplification","+[7-10]% Projectile Speed
[2.8-4]% Projectile DMG Amplification","+[14-20]% Projectile Speed
+[7-10] Status Effect Rate",+[63-90]% DMG upon every Projectile Hit against enemies at 800 distance or more
,,변경,"Can be linked with Skills that are Projectile
Cannot be linked with Skills that are Cannot Change Speed
Applies to Minions when linked to Summon Skill",Projectile,"Resource Cost Increase 15%
+20% Projectile Speed
+10% Projectile DMG
(마법 등급 효과) +5% Projectile Speed
(마법 등급 효과) +10% Projectile DMG
(희귀 등급 효과) +15% Projectile Speed
(희귀 등급 효과) +30% Projectile DMG

(전설 등급 효과) +25% Projectile Speed
(전설 등급 효과) +60% Projectile DMG
(전설 등급 효과) 3% Projectile DMG Amplification","Resource Cost Increase 15%
+53% Projectile Speed
+107.4% Projectile DMG
(마법 등급 효과) +5% Projectile Speed
(마법 등급 효과) +10% Projectile DMG
(희귀 등급 효과) +15% Projectile Speed
(희귀 등급 효과) +30% Projectile DMG

(전설 등급 효과) +25% Projectile Speed
(전설 등급 효과) +60% Projectile DMG
(전설 등급 효과) 3% Projectile DMG Amplification","+[7-10]% Projectile Speed
[2.8-4]% Projectile DMG Amplification","+[14-20]% Projectile Speed
+[7-10] Status Effect Rate",+[63-90]% DMG upon every Projectile Hit against enemies at 800 distance or more
,Precision,기존,"Can be linked with Skills that are Strike
Applies to Minions when linked to Summon Skill",Strike,"Resource Cost Increase 10%
+200 Hit Rate
(마법 등급 효과) +10% Hit Rate
(마법 등급 효과) 5% Hit Rate Amplification
(희귀 등급 효과) +25% Hit Rate
(희귀 등급 효과) 7.5% Hit Rate Amplification

(전설 등급 효과) +40% Hit Rate
(전설 등급 효과) 10% Hit Rate Amplification
(전설 등급 효과) 1% DMG Amplification per 300 Hit Rate (Max:  15%)","Resource Cost Increase 10%
+1048 Hit Rate
(마법 등급 효과) +10% Hit Rate
(마법 등급 효과) 5% Hit Rate Amplification
(희귀 등급 효과) +25% Hit Rate
(희귀 등급 효과) 7.5% Hit Rate Amplification

(전설 등급 효과) +40% Hit Rate
(전설 등급 효과) 10% Hit Rate Amplification
(전설 등급 효과) 1% DMG Amplification per 300 Hit Rate (Max:  15%)","+[7.5-10]% DMG per 500 Hit Rate (Max:  300%)
+1% Critical Rate per 250 Hit Rate (Max:  120%)","+[35-50]% Hit Rate
[5-10]% Hit Rate Amplification","+100% Hit Rate against enemies at Full HP
+100% Hit Rate against enemies at 20% or less HP
+[28-40]% Hit Rate"
,,변경,"Can be linked with Skills that are Strike
Applies to Minions when linked to Summon Skill",Strike,"Resource Cost Increase 10%
+200 Hit Rate
(마법 등급 효과) +10% Hit Rate
(마법 등급 효과) 5% Hit Rate Amplification
(희귀 등급 효과) +25% Hit Rate
(희귀 등급 효과) 7.5% Hit Rate Amplification

(전설 등급 효과) +40% Hit Rate
(전설 등급 효과) 10% Hit Rate Amplification
(전설 등급 효과) 1% DMG Amplification per 300 Hit Rate (Max:  15%)","Resource Cost Increase 10%
+1090 Hit Rate
(마법 등급 효과) +10% Hit Rate
(마법 등급 효과) 5% Hit Rate Amplification
(희귀 등급 효과) +25% Hit Rate
(희귀 등급 효과) 7.5% Hit Rate Amplification

(전설 등급 효과) +40% Hit Rate
(전설 등급 효과) 10% Hit Rate Amplification
(전설 등급 효과) 1% DMG Amplification per 300 Hit Rate (Max:  15%)","+[7.5-10]% DMG per 500 Hit Rate (Max:  300%)
+1% Critical Rate per 250 Hit Rate (Max:  120%)","+[35-50]% Hit Rate
[5-10]% Hit Rate Amplification","+100% Hit Rate against enemies at Full HP
+100% Hit Rate against enemies at 20% or less HP
+[28-40]% Hit Rate"
,Projectile Deceleration,기존,"Can be linked with Skills that are Projectile
Cannot be linked with Skills that are Cannot Change Speed
Applies to Minions when linked to Summon Skill",Projectile,"Resource Cost Increase 20%
10% Projectile Speed Dampening
5% Projectile DMG Amplification
(마법 등급 효과) 5% Projectile Speed Dampening
(희귀 등급 효과) 2% Projectile DMG Amplification
(희귀 등급 효과) 5% Projectile Speed Dampening

(전설 등급 효과) 5% Projectile DMG Amplification
(전설 등급 효과) 10% Projectile Speed Dampening","Resource Cost Increase 20%
31.2% Projectile Speed Dampening
21.5% Projectile DMG Amplification
(마법 등급 효과) 5% Projectile Speed Dampening
(희귀 등급 효과) 2% Projectile DMG Amplification
(희귀 등급 효과) 5% Projectile Speed Dampening

(전설 등급 효과) 5% Projectile DMG Amplification
(전설 등급 효과) 10% Projectile Speed Dampening","5% Projectile Speed Dampening
+[55-80]% Projectile DMG",-[10-5]% Resource Cost,[0.5-0.9]% Projectile DMG Amplification per 1 Projectile tag Link Rune on linked Skill Rune
,,변경,"Can be linked with Skills that are Projectile
Cannot be linked with Skills that are Cannot Change Speed
Applies to Minions when linked to Summon Skill",Projectile,"Resource Cost Increase 20%
10% Projectile Speed Dampening
5% Projectile DMG Amplification
(마법 등급 효과) 5% Projectile Speed Dampening
(희귀 등급 효과) 2% Projectile DMG Amplification
(희귀 등급 효과) 5% Projectile Speed Dampening

(전설 등급 효과) 5% Projectile DMG Amplification
(전설 등급 효과) 10% Projectile Speed Dampening","Resource Cost Increase 20%
32.4% Projectile Speed Dampening
22.4% Projectile DMG Amplification
(마법 등급 효과) 5% Projectile Speed Dampening
(희귀 등급 효과) 2% Projectile DMG Amplification
(희귀 등급 효과) 5% Projectile Speed Dampening

(전설 등급 효과) 5% Projectile DMG Amplification
(전설 등급 효과) 10% Projectile Speed Dampening","5% Projectile Speed Dampening
+[55-80]% Projectile DMG",-[10-5]% Resource Cost,[0.5-0.9]% Projectile DMG Amplification per 1 Projectile tag Link Rune on linked Skill Rune
,Split Projectile,기존,"Can be linked with Skills that are Projectile
Cannot be linked with Skills that are Totem, Movement, Cannot Split
Applies to Minions when linked to Summon Skill",Projectile,"Resource Cost Increase 20%
Split Projectile
+1 Projectile Split Count
(마법 등급 효과) +20% Projectile DMG
(희귀 등급 효과) +60% Projectile DMG

(전설 등급 효과) +65% Projectile DMG
(전설 등급 효과) 5% Projectile DMG Amplification","Resource Cost Increase 20%
Split Projectile
+1 Projectile Split Count
10.4% Projectile DMG Amplification
(마법 등급 효과) +20% Projectile DMG
(희귀 등급 효과) +60% Projectile DMG

(전설 등급 효과) +65% Projectile DMG
(전설 등급 효과) 5% Projectile DMG Amplification","+5% Attack Speed
[0.5-0.8]% Projectile DMG Amplification per 1 Projectile tag Link Rune on linked Skill Rune",-[10-5]% Resource Cost,+[55-80]% Projectile DMG
,,변경,"Can be linked with Skills that are Projectile
Cannot be linked with Skills that are Totem, Movement, Cannot Split
Applies to Minions when linked to Summon Skill",Projectile,"Resource Cost Increase 20%
Split Projectile
+1 Projectile Split Count
(마법 등급 효과) +20% Projectile DMG
(희귀 등급 효과) +60% Projectile DMG

(전설 등급 효과) +65% Projectile DMG
(전설 등급 효과) 5% Projectile DMG Amplification","Resource Cost Increase 20%
Split Projectile
+1 Projectile Split Count
10.8% Projectile DMG Amplification
(마법 등급 효과) +20% Projectile DMG
(희귀 등급 효과) +60% Projectile DMG

(전설 등급 효과) +65% Projectile DMG
(전설 등급 효과) 5% Projectile DMG Amplification","+5% Attack Speed
[0.5-0.8]% Projectile DMG Amplification per 1 Projectile tag Link Rune on linked Skill Rune",-[10-5]% Resource Cost,+[55-80]% Projectile DMG
,Preemptive Strike,기존,"Can be linked with Skills that are any one of Strike, DoT
Applies to Minions when linked to Summon Skill","Strike, DoT","Resource Cost Increase 20%
15% DMG Amplification against enemies at Full HP
Gain Preemptive Strike effect for 2 s on hitting enemy at Max HP
2.5% DMG Amplification

(희귀 등급 효과) +3 Critical Rate against enemies at Full HP

(전설 등급 효과) +5 Critical Rate against enemies at Full HP
(전설 등급 효과) +15% Critical DMG against enemies at Full HP
(전설 등급 효과) Afflict Pain for 2 s upon hitting an enemy at Full HP
","Resource Cost Increase 20%
40.9% DMG Amplification against enemies at Full HP
Gain Preemptive Strike effect for 2 s on hitting enemy at Max HP
10.8% DMG Amplification

(희귀 등급 효과) +3 Critical Rate against enemies at Full HP

(전설 등급 효과) +5 Critical Rate against enemies at Full HP
(전설 등급 효과) +15% Critical DMG against enemies at Full HP
(전설 등급 효과) Afflict Pain for 2 s upon hitting an enemy at Full HP
",[4.9-7]% DMG Amplification against enemies at Full HP,+[55-80]% DMG,"[1.4-2]% DMG Amplification against enemies at Full HP
[3.5-5]% DMG Amplification against enemies that are not at Full HP"
,,변경,"Can be linked with Skills that are any one of Strike, DoT
Applies to Minions when linked to Summon Skill","Strike, DoT","Resource Cost Increase 20%
15% DMG Amplification against enemies at Full HP
Gain Preemptive Strike effect for 2 s on hitting enemy at Max HP
2.5% DMG Amplification

(희귀 등급 효과) +3 Critical Rate against enemies at Full HP

(전설 등급 효과) +5 Critical Rate against enemies at Full HP
(전설 등급 효과) +15% Critical DMG against enemies at Full HP
(전설 등급 효과) Afflict Pain for 2 s upon hitting an enemy at Full HP
","Resource Cost Increase 20%
42.5% DMG Amplification against enemies at Full HP
Gain Preemptive Strike effect for 2 s on hitting enemy at Max HP
11.2% DMG Amplification

(희귀 등급 효과) +3 Critical Rate against enemies at Full HP

(전설 등급 효과) +5 Critical Rate against enemies at Full HP
(전설 등급 효과) +15% Critical DMG against enemies at Full HP
(전설 등급 효과) Afflict Pain for 2 s upon hitting an enemy at Full HP
",[4.9-7]% DMG Amplification against enemies at Full HP,+[55-80]% DMG,"[1.4-2]% DMG Amplification against enemies at Full HP
[3.5-5]% DMG Amplification against enemies that are not at Full HP"
,Finishing Strike,기존,"Can be linked with Skills that are Strike
Applies to Minions when linked to Summon Skill",Strike,"Resource Cost Increase 20%
+12% Strike DMG
12% DMG Amplification against enemies at 20% or less HP
Guaranteed Critical Hit against enemies at 20% or less HP

(희귀 등급 효과) 10% DMG Amplification against enemies at 40% or less HP

(전설 등급 효과) 20% DMG Amplification against enemies at 40% or less HP
(전설 등급 효과) Ignores Dodge Rate of enemies at 20% HP or less","Resource Cost Increase 20%
+87% Strike DMG
41.2% DMG Amplification against enemies at 20% or less HP
Guaranteed Critical Hit against enemies at 20% or less HP

(희귀 등급 효과) 10% DMG Amplification against enemies at 40% or less HP

(전설 등급 효과) 20% DMG Amplification against enemies at 40% or less HP
(전설 등급 효과) Ignores Dodge Rate of enemies at 20% HP or less",[9-12]% DMG Amplification against enemies at 40% or less HP,Ignores Element Resist of enemies at 20% HP or less,Ignores Armor of enemies at 20% HP or less
,,변경,"Can be linked with Skills that are Strike
Applies to Minions when linked to Summon Skill",Strike,"Resource Cost Increase 20%
+12% Strike DMG
12% DMG Amplification against enemies at 20% or less HP
Guaranteed Critical Hit against enemies at 20% or less HP

(희귀 등급 효과) 10% DMG Amplification against enemies at 40% or less HP

(전설 등급 효과) 20% DMG Amplification against enemies at 40% or less HP
(전설 등급 효과) Ignores Dodge Rate of enemies at 20% HP or less","Resource Cost Increase 20%
+90.5% Strike DMG
42.8% DMG Amplification against enemies at 20% or less HP
Guaranteed Critical Hit against enemies at 20% or less HP

(희귀 등급 효과) 10% DMG Amplification against enemies at 40% or less HP

(전설 등급 효과) 20% DMG Amplification against enemies at 40% or less HP
(전설 등급 효과) Ignores Dodge Rate of enemies at 20% HP or less",[9-12]% DMG Amplification against enemies at 40% or less HP,Ignores Element Resist of enemies at 20% HP or less,Ignores Armor of enemies at 20% HP or less
,Time Acceleration,기존,"Can be linked with Skills that are any one of Attack, Spell
Cannot be linked with Skills that are Movement, Chain Attack
Can be linked with Skills that have cooldown","Attack, Spell","Resource Cost Increase 15%
+8% Skill Rune Cooldown Recovery Speed
(마법 등급 효과) +3% Skill Rune Cooldown Recovery Speed
(희귀 등급 효과) +9% Skill Rune Cooldown Recovery Speed

(전설 등급 효과) +24% Skill Rune Cooldown Recovery Speed","Resource Cost Increase 15%
+30.9% Skill Rune Cooldown Recovery Speed
(마법 등급 효과) +3% Skill Rune Cooldown Recovery Speed
(희귀 등급 효과) +9% Skill Rune Cooldown Recovery Speed

(전설 등급 효과) +24% Skill Rune Cooldown Recovery Speed",+[7-12]% Skill Rune Cooldown Recovery Speed,"[40-60]% chance to reset Cooldown upon using Skill (Cooldown: 15 s)
(Cannot use on Toggle, Enhance Skills, or Rapid Seal)",-[10-5]% Resource Cost
,,변경,"Can be linked with Skills that are any one of Attack, Spell
Cannot be linked with Skills that are Movement, Chain Attack
Can be linked with Skills that have cooldown","Attack, Spell","Resource Cost Increase 15%
+8% Skill Rune Cooldown Recovery Speed
(마법 등급 효과) +3% Skill Rune Cooldown Recovery Speed
(희귀 등급 효과) +9% Skill Rune Cooldown Recovery Speed

(전설 등급 효과) +24% Skill Rune Cooldown Recovery Speed","Resource Cost Increase 15%
+32.1% Skill Rune Cooldown Recovery Speed
(마법 등급 효과) +3% Skill Rune Cooldown Recovery Speed
(희귀 등급 효과) +9% Skill Rune Cooldown Recovery Speed

(전설 등급 효과) +24% Skill Rune Cooldown Recovery Speed",+[7-12]% Skill Rune Cooldown Recovery Speed,"[40-60]% chance to reset Cooldown upon using Skill (Cooldown: 15 s)
(Cannot use on Toggle, Enhance Skills, or Rapid Seal)",-[10-5]% Resource Cost
,Channeling Enhancement,기존,Can be linked with Skills that are Channel,Channel,"Resource Cost Increase 20%
+10% DMG when Channeling
2% DMG Taken Dampening while Channeling
3% DMG Amplification every 0.5 s on Focus
Max Stacks 5
(마법 등급 효과) +15% DMG when Channeling
(마법 등급 효과) 2% DMG Taken Dampening while Channeling
(희귀 등급 효과) +30% DMG when Channeling
(희귀 등급 효과) 3.5% DMG Taken Dampening while Channeling

(전설 등급 효과) +60% DMG when Channeling
(전설 등급 효과) 5% DMG Taken Dampening while Channeling","Resource Cost Increase 20%
+85% DMG when Channeling
5.1% DMG Taken Dampening while Channeling
3% DMG Amplification every 0.5 s on Focus
Max Stacks 5
(마법 등급 효과) +15% DMG when Channeling
(마법 등급 효과) 2% DMG Taken Dampening while Channeling
(희귀 등급 효과) +30% DMG when Channeling
(희귀 등급 효과) 3.5% DMG Taken Dampening while Channeling

(전설 등급 효과) +60% DMG when Channeling
(전설 등급 효과) 5% DMG Taken Dampening while Channeling",+[55-80]% DMG when Channeling,Channeling Enhancement Max Stacks +[1-2],"+[8-11]% DMG per 1 Awakened Link Rune on linked Skill Rune
[3-5]% DMG Taken Dampening while Channeling"
,,변경,Can be linked with Skills that are Channel,Channel,"Resource Cost Increase 20%
+10% DMG when Channeling
2% DMG Taken Dampening while Channeling
3% DMG Amplification every 0.5 s on Focus
Max Stacks 5
(마법 등급 효과) +15% DMG when Channeling
(마법 등급 효과) 2% DMG Taken Dampening while Channeling
(희귀 등급 효과) +30% DMG when Channeling
(희귀 등급 효과) 3.5% DMG Taken Dampening while Channeling

(전설 등급 효과) +60% DMG when Channeling
(전설 등급 효과) 5% DMG Taken Dampening while Channeling","Resource Cost Increase 20%
+88.4% DMG when Channeling
5.3% DMG Taken Dampening while Channeling
3% DMG Amplification every 0.5 s on Focus
Max Stacks 5
(마법 등급 효과) +15% DMG when Channeling
(마법 등급 효과) 2% DMG Taken Dampening while Channeling
(희귀 등급 효과) +30% DMG when Channeling
(희귀 등급 효과) 3.5% DMG Taken Dampening while Channeling

(전설 등급 효과) +60% DMG when Channeling
(전설 등급 효과) 5% DMG Taken Dampening while Channeling",+[55-80]% DMG when Channeling,Channeling Enhancement Max Stacks +[1-2],"+[8-11]% DMG per 1 Awakened Link Rune on linked Skill Rune
[3-5]% DMG Taken Dampening while Channeling"
,Multi Sentry,기존,Can be linked with Skills that are Sentry,Sentry,"Resource Cost Increase 20%
+1 Max Sentry Summon Count
+1 Simultaneous Sentry Count
20% Sentry DMG Dampening
(마법 등급 효과) +20% Sentry DMG
(희귀 등급 효과) +50% Sentry DMG

(전설 등급 효과) +60% Sentry DMG
(전설 등급 효과) 4% Sentry DMG Amplification","Resource Cost Increase 20%
+1 Max Sentry Summon Count
+1 Simultaneous Sentry Count
5.2% Sentry DMG Amplification
(마법 등급 효과) +20% Sentry DMG
(희귀 등급 효과) +50% Sentry DMG

(전설 등급 효과) +60% Sentry DMG
(전설 등급 효과) 4% Sentry DMG Amplification","+1 Max Sentry Summon Count
[2.8-4]% Sentry DMG Dampening",-[10-5]% Resource Cost,[2.1-3]% Sentry DMG Amplification
,,변경,Can be linked with Skills that are Sentry,Sentry,"Resource Cost Increase 20%
+1 Max Sentry Summon Count
+1 Simultaneous Sentry Count
(마법 등급 효과) +20% Sentry DMG
(희귀 등급 효과) +50% Sentry DMG

(전설 등급 효과) +60% Sentry DMG
(전설 등급 효과) 4% Sentry DMG Amplification","Resource Cost Increase 20%
+1 Max Sentry Summon Count
+1 Simultaneous Sentry Count
5.4% Sentry DMG Amplification
(마법 등급 효과) +20% Sentry DMG
(희귀 등급 효과) +50% Sentry DMG

(전설 등급 효과) +60% Sentry DMG
(전설 등급 효과) 4% Sentry DMG Amplification","+1 Max Sentry Summon Count
[2.8-4]% Sentry DMG Dampening",-[10-5]% Resource Cost,[2.1-3]% Sentry DMG Amplification
,Minion DMG,기존,Can be linked with Skills that are Minion,Minion,"Resource Cost Increase 15%
Your Minions behave aggressively
8% Minion DMG Amplification
25% DMG Taken by Minions Increase
(마법 등급 효과) +20% Minion DMG
(희귀 등급 효과) +60% Minion DMG

(전설 등급 효과) +90% Minion DMG
(전설 등급 효과) 10% Minion Movement Speed Increase","Resource Cost Increase 15%
Your Minions behave aggressively
36.2% Minion DMG Amplification
14.5% DMG Taken by Minions Increase
(마법 등급 효과) +20% Minion DMG
(희귀 등급 효과) +60% Minion DMG

(전설 등급 효과) +90% Minion DMG
(전설 등급 효과) 10% Minion Movement Speed Increase","[7-10]% Minion DMG Amplification
[9-13]% DMG Taken by Minions Amplification",[3-6]% Minion DMG Amplification,"[7-10]% Minion DMG Dampening
[9-13]% DMG Taken by Minion Dampening"
,,변경,Can be linked with Skills that are Minion,Minion,"Resource Cost Increase 15%
Your Minions behave aggressively
8% Minion DMG Amplification
25% DMG Taken by Minions Increase
(마법 등급 효과) +20% Minion DMG
(희귀 등급 효과) +60% Minion DMG

(전설 등급 효과) +90% Minion DMG
(전설 등급 효과) 10% Minion Movement Speed Increase","Resource Cost Increase 15%
Your Minions behave aggressively
37.6% Minion DMG Amplification
15.1% DMG Taken by Minions Increase
(마법 등급 효과) +20% Minion DMG
(희귀 등급 효과) +60% Minion DMG

(전설 등급 효과) +90% Minion DMG
(전설 등급 효과) 10% Minion Movement Speed Increase","[7-10]% Minion DMG Amplification
[9-13]% DMG Taken by Minions Amplification",[3-6]% Minion DMG Amplification,"[7-10]% Minion DMG Dampening
[9-13]% DMG Taken by Minion Dampening"
,Minion Speed,기존,Can be linked with Skills that are Minion,Minion,"Resource Cost Increase 15%
+13% Minion Attack Speed
+13% Minion Cast Speed
8% Minion Movement Speed Increase
(마법 등급 효과) 5% Minion Movement Speed Increase
(희귀 등급 효과) 10% Minion Movement Speed Increase

(전설 등급 효과) 15% Minion Movement Speed Increase
(전설 등급 효과) +10% Minion Cast Speed
(전설 등급 효과) +10% Minion Attack Speed","Resource Cost Increase 15%
+46.3% Minion Attack Speed
+46.3% Minion Cast Speed
25% Minion Movement Speed Increase
(마법 등급 효과) 5% Minion Movement Speed Increase
(희귀 등급 효과) 10% Minion Movement Speed Increase

(전설 등급 효과) 15% Minion Movement Speed Increase
(전설 등급 효과) +10% Minion Cast Speed
(전설 등급 효과) +10% Minion Attack Speed",[8-13]% Minion Movement Speed Increase,+2 Skill Rune Level if linked Skill Rune has 5 Legendary Link Runes,"[1-1.5]% Minion Cast Speed Amplification per 1 Minion tag Link Rune on linked Skill Rune
[1-1.5]% Minion Attack Speed Amplification per 1 Minion tag Link Rune on linked Skill Rune"
,,변경,Can be linked with Skills that are Minion,Minion,"Resource Cost Increase 15%
+13% Minion Attack Speed
+13% Minion Cast Speed
8% Minion Movement Speed Increase
(마법 등급 효과) 5% Minion Movement Speed Increase
(희귀 등급 효과) 10% Minion Movement Speed Increase

(전설 등급 효과) 15% Minion Movement Speed Increase
(전설 등급 효과) +10% Minion Cast Speed
(전설 등급 효과) +10% Minion Attack Speed","Resource Cost Increase 15%
+48.2% Minion Attack Speed
+48.2% Minion Cast Speed
26% Minion Movement Speed Increase
(마법 등급 효과) 5% Minion Movement Speed Increase
(희귀 등급 효과) 10% Minion Movement Speed Increase

(전설 등급 효과) 15% Minion Movement Speed Increase
(전설 등급 효과) +10% Minion Cast Speed
(전설 등급 효과) +10% Minion Attack Speed",[8-13]% Minion Movement Speed Increase,+2 Skill Rune Level if linked Skill Rune has 5 Legendary Link Runes,"[1-1.5]% Minion Cast Speed Amplification per 1 Minion tag Link Rune on linked Skill Rune
[1-1.5]% Minion Attack Speed Amplification per 1 Minion tag Link Rune on linked Skill Rune"
,Minion HP,기존,Can be linked with Skills that are Minion,Minion,"Resource Cost Increase 15%
Amplifies Minion Max HP by 10%
+3% Minion DMG per 200 Minion HP
(Max:  300%)
(마법 등급 효과) +15% Minion HP
(희귀 등급 효과) +30% Minion HP

(전설 등급 효과) +50% Minion HP
(전설 등급 효과) Minion regenerates 2% of Max HP per Sec","Resource Cost Increase 15%
Amplifies Minion Max HP by 34%
+3% Minion DMG per 200 Minion HP
(Max:  300%)
(마법 등급 효과) +15% Minion HP
(희귀 등급 효과) +30% Minion HP

(전설 등급 효과) +50% Minion HP
(전설 등급 효과) Minion regenerates 2% of Max HP per Sec",Amplifies Minion Max HP by [5-8]%,"[3-5]% Minion DMG Amplification
-[10-5]% Minion HP",Minion regenerates [2-5]% of Max HP per Sec
,,변경,Can be linked with Skills that are Minion,Minion,"Resource Cost Increase 15%
Amplifies Minion Max HP by 10%
+3% Minion DMG per 200 Minion HP
(Max:  300%)
(마법 등급 효과) +15% Minion HP
(희귀 등급 효과) +30% Minion HP

(전설 등급 효과) +50% Minion HP
(전설 등급 효과) Minion regenerates 2% of Max HP per Sec","Resource Cost Increase 15%
Amplifies Minion Max HP by 35.4%
+3% Minion DMG per 200 Minion HP
(Max:  300%)
(마법 등급 효과) +15% Minion HP
(희귀 등급 효과) +30% Minion HP

(전설 등급 효과) +50% Minion HP
(전설 등급 효과) Minion regenerates 2% of Max HP per Sec",Amplifies Minion Max HP by [5-8]%,"[3-5]% Minion DMG Amplification
-[10-5]% Minion HP",Minion regenerates [2-5]% of Max HP per Sec
,Minion Body Shield,기존,Can be linked with Skills that are Minion,Minion,"Resource Cost Increase 15%
20% Minion DMG Dampening
15% DMG Taken by Minions Decrease
(마법 등급 효과) 5% DMG Taken by Minions Decrease
(희귀 등급 효과) 10% DMG Taken by Minions Decrease

(전설 등급 효과) 15% DMG Taken by Minions Decrease
(전설 등급 효과) 10% DMG from Elites Taken by Minions Decrease","Resource Cost Increase 15%
8% Minion DMG Dampening
20% DMG Taken by Minions Decrease
(마법 등급 효과) 5% DMG Taken by Minions Decrease
(희귀 등급 효과) 10% DMG Taken by Minions Decrease

(전설 등급 효과) 15% DMG Taken by Minions Decrease
(전설 등급 효과) 10% DMG from Elites Taken by Minions Decrease",[3-5.5]% DMG Taken by Minions Decrease,[0.6-1.2]% DMG from Elites Taken by Minions Decrease per 1 Awakened Link Rune on linked Skill Rune,Minion Immune to Status Effects
,,변경,Can be linked with Skills that are Minion,Minion,"Resource Cost Increase 15%
20% Minion DMG Dampening
15% DMG Taken by Minions Decrease
(마법 등급 효과) 5% DMG Taken by Minions Decrease
(희귀 등급 효과) 10% DMG Taken by Minions Decrease

(전설 등급 효과) 15% DMG Taken by Minions Decrease
(전설 등급 효과) 10% DMG from Elites Taken by Minions Decrease","Resource Cost Increase 15%
8.3% Minion DMG Dampening
20.8% DMG Taken by Minions Decrease
(마법 등급 효과) 5% DMG Taken by Minions Decrease
(희귀 등급 효과) 10% DMG Taken by Minions Decrease

(전설 등급 효과) 15% DMG Taken by Minions Decrease
(전설 등급 효과) 10% DMG from Elites Taken by Minions Decrease",[3-5.5]% DMG Taken by Minions Decrease,[0.6-1.2]% DMG from Elites Taken by Minions Decrease per 1 Awakened Link Rune on linked Skill Rune,Minion Immune to Status Effects
,Flowing Pain,기존,"Can be linked with Skills that are Strike, Poison (must include all)
Applies to Minions when linked to Summon Skill","Strike, Poison","Resource Cost Increase 20%
+20 Venom Rate
+20% Venom DMG
Gain Flowing Pain Effect for 5 s every time Venom is inflicted (Max Stacks: 3)
Flowing Pain Effect
7% Venom DMG Amplification
(마법 등급 효과) +20% Venom Duration
(희귀 등급 효과) +35% Venom Duration
(희귀 등급 효과) 10% Venom DMG Amplification

(전설 등급 효과) +50% Venom Duration
(전설 등급 효과) 15% Venom DMG Amplification
(전설 등급 효과) +5% Venom Chance","Resource Cost Increase 20%
+51 Venom Rate
+77.3% Venom DMG
Gain Flowing Pain Effect for 5 s every time Venom is inflicted (Max Stacks: 3)
Flowing Pain Effect
7% Venom DMG Amplification
(마법 등급 효과) +20% Venom Duration
(희귀 등급 효과) +35% Venom Duration
(희귀 등급 효과) 10% Venom DMG Amplification

(전설 등급 효과) +50% Venom Duration
(전설 등급 효과) 15% Venom DMG Amplification
(전설 등급 효과) +5% Venom Chance",+[10-25]% Venom Duration,[5-7.5]% chance to gain Poison Energy on hit,Flowing Pain Effect +[10-30]%
,,변경,"Can be linked with Skills that are Strike, Poison (must include all)
Applies to Minions when linked to Summon Skill","Strike, Poison","Resource Cost Increase 20%
+20 Venom Rate
+20% Venom DMG
Gain Flowing Pain Effect for 5 s every time Venom is inflicted (Max Stacks: 3)
Flowing Pain Effect
7% Venom DMG Amplification
(마법 등급 효과) +20% Venom Duration
(희귀 등급 효과) +35% Venom Duration
(희귀 등급 효과) 10% Venom DMG Amplification

(전설 등급 효과) +50% Venom Duration
(전설 등급 효과) 15% Venom DMG Amplification
(전설 등급 효과) +5% Venom Chance","Resource Cost Increase 20%
+53 Venom Rate
+80.4% Venom DMG
Gain Flowing Pain Effect for 5 s every time Venom is inflicted (Max Stacks: 3)
Flowing Pain Effect
7% Venom DMG Amplification
(마법 등급 효과) +20% Venom Duration
(희귀 등급 효과) +35% Venom Duration
(희귀 등급 효과) 10% Venom DMG Amplification

(전설 등급 효과) +50% Venom Duration
(전설 등급 효과) 15% Venom DMG Amplification
(전설 등급 효과) +5% Venom Chance",+[10-25]% Venom Duration,[5-7.5]% chance to gain Poison Energy on hit,Flowing Pain Effect +[10-30]%
,Continuous Shock,기존,"Can be linked with Skills that are Lightning, Strike (must include all)
Applies to Minions when linked to Summon Skill","Lightning, Strike","Resource Cost Increase 20%
+10 Shock Rate
+8% Shock Effect
Gain Continuous Shock Effect for 5 s every time Shock is inflicted (Max Stacks: 3)
Continuous Shock Effect
+7% Shock Effect
(마법 등급 효과) +5% Shock Duration
(마법 등급 효과) +2-18 Lightning DMG
(희귀 등급 효과) +15% Shock Duration
(희귀 등급 효과) +4-56 Lightning DMG

(전설 등급 효과) +25% Shock Duration
(전설 등급 효과) +5-65 Lightning DMG
(전설 등급 효과) +7.5% Shock Chance","Resource Cost Increase 20%
+31 Shock Rate
+26.8% Shock Effect
Gain Continuous Shock Effect for 5 s every time Shock is inflicted (Max Stacks: 3)
Continuous Shock Effect
+7% Shock Effect
(마법 등급 효과) +5% Shock Duration
(마법 등급 효과) +2-18 Lightning DMG
(희귀 등급 효과) +15% Shock Duration
(희귀 등급 효과) +4-56 Lightning DMG

(전설 등급 효과) +25% Shock Duration
(전설 등급 효과) +5-65 Lightning DMG
(전설 등급 효과) +7.5% Shock Chance","+[10-17] Shock Rate
+[20-35]% Shock Duration","-[20-15]% Shock Duration
+[13-20]% Shock Effect",Continuous Shock Max Stacks +[1-2]
,,변경,"Can be linked with Skills that are Lightning, Strike (must include all)
Applies to Minions when linked to Summon Skill","Lightning, Strike","Resource Cost Increase 20%
+10 Shock Rate
+8% Shock Effect
Gain Continuous Shock Effect for 5 s every time Shock is inflicted (Max Stacks: 3)
Continuous Shock Effect
+7% Shock Effect
(마법 등급 효과) +5% Shock Duration
(마법 등급 효과) +2-18 Lightning DMG
(희귀 등급 효과) +15% Shock Duration
(희귀 등급 효과) +4-56 Lightning DMG

(전설 등급 효과) +25% Shock Duration
(전설 등급 효과) +5-65 Lightning DMG
(전설 등급 효과) +7.5% Shock Chance","Resource Cost Increase 20%
+32 Shock Rate
+27.9% Shock Effect
Gain Continuous Shock Effect for 5 s every time Shock is inflicted (Max Stacks: 3)
Continuous Shock Effect
+7% Shock Effect
(마법 등급 효과) +5% Shock Duration
(마법 등급 효과) +2-18 Lightning DMG
(희귀 등급 효과) +15% Shock Duration
(희귀 등급 효과) +4-56 Lightning DMG

(전설 등급 효과) +25% Shock Duration
(전설 등급 효과) +5-65 Lightning DMG
(전설 등급 효과) +7.5% Shock Chance","+[10-17] Shock Rate
+[20-35]% Shock Duration","-[20-15]% Shock Duration
+[13-20]% Shock Effect",Continuous Shock Max Stacks +[1-2]
,Strike,기존,"Can be linked with Skills that are Strike
Cannot be linked with Skills that are Toggle
Cannot be linked with Iai-jutsu.
Applies to Minions when linked to Summon Skill",Strike,"Resource Cost Increase 20%
9.8% Strike DMG Amplification
15% Attack Speed Dampening
15% Cast Speed Dampening

(희귀 등급 효과) +40% Strike DMG

(전설 등급 효과) +50% Strike DMG
(전설 등급 효과) 5% Strike DMG Amplification","Resource Cost Increase 20%
26.5% Strike DMG Amplification
15% Attack Speed Dampening
15% Cast Speed Dampening

(희귀 등급 효과) +40% Strike DMG

(전설 등급 효과) +50% Strike DMG
(전설 등급 효과) 5% Strike DMG Amplification","[2.8-4]% Strike DMG Amplification
5% Attack Speed Dampening
5% Cast Speed Dampening","[5.6-8]% Attack Speed Amplification
[5.6-8]% Cast Speed Amplification",+[35-50]% Strike DMG
,,변경,"Can be linked with Skills that are Strike
Cannot be linked with Skills that are Toggle
Cannot be linked with Iai-jutsu.
Applies to Minions when linked to Summon Skill",Strike,"Resource Cost Increase 20%
9.8% Strike DMG Amplification
15% Attack Speed Dampening
15% Cast Speed Dampening

(희귀 등급 효과) +40% Strike DMG

(전설 등급 효과) +50% Strike DMG
(전설 등급 효과) 5% Strike DMG Amplification","Resource Cost Increase 20%
27.6% Strike DMG Amplification
15% Attack Speed Dampening
15% Cast Speed Dampening

(희귀 등급 효과) +40% Strike DMG

(전설 등급 효과) +50% Strike DMG
(전설 등급 효과) 5% Strike DMG Amplification","[2.8-4]% Strike DMG Amplification
5% Attack Speed Dampening
5% Cast Speed Dampening","[5.6-8]% Attack Speed Amplification
[5.6-8]% Cast Speed Amplification",+[35-50]% Strike DMG
,Elite Slayer,기존,"Can be linked with Skills that are any one of Strike, DoT
Applies to Minions when linked to Summon Skill","Strike, DoT","Resource Cost Increase 20%
+35% DMG against Elites
Gain Elite Slayer effect on Elite kill
10% chance to gain Elite Slayer s on hitting a boss
Elite Slayer effect
Duration 25 s
2.6% DMG Amplification against Elites
Max Stack(s) 3
(마법 등급 효과) +24% DMG against Elites
(희귀 등급 효과) +70% DMG against Elites

(전설 등급 효과) +80% DMG against Elites
(전설 등급 효과) 3.5% DMG Amplification against Bosses","Resource Cost Increase 20%
+185% DMG against Elites
Gain Elite Slayer effect on Elite kill
10% chance to gain Elite Slayer s on hitting a boss
Elite Slayer effect
Duration 25 s
5.1% DMG Amplification against Elites
Max Stack(s) 3
(마법 등급 효과) +24% DMG against Elites
(희귀 등급 효과) +70% DMG against Elites

(전설 등급 효과) +80% DMG against Elites
(전설 등급 효과) 3.5% DMG Amplification against Bosses",[7.5-11]% DMG Amplification against Bosses,[5.3-7]% DMG Amplification against Elites,"Elite Slayer Max Stacks +[1-2]
Elite Slayer Effect -[30-20]%"
,,변경,"Can be linked with Skills that are any one of Strike, DoT
Applies to Minions when linked to Summon Skill","Strike, DoT","Resource Cost Increase 20%
+35% DMG against Elites
Gain Elite Slayer effect on Elite kill
10% chance to gain Elite Slayer s on hitting a boss
Elite Slayer effect
Duration 25 s
2.6% DMG Amplification against Elites
Max Stack(s) 3
(마법 등급 효과) +24% DMG against Elites
(희귀 등급 효과) +70% DMG against Elites

(전설 등급 효과) +80% DMG against Elites
(전설 등급 효과) 3.5% DMG Amplification against Bosses","Resource Cost Increase 20%
+192.4% DMG against Elites
Gain Elite Slayer effect on Elite kill
10% chance to gain Elite Slayer s on hitting a boss
Elite Slayer effect
Duration 25 s
5.3% DMG Amplification against Elites
Max Stack(s) 3
(마법 등급 효과) +24% DMG against Elites
(희귀 등급 효과) +70% DMG against Elites

(전설 등급 효과) +80% DMG against Elites
(전설 등급 효과) 3.5% DMG Amplification against Bosses",[7.5-11]% DMG Amplification against Bosses,[5.3-7]% DMG Amplification against Elites,"Elite Slayer Max Stacks +[1-2]
Elite Slayer Effect -[30-20]%"
,Blind Aid,기존,"Can be linked with Skills that are Strike, Poison (must include all)
Applies to Minions when linked to Summon Skill","Strike, Poison","Resource Cost Increase 15%
+15 Blind Rate
+5% Blind Duration
+20% DMG against Blinded enemies
Gain Blind Aid Effect for 5 s every time Blind is inflicted (Max Stacks: 3)
Blind Aid Effect
1.5% Poison DMG Amplification
(마법 등급 효과) +5 Blind Rate
(희귀 등급 효과) +10 Blind Rate
(희귀 등급 효과) 5% DMG Amplification against Blinded enemies

(전설 등급 효과) +12 Blind Rate
(전설 등급 효과) 10% DMG Amplification against Blinded enemies
(전설 등급 효과) +5% Blind Chance","Resource Cost Increase 15%
+55 Blind Rate
+20% Blind Duration
+105.5% DMG against Blinded enemies
Gain Blind Aid Effect for 5 s every time Blind is inflicted (Max Stacks: 3)
Blind Aid Effect
1.5% Poison DMG Amplification
(마법 등급 효과) +5 Blind Rate
(희귀 등급 효과) +10 Blind Rate
(희귀 등급 효과) 5% DMG Amplification against Blinded enemies

(전설 등급 효과) +12 Blind Rate
(전설 등급 효과) 10% DMG Amplification against Blinded enemies
(전설 등급 효과) +5% Blind Chance","+[25-40]% Blind Effect
+[40-55]% DMG against Blinded enemies",[3.5-5]% DMG Amplification against Blinded enemies,Blind Aid Max Stacks +[2-3]
,,변경,"Can be linked with Skills that are Strike, Poison (must include all)
Applies to Minions when linked to Summon Skill","Strike, Poison","Resource Cost Increase 15%
+15 Blind Rate
+5% Blind Duration
+20% DMG against Blinded enemies
Gain Blind Aid Effect for 5 s every time Blind is inflicted (Max Stacks: 3)
Blind Aid Effect
1.5% Poison DMG Amplification
(마법 등급 효과) +5 Blind Rate
(희귀 등급 효과) +10 Blind Rate
(희귀 등급 효과) 5% DMG Amplification against Blinded enemies

(전설 등급 효과) +12 Blind Rate
(전설 등급 효과) 10% DMG Amplification against Blinded enemies
(전설 등급 효과) +5% Blind Chance","Resource Cost Increase 15%
+57 Blind Rate
+20.8% Blind Duration
+109.7% DMG against Blinded enemies
Gain Blind Aid Effect for 5 s every time Blind is inflicted (Max Stacks: 3)
Blind Aid Effect
1.5% Poison DMG Amplification
(마법 등급 효과) +5 Blind Rate
(희귀 등급 효과) +10 Blind Rate
(희귀 등급 효과) 5% DMG Amplification against Blinded enemies

(전설 등급 효과) +12 Blind Rate
(전설 등급 효과) 10% DMG Amplification against Blinded enemies
(전설 등급 효과) +5% Blind Chance","+[25-40]% Blind Effect
+[40-55]% DMG against Blinded enemies",[3.5-5]% DMG Amplification against Blinded enemies,Blind Aid Max Stacks +[2-3]
,Confidence,기존,"Can be linked with Skills that are any one of Strike, DoT
Applies to Minions when linked to Summon Skill","Strike, DoT","Resource Cost Increase 20%
+25% DMG at 80% or more HP
+11% Attack Speed at 80% or more HP
+11% Cast Speed at 80% or more HP
Grants Barrier Regen immunity to self for 2.5 s on hit at Full HP
(마법 등급 효과) +15% DMG at 80% or more HP
(마법 등급 효과) +5% Attack Speed at 80% or more HP
(마법 등급 효과) +5% Cast Speed at 80% or more HP
(희귀 등급 효과) +30% DMG at 80% or more HP
(희귀 등급 효과) +10% Attack Speed at 80% or more HP
(희귀 등급 효과) +10% Cast Speed at 80% or more HP

(전설 등급 효과) +50% DMG at 80% or more HP
(전설 등급 효과) +15% Attack Speed at 80% or more HP
(전설 등급 효과) +15% Cast Speed at 80% or more HP
(전설 등급 효과) 5% DMG Amplification at 80% or more HP","Resource Cost Increase 20%
+192% DMG at 80% or more HP
+36% Attack Speed at 80% or more HP
+36% Cast Speed at 80% or more HP
Grants Barrier Regen immunity to self for 2.5 s on hit at Full HP
(마법 등급 효과) +15% DMG at 80% or more HP
(마법 등급 효과) +5% Attack Speed at 80% or more HP
(마법 등급 효과) +5% Cast Speed at 80% or more HP
(희귀 등급 효과) +30% DMG at 80% or more HP
(희귀 등급 효과) +10% Attack Speed at 80% or more HP
(희귀 등급 효과) +10% Cast Speed at 80% or more HP

(전설 등급 효과) +50% DMG at 80% or more HP
(전설 등급 효과) +15% Attack Speed at 80% or more HP
(전설 등급 효과) +15% Cast Speed at 80% or more HP
(전설 등급 효과) 5% DMG Amplification at 80% or more HP","-3% Resource Cost
+[55-80]% DMG at 80% or more HP",[3.5-5]% DMG Amplification at Full HP,+[17-25] DoT Rate at 80% or more HP
,,변경,"Can be linked with Skills that are any one of Strike, DoT
Applies to Minions when linked to Summon Skill","Strike, DoT","Resource Cost Increase 20%
+25% DMG at 80% or more HP
+11% Attack Speed at 80% or more HP
+11% Cast Speed at 80% or more HP
Grants Barrier Regen immunity to self for 2.5 s on hit at Full HP
(마법 등급 효과) +15% DMG at 80% or more HP
(마법 등급 효과) +5% Attack Speed at 80% or more HP
(마법 등급 효과) +5% Cast Speed at 80% or more HP
(희귀 등급 효과) +30% DMG at 80% or more HP
(희귀 등급 효과) +10% Attack Speed at 80% or more HP
(희귀 등급 효과) +10% Cast Speed at 80% or more HP

(전설 등급 효과) +50% DMG at 80% or more HP
(전설 등급 효과) +15% Attack Speed at 80% or more HP
(전설 등급 효과) +15% Cast Speed at 80% or more HP
(전설 등급 효과) 5% DMG Amplification at 80% or more HP","Resource Cost Increase 20%
+200% DMG at 80% or more HP
+37.4% Attack Speed at 80% or more HP
+37.4% Cast Speed at 80% or more HP
Grants Barrier Regen immunity to self for 2.5 s on hit at Full HP
(마법 등급 효과) +15% DMG at 80% or more HP
(마법 등급 효과) +5% Attack Speed at 80% or more HP
(마법 등급 효과) +5% Cast Speed at 80% or more HP
(희귀 등급 효과) +30% DMG at 80% or more HP
(희귀 등급 효과) +10% Attack Speed at 80% or more HP
(희귀 등급 효과) +10% Cast Speed at 80% or more HP

(전설 등급 효과) +50% DMG at 80% or more HP
(전설 등급 효과) +15% Attack Speed at 80% or more HP
(전설 등급 효과) +15% Cast Speed at 80% or more HP
(전설 등급 효과) 5% DMG Amplification at 80% or more HP","-3% Resource Cost
+[55-80]% DMG at 80% or more HP",[3.5-5]% DMG Amplification at Full HP,+[17-25] DoT Rate at 80% or more HP
,Deadly Poison,기존,"Can be linked with Skills that are Poison
Can be linked with Skills that satisfy any one of Strike, DoT
Applies to Minions when linked to Summon Skill","Strike, DoT, Poison","Resource Cost Increase 20%
Cannot apply Venom
8.6% DMG Amplification against enemies affected by Venom
(마법 등급 효과) 3% DMG Amplification against enemies affected by Venom
(희귀 등급 효과) 5% DMG Amplification against enemies affected by Venom

(전설 등급 효과) 8% DMG Amplification against enemies affected by Venom
(전설 등급 효과) +10% DMG Multiplier against enemies affected by Venom","Resource Cost Increase 20%
Cannot apply Venom
24.4% DMG Amplification against enemies affected by Venom
(마법 등급 효과) 3% DMG Amplification against enemies affected by Venom
(희귀 등급 효과) 5% DMG Amplification against enemies affected by Venom

(전설 등급 효과) 8% DMG Amplification against enemies affected by Venom
(전설 등급 효과) +10% DMG Multiplier against enemies affected by Venom",+[55-80]% DMG against enemies affected by Venom,[0.5-0.9]% Poison DMG Amplification per 1 Poison tag Link Rune on linked Skill Rune,"[5-7.5]% Venom DMG Amplification
Change to Can inflict Venom"
,,변경,"Can be linked with Skills that are Poison
Can be linked with Skills that satisfy any one of Strike, DoT
Applies to Minions when linked to Summon Skill","Strike, DoT, Poison","Resource Cost Increase 20%
Cannot apply Venom
8.6% DMG Amplification against enemies affected by Venom
(마법 등급 효과) 3% DMG Amplification against enemies affected by Venom
(희귀 등급 효과) 5% DMG Amplification against enemies affected by Venom

(전설 등급 효과) 8% DMG Amplification against enemies affected by Venom
(전설 등급 효과) +10% DMG Multiplier against enemies affected by Venom","Resource Cost Increase 20%
Cannot apply Venom
25.4% DMG Amplification against enemies affected by Venom
(마법 등급 효과) 3% DMG Amplification against enemies affected by Venom
(희귀 등급 효과) 5% DMG Amplification against enemies affected by Venom

(전설 등급 효과) 8% DMG Amplification against enemies affected by Venom
(전설 등급 효과) +10% DMG Multiplier against enemies affected by Venom",+[55-80]% DMG against enemies affected by Venom,[0.5-0.9]% Poison DMG Amplification per 1 Poison tag Link Rune on linked Skill Rune,"[5-7.5]% Venom DMG Amplification
Change to Can inflict Venom"
,Conductor,기존,"Can be linked with Skills that are Lightning, Strike (must include all)
Applies to Minions when linked to Summon Skill","Lightning, Strike","Resource Cost Increase 15%
Cannot apply Shock
+35% Critical Rate against Shocked enemies
+10% Critical DMG against Shocked enemies
(마법 등급 효과) +10% DMG against Shocked enemies
(마법 등급 효과) +15% Critical Rate against Shocked enemies
(희귀 등급 효과) +25% DMG against Shocked enemies
(희귀 등급 효과) +45% Critical Rate against Shocked enemies

(전설 등급 효과) +35% DMG against Shocked enemies
(전설 등급 효과) +70% Critical Rate against Shocked enemies
(전설 등급 효과) 7.5% DMG Amplification against Shocked enemies","Resource Cost Increase 15%
Cannot apply Shock
+236% Critical Rate against Shocked enemies
+10% Critical DMG against Shocked enemies
(마법 등급 효과) +10% DMG against Shocked enemies
(마법 등급 효과) +15% Critical Rate against Shocked enemies
(희귀 등급 효과) +25% DMG against Shocked enemies
(희귀 등급 효과) +45% Critical Rate against Shocked enemies

(전설 등급 효과) +35% DMG against Shocked enemies
(전설 등급 효과) +70% Critical Rate against Shocked enemies
(전설 등급 효과) 7.5% DMG Amplification against Shocked enemies",+[25-40]% Critical DMG against Shocked enemies,"Change to can inflict Shock
+[15-30]% Shock Effect",[2.1-4]% DMG Amplification against Shocked enemies
,,변경,"Can be linked with Skills that are Lightning, Strike (must include all)
Applies to Minions when linked to Summon Skill","Lightning, Strike","Resource Cost Increase 15%
Cannot apply Shock
+35% Critical Rate against Shocked enemies
+10% Critical DMG against Shocked enemies
(마법 등급 효과) +10% DMG against Shocked enemies
(마법 등급 효과) +15% Critical Rate against Shocked enemies
(희귀 등급 효과) +25% DMG against Shocked enemies
(희귀 등급 효과) +45% Critical Rate against Shocked enemies

(전설 등급 효과) +35% DMG against Shocked enemies
(전설 등급 효과) +70% Critical Rate against Shocked enemies
(전설 등급 효과) 7.5% DMG Amplification against Shocked enemies","Resource Cost Increase 15%
Cannot apply Shock
+245.4% Critical Rate against Shocked enemies
+10% Critical DMG against Shocked enemies
(마법 등급 효과) +10% DMG against Shocked enemies
(마법 등급 효과) +15% Critical Rate against Shocked enemies
(희귀 등급 효과) +25% DMG against Shocked enemies
(희귀 등급 효과) +45% Critical Rate against Shocked enemies

(전설 등급 효과) +35% DMG against Shocked enemies
(전설 등급 효과) +70% Critical Rate against Shocked enemies
(전설 등급 효과) 7.5% DMG Amplification against Shocked enemies",+[25-40]% Critical DMG against Shocked enemies,"Change to can inflict Shock
+[15-30]% Shock Effect",[2.1-4]% DMG Amplification against Shocked enemies
,Persistence,기존,"Can be linked with Skills that are Strike
Does not link with Critical Hit related Link Runes when linking with Persistence
Applies to Minions when linked to Summon Skill",Strike,"Resource Cost Increase 20%
Critical Hit Disabled
8.5% Strike DMG Amplification
(마법 등급 효과) +20% Strike DMG
(희귀 등급 효과) +40% Strike DMG
(희귀 등급 효과) 2.5% chance to deal double Maximized DMG on hit

(전설 등급 효과) +80% Strike DMG
(전설 등급 효과) 5% chance to deal double Maximized DMG on hit
(전설 등급 효과) +5 Crowd Control Rate","Resource Cost Increase 20%
Critical Hit Disabled
25.2% Strike DMG Amplification
(마법 등급 효과) +20% Strike DMG
(희귀 등급 효과) +40% Strike DMG
(희귀 등급 효과) 2.5% chance to deal double Maximized DMG on hit

(전설 등급 효과) +80% Strike DMG
(전설 등급 효과) 5% chance to deal double Maximized DMG on hit
(전설 등급 효과) +5 Crowd Control Rate",[3.5-5]% chance to deal double Maximized DMG on hit,[1-3]% chance to deal triple Maximized DMG on hit,[0.6-1]% Strike DMG Amplification per 1 Red Link Rune on linked Skill Rune
,,변경,"Can be linked with Skills that are Strike
Does not link with Critical Hit related Link Runes when linking with Persistence
Applies to Minions when linked to Summon Skill",Strike,"Resource Cost Increase 20%
Critical Hit Disabled
8.5% Strike DMG Amplification
(마법 등급 효과) +20% Strike DMG
(희귀 등급 효과) +40% Strike DMG
(희귀 등급 효과) 2.5% chance to deal double Maximized DMG on hit

(전설 등급 효과) +80% Strike DMG
(전설 등급 효과) 5% chance to deal double Maximized DMG on hit
(전설 등급 효과) +5 Crowd Control Rate","Resource Cost Increase 20%
Critical Hit Disabled
26.2% Strike DMG Amplification
(마법 등급 효과) +20% Strike DMG
(희귀 등급 효과) +40% Strike DMG
(희귀 등급 효과) 2.5% chance to deal double Maximized DMG on hit

(전설 등급 효과) +80% Strike DMG
(전설 등급 효과) 5% chance to deal double Maximized DMG on hit
(전설 등급 효과) +5 Crowd Control Rate",[3.5-5]% chance to deal double Maximized DMG on hit,[1-3]% chance to deal triple Maximized DMG on hit,[0.6-1]% Strike DMG Amplification per 1 Red Link Rune on linked Skill Rune
,Cut,기존,"Can be linked with Skills that are Melee, Strike, Physical (must include all)
Cannot be linked with Skills that are Totem, Sentry, Minion, Toggle
Active effects with the same name cannot be duplicated
Rune cannot be awakened.","Melee, Strike, Physical","Resource Cost Increase 15%
+20% Melee DMG
+20 Bleed Rate
+10% Cut Effect
25% chance to inflict Cut for 2 s on hit
Cut ( 10% Movement Speed Dampening, 12% DMG Taken Amplification while Bleeding )



(전설 등급 효과) +20 Bleed Rate
(전설 등급 효과) +10% Cut Effect
(전설 등급 효과) 4% Physical DMG Amplification","Resource Cost Increase 15%
+110% Melee DMG
+86 Bleed Rate
+55% Cut Effect
25% chance to inflict Cut for 2 s on hit
Cut ( 10% Movement Speed Dampening, 12% DMG Taken Amplification while Bleeding )



(전설 등급 효과) +20 Bleed Rate
(전설 등급 효과) +10% Cut Effect
(전설 등급 효과) 4% Physical DMG Amplification",,,
,,변경,"Can be linked with Skills that are Melee, Strike, Physical (must include all)
Cannot be linked with Skills that are Totem, Sentry, Minion, Toggle
Active effects with the same name cannot be duplicated
Rune cannot be awakened.","Melee, Strike, Physical","Resource Cost Increase 15%
+20% Melee DMG
+20 Bleed Rate
+10% Cut Effect
25% chance to inflict Cut for 2 s on hit
Cut ( 10% Movement Speed Dampening, 12% DMG Taken Amplification while Bleeding )



(전설 등급 효과) +20 Bleed Rate
(전설 등급 효과) +10% Cut Effect
(전설 등급 효과) 4% Physical DMG Amplification","Resource Cost Increase 15%
+114.4% Melee DMG
+89 Bleed Rate
+57.2% Cut Effect
25% chance to inflict Cut for 2 s on hit
Cut ( 10% Movement Speed Dampening, 12% DMG Taken Amplification while Bleeding )



(전설 등급 효과) +20 Bleed Rate
(전설 등급 효과) +10% Cut Effect
(전설 등급 효과) 4% Physical DMG Amplification",,,
,Focus,기존,"Can be linked with Skills that are Melee, Strike (must include all)
Can be linked with Skills that satisfy any one of Attack, Spell
Cannot be linked with Skills that are Totem, Sentry, Minion, Movement, Toggle
Active effects with the same name cannot be duplicated
Rune cannot be awakened.","Attack, Spell, Melee, Strike","Resource Cost Increase 15%
5% Melee DMG Amplification
+10% Focus Effect
100% chance to gain Focus for 5 s on hit
Focus effect
(Block Expertise +10, Block Recovery Speed +25%, Dodge Rate +30%)
+20% Focus effect for 5 s on kill

(희귀 등급 효과) 2% Melee DMG Amplification
(희귀 등급 효과) +10% Focus Effect

(전설 등급 효과) 5% Melee DMG Amplification
(전설 등급 효과) +30% Focus Effect","Resource Cost Increase 15%
23% Melee DMG Amplification
+30.8% Focus Effect
100% chance to gain Focus for 5 s on hit
Focus effect
(Block Expertise +10, Block Recovery Speed +25%, Dodge Rate +30%)
+103% Focus effect for 5 s on kill

(희귀 등급 효과) 2% Melee DMG Amplification
(희귀 등급 효과) +10% Focus Effect

(전설 등급 효과) 5% Melee DMG Amplification
(전설 등급 효과) +30% Focus Effect",,,
,,변경,"Can be linked with Skills that are Melee, Strike (must include all)
Can be linked with Skills that satisfy any one of Attack, Spell
Cannot be linked with Skills that are Totem, Sentry, Minion, Movement, Toggle
Active effects with the same name cannot be duplicated
Rune cannot be awakened.","Attack, Spell, Melee, Strike","Resource Cost Increase 15%
5% Melee DMG Amplification
+10% Focus Effect
100% chance to gain Focus for 5 s on hit
Focus effect
(Block Expertise +10, Block Recovery Speed +25%, Dodge Rate +30%)
+20% Focus effect for 5 s on kill

(희귀 등급 효과) 2% Melee DMG Amplification
(희귀 등급 효과) +10% Focus Effect

(전설 등급 효과) 5% Melee DMG Amplification
(전설 등급 효과) +30% Focus Effect","Resource Cost Increase 15%
23.9% Melee DMG Amplification
+32% Focus Effect
100% chance to gain Focus for 5 s on hit
Focus effect
(Block Expertise +10, Block Recovery Speed +25%, Dodge Rate +30%)
+107% Focus effect for 5 s on kill

(희귀 등급 효과) 2% Melee DMG Amplification
(희귀 등급 효과) +10% Focus Effect

(전설 등급 효과) 5% Melee DMG Amplification
(전설 등급 효과) +30% Focus Effect",,,
,Regeneration,기존,"Can be linked with Skills that are Melee, Strike (must include all)
Can be linked with Skills that satisfy any one of Attack, Spell
Cannot be linked with Skills that are Totem, Sentry, Minion, Movement, Toggle
Active effects with the same name cannot be duplicated
Rune cannot be awakened.","Attack, Spell, Melee, Strike","Resource Cost Increase 15%
+30% Melee DMG
+10% Regeneration Effect
100% chance to gain Regeneration for 3 s on hit
Regeneration effect
(1% Max HP Regen/Sec, 0.4% Max Mana Regen/Sec)
+20% Regeneration effect for 5 s on kill
(마법 등급 효과) +15% Melee DMG
(마법 등급 효과) +10% Regeneration Effect
(희귀 등급 효과) +25% Melee DMG
(희귀 등급 효과) +15% Regeneration Effect

(전설 등급 효과) +35% Melee DMG
(전설 등급 효과) +20% Regeneration Effect","Resource Cost Increase 15%
+151.5% Melee DMG
+30.8% Regeneration Effect
100% chance to gain Regeneration for 3 s on hit
Regeneration effect
(1% Max HP Regen/Sec, 0.4% Max Mana Regen/Sec)
+103% Regeneration effect for 5 s on kill
(마법 등급 효과) +15% Melee DMG
(마법 등급 효과) +10% Regeneration Effect
(희귀 등급 효과) +25% Melee DMG
(희귀 등급 효과) +15% Regeneration Effect

(전설 등급 효과) +35% Melee DMG
(전설 등급 효과) +20% Regeneration Effect",,,
,,변경,"Can be linked with Skills that are Melee, Strike (must include all)
Can be linked with Skills that satisfy any one of Attack, Spell
Cannot be linked with Skills that are Totem, Sentry, Minion, Movement, Toggle
Active effects with the same name cannot be duplicated
Rune cannot be awakened.","Attack, Spell, Melee, Strike","Resource Cost Increase 15%
+30% Melee DMG
+10% Regeneration Effect
100% chance to gain Regeneration for 3 s on hit
Regeneration effect
(1% Max HP Regen/Sec, 0.4% Max Mana Regen/Sec)
+20% Regeneration effect for 5 s on kill
(마법 등급 효과) +15% Melee DMG
(마법 등급 효과) +10% Regeneration Effect
(희귀 등급 효과) +25% Melee DMG
(희귀 등급 효과) +15% Regeneration Effect

(전설 등급 효과) +35% Melee DMG
(전설 등급 효과) +20% Regeneration Effect","Resource Cost Increase 15%
+157.6% Melee DMG
+32% Regeneration Effect
100% chance to gain Regeneration for 3 s on hit
Regeneration effect
(1% Max HP Regen/Sec, 0.4% Max Mana Regen/Sec)
+107% Regeneration effect for 5 s on kill
(마법 등급 효과) +15% Melee DMG
(마법 등급 효과) +10% Regeneration Effect
(희귀 등급 효과) +25% Melee DMG
(희귀 등급 효과) +15% Regeneration Effect

(전설 등급 효과) +35% Melee DMG
(전설 등급 효과) +20% Regeneration Effect",,,
,Tenacity,기존,"Can be linked with Skills that are Melee, Strike (must include all)
Can be linked with Skills that satisfy any one of Attack, Spell
Cannot be linked with Skills that are Totem, Sentry, Minion, Movement, Toggle
Active effects with the same name cannot be duplicated
Rune cannot be awakened.","Attack, Spell, Melee, Strike","Resource Cost Increase 15%
+20% DMG
+25-45 Attack and Spell DMG
+10% Tenacity Effect
100% chance to gain Tenacity for 3 s on hit
Tenacity effect
( Armor +180, Armor +20%, Element Resist +10 )
+20% Tenacity effect for 5 s on kill
(마법 등급 효과) +8-14 Attack and Spell DMG
(마법 등급 효과) +15% Tenacity Effect
(희귀 등급 효과) +14-22 Attack and Spell DMG
(희귀 등급 효과) +20% Tenacity Effect

(전설 등급 효과) +20-30 Attack and Spell DMG
(전설 등급 효과) +30% Tenacity Effect","Resource Cost Increase 15%
+95% DMG
+82-126 Attack and Spell DMG
+30.8% Tenacity Effect
100% chance to gain Tenacity for 3 s on hit
Tenacity effect
( Armor +180, Armor +20%, Element Resist +10 )
+103% Tenacity effect for 5 s on kill
(마법 등급 효과) +8-14 Attack and Spell DMG
(마법 등급 효과) +15% Tenacity Effect
(희귀 등급 효과) +14-22 Attack and Spell DMG
(희귀 등급 효과) +20% Tenacity Effect

(전설 등급 효과) +20-30 Attack and Spell DMG
(전설 등급 효과) +30% Tenacity Effect",,,
,,변경,"Can be linked with Skills that are Melee, Strike (must include all)
Can be linked with Skills that satisfy any one of Attack, Spell
Cannot be linked with Skills that are Totem, Sentry, Minion, Movement, Toggle
Active effects with the same name cannot be duplicated
Rune cannot be awakened.","Attack, Spell, Melee, Strike","Resource Cost Increase 15%
+20% DMG
+25-45 Attack and Spell DMG
+10% Tenacity Effect
100% chance to gain Tenacity for 3 s on hit
Tenacity effect
( Armor +180, Armor +20%, Element Resist +10 )
+20% Tenacity effect for 5 s on kill
(마법 등급 효과) +8-14 Attack and Spell DMG
(마법 등급 효과) +15% Tenacity Effect
(희귀 등급 효과) +14-22 Attack and Spell DMG
(희귀 등급 효과) +20% Tenacity Effect

(전설 등급 효과) +20-30 Attack and Spell DMG
(전설 등급 효과) +30% Tenacity Effect","Resource Cost Increase 15%
+98.8% DMG
+85-131 Attack and Spell DMG
+32% Tenacity Effect
100% chance to gain Tenacity for 3 s on hit
Tenacity effect
( Armor +180, Armor +20%, Element Resist +10 )
+107% Tenacity effect for 5 s on kill
(마법 등급 효과) +8-14 Attack and Spell DMG
(마법 등급 효과) +15% Tenacity Effect
(희귀 등급 효과) +14-22 Attack and Spell DMG
(희귀 등급 효과) +20% Tenacity Effect

(전설 등급 효과) +20-30 Attack and Spell DMG
(전설 등급 효과) +30% Tenacity Effect",,,
,Spell Activation while Channeling,기존,"Must link an Activation(Channeling) Skill and a Target(Spell) Skill in the arrow's direction.
Target Skill cannot be linked if any of the Attack, Channeling, Totem, Sentry, Minion, Movement, Toggle, Trap tags exist.
Target Skill must be registered in a Skill slot to activate
Rune cannot be awakened.",Channel,"Resource Cost Increase 15%
55% DMG Dampening for Activated Skill
30% Resource Cost Dampening for Activated Skill
Adds 100% of Attack DMG increase to Spell DMG
Add 100% of Attack Critical Rate Increase/Critical DMG to Spell Critical Rate Increase/Critical DMG
Trigger Chance 70%
Displays Cooldown according to Activation Skill's Speed upon linking Link Rune.
 10% DMG Dampening for Activated Skill
(마법 등급 효과) 8% DMG Dampening for Activated Skill
(희귀 등급 효과) 5% Resource Cost Dampening
(희귀 등급 효과) 8% DMG Dampening for Activated Skill

(전설 등급 효과) 10% Resource Cost Dampening
(전설 등급 효과) +20% Skill Rune Cooldown Recovery Speed
(전설 등급 효과) 5% DMG Dampening for Activated Skill","Resource Cost Increase 15%
26.9% DMG Dampening for Activated Skill
30% Resource Cost Dampening for Activated Skill
Adds 100% of Attack DMG increase to Spell DMG
Add 100% of Attack Critical Rate Increase/Critical DMG to Spell Critical Rate Increase/Critical DMG
Trigger Chance 70%
Displays Cooldown according to Activation Skill's Speed upon linking Link Rune.
 10% DMG Dampening for Activated Skill
(마법 등급 효과) 8% DMG Dampening for Activated Skill
(희귀 등급 효과) 5% Resource Cost Dampening
(희귀 등급 효과) 8% DMG Dampening for Activated Skill

(전설 등급 효과) 10% Resource Cost Dampening
(전설 등급 효과) +20% Skill Rune Cooldown Recovery Speed
(전설 등급 효과) 5% DMG Dampening for Activated Skill",,,
,,변경,"Must link an Activation(Channeling) Skill and a Target(Spell) Skill in the arrow's direction.
Target Skill cannot be linked if any of the Attack, Channeling, Totem, Sentry, Minion, Movement, Toggle, Trap tags exist.
Target Skill must be registered in a Skill slot to activate
Rune cannot be awakened.",Channel,"Resource Cost Increase 15%
55% DMG Dampening for Activated Skill
30% Resource Cost Dampening for Activated Skill
Adds 100% of Attack DMG increase to Spell DMG
Add 100% of Attack Critical Rate Increase/Critical DMG to Spell Critical Rate Increase/Critical DMG
Trigger Chance 100%
Displays Cooldown according to Activation Skill's Speed upon linking Link Rune.
 10% DMG Dampening for Activated Skill
(마법 등급 효과) 8% DMG Dampening for Activated Skill
(희귀 등급 효과) 5% Resource Cost Dampening
(희귀 등급 효과) 8% DMG Dampening for Activated Skill

(전설 등급 효과) 10% Resource Cost Dampening
(전설 등급 효과) +20% Skill Rune Cooldown Recovery Speed
(전설 등급 효과) 5% DMG Dampening for Activated Skill","Resource Cost Increase 15%
26.9% DMG Dampening for Activated Skill
30% Resource Cost Dampening for Activated Skill
Adds 100% of Attack DMG increase to Spell DMG
Add 100% of Attack Critical Rate Increase/Critical DMG to Spell Critical Rate Increase/Critical DMG
Trigger Chance 100%
Displays Cooldown according to Activation Skill's Speed upon linking Link Rune.
 10% DMG Dampening for Activated Skill
(마법 등급 효과) 8% DMG Dampening for Activated Skill
(희귀 등급 효과) 5% Resource Cost Dampening
(희귀 등급 효과) 8% DMG Dampening for Activated Skill

(전설 등급 효과) 10% Resource Cost Dampening
(전설 등급 효과) +20% Skill Rune Cooldown Recovery Speed
(전설 등급 효과) 5% DMG Dampening for Activated Skill",,,
,Convert Fire DMG,기존,"Can be linked with Skills that are Physical
Can be linked with Skills that satisfy any one of Strike, DoT
Cannot be linked with Skills that are Cannot Convert DMG, Totem, Minion, Shout
Only one Convert DMG can be linked at a time.
Applies to Minions when linked to Summon Skill
Rune cannot be awakened.","Strike, DoT, Physical","Resource Cost Increase 15%
Convert DMG to Fire
Convert DMG to Main Element 50%
+30% Fire DMG
(마법 등급 효과) Convert DMG to Main Element 30%
(희귀 등급 효과) Convert DMG to Main Element 40%
(희귀 등급 효과) 5% Fire DMG Amplification

(전설 등급 효과) Convert DMG to Main Element 50%
(전설 등급 효과) 10% Fire DMG Amplification
(전설 등급 효과) Additional Fire DMG equal to 10% of DMG on every hit","Resource Cost Increase 15%
Convert DMG to Fire
Convert DMG to Main Element 50%
+151.5% Fire DMG
(마법 등급 효과) Convert DMG to Main Element 30%
(희귀 등급 효과) Convert DMG to Main Element 40%
(희귀 등급 효과) 5% Fire DMG Amplification

(전설 등급 효과) Convert DMG to Main Element 50%
(전설 등급 효과) 10% Fire DMG Amplification
(전설 등급 효과) Additional Fire DMG equal to 10% of DMG on every hit",,,
,,변경,"Can be linked with Skills that are Physical
Can be linked with Skills that satisfy any one of Strike, DoT
Cannot be linked with Skills that are Cannot Convert DMG, Totem, Minion, Shout
Only one Convert DMG can be linked at a time.
Applies to Minions when linked to Summon Skill
Rune cannot be awakened.","Strike, DoT, Physical","Resource Cost Increase 15%
Convert DMG to Fire
Convert DMG to Main Element 50%
+30% Fire DMG
(마법 등급 효과) Convert DMG to Main Element 30%
(희귀 등급 효과) Convert DMG to Main Element 40%
(희귀 등급 효과) 5% Fire DMG Amplification

(전설 등급 효과) Convert DMG to Main Element 50%
(전설 등급 효과) 10% Fire DMG Amplification
(전설 등급 효과) Additional Fire DMG equal to 10% of DMG on every hit","Resource Cost Increase 15%
Convert DMG to Fire
Convert DMG to Main Element 50%
+157.6% Fire DMG
(마법 등급 효과) Convert DMG to Main Element 30%
(희귀 등급 효과) Convert DMG to Main Element 40%
(희귀 등급 효과) 5% Fire DMG Amplification

(전설 등급 효과) Convert DMG to Main Element 50%
(전설 등급 효과) 10% Fire DMG Amplification
(전설 등급 효과) Additional Fire DMG equal to 10% of DMG on every hit",,,
,Convert Cold DMG,기존,"Can be linked with Skills that are Physical
Can be linked with Skills that satisfy any one of Strike, DoT
Cannot be linked with Skills that are Cannot Convert DMG, Totem, Minion, Shout
Only one Convert DMG can be linked at a time.
Applies to Minions when linked to Summon Skill
Rune cannot be awakened.","Strike, DoT, Physical","Resource Cost Increase 15%
Convert DMG to Cold
Convert DMG to Main Element 50%
+30% Cold DMG
(마법 등급 효과) Convert DMG to Main Element 30%
(희귀 등급 효과) Convert DMG to Main Element 40%
(희귀 등급 효과) 5% Cold DMG Amplification

(전설 등급 효과) Convert DMG to Main Element 50%
(전설 등급 효과) 10% Cold DMG Amplification
(전설 등급 효과) Additional Cold DMG equal to 10% of DMG on every hit","Resource Cost Increase 15%
Convert DMG to Cold
Convert DMG to Main Element 50%
+151.5% Cold DMG
(마법 등급 효과) Convert DMG to Main Element 30%
(희귀 등급 효과) Convert DMG to Main Element 40%
(희귀 등급 효과) 5% Cold DMG Amplification

(전설 등급 효과) Convert DMG to Main Element 50%
(전설 등급 효과) 10% Cold DMG Amplification
(전설 등급 효과) Additional Cold DMG equal to 10% of DMG on every hit",,,
,,변경,"Can be linked with Skills that are Physical
Can be linked with Skills that satisfy any one of Strike, DoT
Cannot be linked with Skills that are Cannot Convert DMG, Totem, Minion, Shout
Only one Convert DMG can be linked at a time.
Applies to Minions when linked to Summon Skill
Rune cannot be awakened.","Strike, DoT, Physical","Resource Cost Increase 15%
Convert DMG to Cold
Convert DMG to Main Element 50%
+30% Cold DMG
(마법 등급 효과) Convert DMG to Main Element 30%
(희귀 등급 효과) Convert DMG to Main Element 40%
(희귀 등급 효과) 5% Cold DMG Amplification

(전설 등급 효과) Convert DMG to Main Element 50%
(전설 등급 효과) 10% Cold DMG Amplification
(전설 등급 효과) Additional Cold DMG equal to 10% of DMG on every hit","Resource Cost Increase 15%
Convert DMG to Cold
Convert DMG to Main Element 50%
+157.6% Cold DMG
(마법 등급 효과) Convert DMG to Main Element 30%
(희귀 등급 효과) Convert DMG to Main Element 40%
(희귀 등급 효과) 5% Cold DMG Amplification

(전설 등급 효과) Convert DMG to Main Element 50%
(전설 등급 효과) 10% Cold DMG Amplification
(전설 등급 효과) Additional Cold DMG equal to 10% of DMG on every hit",,,
,Convert Lightning DMG,기존,"Can be linked with Skills that are Physical
Can be linked with Skills that satisfy any one of Strike, DoT
Cannot be linked with Skills that are Cannot Convert DMG, Totem, Minion, Shout
Only one Convert DMG can be linked at a time.
Applies to Minions when linked to Summon Skill
Rune cannot be awakened.","Strike, DoT, Physical","Resource Cost Increase 15%
Convert DMG to Lightning
Convert DMG to Main Element 50%
+30% Lightning DMG
(마법 등급 효과) Convert DMG to Main Element 30%
(희귀 등급 효과) Convert DMG to Main Element 40%
(희귀 등급 효과) 5% Lightning DMG Amplification

(전설 등급 효과) Convert DMG to Main Element 50%
(전설 등급 효과) 10% Lightning DMG Amplification
(전설 등급 효과) Additional Lightning DMG equal to 10% of DMG on every hit","Resource Cost Increase 15%
Convert DMG to Lightning
Convert DMG to Main Element 50%
+151.5% Lightning DMG
(마법 등급 효과) Convert DMG to Main Element 30%
(희귀 등급 효과) Convert DMG to Main Element 40%
(희귀 등급 효과) 5% Lightning DMG Amplification

(전설 등급 효과) Convert DMG to Main Element 50%
(전설 등급 효과) 10% Lightning DMG Amplification
(전설 등급 효과) Additional Lightning DMG equal to 10% of DMG on every hit",,,
,,변경,"Can be linked with Skills that are Physical
Can be linked with Skills that satisfy any one of Strike, DoT
Cannot be linked with Skills that are Cannot Convert DMG, Totem, Minion, Shout
Only one Convert DMG can be linked at a time.
Applies to Minions when linked to Summon Skill
Rune cannot be awakened.","Strike, DoT, Physical","Resource Cost Increase 15%
Convert DMG to Lightning
Convert DMG to Main Element 50%
+30% Lightning DMG
(마법 등급 효과) Convert DMG to Main Element 30%
(희귀 등급 효과) Convert DMG to Main Element 40%
(희귀 등급 효과) 5% Lightning DMG Amplification

(전설 등급 효과) Convert DMG to Main Element 50%
(전설 등급 효과) 10% Lightning DMG Amplification
(전설 등급 효과) Additional Lightning DMG equal to 10% of DMG on every hit","Resource Cost Increase 15%
Convert DMG to Lightning
Convert DMG to Main Element 50%
+157.6% Lightning DMG
(마법 등급 효과) Convert DMG to Main Element 30%
(희귀 등급 효과) Convert DMG to Main Element 40%
(희귀 등급 효과) 5% Lightning DMG Amplification

(전설 등급 효과) Convert DMG to Main Element 50%
(전설 등급 효과) 10% Lightning DMG Amplification
(전설 등급 효과) Additional Lightning DMG equal to 10% of DMG on every hit",,,
,Convert Poison DMG,기존,"Can be linked with Skills that are Physical
Can be linked with Skills that satisfy any one of Strike, DoT
Cannot be linked with Skills that are Cannot Convert DMG, Totem, Minion, Shout
Only one Convert DMG can be linked at a time.
Applies to Minions when linked to Summon Skill
Rune cannot be awakened.","Strike, DoT, Physical","Resource Cost Increase 15%
Convert DMG to Poison
Convert DMG to Main Element 50%
+30% Poison DMG
(마법 등급 효과) Convert DMG to Main Element 30%
(희귀 등급 효과) Convert DMG to Main Element 40%
(희귀 등급 효과) 5% Poison DMG Amplification

(전설 등급 효과) Convert DMG to Main Element 50%
(전설 등급 효과) 10% Poison DMG Amplification
(전설 등급 효과) Additional Poison DMG on DMG equal to 10% of DMG on every hit","Resource Cost Increase 15%
Convert DMG to Poison
Convert DMG to Main Element 50%
+151.5% Poison DMG
(마법 등급 효과) Convert DMG to Main Element 30%
(희귀 등급 효과) Convert DMG to Main Element 40%
(희귀 등급 효과) 5% Poison DMG Amplification

(전설 등급 효과) Convert DMG to Main Element 50%
(전설 등급 효과) 10% Poison DMG Amplification
(전설 등급 효과) Additional Poison DMG on DMG equal to 10% of DMG on every hit",,,
,,변경,"Can be linked with Skills that are Physical
Can be linked with Skills that satisfy any one of Strike, DoT
Cannot be linked with Skills that are Cannot Convert DMG, Totem, Minion, Shout
Only one Convert DMG can be linked at a time.
Applies to Minions when linked to Summon Skill
Rune cannot be awakened.","Strike, DoT, Physical","Resource Cost Increase 15%
Convert DMG to Poison
Convert DMG to Main Element 50%
+30% Poison DMG
(마법 등급 효과) Convert DMG to Main Element 30%
(희귀 등급 효과) Convert DMG to Main Element 40%
(희귀 등급 효과) 5% Poison DMG Amplification

(전설 등급 효과) Convert DMG to Main Element 50%
(전설 등급 효과) 10% Poison DMG Amplification
(전설 등급 효과) Additional Poison DMG on DMG equal to 10% of DMG on every hit","Resource Cost Increase 15%
Convert DMG to Poison
Convert DMG to Main Element 50%
+157.6% Poison DMG
(마법 등급 효과) Convert DMG to Main Element 30%
(희귀 등급 효과) Convert DMG to Main Element 40%
(희귀 등급 효과) 5% Poison DMG Amplification

(전설 등급 효과) Convert DMG to Main Element 50%
(전설 등급 효과) 10% Poison DMG Amplification
(전설 등급 효과) Additional Poison DMG on DMG equal to 10% of DMG on every hit",,,
,Parallel Multishot,기존,"Can be linked with Skills that are Projectile
Cannot be linked with Skills that are Totem, Movement, Cannot Multishot, Cannot use Parallel Shot, Trap
Fires Projectiles over a horizontal spread
Only one Multishot can be linked at once",Projectile,"Resource Cost Increase 20%
+2 Projectile Count
10% Projectile DMG Dampening
(마법 등급 효과) +20% Projectile DMG
(희귀 등급 효과) +40% Projectile DMG

(전설 등급 효과) +50% Projectile DMG
(전설 등급 효과) +2 Projectile Count","Resource Cost Increase 20%
+2 Projectile Count
4.5% Projectile DMG Amplification
(마법 등급 효과) +20% Projectile DMG
(희귀 등급 효과) +40% Projectile DMG

(전설 등급 효과) +50% Projectile DMG
(전설 등급 효과) +2 Projectile Count","[3.5-5]% Projectile DMG Dampening
Gain Powerful Multishot effect for 1 s upon using Skill (Cooldown: 3 s)
Powerful Multishot effect
Projectile Count +2 for the duration",-[10-5]% Resource Cost,"2% DMG Amplification if linked Skill Rune has 6 Projectile tag Link Runes
[0.3-0.5]% Projectile DMG Amplification per 1 Projectile tag Link Rune on linked Skill Rune"
,,변경,"Can be linked with Skills that are Projectile
Cannot be linked with Skills that are Totem, Movement, Cannot Multishot, Cannot use Parallel Shot, Trap
Fires Projectiles over a horizontal spread
Only one Multishot can be linked at once",Projectile,"Resource Cost Increase 20%
+2 Projectile Count
10% Projectile DMG Dampening
(마법 등급 효과) +20% Projectile DMG
(희귀 등급 효과) +40% Projectile DMG

(전설 등급 효과) +50% Projectile DMG
(전설 등급 효과) +2 Projectile Count","Resource Cost Increase 20%
+2 Projectile Count
4.7% Projectile DMG Amplification
(마법 등급 효과) +20% Projectile DMG
(희귀 등급 효과) +40% Projectile DMG

(전설 등급 효과) +50% Projectile DMG
(전설 등급 효과) +2 Projectile Count","[3.5-5]% Projectile DMG Dampening
Gain Powerful Multishot effect for 1 s upon using Skill (Cooldown: 3 s)
Powerful Multishot effect
Projectile Count +2 for the duration",-[10-5]% Resource Cost,"2% DMG Amplification if linked Skill Rune has 6 Projectile tag Link Runes
[0.3-0.5]% Projectile DMG Amplification per 1 Projectile tag Link Rune on linked Skill Rune"
,Time Warp,기존,"Can be linked with Skills that don't have cooldown
Cannot be linked with Channeling, Totem, Sentry, Minion, Movement, Toggle skills.
Nullifies the Max Use Count stat.","Repeat Strike, Repeat DoT","Resource Cost Increase 20%
+3 Skill Rune Cooldown
1 Time Warp stack for every 2.5 s of not using any skills
Max Stacks 5
4% DMG Amplification per 1 Time Warp stack
+12% Area of Effect per 1 Time Warp stack
+12 Weapon Range per 1 Time Warp stack
(마법 등급 효과) Gain 1 Time Warp stack every 12.5 s
(희귀 등급 효과) Gain 1 Time Warp stack every 10 s

(전설 등급 효과) Gain 1 Time Warp stack every 7.5 s","Resource Cost Increase 20%
+3 Skill Rune Cooldown
1 Time Warp stack for every 2.5 s of not using any skills
Max Stacks 5
10.3% DMG Amplification per 1 Time Warp stack
+28.7% Area of Effect per 1 Time Warp stack
+28.7 Weapon Range per 1 Time Warp stack
(마법 등급 효과) Gain 1 Time Warp stack every 12.5 s
(희귀 등급 효과) Gain 1 Time Warp stack every 10 s

(전설 등급 효과) Gain 1 Time Warp stack every 7.5 s",[3.5-5]% DMG Amplification,"+[10-15]% Resource Cost
Gain 1 Time Warp stack every 7.5 s","+3 Skill Rune Cooldown
[12-15]% DMG Amplification"
,,변경,"Can be linked with Skills that don't have cooldown
Cannot be linked with Channeling, Totem, Sentry, Minion, Movement, Toggle skills.
Nullifies the Max Use Count stat.","Repeat Strike, Repeat DoT","Resource Cost Increase 20%
+3 Skill Rune Cooldown
1 Time Warp stack for every 2.5 s of not using any skills
Max Stacks 5
4% DMG Amplification per 1 Time Warp stack
+12% Area of Effect per 1 Time Warp stack
+12 Weapon Range per 1 Time Warp stack
(마법 등급 효과) Gain 1 Time Warp stack every 12.5 s
(희귀 등급 효과) Gain 1 Time Warp stack every 10 s

(전설 등급 효과) Gain 1 Time Warp stack every 7.5 s","Resource Cost Increase 20%
+3 Skill Rune Cooldown
1 Time Warp stack for every 2.5 s of not using any skills
Max Stacks 5
10.7% DMG Amplification per 1 Time Warp stack
+29.8% Area of Effect per 1 Time Warp stack
+29.8 Weapon Range per 1 Time Warp stack
(마법 등급 효과) Gain 1 Time Warp stack every 12.5 s
(희귀 등급 효과) Gain 1 Time Warp stack every 10 s

(전설 등급 효과) Gain 1 Time Warp stack every 7.5 s",[3.5-5]% DMG Amplification,"+[10-15]% Resource Cost
Gain 1 Time Warp stack every 7.5 s","+3 Skill Rune Cooldown
[12-15]% DMG Amplification"
,Mana Storm,기존,"Can be linked with Skills that are any one of Strike, DoT
Applies to Minions when linked to Summon Skill","Strike, DoT","Resource Cost Increase 30%
11% Strike DMG Amplification
9% DoT Amplification
+6 Resource Cost



(전설 등급 효과) 8% Strike DMG Amplification
(전설 등급 효과) 6% DoT Amplification
(전설 등급 효과) +2 Resource Cost","Resource Cost Increase 30%
23.3% Strike DMG Amplification
23.6% DoT Amplification
+6 Resource Cost



(전설 등급 효과) 8% Strike DMG Amplification
(전설 등급 효과) 6% DoT Amplification
(전설 등급 효과) +2 Resource Cost",+[35-50]% DMG,"-[8-3]% Resource Cost
-2 Resource Cost if linked Skill Rune has 1 Blue Link Rune","-3% Resource Cost if linked Skill Rune has 2 or more Green Link Runes
[1.5-3]% DoT Amplification if linked Skill Rune has 2 or more Blue Link Runes
[1.5-3]% Strike DMG Amplification if linked Skill Rune has 2 or more Red Link Runes"
,,변경,"Can be linked with Skills that are any one of Strike, DoT
Applies to Minions when linked to Summon Skill","Strike, DoT","Resource Cost Increase 30%
11% Strike DMG Amplification
9% DoT Amplification
+6 Resource Cost



(전설 등급 효과) 8% Strike DMG Amplification
(전설 등급 효과) 6% DoT Amplification
(전설 등급 효과) +2 Resource Cost","Resource Cost Increase 30%
24.2% Strike DMG Amplification
24.5% DoT Amplification
+6 Resource Cost



(전설 등급 효과) 8% Strike DMG Amplification
(전설 등급 효과) 6% DoT Amplification
(전설 등급 효과) +2 Resource Cost",+[35-50]% DMG,"-[8-3]% Resource Cost
-2 Resource Cost if linked Skill Rune has 1 Blue Link Rune","-3% Resource Cost if linked Skill Rune has 2 or more Green Link Runes
[1.5-3]% DoT Amplification if linked Skill Rune has 2 or more Blue Link Runes
[1.5-3]% Strike DMG Amplification if linked Skill Rune has 2 or more Red Link Runes"
,Close Range Shot,기존,"Can be linked with Skills that are Projectile
Can be linked with Skills that satisfy any one of Bow, Sentry
Cannot be linked with Skills that are Channel, Totem, Movement
Applies to Minions when linked to Summon Skill","Bow, Sentry, Projectile","Resource Cost Increase 20%
+10% DMG upon every Projectile Hit against enemies at 600 distance or less
100% chance to gain Close Range Shot for 8 s on hit
Close Range Shot effect
( 5% Projectile DMG Amplification per 100 distance decrease upon hitting an enemy at 600 distance or less (Max 20%) )
(마법 등급 효과) +15% DMG upon every Projectile Hit against enemies at 600 distance or less
(마법 등급 효과) +20% Close Range Shot Effect
(희귀 등급 효과) +45% DMG upon every Projectile Hit against enemies at 600 distance or less
(희귀 등급 효과) +25% Close Range Shot Effect

(전설 등급 효과) +90% DMG upon every Projectile Hit against enemies at 600 distance or less
(전설 등급 효과) +35% Close Range Shot Effect","Resource Cost Increase 20%
+176.7% DMG upon every Projectile Hit against enemies at 600 distance or less
100% chance to gain Close Range Shot for 8 s on hit
Close Range Shot effect
( 5% Projectile DMG Amplification per 100 distance decrease upon hitting an enemy at 600 distance or less (Max 20%) )
(마법 등급 효과) +15% DMG upon every Projectile Hit against enemies at 600 distance or less
(마법 등급 효과) +20% Close Range Shot Effect
(희귀 등급 효과) +45% DMG upon every Projectile Hit against enemies at 600 distance or less
(희귀 등급 효과) +25% Close Range Shot Effect

(전설 등급 효과) +90% DMG upon every Projectile Hit against enemies at 600 distance or less
(전설 등급 효과) +35% Close Range Shot Effect",+[55-80]% DMG upon every Projectile Hit against enemies at 600 distance or less,Close Range Shot effect +[6-10]% Increase,+[600-1000] Armor for 5 s on hitting enemies within 600 or less distance
,,변경,"Can be linked with Skills that are Projectile
Can be linked with Skills that satisfy any one of Bow, Sentry
Cannot be linked with Skills that are Channel, Totem, Movement
Applies to Minions when linked to Summon Skill","Bow, Sentry, Projectile","Resource Cost Increase 20%
+10% DMG upon every Projectile Hit against enemies at 600 distance or less
100% chance to gain Close Range Shot for 8 s on hit
Close Range Shot effect
( 5% Projectile DMG Amplification per 100 distance decrease upon hitting an enemy at 600 distance or less (Max 20%) )
(마법 등급 효과) +15% DMG upon every Projectile Hit against enemies at 600 distance or less
(마법 등급 효과) +20% Close Range Shot Effect
(희귀 등급 효과) +45% DMG upon every Projectile Hit against enemies at 600 distance or less
(희귀 등급 효과) +25% Close Range Shot Effect

(전설 등급 효과) +90% DMG upon every Projectile Hit against enemies at 600 distance or less
(전설 등급 효과) +35% Close Range Shot Effect","Resource Cost Increase 20%
+183.8% DMG upon every Projectile Hit against enemies at 600 distance or less
100% chance to gain Close Range Shot for 8 s on hit
Close Range Shot effect
( 5% Projectile DMG Amplification per 100 distance decrease upon hitting an enemy at 600 distance or less (Max 20%) )
(마법 등급 효과) +15% DMG upon every Projectile Hit against enemies at 600 distance or less
(마법 등급 효과) +20% Close Range Shot Effect
(희귀 등급 효과) +45% DMG upon every Projectile Hit against enemies at 600 distance or less
(희귀 등급 효과) +25% Close Range Shot Effect

(전설 등급 효과) +90% DMG upon every Projectile Hit against enemies at 600 distance or less
(전설 등급 효과) +35% Close Range Shot Effect",+[55-80]% DMG upon every Projectile Hit against enemies at 600 distance or less,Close Range Shot effect +[6-10]% Increase,+[600-1000] Armor for 5 s on hitting enemies within 600 or less distance
,Electric Shock,기존,"Can be linked with Skills that are Strike
Applies to Minions when linked to Summon Skill",Strike,"Resource Cost Increase 15%
+40% Critical Rate against Shocked enemies
+15% Critical DMG against Shocked enemies
Inflicts Electric Shock Effect on a target for 5 s upon hitting a Shocked target (Max Stacks: 3)
Electric Shock Effect
1.5% Lightning DMG Taken Amplification
(마법 등급 효과) +10% Critical DMG against Shocked enemies
(희귀 등급 효과) +20% Critical DMG against Shocked enemies

(전설 등급 효과) +35% Critical DMG against Shocked enemies
(전설 등급 효과) 3% DMG Amplification against Shocked enemies","Resource Cost Increase 15%
+165% Critical Rate against Shocked enemies
+56.7% Critical DMG against Shocked enemies
Inflicts Electric Shock Effect on a target for 5 s upon hitting a Shocked target (Max Stacks: 3)
Electric Shock Effect
1.5% Lightning DMG Taken Amplification
(마법 등급 효과) +10% Critical DMG against Shocked enemies
(희귀 등급 효과) +20% Critical DMG against Shocked enemies

(전설 등급 효과) +35% Critical DMG against Shocked enemies
(전설 등급 효과) 3% DMG Amplification against Shocked enemies",+[17-25]% Critical DMG against Shocked enemies,[2.1-3]% DMG Amplification against Shocked enemies,Electric Shock Effect +[30-45]%
,,변경,"Can be linked with Skills that are Strike
Applies to Minions when linked to Summon Skill",Strike,"Resource Cost Increase 15%
+40% Critical Rate against Shocked enemies
+15% Critical DMG against Shocked enemies
Inflicts Electric Shock Effect on a target for 5 s upon hitting a Shocked target (Max Stacks: 3)
Electric Shock Effect
1.5% Lightning DMG Taken Amplification
(마법 등급 효과) +10% Critical DMG against Shocked enemies
(희귀 등급 효과) +20% Critical DMG against Shocked enemies

(전설 등급 효과) +35% Critical DMG against Shocked enemies
(전설 등급 효과) 3% DMG Amplification against Shocked enemies","Resource Cost Increase 15%
+171.6% Critical Rate against Shocked enemies
+59% Critical DMG against Shocked enemies
Inflicts Electric Shock Effect on a target for 5 s upon hitting a Shocked target (Max Stacks: 3)
Electric Shock Effect
1.5% Lightning DMG Taken Amplification
(마법 등급 효과) +10% Critical DMG against Shocked enemies
(희귀 등급 효과) +20% Critical DMG against Shocked enemies

(전설 등급 효과) +35% Critical DMG against Shocked enemies
(전설 등급 효과) 3% DMG Amplification against Shocked enemies",+[17-25]% Critical DMG against Shocked enemies,[2.1-3]% DMG Amplification against Shocked enemies,Electric Shock Effect +[30-45]%
,Ignition Explosion,기존,"Can be linked with Skills that are Strike, Fire (must include all)
Applies to Minions when linked to Summon Skill","Strike, Fire","Resource Cost Increase 15%
Cannot apply Burn
10% DMG Amplification against Burning enemies
+20% Fire DMG
Target's Burn is removed upon dealing DMG

(희귀 등급 효과) +20% DMG against Burning enemies
(희귀 등급 효과) +25% Critical DMG against Burning enemies
(희귀 등급 효과) +30% Critical Rate against Burning enemies

(전설 등급 효과) +30% DMG against Burning enemies
(전설 등급 효과) +30% Critical DMG against Burning enemies
(전설 등급 효과) +55% Critical Rate against Burning enemies","Resource Cost Increase 15%
Cannot apply Burn
36% DMG Amplification against Burning enemies
+20% Fire DMG
Target's Burn is removed upon dealing DMG

(희귀 등급 효과) +20% DMG against Burning enemies
(희귀 등급 효과) +25% Critical DMG against Burning enemies
(희귀 등급 효과) +30% Critical Rate against Burning enemies

(전설 등급 효과) +30% DMG against Burning enemies
(전설 등급 효과) +30% Critical DMG against Burning enemies
(전설 등급 효과) +55% Critical Rate against Burning enemies",[3.5-5]% DMG Amplification against Burning enemies,"Does not remove Burn
Can inflict Burn
[4.9-7]% DMG Dampening against Burning enemies","[0.1-0.4]% Fire DMG Amplification per 1 Red Link Rune on linked Skill Rune
+[1-2]% Fire Penetration per 1 Awakened Link Rune on linked Skill Rune"
,,변경,"Can be linked with Skills that are Strike, Fire (must include all)
Applies to Minions when linked to Summon Skill","Strike, Fire","Resource Cost Increase 15%
Cannot apply Burn
10% DMG Amplification against Burning enemies
+20% Fire DMG
Target's Burn is removed upon dealing DMG

(희귀 등급 효과) +20% DMG against Burning enemies
(희귀 등급 효과) +25% Critical DMG against Burning enemies
(희귀 등급 효과) +30% Critical Rate against Burning enemies

(전설 등급 효과) +30% DMG against Burning enemies
(전설 등급 효과) +30% Critical DMG against Burning enemies
(전설 등급 효과) +55% Critical Rate against Burning enemies","Resource Cost Increase 15%
Cannot apply Burn
37.4% DMG Amplification against Burning enemies
+20% Fire DMG
Target's Burn is removed upon dealing DMG

(희귀 등급 효과) +20% DMG against Burning enemies
(희귀 등급 효과) +25% Critical DMG against Burning enemies
(희귀 등급 효과) +30% Critical Rate against Burning enemies

(전설 등급 효과) +30% DMG against Burning enemies
(전설 등급 효과) +30% Critical DMG against Burning enemies
(전설 등급 효과) +55% Critical Rate against Burning enemies",[3.5-5]% DMG Amplification against Burning enemies,"Does not remove Burn
Can inflict Burn
[4.9-7]% DMG Dampening against Burning enemies","[0.1-0.4]% Fire DMG Amplification per 1 Red Link Rune on linked Skill Rune
+[1-2]% Fire Penetration per 1 Awakened Link Rune on linked Skill Rune"
,Sharpness,기존,"Can be linked with Skills that are Strike
Cannot be linked with Skills that are Channel, Totem, Sentry, Minion, Movement
Rune cannot be awakened.",Strike,"Resource Cost Increase 15%
+10% Critical Rate
+5% Critical DMG
100% chance to gain Sharpness Effect for 5 s upon Critical Hit
Sharpness effect
(Critical Rate +50%, Critical DMG +25%)
(마법 등급 효과) +10% Critical Rate
(마법 등급 효과) +5% Sharpness Effect
(희귀 등급 효과) +20% Critical Rate
(희귀 등급 효과) +25% Sharpness Effect

(전설 등급 효과) +30% Critical Rate
(전설 등급 효과) +15% Critical DMG
(전설 등급 효과) +35% Sharpness Effect","Resource Cost Increase 15%
+100% Critical Rate
+45% Critical DMG
100% chance to gain Sharpness Effect for 5 s upon Critical Hit
Sharpness effect
(Critical Rate +50%, Critical DMG +25%)
(마법 등급 효과) +10% Critical Rate
(마법 등급 효과) +5% Sharpness Effect
(희귀 등급 효과) +20% Critical Rate
(희귀 등급 효과) +25% Sharpness Effect

(전설 등급 효과) +30% Critical Rate
(전설 등급 효과) +15% Critical DMG
(전설 등급 효과) +35% Sharpness Effect",,,
,,변경,"Can be linked with Skills that are Strike
Cannot be linked with Skills that are Channel, Totem, Sentry, Minion, Movement
Rune cannot be awakened.",Strike,"Resource Cost Increase 15%
+10% Critical Rate
+5% Critical DMG
100% chance to gain Sharpness Effect for 5 s upon Critical Hit
Sharpness effect
(Critical Rate +50%, Critical DMG +25%)
(마법 등급 효과) +10% Critical Rate
(마법 등급 효과) +5% Sharpness Effect
(희귀 등급 효과) +20% Critical Rate
(희귀 등급 효과) +25% Sharpness Effect

(전설 등급 효과) +30% Critical Rate
(전설 등급 효과) +15% Critical DMG
(전설 등급 효과) +35% Sharpness Effect","Resource Cost Increase 15%
+104% Critical Rate
+46.8% Critical DMG
100% chance to gain Sharpness Effect for 5 s upon Critical Hit
Sharpness effect
(Critical Rate +50%, Critical DMG +25%)
(마법 등급 효과) +10% Critical Rate
(마법 등급 효과) +5% Sharpness Effect
(희귀 등급 효과) +20% Critical Rate
(희귀 등급 효과) +25% Sharpness Effect

(전설 등급 효과) +30% Critical Rate
(전설 등급 효과) +15% Critical DMG
(전설 등급 효과) +35% Sharpness Effect",,,
,Status Effect Enhancement,기존,"Can be linked with Skills that are Strike
Applies to Minions when linked to Summon Skill",Strike,"Resource Cost Increase 15%
+15% Status Effect Duration
+10% Debuff Effect
(마법 등급 효과) +2.5% Status Effect Duration
(마법 등급 효과) +5% Debuff Effect
(희귀 등급 효과) +7.5% Status Effect Duration
(희귀 등급 효과) +10% Debuff Effect

(전설 등급 효과) +15% Status Effect Duration
(전설 등급 효과) +20% Debuff Effect
(전설 등급 효과) +5 Status Effect Rate","Resource Cost Increase 15%
+40.5% Status Effect Duration
+34% Debuff Effect
(마법 등급 효과) +2.5% Status Effect Duration
(마법 등급 효과) +5% Debuff Effect
(희귀 등급 효과) +7.5% Status Effect Duration
(희귀 등급 효과) +10% Debuff Effect

(전설 등급 효과) +15% Status Effect Duration
(전설 등급 효과) +20% Debuff Effect
(전설 등급 효과) +5 Status Effect Rate",+[55-80]% DMG against Debuffed enemies,+[20-30]% Status Effect DMG,+[20-27]% Crowd Control Duration
,,변경,"Can be linked with Skills that are Strike
Applies to Minions when linked to Summon Skill",Strike,"Resource Cost Increase 15%
+1 Status Effect Rate
+15% Status Effect Duration
+10% Debuff Effect
Applies Crowd Control as 5% Amplified DMG
(마법 등급 효과) +2.5% Status Effect Duration
(마법 등급 효과) +5% Debuff Effect
(희귀 등급 효과) +7.5% Status Effect Duration
(희귀 등급 효과) +10% Debuff Effect

(전설 등급 효과) +15% Status Effect Duration
(전설 등급 효과) +20% Debuff Effect
(전설 등급 효과) +5 Status Effect Rate","Resource Cost Increase 15%
+20 Status Effect Rate
+42.1% Status Effect Duration
+35.4% Debuff Effect
Applies Crowd Control as 20% Amplified DMG
(마법 등급 효과) +2.5% Status Effect Duration
(마법 등급 효과) +5% Debuff Effect
(희귀 등급 효과) +7.5% Status Effect Duration
(희귀 등급 효과) +10% Debuff Effect

(전설 등급 효과) +15% Status Effect Duration
(전설 등급 효과) +20% Debuff Effect
(전설 등급 효과) +5 Status Effect Rate",+[55-80]% DMG against Debuffed enemies,+[20-30]% Status Effect DMG,+[20-27]% Crowd Control Duration
,Center of Gravity,기존,"Can be linked with Skills that are any one of Strike, DoT
Cannot be linked with Skills that are Totem, Sentry, Minion, Movement","Strike, DoT","Resource Cost Increase 20%
Gain Center of Gravity every 0.7 s while stationary
Max Stacks 5
+8% DMG per Stack
+2% Critical DMG per stack
Lose Center of Gravity upon moving
Center of Gravity is not removed on Movement and on Movement Skill use for 1 s on hit 
+5 Max Maintain Position Stacks
(마법 등급 효과) +10% Center of Gravity Effect
(마법 등급 효과) +1 Max Maintain Position Stacks
(희귀 등급 효과) +20% Center of Gravity Effect
(희귀 등급 효과) +3 Max Maintain Position Stacks

(전설 등급 효과) +30% Center of Gravity Effect
(전설 등급 효과) +5 Max Maintain Position Stacks","Resource Cost Increase 20%
Gain Center of Gravity every 0.7 s while stationary
Max Stacks 5
+68.3% DMG per Stack
+10% Critical DMG per stack
Lose Center of Gravity upon moving
Center of Gravity is not removed on Movement and on Movement Skill use for 1 s on hit 
+5 Max Maintain Position Stacks
(마법 등급 효과) +10% Center of Gravity Effect
(마법 등급 효과) +1 Max Maintain Position Stacks
(희귀 등급 효과) +20% Center of Gravity Effect
(희귀 등급 효과) +3 Max Maintain Position Stacks

(전설 등급 효과) +30% Center of Gravity Effect
(전설 등급 효과) +5 Max Maintain Position Stacks","+[2-7]% Center of Gravity Effect
+1 Max Center of Gravity Buff Stacks",+[4-8]% Maximized DMG per Center of Gravity stack,"Change Center of Gravity effect according to the following
Gain Center of Gravity effect every 0.5 s when moving
Remove 1 Center of Gravity stack every 1.5 s when not moving
+[14-20]% Center of Gravity Effect"
,,변경,"Can be linked with Skills that are any one of Strike, DoT
Cannot be linked with Skills that are Totem, Sentry, Minion, Movement","Strike, DoT","Resource Cost Increase 20%
Gain Center of Gravity every 0.7 s while stationary
Max Stacks 5
+8% DMG per Stack
+2% Critical DMG per stack
Lose Center of Gravity upon moving
Center of Gravity is not removed on Movement and on Movement Skill use for 1 s on hit 
+5 Max Maintain Position Stacks
(마법 등급 효과) +10% Center of Gravity Effect
(마법 등급 효과) +1 Max Maintain Position Stacks
(희귀 등급 효과) +20% Center of Gravity Effect
(희귀 등급 효과) +3 Max Maintain Position Stacks

(전설 등급 효과) +30% Center of Gravity Effect
(전설 등급 효과) +5 Max Maintain Position Stacks","Resource Cost Increase 20%
Gain Center of Gravity every 0.7 s while stationary
Max Stacks 5
+71% DMG per Stack
+10.4% Critical DMG per stack
Lose Center of Gravity upon moving
Center of Gravity is not removed on Movement and on Movement Skill use for 1 s on hit 
+5 Max Maintain Position Stacks
(마법 등급 효과) +10% Center of Gravity Effect
(마법 등급 효과) +1 Max Maintain Position Stacks
(희귀 등급 효과) +20% Center of Gravity Effect
(희귀 등급 효과) +3 Max Maintain Position Stacks

(전설 등급 효과) +30% Center of Gravity Effect
(전설 등급 효과) +5 Max Maintain Position Stacks","+[2-7]% Center of Gravity Effect
+1 Max Center of Gravity Buff Stacks",+[4-8]% Maximized DMG per Center of Gravity stack,"Change Center of Gravity effect according to the following
Gain Center of Gravity effect every 0.5 s when moving
Remove 1 Center of Gravity stack every 1.5 s when not moving
+[14-20]% Center of Gravity Effect"
,Overpower,기존,"Can be linked with Skills that are Strike
Cannot be linked with Skills that are Toggle
Applies to Minions when linked to Summon Skill
Rune cannot be awakened.",Strike,"Resource Cost Increase 15%
+15% Strike DMG
+10% Overpower Effect
100% chance to gain Overpower for 8 s when Crowd Controlled
Overpower effect
(Main Element Damage +25~45, Armor Penetration +5%, Element Penetration +5%)
+20% Overpower effect for 5 s on kill
(마법 등급 효과) +10% Strike DMG
(마법 등급 효과) +10% Overpower Effect
(희귀 등급 효과) +20% Strike DMG
(희귀 등급 효과) +20% Overpower Effect

(전설 등급 효과) +20% Strike DMG
(전설 등급 효과) 10% chance to gain Overpower for 8 s on hit
(전설 등급 효과) +30% Overpower Effect","Resource Cost Increase 15%
+148% Strike DMG
+30.8% Overpower Effect
100% chance to gain Overpower for 8 s when Crowd Controlled
Overpower effect
(Main Element Damage +25~45, Armor Penetration +5%, Element Penetration +5%)
+103% Overpower effect for 5 s on kill
(마법 등급 효과) +10% Strike DMG
(마법 등급 효과) +10% Overpower Effect
(희귀 등급 효과) +20% Strike DMG
(희귀 등급 효과) +20% Overpower Effect

(전설 등급 효과) +20% Strike DMG
(전설 등급 효과) 10% chance to gain Overpower for 8 s on hit
(전설 등급 효과) +30% Overpower Effect",,,
,,변경,"Can be linked with Skills that are Strike
Cannot be linked with Skills that are Toggle
Applies to Minions when linked to Summon Skill
Rune cannot be awakened.",Strike,"Resource Cost Increase 15%
+15% Strike DMG
+10% Overpower Effect
100% chance to gain Overpower for 8 s when Crowd Controlled
Overpower effect
(Main Element Damage +25~45, Armor Penetration +5%, Element Penetration +5%)
+20% Overpower effect for 5 s on kill
(마법 등급 효과) +10% Strike DMG
(마법 등급 효과) +10% Overpower Effect
(희귀 등급 효과) +20% Strike DMG
(희귀 등급 효과) +20% Overpower Effect

(전설 등급 효과) +20% Strike DMG
(전설 등급 효과) 10% chance to gain Overpower for 8 s on hit
(전설 등급 효과) +30% Overpower Effect","Resource Cost Increase 15%
+154% Strike DMG
+32% Overpower Effect
100% chance to gain Overpower for 8 s when Crowd Controlled
Overpower effect
(Main Element Damage +25~45, Armor Penetration +5%, Element Penetration +5%)
+107% Overpower effect for 5 s on kill
(마법 등급 효과) +10% Strike DMG
(마법 등급 효과) +10% Overpower Effect
(희귀 등급 효과) +20% Strike DMG
(희귀 등급 효과) +20% Overpower Effect

(전설 등급 효과) +20% Strike DMG
(전설 등급 효과) 10% chance to gain Overpower for 8 s on hit
(전설 등급 효과) +30% Overpower Effect",,,
,Aim,기존,"Can be linked with Skills that are Strike
Cannot be linked with Skills that are Totem, Movement, Toggle, Minion, Sentry
Rune cannot be awakened.",Strike,"Resource Cost Increase 20%
+25% DMG against moving enemies
+10% Aim Effect
100% chance to gain Aim for 5 s on hit
Aim effect
( 10% Hit Rate Amplification, +55% Critical Rate against moving enemies )
(마법 등급 효과) +10% DMG against moving enemies
(마법 등급 효과) +10% Aim Effect
(희귀 등급 효과) +30% DMG against moving enemies
(희귀 등급 효과) +25% Aim Effect

(전설 등급 효과) +50% DMG against moving enemies
(전설 등급 효과) +45% Aim Effect","Resource Cost Increase 20%
+122.5% DMG against moving enemies
+52% Aim Effect
100% chance to gain Aim for 5 s on hit
Aim effect
( 10% Hit Rate Amplification, +55% Critical Rate against moving enemies )
(마법 등급 효과) +10% DMG against moving enemies
(마법 등급 효과) +10% Aim Effect
(희귀 등급 효과) +30% DMG against moving enemies
(희귀 등급 효과) +25% Aim Effect

(전설 등급 효과) +50% DMG against moving enemies
(전설 등급 효과) +45% Aim Effect",,,
,,변경,"Can be linked with Skills that are Strike
Cannot be linked with Skills that are Totem, Movement, Toggle, Minion, Sentry
Rune cannot be awakened.",Strike,"Resource Cost Increase 20%
+25% DMG against moving enemies
+10% Aim Effect
100% chance to gain Aim for 5 s on hit
Aim effect
( 10% Hit Rate Amplification, +55% Critical Rate against moving enemies )
(마법 등급 효과) +10% DMG against moving enemies
(마법 등급 효과) +10% Aim Effect
(희귀 등급 효과) +30% DMG against moving enemies
(희귀 등급 효과) +25% Aim Effect

(전설 등급 효과) +50% DMG against moving enemies
(전설 등급 효과) +45% Aim Effect","Resource Cost Increase 20%
+127.4% DMG against moving enemies
+54% Aim Effect
100% chance to gain Aim for 5 s on hit
Aim effect
( 10% Hit Rate Amplification, +55% Critical Rate against moving enemies )
(마법 등급 효과) +10% DMG against moving enemies
(마법 등급 효과) +10% Aim Effect
(희귀 등급 효과) +30% DMG against moving enemies
(희귀 등급 효과) +25% Aim Effect

(전설 등급 효과) +50% DMG against moving enemies
(전설 등급 효과) +45% Aim Effect",,,
,Totem Affinity,기존,Can be linked with Skills that are Totem,Totem,"Resource Cost Increase 15%
Connects Totem with Healing Chains
Healing Chains are removed past 1000 range
Regen 1% of Max HP/Sec for friendly targets that touch Healing Chains excluding the Caster

(희귀 등급 효과) 10% Movement Speed increase for 6 s upon summoning Totem

(전설 등급 효과) 20% Movement Speed increase for 6 s upon summoning Totem","Resource Cost Increase 15%
Connects Totem with Healing Chains
Healing Chains are removed past 1000 range
Regen 3.9% of Max HP/Sec for friendly targets that touch Healing Chains excluding the Caster

(희귀 등급 효과) 10% Movement Speed increase for 6 s upon summoning Totem

(전설 등급 효과) 20% Movement Speed increase for 6 s upon summoning Totem",+[10-15]% Healing Chain Effect,"-[10-5]% Resource Cost
Add 1% Max Mana Regen/Sec to Healing Chain Effect",+[35-50]% Armor when distance from Totem is 600 or less
,,변경,Can be linked with Skills that are Totem,Totem,"Resource Cost Increase 15%
Connects Totem with Healing Chains
Healing Chains are removed past 1000 range
Regen 1% of Max HP/Sec for friendly targets that touch Healing Chains excluding the Caster

(희귀 등급 효과) 10% Movement Speed increase for 6 s upon summoning Totem

(전설 등급 효과) 20% Movement Speed increase for 6 s upon summoning Totem","Resource Cost Increase 15%
Connects Totem with Healing Chains
Healing Chains are removed past 1000 range
Regen 4.1% of Max HP/Sec for friendly targets that touch Healing Chains excluding the Caster

(희귀 등급 효과) 10% Movement Speed increase for 6 s upon summoning Totem

(전설 등급 효과) 20% Movement Speed increase for 6 s upon summoning Totem",+[10-15]% Healing Chain Effect,"-[10-5]% Resource Cost
Add 1% Max Mana Regen/Sec to Healing Chain Effect",+[35-50]% Armor when distance from Totem is 600 or less
,Impact,기존,"Can be linked with Skills that are Melee, Strike (must include all)
Can be linked with Skills that satisfy any one of Attack, Spell
Applies to Minions when linked to Summon Skill","Attack, Spell, Melee, Strike","Resource Cost Increase 15%
+4 Crowd Control Rate
+25% DMG against Crowd Controlled enemies
Min 2% Shock applied
Apply Crowd Control as 10%
Amplified DMG

(희귀 등급 효과) Apply Crowd Control as 10%
(희귀 등급 효과) Min 1.5% Shock applied

(전설 등급 효과) Apply Crowd Control as 25%
(전설 등급 효과) Min 3% Shock applied
(전설 등급 효과) +5 Crowd Control Rate","Resource Cost Increase 15%
+17 Crowd Control Rate
+122.5% DMG against Crowd Controlled enemies
Min 7.2% Shock applied
Apply Crowd Control as 46.4%
Amplified DMG

(희귀 등급 효과) Apply Crowd Control as 10%
(희귀 등급 효과) Min 1.5% Shock applied

(전설 등급 효과) Apply Crowd Control as 25%
(전설 등급 효과) Min 3% Shock applied
(전설 등급 효과) +5 Crowd Control Rate","+[4-8] Crowd Control Rate
+[30-45]% DMG against Crowd Controlled enemies",[3.5-5]% DMG Amplification against Crowd Controlled enemies,-[10-5]% Resource Cost
,,변경,"Can be linked with Skills that are Melee, Strike (must include all)
Can be linked with Skills that satisfy any one of Attack, Spell
Applies to Minions when linked to Summon Skill","Attack, Spell, Melee, Strike","Resource Cost Increase 15%
+4 Crowd Control Rate
+25% DMG against Crowd Controlled enemies
Min 2% Shock applied
Apply Crowd Control as 10%
Amplified DMG

(희귀 등급 효과) Apply Crowd Control as 10%
(희귀 등급 효과) Min 1.5% Shock applied

(전설 등급 효과) Apply Crowd Control as 25%
(전설 등급 효과) Min 3% Shock applied
(전설 등급 효과) +5 Crowd Control Rate","Resource Cost Increase 15%
+17 Crowd Control Rate
+127.4% DMG against Crowd Controlled enemies
Min 7.5% Shock applied
Apply Crowd Control as 48.3%
Amplified DMG

(희귀 등급 효과) Apply Crowd Control as 10%
(희귀 등급 효과) Min 1.5% Shock applied

(전설 등급 효과) Apply Crowd Control as 25%
(전설 등급 효과) Min 3% Shock applied
(전설 등급 효과) +5 Crowd Control Rate","+[4-8] Crowd Control Rate
+[30-45]% DMG against Crowd Controlled enemies",[3.5-5]% DMG Amplification against Crowd Controlled enemies,-[10-5]% Resource Cost
,Hushed Shout,기존,Can be linked with Skills that are Shout,Shout,"Resource Cost Increase 15%
+14% Shout Skill Rune Cooldown Recovery Speed
+15% Shout Skill Rune Effect Range
(마법 등급 효과) +3% Shout Skill Rune Cooldown Recovery Speed
(마법 등급 효과) +5% Shout Skill Rune Effect Range
(희귀 등급 효과) +6% Shout Skill Rune Cooldown Recovery Speed
(희귀 등급 효과) +10% Shout Skill Rune Effect Range

(전설 등급 효과) +6% Shout Skill Rune Cooldown Recovery Speed
(전설 등급 효과) +10% Shout Skill Rune Effect Range
(전설 등급 효과) +20% Shout Skill Rune Cast Speed","Resource Cost Increase 15%
+55.7% Shout Skill Rune Cooldown Recovery Speed
+90% Shout Skill Rune Effect Range
(마법 등급 효과) +3% Shout Skill Rune Cooldown Recovery Speed
(마법 등급 효과) +5% Shout Skill Rune Effect Range
(희귀 등급 효과) +6% Shout Skill Rune Cooldown Recovery Speed
(희귀 등급 효과) +10% Shout Skill Rune Effect Range

(전설 등급 효과) +6% Shout Skill Rune Cooldown Recovery Speed
(전설 등급 효과) +10% Shout Skill Rune Effect Range
(전설 등급 효과) +20% Shout Skill Rune Cast Speed","+[10-15]% Shout Skill Rune Cooldown Recovery Speed
+3% Shout Skill Rune Effect",[30-50]% chance to gain Earth Energy upon using Skill,"+[3-5]% Shout Skill Rune Effect
+[3-5]% Shout Skill Rune Effect Range per 1 Red Link Rune on linked Skill Rune"
,,변경,Can be linked with Skills that are Shout,Shout,"Resource Cost Increase 15%
+14% Shout Skill Rune Cooldown Recovery Speed
+15% Shout Skill Rune Effect Range
(마법 등급 효과) +3% Shout Skill Rune Cooldown Recovery Speed
(마법 등급 효과) +5% Shout Skill Rune Effect Range
(희귀 등급 효과) +6% Shout Skill Rune Cooldown Recovery Speed
(희귀 등급 효과) +10% Shout Skill Rune Effect Range

(전설 등급 효과) +6% Shout Skill Rune Cooldown Recovery Speed
(전설 등급 효과) +10% Shout Skill Rune Effect Range
(전설 등급 효과) +20% Shout Skill Rune Cast Speed","Resource Cost Increase 15%
+57.9% Shout Skill Rune Cooldown Recovery Speed
+93.6% Shout Skill Rune Effect Range
(마법 등급 효과) +3% Shout Skill Rune Cooldown Recovery Speed
(마법 등급 효과) +5% Shout Skill Rune Effect Range
(희귀 등급 효과) +6% Shout Skill Rune Cooldown Recovery Speed
(희귀 등급 효과) +10% Shout Skill Rune Effect Range

(전설 등급 효과) +6% Shout Skill Rune Cooldown Recovery Speed
(전설 등급 효과) +10% Shout Skill Rune Effect Range
(전설 등급 효과) +20% Shout Skill Rune Cast Speed","+[10-15]% Shout Skill Rune Cooldown Recovery Speed
+3% Shout Skill Rune Effect",[30-50]% chance to gain Earth Energy upon using Skill,"+[3-5]% Shout Skill Rune Effect
+[3-5]% Shout Skill Rune Effect Range per 1 Red Link Rune on linked Skill Rune"
,DoT,기존,"Can be linked with Skills that are any one of Strike, DoT
Applies to Minions when linked to Summon Skill","Strike, DoT","Resource Cost Increase 15%
12.1% DoT Amplification
25% Strike DMG Dampening
(마법 등급 효과) +10% DoT
(마법 등급 효과) +2% DoT Acceleration
(희귀 등급 효과) +30% DoT
(희귀 등급 효과) +6% DoT Acceleration

(전설 등급 효과) +50% DoT
(전설 등급 효과) +10% DoT Acceleration","Resource Cost Increase 15%
33.8% DoT Amplification
15% Strike DMG Dampening
(마법 등급 효과) +10% DoT
(마법 등급 효과) +2% DoT Acceleration
(희귀 등급 효과) +30% DoT
(희귀 등급 효과) +6% DoT Acceleration

(전설 등급 효과) +50% DoT
(전설 등급 효과) +10% DoT Acceleration",[3-7]% DoT Amplification,+[25-35] DoT Rate,+[7-12]% DoT Acceleration
,,변경,"Can be linked with Skills that are any one of Strike, DoT
Applies to Minions when linked to Summon Skill","Strike, DoT","Resource Cost Increase 15%
12.1% DoT Amplification
25% Strike DMG Dampening
(마법 등급 효과) +10% DoT
(마법 등급 효과) +2% DoT Acceleration
(희귀 등급 효과) +30% DoT
(희귀 등급 효과) +6% DoT Acceleration

(전설 등급 효과) +50% DoT
(전설 등급 효과) +10% DoT Acceleration","Resource Cost Increase 15%
35.2% DoT Amplification
15.6% Strike DMG Dampening
(마법 등급 효과) +10% DoT
(마법 등급 효과) +2% DoT Acceleration
(희귀 등급 효과) +30% DoT
(희귀 등급 효과) +6% DoT Acceleration

(전설 등급 효과) +50% DoT
(전설 등급 효과) +10% DoT Acceleration",[3-7]% DoT Amplification,+[25-35] DoT Rate,+[7-12]% DoT Acceleration
,Savagery,기존,"Can be linked with Skills that are Melee, Weapon Range (must include all)
Cannot be linked with Skills that are Movement","Melee, Weapon Range","Resource Cost Increase 15%
+18% Weapon Range
5% Melee DMG Amplification
(마법 등급 효과) +10% Weapon Range
(희귀 등급 효과) +25% Weapon Range

(전설 등급 효과) +40% Weapon Range
(전설 등급 효과) 4.5% Melee DMG Amplification","Resource Cost Increase 15%
+51% Weapon Range
15.4% Melee DMG Amplification
(마법 등급 효과) +10% Weapon Range
(희귀 등급 효과) +25% Weapon Range

(전설 등급 효과) +40% Weapon Range
(전설 등급 효과) 4.5% Melee DMG Amplification",+[14-20] Weapon Range,[2.1-3]% Melee DMG Amplification,+[2-4]% DMG per 10 Weapon Range (Max:  80%)
,,변경,"Can be linked with Skills that are Melee, Weapon Range (must include all)
Cannot be linked with Skills that are Movement","Melee, Weapon Range","Resource Cost Increase 15%
+18% Weapon Range
5% Melee DMG Amplification
(마법 등급 효과) +10% Weapon Range
(희귀 등급 효과) +25% Weapon Range

(전설 등급 효과) +40% Weapon Range
(전설 등급 효과) 4.5% Melee DMG Amplification","Resource Cost Increase 15%
+53% Weapon Range
16% Melee DMG Amplification
(마법 등급 효과) +10% Weapon Range
(희귀 등급 효과) +25% Weapon Range

(전설 등급 효과) +40% Weapon Range
(전설 등급 효과) 4.5% Melee DMG Amplification",+[14-20] Weapon Range,[2.1-3]% Melee DMG Amplification,+[2-4]% DMG per 10 Weapon Range (Max:  80%)
,Chain Impact,기존,"Cannot be linked with Skills that are Minion, Sentry, Cannot Chain
Can be linked with Skills that are capable of being Chained",,"Resource Cost Increase 15%
+3 Status Effect Rate per Chain
+15% DMG per Chain
(마법 등급 효과) +11 Status Effect Rate
(희귀 등급 효과) +13 Status Effect Rate
(희귀 등급 효과) 3% Status Effect DMG Amplification

(전설 등급 효과) +15 Status Effect Rate
(전설 등급 효과) 8% Status Effect DMG Amplification","Resource Cost Increase 15%
+10 Status Effect Rate per Chain
+37% DMG per Chain
(마법 등급 효과) +11 Status Effect Rate
(희귀 등급 효과) +13 Status Effect Rate
(희귀 등급 효과) 3% Status Effect DMG Amplification

(전설 등급 효과) +15 Status Effect Rate
(전설 등급 효과) 8% Status Effect DMG Amplification",+[35-50]% Chain Impact Effect,[1.4-2]% DMG Amplification per 1 Chain(s),"+[10-15] Status Effect Rate
[3-5]% Status Effect DMG Amplification"
,,변경,"Cannot be linked with Skills that are Minion, Sentry, Cannot Chain
Can be linked with Skills that are capable of being Chained",,"Resource Cost Increase 15%
+3 Status Effect Rate per Chain
+15% DMG per Chain
(마법 등급 효과) +11 Status Effect Rate
(희귀 등급 효과) +13 Status Effect Rate
(희귀 등급 효과) 3% Status Effect DMG Amplification

(전설 등급 효과) +15 Status Effect Rate
(전설 등급 효과) 8% Status Effect DMG Amplification","Resource Cost Increase 15%
+10 Status Effect Rate per Chain
+38.5% DMG per Chain
(마법 등급 효과) +11 Status Effect Rate
(희귀 등급 효과) +13 Status Effect Rate
(희귀 등급 효과) 3% Status Effect DMG Amplification

(전설 등급 효과) +15 Status Effect Rate
(전설 등급 효과) 8% Status Effect DMG Amplification",+[35-50]% Chain Impact Effect,[1.4-2]% DMG Amplification per 1 Chain(s),"+[10-15] Status Effect Rate
[3-5]% Status Effect DMG Amplification"
,Pierce Wound,기존,"Can be linked with Skills that are Projectile
Cannot be linked with Skills that are Minion, Sentry, Cannot Pierce",Projectile,"Resource Cost Increase 15%
+15% DMG per Pierce per hit
1% DMG Amplification per Pierce per hit
20% chance to inflict Penetration on the enemy for 8 s on hit
Max Stacks 8
2% Armor Dampening per stack
(마법 등급 효과) +20% Projectile DMG
(희귀 등급 효과) +40% Projectile DMG
(희귀 등급 효과) +5% Armor Penetration

(전설 등급 효과) +70% Projectile DMG
(전설 등급 효과) +15% Armor Penetration","Resource Cost Increase 15%
+37% DMG per Pierce per hit
5.5% DMG Amplification per Pierce per hit
35.4% chance to inflict Penetration on the enemy for 8 s on hit
Max Stacks 8
2% Armor Dampening per stack
(마법 등급 효과) +20% Projectile DMG
(희귀 등급 효과) +40% Projectile DMG
(희귀 등급 효과) +5% Armor Penetration

(전설 등급 효과) +70% Projectile DMG
(전설 등급 효과) +15% Armor Penetration",+[50-70]% Pierce Wound Effect,"3% Projectile DMG Amplification
+[20-30]% Pierce Wound Effect","+1 Pierce Count
+[30-45]% Pierce Wound Effect"
,,변경,"Can be linked with Skills that are Projectile
Cannot be linked with Skills that are Minion, Sentry, Cannot Pierce",Projectile,"Resource Cost Increase 15%
+15% DMG per Pierce per hit
1% DMG Amplification per Pierce per hit
20% chance to inflict Penetration on the enemy for 8 s on hit
Max Stacks 8
2% Armor Dampening per stack
(마법 등급 효과) +20% Projectile DMG
(희귀 등급 효과) +40% Projectile DMG
(희귀 등급 효과) +5% Armor Penetration

(전설 등급 효과) +70% Projectile DMG
(전설 등급 효과) +15% Armor Penetration","Resource Cost Increase 15%
+38.5% DMG per Pierce per hit
5.7% DMG Amplification per Pierce per hit
35.4% chance to inflict Penetration on the enemy for 8 s on hit
Max Stacks 8
2% Armor Dampening per stack
(마법 등급 효과) +20% Projectile DMG
(희귀 등급 효과) +40% Projectile DMG
(희귀 등급 효과) +5% Armor Penetration

(전설 등급 효과) +70% Projectile DMG
(전설 등급 효과) +15% Armor Penetration",+[50-70]% Pierce Wound Effect,"3% Projectile DMG Amplification
+[20-30]% Pierce Wound Effect","+1 Pierce Count
+[30-45]% Pierce Wound Effect"
,Disarm,기존,"Can be linked with Skills that are any one of Movement, Move Attack
Cannot be linked with Skills that are Totem, Sentry, Minion","Movement, Move Attack","Resource Cost Increase 15%
+15% Skill Rune Cooldown Recovery Speed
+3 Resource Cost
(마법 등급 효과) +10% Skill Rune Cooldown Recovery Speed
(희귀 등급 효과) +20% Skill Rune Cooldown Recovery Speed

(전설 등급 효과) +30% Skill Rune Cooldown Recovery Speed","Resource Cost Increase 15%
+43.5% Skill Rune Cooldown Recovery Speed
+3 Resource Cost
(마법 등급 효과) +10% Skill Rune Cooldown Recovery Speed
(희귀 등급 효과) +20% Skill Rune Cooldown Recovery Speed

(전설 등급 효과) +30% Skill Rune Cooldown Recovery Speed","+[3-6]% Skill Rune Cooldown Recovery Speed
-2 Resource Cost","+[5-10]% Skill Rune Effect
+[8-15]% Skill Rune Duration",[3-6]% Movement Speed Increase for 2 s upon using Skill (Max Stacks: 5)
,,변경,"Can be linked with Skills that are any one of Movement, Move Attack
Cannot be linked with Skills that are Totem, Sentry, Minion","Movement, Move Attack","Resource Cost Increase 15%
+15% Skill Rune Cooldown Recovery Speed
+3 Resource Cost
(마법 등급 효과) +10% Skill Rune Cooldown Recovery Speed
(희귀 등급 효과) +20% Skill Rune Cooldown Recovery Speed

(전설 등급 효과) +30% Skill Rune Cooldown Recovery Speed","Resource Cost Increase 15%
+45.2% Skill Rune Cooldown Recovery Speed
+3 Resource Cost
(마법 등급 효과) +10% Skill Rune Cooldown Recovery Speed
(희귀 등급 효과) +20% Skill Rune Cooldown Recovery Speed

(전설 등급 효과) +30% Skill Rune Cooldown Recovery Speed","+[3-6]% Skill Rune Cooldown Recovery Speed
-2 Resource Cost","+[5-10]% Skill Rune Effect
+[8-15]% Skill Rune Duration",[3-6]% Movement Speed Increase for 2 s upon using Skill (Max Stacks: 5)
,Hunger,기존,"Can be linked with Skills that are Melee, Strike (must include all)
Can be linked with Skills that satisfy any one of Attack, Spell
Cannot be linked with Skills that are Totem, Sentry, Minion, Movement, Toggle","Attack, Spell, Melee, Strike","Resource Cost Increase 15%
+2 HP on every Attack Hit
+18% Melee DMG
+2 Additional HP Recovery on Attack Hit when not Channeling
Gain Hunger Effect at 50% HP or less
Hunger Effect
HP Absorb Limit increased by 50% of current HP Absorb Limit
(마법 등급 효과) +1 HP on every Attack Hit
(마법 등급 효과) +10% Melee DMG
(희귀 등급 효과) +2 HP on every Attack Hit
(희귀 등급 효과) +20% Melee DMG

(전설 등급 효과) +4 HP on every Attack Hit
(전설 등급 효과) +30% Melee DMG","Resource Cost Increase 15%
+26 HP on every Attack Hit
+90% Melee DMG
+26 Additional HP Recovery on Attack Hit when not Channeling
Gain Hunger Effect at 50% HP or less
Hunger Effect
HP Absorb Limit increased by 50% of current HP Absorb Limit
(마법 등급 효과) +1 HP on every Attack Hit
(마법 등급 효과) +10% Melee DMG
(희귀 등급 효과) +2 HP on every Attack Hit
(희귀 등급 효과) +20% Melee DMG

(전설 등급 효과) +4 HP on every Attack Hit
(전설 등급 효과) +30% Melee DMG","Add Hunger Effect
[10-20]% DMG Taken Dampening",[5-7.5]% Melee DMG Amplification,"Add Hunger Effect
[10-20]% Melee DMG Amplification"
,,변경,"Can be linked with Skills that are Melee, Strike (must include all)
Can be linked with Skills that satisfy any one of Attack, Spell
Cannot be linked with Skills that are Totem, Sentry, Minion, Movement, Toggle","Attack, Spell, Melee, Strike","Resource Cost Increase 15%
+2 HP on every Attack Hit
+18% Melee DMG
+2 Additional HP Recovery on Attack Hit when not Channeling
Gain Hunger Effect at 50% HP or less
Hunger Effect
HP Absorb Limit increased by 50% of current HP Absorb Limit
(마법 등급 효과) +1 HP on every Attack Hit
(마법 등급 효과) +10% Melee DMG
(희귀 등급 효과) +2 HP on every Attack Hit
(희귀 등급 효과) +20% Melee DMG

(전설 등급 효과) +4 HP on every Attack Hit
(전설 등급 효과) +30% Melee DMG","Resource Cost Increase 15%
+27 HP on every Attack Hit
+93.6% Melee DMG
+27 Additional HP Recovery on Attack Hit when not Channeling
Gain Hunger Effect at 50% HP or less
Hunger Effect
HP Absorb Limit increased by 50% of current HP Absorb Limit
(마법 등급 효과) +1 HP on every Attack Hit
(마법 등급 효과) +10% Melee DMG
(희귀 등급 효과) +2 HP on every Attack Hit
(희귀 등급 효과) +20% Melee DMG

(전설 등급 효과) +4 HP on every Attack Hit
(전설 등급 효과) +30% Melee DMG","Add Hunger Effect
[10-20]% DMG Taken Dampening",[5-7.5]% Melee DMG Amplification,"Add Hunger Effect
[10-20]% Melee DMG Amplification"
,Buff Activation upon Crowd Control,기존,"Must link a Target(Shout, Attack Enhance, Defense Enhance) Skill in the arrow's direction.
Target Skill cannot be linked if any of the Channeling, Totem, Sentry, Minion, Movement, Toggle, Trap tags exist.
Target Skill must be registered in a Skill slot to activate
Rune cannot be awakened.","Shout, Attack Enhance, Defense Enhance","Resource Cost Increase 15%
+10% Skill Rune Effect
+5% Skill Rune Cooldown Recovery Speed
Trigger Cooldown 1 s

(희귀 등급 효과) +5% Skill Rune Cooldown Recovery Speed

(전설 등급 효과) +10% Skill Rune Effect
(전설 등급 효과) +10% Skill Rune Cooldown Recovery Speed","Resource Cost Increase 15%
+45.7% Skill Rune Effect
+17.6% Skill Rune Cooldown Recovery Speed
Trigger Cooldown 1 s

(희귀 등급 효과) +5% Skill Rune Cooldown Recovery Speed

(전설 등급 효과) +10% Skill Rune Effect
(전설 등급 효과) +10% Skill Rune Cooldown Recovery Speed",,,
,,변경,"Must link a Target(Shout, Attack Enhance, Defense Enhance) Skill in the arrow's direction.
Target Skill cannot be linked if any of the Channeling, Totem, Sentry, Minion, Movement, Toggle, Trap tags exist.
Target Skill must be registered in a Skill slot to activate
Rune cannot be awakened.","Shout, Attack Enhance, Defense Enhance","Resource Cost Increase 15%
+10% Skill Rune Effect
+5% Skill Rune Cooldown Recovery Speed
Trigger Cooldown 1 s

(희귀 등급 효과) +5% Skill Rune Cooldown Recovery Speed

(전설 등급 효과) +10% Skill Rune Effect
(전설 등급 효과) +10% Skill Rune Cooldown Recovery Speed","Resource Cost Increase 15%
+47.5% Skill Rune Effect
+18.3% Skill Rune Cooldown Recovery Speed
Trigger Cooldown 1 s

(희귀 등급 효과) +5% Skill Rune Cooldown Recovery Speed

(전설 등급 효과) +10% Skill Rune Effect
(전설 등급 효과) +10% Skill Rune Cooldown Recovery Speed",,,
,Precise Shot,기존,"Can be linked with Skills that are Projectile
Can be linked with Skills that satisfy any one of Bow, Sentry
Cannot be linked with Skills that are Channel, Totem, Movement
Applies to Minions when linked to Summon Skill","Bow, Sentry, Projectile","Resource Cost Increase 15%
+40% DMG upon every Projectile Hit against enemies at 600 distance or more
Gain 1 Precise Shot stack for 3 s on projectile hit to enemy at 600 or more distance
Max Stack(s) 6
+6% Critical DMG per Precise Shot stack
0.5% Projectile DMG per Precise Shot stack Amplification
(마법 등급 효과) +15% DMG upon every Projectile Hit against enemies at 600 distance or more
(마법 등급 효과) +6% Projectile DMG
(희귀 등급 효과) +45% DMG upon every Projectile Hit against enemies at 600 distance or more
(희귀 등급 효과) +12% Projectile DMG

(전설 등급 효과) +70% DMG upon every Projectile Hit against enemies at 600 distance or more
(전설 등급 효과) +20% Projectile DMG
(전설 등급 효과) 5% Projectile DMG Amplification","Resource Cost Increase 15%
+170.5% DMG upon every Projectile Hit against enemies at 600 distance or more
Gain 1 Precise Shot stack for 3 s on projectile hit to enemy at 600 or more distance
Max Stack(s) 6
+20% Critical DMG per Precise Shot stack
1.5% Projectile DMG per Precise Shot stack Amplification
(마법 등급 효과) +15% DMG upon every Projectile Hit against enemies at 600 distance or more
(마법 등급 효과) +6% Projectile DMG
(희귀 등급 효과) +45% DMG upon every Projectile Hit against enemies at 600 distance or more
(희귀 등급 효과) +12% Projectile DMG

(전설 등급 효과) +70% DMG upon every Projectile Hit against enemies at 600 distance or more
(전설 등급 효과) +20% Projectile DMG
(전설 등급 효과) 5% Projectile DMG Amplification",+[55-80]% DMG upon every Projectile Hit against enemies at 600 distance or more,"-[30-15]% Critical DMG
[6-10]% Projectile DMG Amplification",+[55-80]% Critical Rate upon every Projectile Hit against enemies at 600 distance or more
,,변경,"Can be linked with Skills that are Projectile
Can be linked with Skills that satisfy any one of Bow, Sentry
Cannot be linked with Skills that are Channel, Totem, Movement
Applies to Minions when linked to Summon Skill","Bow, Sentry, Projectile","Resource Cost Increase 15%
+40% DMG upon every Projectile Hit against enemies at 600 distance or more
Gain 1 Precise Shot stack for 3 s on projectile hit to enemy at 600 or more distance
Max Stack(s) 6
+6% Critical DMG per Precise Shot stack
0.5% Projectile DMG per Precise Shot stack Amplification
(마법 등급 효과) +15% DMG upon every Projectile Hit against enemies at 600 distance or more
(마법 등급 효과) +6% Projectile DMG
(희귀 등급 효과) +45% DMG upon every Projectile Hit against enemies at 600 distance or more
(희귀 등급 효과) +12% Projectile DMG

(전설 등급 효과) +70% DMG upon every Projectile Hit against enemies at 600 distance or more
(전설 등급 효과) +20% Projectile DMG
(전설 등급 효과) 5% Projectile DMG Amplification","Resource Cost Increase 15%
+177.3% DMG upon every Projectile Hit against enemies at 600 distance or more
Gain 1 Precise Shot stack for 3 s on projectile hit to enemy at 600 or more distance
Max Stack(s) 6
+20.8% Critical DMG per Precise Shot stack
1.6% Projectile DMG per Precise Shot stack Amplification
(마법 등급 효과) +15% DMG upon every Projectile Hit against enemies at 600 distance or more
(마법 등급 효과) +6% Projectile DMG
(희귀 등급 효과) +45% DMG upon every Projectile Hit against enemies at 600 distance or more
(희귀 등급 효과) +12% Projectile DMG

(전설 등급 효과) +70% DMG upon every Projectile Hit against enemies at 600 distance or more
(전설 등급 효과) +20% Projectile DMG
(전설 등급 효과) 5% Projectile DMG Amplification",+[55-80]% DMG upon every Projectile Hit against enemies at 600 distance or more,"-[30-15]% Critical DMG
[6-10]% Projectile DMG Amplification",+[55-80]% Critical Rate upon every Projectile Hit against enemies at 600 distance or more
,Acceleration,기존,"Can be linked with Skills that are Strike
Cannot be linked with Skills that are Totem, Sentry, Minion, Movement, Toggle
Rune cannot be awakened.",Strike,"Resource Cost Increase 20%
+10% Acceleration Effect
100% chance to gain Acceleration for 3 s on hit
Acceleration effect
( Attack Speed +20%, Cast Speed +20%, Movement Speed +15% )
+20% Acceleration effect for 6 s on kill

(희귀 등급 효과) +15% Acceleration Effect
(희귀 등급 효과) +10% Attack Speed
(희귀 등급 효과) +10% Cast Speed

(전설 등급 효과) +30% Acceleration Effect
(전설 등급 효과) +15% Attack Speed
(전설 등급 효과) +15% Cast Speed","Resource Cost Increase 20%
+30.8% Acceleration Effect
100% chance to gain Acceleration for 3 s on hit
Acceleration effect
( Attack Speed +20%, Cast Speed +20%, Movement Speed +15% )
+103% Acceleration effect for 6 s on kill

(희귀 등급 효과) +15% Acceleration Effect
(희귀 등급 효과) +10% Attack Speed
(희귀 등급 효과) +10% Cast Speed

(전설 등급 효과) +30% Acceleration Effect
(전설 등급 효과) +15% Attack Speed
(전설 등급 효과) +15% Cast Speed",,,
,,변경,"Can be linked with Skills that are Strike
Cannot be linked with Skills that are Totem, Sentry, Minion, Movement, Toggle
Rune cannot be awakened.",Strike,"Resource Cost Increase 20%
+10% Acceleration Effect
100% chance to gain Acceleration for 3 s on hit
Acceleration effect
( Attack Speed +20%, Cast Speed +20%, Movement Speed +15% )
+20% Acceleration effect for 6 s on kill

(희귀 등급 효과) +15% Acceleration Effect
(희귀 등급 효과) +10% Attack Speed
(희귀 등급 효과) +10% Cast Speed

(전설 등급 효과) +30% Acceleration Effect
(전설 등급 효과) +15% Attack Speed
(전설 등급 효과) +15% Cast Speed","Resource Cost Increase 20%
+32% Acceleration Effect
100% chance to gain Acceleration for 3 s on hit
Acceleration effect
( Attack Speed +20%, Cast Speed +20%, Movement Speed +15% )
+107% Acceleration effect for 6 s on kill

(희귀 등급 효과) +15% Acceleration Effect
(희귀 등급 효과) +10% Attack Speed
(희귀 등급 효과) +10% Cast Speed

(전설 등급 효과) +30% Acceleration Effect
(전설 등급 효과) +15% Attack Speed
(전설 등급 효과) +15% Cast Speed",,,
,Minion Armor,기존,Can be linked with Skills that are Minion,Minion,"Resource Cost Increase 15%
+20% Minion Armor
+15 Minion Element Resist
+5 Minion Chaos Resist
1% Minion DMG Amplification per 3000 Minion Armor
(Max:  8%)
1% Minion DMG Amplification per 50 sum of Minion Element Resist
(Max:  8%)
(마법 등급 효과) +10% Minion Armor
(마법 등급 효과) +5 Minion Element Resist
(희귀 등급 효과) +20% Minion Armor
(희귀 등급 효과) +10 Minion Element Resist

(전설 등급 효과) +30% Minion Armor
(전설 등급 효과) +15 Minion Element Resist","Resource Cost Increase 15%
+74% Minion Armor
+41 Minion Element Resist
+23 Minion Chaos Resist
1% Minion DMG Amplification per 3000 Minion Armor
(Max:  8%)
1% Minion DMG Amplification per 50 sum of Minion Element Resist
(Max:  8%)
(마법 등급 효과) +10% Minion Armor
(마법 등급 효과) +5 Minion Element Resist
(희귀 등급 효과) +20% Minion Armor
(희귀 등급 효과) +10 Minion Element Resist

(전설 등급 효과) +30% Minion Armor
(전설 등급 효과) +15 Minion Element Resist","+[35-55]% Minion Armor
+[10-12] Minion Element Resist","-[20-13]% Minion Armor
+[20-30] Minion Element Resist","+[60-80]% Minion Armor
-[15-10] Minion Element Resist"
,,변경,Can be linked with Skills that are Minion,Minion,"Resource Cost Increase 15%
+20% Minion Armor
+15 Minion Element Resist
+5 Minion Chaos Resist
1% Minion DMG Amplification per 3000 Minion Armor
(Max:  8%)
1% Minion DMG Amplification per 50 sum of Minion Element Resist
(Max:  8%)
(마법 등급 효과) +10% Minion Armor
(마법 등급 효과) +5 Minion Element Resist
(희귀 등급 효과) +20% Minion Armor
(희귀 등급 효과) +10 Minion Element Resist

(전설 등급 효과) +30% Minion Armor
(전설 등급 효과) +15 Minion Element Resist","Resource Cost Increase 15%
+77% Minion Armor
+43 Minion Element Resist
+24 Minion Chaos Resist
1% Minion DMG Amplification per 3000 Minion Armor
(Max:  8%)
1% Minion DMG Amplification per 50 sum of Minion Element Resist
(Max:  8%)
(마법 등급 효과) +10% Minion Armor
(마법 등급 효과) +5 Minion Element Resist
(희귀 등급 효과) +20% Minion Armor
(희귀 등급 효과) +10 Minion Element Resist

(전설 등급 효과) +30% Minion Armor
(전설 등급 효과) +15 Minion Element Resist","+[35-55]% Minion Armor
+[10-12] Minion Element Resist","-[20-13]% Minion Armor
+[20-30] Minion Element Resist","+[60-80]% Minion Armor
-[15-10] Minion Element Resist"
,Lingering Totem,기존,Can be linked with Skills that are Totem,Totem,"Resource Cost Increase 15%
+20% Totem Duration
Totem regenerates 1% of Max HP per Sec
(마법 등급 효과) +20% Totem Duration
(희귀 등급 효과) +40% Totem Duration

(전설 등급 효과) +60% Totem Duration
(전설 등급 효과) +10% Totem Effect","Resource Cost Increase 15%
+119% Totem Duration
Totem regenerates 4% of Max HP per Sec
(마법 등급 효과) +20% Totem Duration
(희귀 등급 효과) +40% Totem Duration

(전설 등급 효과) +60% Totem Duration
(전설 등급 효과) +10% Totem Effect",Totem regenerates [0.5-1]% of Max HP per Sec,+[20-30]% Totem Duration,-[10-5]% Resource Cost
,,변경,Can be linked with Skills that are Totem,Totem,"Resource Cost Increase 15%
+20% Totem Duration
Totem regenerates 1% of Max HP per Sec
(마법 등급 효과) +20% Totem Duration
(희귀 등급 효과) +40% Totem Duration

(전설 등급 효과) +60% Totem Duration
(전설 등급 효과) +10% Totem Effect","Resource Cost Increase 15%
+123.8% Totem Duration
Totem regenerates 4.2% of Max HP per Sec
(마법 등급 효과) +20% Totem Duration
(희귀 등급 효과) +40% Totem Duration

(전설 등급 효과) +60% Totem Duration
(전설 등급 효과) +10% Totem Effect",Totem regenerates [0.5-1]% of Max HP per Sec,+[20-30]% Totem Duration,-[10-5]% Resource Cost
,Life Imbued Totem,기존,Can be linked with Skills that are Totem,Totem,"Resource Cost Increase 15%
Amplifies Totem Max HP by 10%
(마법 등급 효과) +10% Totem HP
(희귀 등급 효과) +20% Totem HP

(전설 등급 효과) +30% Totem HP
(전설 등급 효과) +10% Totem Effect","Resource Cost Increase 15%
Amplifies Totem Max HP by 34%
(마법 등급 효과) +10% Totem HP
(희귀 등급 효과) +20% Totem HP

(전설 등급 효과) +30% Totem HP
(전설 등급 효과) +10% Totem Effect",+[14-20]% Totem HP,[5-8]% DMG Taken by Totem Decrease,"-[6-3]% Resource Cost
2% Totem Max HP Amplification if linked Skill Rune has 5 or more Totem tag Link Runes"
,,변경,Can be linked with Skills that are Totem,Totem,"Resource Cost Increase 15%
Amplifies Totem Max HP by 10%
(마법 등급 효과) +10% Totem HP
(희귀 등급 효과) +20% Totem HP

(전설 등급 효과) +30% Totem HP
(전설 등급 효과) +10% Totem Effect","Resource Cost Increase 15%
Amplifies Totem Max HP by 35.4%
(마법 등급 효과) +10% Totem HP
(희귀 등급 효과) +20% Totem HP

(전설 등급 효과) +30% Totem HP
(전설 등급 효과) +10% Totem Effect",+[14-20]% Totem HP,[5-8]% DMG Taken by Totem Decrease,"-[6-3]% Resource Cost
2% Totem Max HP Amplification if linked Skill Rune has 5 or more Totem tag Link Runes"
,Enhanced Totem,기존,Can be linked with Skills that are Totem,Totem,"Resource Cost Increase 15%
+10% Totem Effect
30% Totem Effect Range Dampening
(마법 등급 효과) +5% Totem Effect
(희귀 등급 효과) +10% Totem Effect

(전설 등급 효과) +15% Totem Effect","Resource Cost Increase 15%
+43% Totem Effect
30% Totem Effect Range Dampening
(마법 등급 효과) +5% Totem Effect
(희귀 등급 효과) +10% Totem Effect

(전설 등급 효과) +15% Totem Effect",+[4-8]% Totem Effect,"10% Totem Effect Range Dampening
+[10-15]% Totem Effect",+[20-30]% Totem Effect Range
,,변경,Can be linked with Skills that are Totem,Totem,"Resource Cost Increase 15%
+10% Totem Effect
30% Totem Effect Range Dampening
(마법 등급 효과) +5% Totem Effect
(희귀 등급 효과) +10% Totem Effect

(전설 등급 효과) +15% Totem Effect","Resource Cost Increase 15%
+44.7% Totem Effect
31% Totem Effect Range Dampening
(마법 등급 효과) +5% Totem Effect
(희귀 등급 효과) +10% Totem Effect

(전설 등급 효과) +15% Totem Effect",+[4-8]% Totem Effect,"10% Totem Effect Range Dampening
+[10-15]% Totem Effect",+[20-30]% Totem Effect Range
,Life Imbued Sentry,기존,Can be linked with Skills that are Sentry,Sentry,"Resource Cost Increase 15%
Amplifies Sentry Max HP by 10%
0.5% Sentry Max HP Regen/Sec
1% DMG Amplification per 2500 of Sentry HP (Max:  20)
(마법 등급 효과) +15% Sentry HP
(희귀 등급 효과) +30% Sentry HP

(전설 등급 효과) +45% Sentry HP","Resource Cost Increase 15%
Amplifies Sentry Max HP by 31.9%
2.5% Sentry Max HP Regen/Sec
1% DMG Amplification per 2500 of Sentry HP (Max:  20)
(마법 등급 효과) +15% Sentry HP
(희귀 등급 효과) +30% Sentry HP

(전설 등급 효과) +45% Sentry HP","Disable the Sentry HP Regeneration effect of Link Runes
Grants Sentry with an aura that recovers nearby allies by 3% of its Max HP every second.",+[15-30]% Sentry HP,+[20-30]% Sentry DMG
,,변경,Can be linked with Skills that are Sentry,Sentry,"Resource Cost Increase 15%
Amplifies Sentry Max HP by 10%
0.5% Sentry Max HP Regen/Sec
1% DMG Amplification per 2500 of Sentry HP (Max:  20)
(마법 등급 효과) +15% Sentry HP
(희귀 등급 효과) +30% Sentry HP

(전설 등급 효과) +45% Sentry HP","Resource Cost Increase 15%
Amplifies Sentry Max HP by 33.2%
2.6% Sentry Max HP Regen/Sec
1% DMG Amplification per 2500 of Sentry HP (Max:  20)
(마법 등급 효과) +15% Sentry HP
(희귀 등급 효과) +30% Sentry HP

(전설 등급 효과) +45% Sentry HP","Disable the Sentry HP Regeneration effect of Link Runes
Grants Sentry with an aura that recovers nearby allies by 3% of its Max HP every second.",+[15-30]% Sentry HP,+[20-30]% Sentry DMG
,Precise Sentry,기존,Can be linked with Skills that are Sentry,Sentry,"Resource Cost Increase 15%
+10% Sentry Hit Rate
+5 Sentry Critical Rate
3% Sentry DMG Amplification per 500 Sentry Hit Rate (Max:  15%)
(마법 등급 효과) +10% Sentry Hit Rate
(희귀 등급 효과) +30% Sentry Hit Rate
(희귀 등급 효과) +3 Sentry Critical Rate

(전설 등급 효과) +50% Sentry Hit Rate
(전설 등급 효과) +5 Sentry Critical Rate
(전설 등급 효과) +50% Sentry Critical DMG","Resource Cost Increase 15%
+55% Sentry Hit Rate
+16 Sentry Critical Rate
3% Sentry DMG Amplification per 500 Sentry Hit Rate (Max:  15%)
(마법 등급 효과) +10% Sentry Hit Rate
(희귀 등급 효과) +30% Sentry Hit Rate
(희귀 등급 효과) +3 Sentry Critical Rate

(전설 등급 효과) +50% Sentry Hit Rate
(전설 등급 효과) +5 Sentry Critical Rate
(전설 등급 효과) +50% Sentry Critical DMG","Amplifies Sentry Hit Rate by [2-4]%
[2.5-4]% Sentry DMG Amplification",[3.5-5]% Sentry DMG Amplification against enemies affected by DoT,[3.5-5]% chance for Sentry to deal double maximized DMG
,,변경,Can be linked with Skills that are Sentry,Sentry,"Resource Cost Increase 15%
+10% Sentry Hit Rate
+5 Sentry Critical Rate
3% Sentry DMG Amplification per 500 Sentry Hit Rate (Max:  15%)
(마법 등급 효과) +10% Sentry Hit Rate
(희귀 등급 효과) +30% Sentry Hit Rate
(희귀 등급 효과) +3 Sentry Critical Rate

(전설 등급 효과) +50% Sentry Hit Rate
(전설 등급 효과) +5 Sentry Critical Rate
(전설 등급 효과) +50% Sentry Critical DMG","Resource Cost Increase 15%
+57.2% Sentry Hit Rate
+17 Sentry Critical Rate
3% Sentry DMG Amplification per 500 Sentry Hit Rate (Max:  15%)
(마법 등급 효과) +10% Sentry Hit Rate
(희귀 등급 효과) +30% Sentry Hit Rate
(희귀 등급 효과) +3 Sentry Critical Rate

(전설 등급 효과) +50% Sentry Hit Rate
(전설 등급 효과) +5 Sentry Critical Rate
(전설 등급 효과) +50% Sentry Critical DMG","Amplifies Sentry Hit Rate by [2-4]%
[2.5-4]% Sentry DMG Amplification",[3.5-5]% Sentry DMG Amplification against enemies affected by DoT,[3.5-5]% chance for Sentry to deal double maximized DMG
,Sturdy Sentry,기존,Can be linked with Skills that are Sentry,Sentry,"Resource Cost Increase 15%
+500 Sentry Armor
+10 Sentry Element Resist
1% DMG Amplification per 5000 of Sentry Armor (Max:  10)
1% DMG Amplification per 50 of total Sentry Element Resist (Max:  10)
(마법 등급 효과) +20% Sentry Armor
(마법 등급 효과) +5 Sentry Chaos Resist
(희귀 등급 효과) +35% Sentry Armor
(희귀 등급 효과) +10 Sentry Chaos Resist

(전설 등급 효과) +85% Sentry Armor
(전설 등급 효과) +15 Sentry Chaos Resist","Resource Cost Increase 15%
+4000 Sentry Armor
+42 Sentry Element Resist
1% DMG Amplification per 5000 of Sentry Armor (Max:  10)
1% DMG Amplification per 50 of total Sentry Element Resist (Max:  10)
(마법 등급 효과) +20% Sentry Armor
(마법 등급 효과) +5 Sentry Chaos Resist
(희귀 등급 효과) +35% Sentry Armor
(희귀 등급 효과) +10 Sentry Chaos Resist

(전설 등급 효과) +85% Sentry Armor
(전설 등급 효과) +15 Sentry Chaos Resist","Amplifies Sentry Armor by [20-40]%
Sentry takes [1-5]% of DMG Taken instead for 5 s upon summoning Sentry",[5-15]% DMG Taken by Sentry Dampening,+[30-45] Sentry Element Resist
,,변경,Can be linked with Skills that are Sentry,Sentry,"Resource Cost Increase 15%
+500 Sentry Armor
+10 Sentry Element Resist
1% DMG Amplification per 5000 of Sentry Armor (Max:  10)
1% DMG Amplification per 50 of total Sentry Element Resist (Max:  10)
(마법 등급 효과) +20% Sentry Armor
(마법 등급 효과) +5 Sentry Chaos Resist
(희귀 등급 효과) +35% Sentry Armor
(희귀 등급 효과) +10 Sentry Chaos Resist

(전설 등급 효과) +85% Sentry Armor
(전설 등급 효과) +15 Sentry Chaos Resist","Resource Cost Increase 15%
+4160 Sentry Armor
+44 Sentry Element Resist
1% DMG Amplification per 5000 of Sentry Armor (Max:  10)
1% DMG Amplification per 50 of total Sentry Element Resist (Max:  10)
(마법 등급 효과) +20% Sentry Armor
(마법 등급 효과) +5 Sentry Chaos Resist
(희귀 등급 효과) +35% Sentry Armor
(희귀 등급 효과) +10 Sentry Chaos Resist

(전설 등급 효과) +85% Sentry Armor
(전설 등급 효과) +15 Sentry Chaos Resist","Amplifies Sentry Armor by [20-40]%
Sentry takes [1-5]% of DMG Taken instead for 5 s upon summoning Sentry",[5-15]% DMG Taken by Sentry Dampening,+[30-45] Sentry Element Resist
,Lingering Shout,기존,Can be linked with Skills that are Shout,Shout,"Resource Cost Increase 15%
+5% Shout Skill Rune Effect
+10% Shout Skill Rune Duration
(마법 등급 효과) +15% Shout Skill Rune Duration
(희귀 등급 효과) +20% Shout Skill Rune Duration
(희귀 등급 효과) +5% Shout Skill Rune Cooldown Recovery Speed

(전설 등급 효과) +30% Shout Skill Rune Duration
(전설 등급 효과) +10% Shout Skill Rune Cooldown Recovery Speed
(전설 등급 효과) +10% Shout Skill Rune Effect","Resource Cost Increase 15%
+23% Shout Skill Rune Effect
+37% Shout Skill Rune Duration
(마법 등급 효과) +15% Shout Skill Rune Duration
(희귀 등급 효과) +20% Shout Skill Rune Duration
(희귀 등급 효과) +5% Shout Skill Rune Cooldown Recovery Speed

(전설 등급 효과) +30% Shout Skill Rune Duration
(전설 등급 효과) +10% Shout Skill Rune Cooldown Recovery Speed
(전설 등급 효과) +10% Shout Skill Rune Effect",+[14-21]% Shout Skill Rune Duration,"+[4-8]% Shout Skill Rune Effect
+[2-5]% Shout Skill Rune Cooldown Recovery Speed",[10-20]% chance to gain Earth Energy upon using Skill
,,변경,Can be linked with Skills that are Shout,Shout,"Resource Cost Increase 15%
+5% Shout Skill Rune Effect
+10% Shout Skill Rune Duration
(마법 등급 효과) +15% Shout Skill Rune Duration
(희귀 등급 효과) +20% Shout Skill Rune Duration
(희귀 등급 효과) +5% Shout Skill Rune Cooldown Recovery Speed

(전설 등급 효과) +30% Shout Skill Rune Duration
(전설 등급 효과) +10% Shout Skill Rune Cooldown Recovery Speed
(전설 등급 효과) +10% Shout Skill Rune Effect","Resource Cost Increase 15%
+23.9% Shout Skill Rune Effect
+38.5% Shout Skill Rune Duration
(마법 등급 효과) +15% Shout Skill Rune Duration
(희귀 등급 효과) +20% Shout Skill Rune Duration
(희귀 등급 효과) +5% Shout Skill Rune Cooldown Recovery Speed

(전설 등급 효과) +30% Shout Skill Rune Duration
(전설 등급 효과) +10% Shout Skill Rune Cooldown Recovery Speed
(전설 등급 효과) +10% Shout Skill Rune Effect",+[14-21]% Shout Skill Rune Duration,"+[4-8]% Shout Skill Rune Effect
+[2-5]% Shout Skill Rune Cooldown Recovery Speed",[10-20]% chance to gain Earth Energy upon using Skill
,Improved Shout,기존,Can be linked with Skills that are Shout,Shout,"Resource Cost Increase 15%
Gains the following effect for 5 s upon using a Shout Skill
+4% DMG
+5% Critical DMG
(마법 등급 효과) +10% Improved Shout Effect
(희귀 등급 효과) +20% Improved Shout Effect

(전설 등급 효과) +25% Improved Shout Effect
(전설 등급 효과) -15% Shout Skill Rune Resource Cost","Resource Cost Increase 15%
Gains the following effect for 5 s upon using a Shout Skill
+37% DMG
+38% Critical DMG
(마법 등급 효과) +10% Improved Shout Effect
(희귀 등급 효과) +20% Improved Shout Effect

(전설 등급 효과) +25% Improved Shout Effect
(전설 등급 효과) -15% Shout Skill Rune Resource Cost",+[13-20]% Improved Shout Effect,Add +[31-45]% Critical Rate to Improved Shout effect,[10-20]% chance to gain Fire Energy upon using Skill
,,변경,Can be linked with Skills that are Shout,Shout,"Resource Cost Increase 15%
Gains the following effect for 5 s upon using a Shout Skill
+4% DMG
+5% Critical DMG
(마법 등급 효과) +10% Improved Shout Effect
(희귀 등급 효과) +20% Improved Shout Effect

(전설 등급 효과) +25% Improved Shout Effect
(전설 등급 효과) -15% Shout Skill Rune Resource Cost","Resource Cost Increase 15%
Gains the following effect for 5 s upon using a Shout Skill
+38% DMG
+40% Critical DMG
(마법 등급 효과) +10% Improved Shout Effect
(희귀 등급 효과) +20% Improved Shout Effect

(전설 등급 효과) +25% Improved Shout Effect
(전설 등급 효과) -15% Shout Skill Rune Resource Cost",+[13-20]% Improved Shout Effect,Add +[31-45]% Critical Rate to Improved Shout effect,[10-20]% chance to gain Fire Energy upon using Skill
,Shout of Power,기존,"Can be linked with Skills that are Shout
Rune cannot be awakened.",Shout,"Resource Cost Increase 15%
+12% Shout Skill Rune Duration
Gain Uplift for 3 s upon using a Skill
Uplift effect
(Attack Speed +10%, DMG upon Attack +50%)

(희귀 등급 효과) +20% Shout Skill Rune Duration

(전설 등급 효과) +30% Shout Skill Rune Duration
(전설 등급 효과) +15% Shout Skill Rune Effect","Resource Cost Increase 15%
+45% Shout Skill Rune Duration
Gain Uplift for 3 s upon using a Skill
Uplift effect
(Attack Speed +10%, DMG upon Attack +50%)

(희귀 등급 효과) +20% Shout Skill Rune Duration

(전설 등급 효과) +30% Shout Skill Rune Duration
(전설 등급 효과) +15% Shout Skill Rune Effect",,,
,,변경,"Can be linked with Skills that are Shout
Rune cannot be awakened.",Shout,"Resource Cost Increase 15%
+12% Shout Skill Rune Duration
Gain Uplift for 3 s upon using a Skill
Uplift effect
(Attack Speed +10%, DMG upon Attack +50%)

(희귀 등급 효과) +20% Shout Skill Rune Duration

(전설 등급 효과) +30% Shout Skill Rune Duration
(전설 등급 효과) +15% Shout Skill Rune Effect","Resource Cost Increase 15%
+47% Shout Skill Rune Duration
Gain Uplift for 3 s upon using a Skill
Uplift effect
(Attack Speed +10%, DMG upon Attack +50%)

(희귀 등급 효과) +20% Shout Skill Rune Duration

(전설 등급 효과) +30% Shout Skill Rune Duration
(전설 등급 효과) +15% Shout Skill Rune Effect",,,
,DoT Enhancement,기존,"Can be linked with Skills that are Strike
Cannot be linked with Skills that are Totem, Sentry, Minion",Strike,"Resource Cost Increase 20%
10% Status Effect DMG Amplification
-25% Status Effect Duration
(마법 등급 효과) +6 DoT Rate
(희귀 등급 효과) +12 DoT Rate
(희귀 등급 효과) 10% Status Effect DMG Amplification

(전설 등급 효과) +24 DoT Rate
(전설 등급 효과) 15% Status Effect DMG Amplification","Resource Cost Increase 20%
35% Status Effect DMG Amplification
+8.3% Status Effect Duration
(마법 등급 효과) +6 DoT Rate
(희귀 등급 효과) +12 DoT Rate
(희귀 등급 효과) 10% Status Effect DMG Amplification

(전설 등급 효과) +24 DoT Rate
(전설 등급 효과) 15% Status Effect DMG Amplification",[2-3.5]% Status Effect DMG Amplification,"10% Status Effect Duration Dampening
[9-15]% Status Effect DMG Amplification","10% Status Effect Duration Amplification
[6-10]% Status Effect DMG Dampening"
,,변경,"Can be linked with Skills that are Strike
Cannot be linked with Skills that are Totem, Sentry, Minion",Strike,"Resource Cost Increase 20%
10% Status Effect DMG Amplification
-15% Status Effect Duration
(마법 등급 효과) +6 DoT Rate
(희귀 등급 효과) +12 DoT Rate
(희귀 등급 효과) 10% Status Effect DMG Amplification

(전설 등급 효과) +24 DoT Rate
(전설 등급 효과) 15% Status Effect DMG Amplification","Resource Cost Increase 20%
45% Status Effect DMG Amplification
+12% Status Effect Duration
(마법 등급 효과) +6 DoT Rate
(희귀 등급 효과) +12 DoT Rate
(희귀 등급 효과) 10% Status Effect DMG Amplification

(전설 등급 효과) +24 DoT Rate
(전설 등급 효과) 15% Status Effect DMG Amplification",[2-3.5]% Status Effect DMG Amplification,"10% Status Effect Duration Dampening
[9-15]% Status Effect DMG Amplification","10% Status Effect Duration Amplification
[6-10]% Status Effect DMG Dampening"
,Enhance Effect,기존,"Can be linked with Skills that are any one of Shout, Attack Enhance, Defense Enhance, Rapid Seal","Shout, Attack Enhance, Defense Enhance, Rapid Seal","Resource Cost Increase 20%
+6% Skill Rune Effect
(마법 등급 효과) +3% Skill Rune Effect
(희귀 등급 효과) +6% Skill Rune Effect

(전설 등급 효과) +10% Skill Rune Effect","Resource Cost Increase 20%
+22.7% Skill Rune Effect
(마법 등급 효과) +3% Skill Rune Effect
(희귀 등급 효과) +6% Skill Rune Effect

(전설 등급 효과) +10% Skill Rune Effect",+[5-10]% Attack Enhance Skill Rune Effect,+[5-10]% Defense Enhance Skill Rune Effect,-[10-5]% Resource Cost
,,변경,"Can be linked with Skills that are any one of Shout, Attack Enhance, Defense Enhance, Rapid Seal","Shout, Attack Enhance, Defense Enhance, Rapid Seal","Resource Cost Increase 20%
+6% Skill Rune Effect
(마법 등급 효과) +3% Skill Rune Effect
(희귀 등급 효과) +6% Skill Rune Effect

(전설 등급 효과) +10% Skill Rune Effect","Resource Cost Increase 20%
+23.6% Skill Rune Effect
(마법 등급 효과) +3% Skill Rune Effect
(희귀 등급 효과) +6% Skill Rune Effect

(전설 등급 효과) +10% Skill Rune Effect",+[5-10]% Attack Enhance Skill Rune Effect,+[5-10]% Defense Enhance Skill Rune Effect,-[10-5]% Resource Cost
,Amplify Physical Projectile DMG,기존,"Can be linked with Skills that are Physical, Projectile (must include all)
Applies to Minions when linked to Summon Skill","Physical, Projectile","Resource Cost Increase 20%
6% Physical DMG Amplification
(마법 등급 효과) +10-20 Physical DMG
(희귀 등급 효과) +15-30 Physical DMG

(전설 등급 효과) +20-40 Physical DMG
(전설 등급 효과) 5% Projectile DMG Amplification","Resource Cost Increase 20%
20.6% Physical DMG Amplification
(마법 등급 효과) +10-20 Physical DMG
(희귀 등급 효과) +15-30 Physical DMG

(전설 등급 효과) +20-40 Physical DMG
(전설 등급 효과) 5% Projectile DMG Amplification",+[45-65]% Projectile DMG,[0.4-0.7]% Projectile DMG Amplification per 1 Projectile tag Link Rune on linked Skill Rune,-[10-5]% Resource Cost
,,변경,"Can be linked with Skills that are Physical, Projectile (must include all)
Applies to Minions when linked to Summon Skill","Physical, Projectile","Resource Cost Increase 20%
6% Physical DMG Amplification
(마법 등급 효과) +10-20 Physical DMG
(희귀 등급 효과) +15-30 Physical DMG

(전설 등급 효과) +20-40 Physical DMG
(전설 등급 효과) 5% Projectile DMG Amplification","Resource Cost Increase 20%
21.4% Physical DMG Amplification
(마법 등급 효과) +10-20 Physical DMG
(희귀 등급 효과) +15-30 Physical DMG

(전설 등급 효과) +20-40 Physical DMG
(전설 등급 효과) 5% Projectile DMG Amplification",+[45-65]% Projectile DMG,[0.4-0.7]% Projectile DMG Amplification per 1 Projectile tag Link Rune on linked Skill Rune,-[10-5]% Resource Cost
,Attack DMG Increase,기존,"Can be linked with Skills that are Attack
Can be linked with Skills that satisfy any one of Strike, DoT
Applies to Minions when linked to Summon Skill","Strike, DoT, Attack","Resource Cost Increase 15%
+26% DMG upon Attack
(마법 등급 효과) +25% DMG upon Attack
(희귀 등급 효과) +60% DMG upon Attack

(전설 등급 효과) +100% DMG upon Attack
(전설 등급 효과) +100% Attack DMG for 2 s on kill","Resource Cost Increase 15%
+239% DMG upon Attack
(마법 등급 효과) +25% DMG upon Attack
(희귀 등급 효과) +60% DMG upon Attack

(전설 등급 효과) +100% DMG upon Attack
(전설 등급 효과) +100% Attack DMG for 2 s on kill",[3.5-5]% DMG Amplification,+[55-80]% DMG upon Attack,"2% DMG Amplification if linked Skill Rune has 6 Red Link Runes
+[8-11]% DMG upon Attack per 1 Red Link Rune on linked Skill Rune"
,,변경,"Can be linked with Skills that are Attack
Can be linked with Skills that satisfy any one of Strike, DoT
Applies to Minions when linked to Summon Skill","Strike, DoT, Attack","Resource Cost Increase 15%
+26% DMG upon Attack
(마법 등급 효과) +25% DMG upon Attack
(희귀 등급 효과) +60% DMG upon Attack

(전설 등급 효과) +100% DMG upon Attack
(전설 등급 효과) +100% Attack DMG for 2 s on kill","Resource Cost Increase 15%
+249% DMG upon Attack
(마법 등급 효과) +25% DMG upon Attack
(희귀 등급 효과) +60% DMG upon Attack

(전설 등급 효과) +100% DMG upon Attack
(전설 등급 효과) +100% Attack DMG for 2 s on kill",[3.5-5]% DMG Amplification,+[55-80]% DMG upon Attack,"2% DMG Amplification if linked Skill Rune has 6 Red Link Runes
+[8-11]% DMG upon Attack per 1 Red Link Rune on linked Skill Rune"
,Spell DMG Increase,기존,"Can be linked with Skills that are Spell
Can be linked with Skills that satisfy any one of Strike, DoT
Applies to Minions when linked to Summon Skill","Strike, DoT, Spell","Resource Cost Increase 15%
+26% DMG upon Spell
(마법 등급 효과) +100% DMG upon Spell
(희귀 등급 효과) +150% DMG upon Spell

(전설 등급 효과) +200% DMG upon Spell","Resource Cost Increase 15%
+239% DMG upon Spell
(마법 등급 효과) +100% DMG upon Spell
(희귀 등급 효과) +150% DMG upon Spell

(전설 등급 효과) +200% DMG upon Spell",+[55-80]% DMG upon Spell,-[10-5]% Resource Cost,[0.6-1]% DMG Amplification per 1 Blue Link Rune on linked Skill Rune
,,변경,"Can be linked with Skills that are Spell
Can be linked with Skills that satisfy any one of Strike, DoT
Applies to Minions when linked to Summon Skill","Strike, DoT, Spell","Resource Cost Increase 15%
+26% DMG upon Spell
(마법 등급 효과) +100% DMG upon Spell
(희귀 등급 효과) +150% DMG upon Spell

(전설 등급 효과) +200% DMG upon Spell","Resource Cost Increase 15%
+249% DMG upon Spell
(마법 등급 효과) +100% DMG upon Spell
(희귀 등급 효과) +150% DMG upon Spell

(전설 등급 효과) +200% DMG upon Spell",+[55-80]% DMG upon Spell,-[10-5]% Resource Cost,[0.6-1]% DMG Amplification per 1 Blue Link Rune on linked Skill Rune
,Grip Strength,기존,"Can be linked with Skills that are Melee, Strike (must include all)
Can be linked with Skills that satisfy any one of Attack, Spell
Cannot be linked with Skills that are Totem, Sentry, Minion, Toggle","Attack, Spell, Melee, Strike","Resource Cost Increase 15%
8% DMG Amplification when 2-handed weapon is equipped
15% Hit Rate Dampening when 2-handed weapon is equipped
5% DMG Amplification when 1-handed weapon is equipped
Gain 1-handed Grip Strength effect for 3 s on hit with 1-handed weapon
1-Handed Grip Strength effect
+15 Block Expertise
(마법 등급 효과) +20% DMG when 2-handed weapon is equipped
(마법 등급 효과) +15% 1-Handed Grip Strength effect
(희귀 등급 효과) +30% DMG when 2-handed weapon is equipped
(희귀 등급 효과) +30% 1-Handed Grip Strength effect
(희귀 등급 효과) 3% DMG Amplification when Strength is 300 or more

(전설 등급 효과) +30% DMG when 2-handed weapon is equipped
(전설 등급 효과) +30% 1-Handed Grip Strength effect
(전설 등급 효과) 3% DMG Amplification when Strength is 300 or more
(전설 등급 효과) 3.5% DMG Amplification when Strength is 500 or more","Resource Cost Increase 15%
22.6% DMG Amplification when 2-handed weapon is equipped
15% Hit Rate Dampening when 2-handed weapon is equipped
18.5% DMG Amplification when 1-handed weapon is equipped
Gain 1-handed Grip Strength effect for 3 s on hit with 1-handed weapon
1-Handed Grip Strength effect
+41 Block Expertise
(마법 등급 효과) +20% DMG when 2-handed weapon is equipped
(마법 등급 효과) +15% 1-Handed Grip Strength effect
(희귀 등급 효과) +30% DMG when 2-handed weapon is equipped
(희귀 등급 효과) +30% 1-Handed Grip Strength effect
(희귀 등급 효과) 3% DMG Amplification when Strength is 300 or more

(전설 등급 효과) +30% DMG when 2-handed weapon is equipped
(전설 등급 효과) +30% 1-Handed Grip Strength effect
(전설 등급 효과) 3% DMG Amplification when Strength is 300 or more
(전설 등급 효과) 3.5% DMG Amplification when Strength is 500 or more","+[35-50]% DMG when 2-handed weapon is equipped
[3.5-5]% DMG Amplification when 1-handed weapon is equipped",-[10-5]% Resource Cost,"+[11-16] Block Expertise for 4 s upon hitting with 2-handed weapon
+[28-40]% Critical DMG for 4 s upon hitting with 1-handed weapon"
,,변경,"Can be linked with Skills that are Melee, Strike (must include all)
Can be linked with Skills that satisfy any one of Attack, Spell
Cannot be linked with Skills that are Totem, Sentry, Minion, Toggle","Attack, Spell, Melee, Strike","Resource Cost Increase 15%
8% DMG Amplification when 2-handed weapon is equipped
15% Hit Rate Dampening when 2-handed weapon is equipped
5% DMG Amplification when 1-handed weapon is equipped
Gain 1-handed Grip Strength effect for 3 s on hit with 1-handed weapon
1-Handed Grip Strength effect
+15 Block Expertise
(마법 등급 효과) +20% DMG when 2-handed weapon is equipped
(마법 등급 효과) +15% 1-Handed Grip Strength effect
(희귀 등급 효과) +30% DMG when 2-handed weapon is equipped
(희귀 등급 효과) +30% 1-Handed Grip Strength effect
(희귀 등급 효과) 3% DMG Amplification when Strength is 300 or more

(전설 등급 효과) +30% DMG when 2-handed weapon is equipped
(전설 등급 효과) +30% 1-Handed Grip Strength effect
(전설 등급 효과) 3% DMG Amplification when Strength is 300 or more
(전설 등급 효과) 3.5% DMG Amplification when Strength is 500 or more","Resource Cost Increase 15%
23.5% DMG Amplification when 2-handed weapon is equipped
15% Hit Rate Dampening when 2-handed weapon is equipped
19.2% DMG Amplification when 1-handed weapon is equipped
Gain 1-handed Grip Strength effect for 3 s on hit with 1-handed weapon
1-Handed Grip Strength effect
+42 Block Expertise
(마법 등급 효과) +20% DMG when 2-handed weapon is equipped
(마법 등급 효과) +15% 1-Handed Grip Strength effect
(희귀 등급 효과) +30% DMG when 2-handed weapon is equipped
(희귀 등급 효과) +30% 1-Handed Grip Strength effect
(희귀 등급 효과) 3% DMG Amplification when Strength is 300 or more

(전설 등급 효과) +30% DMG when 2-handed weapon is equipped
(전설 등급 효과) +30% 1-Handed Grip Strength effect
(전설 등급 효과) 3% DMG Amplification when Strength is 300 or more
(전설 등급 효과) 3.5% DMG Amplification when Strength is 500 or more","+[35-50]% DMG when 2-handed weapon is equipped
[3.5-5]% DMG Amplification when 1-handed weapon is equipped",-[10-5]% Resource Cost,"+[11-16] Block Expertise for 4 s upon hitting with 2-handed weapon
+[28-40]% Critical DMG for 4 s upon hitting with 1-handed weapon"
,Buff Activation upon using Movement Skill,기존,"Must link an Activation(Movement) Skill and a Target(Shout, Attack Enhance, Defense Enhance) Skill in the arrow's direction.
Target Skill cannot be linked if any of the Channeling, Totem, Sentry, Minion, Toggle tags exist.
Target Skill must be registered in a Skill slot to activate
Rune cannot be awakened.",Movement,"Resource Cost Increase 15%
25% Effect Dampening for Activated Skill
+5% Skill Rune Cooldown Recovery Speed
Trigger Cooldown 1 s
(마법 등급 효과) +5% Skill Rune Effect
(마법 등급 효과) +5% Skill Rune Cooldown Recovery Speed
(희귀 등급 효과) +25% Skill Rune Effect
(희귀 등급 효과) +5% Skill Rune Cooldown Recovery Speed

(전설 등급 효과) +30% Skill Rune Effect
(전설 등급 효과) +10% Skill Rune Cooldown Recovery Speed","Resource Cost Increase 15%
25% Effect Dampening for Activated Skill
+26.7% Skill Rune Cooldown Recovery Speed
Trigger Cooldown 1 s
(마법 등급 효과) +5% Skill Rune Effect
(마법 등급 효과) +5% Skill Rune Cooldown Recovery Speed
(희귀 등급 효과) +25% Skill Rune Effect
(희귀 등급 효과) +5% Skill Rune Cooldown Recovery Speed

(전설 등급 효과) +30% Skill Rune Effect
(전설 등급 효과) +10% Skill Rune Cooldown Recovery Speed",,,
,,변경,"Must link an Activation(Movement) Skill and a Target(Shout, Attack Enhance, Defense Enhance) Skill in the arrow's direction.
Target Skill cannot be linked if any of the Channeling, Totem, Sentry, Minion, Toggle tags exist.
Target Skill must be registered in a Skill slot to activate
Rune cannot be awakened.",Movement,"Resource Cost Increase 15%
25% Effect Dampening for Activated Skill
+5% Skill Rune Cooldown Recovery Speed
Trigger Cooldown 1 s
(마법 등급 효과) +5% Skill Rune Effect
(마법 등급 효과) +5% Skill Rune Cooldown Recovery Speed
(희귀 등급 효과) +25% Skill Rune Effect
(희귀 등급 효과) +5% Skill Rune Cooldown Recovery Speed

(전설 등급 효과) +30% Skill Rune Effect
(전설 등급 효과) +10% Skill Rune Cooldown Recovery Speed","Resource Cost Increase 15%
25% Effect Dampening for Activated Skill
+27.8% Skill Rune Cooldown Recovery Speed
Trigger Cooldown 1 s
(마법 등급 효과) +5% Skill Rune Effect
(마법 등급 효과) +5% Skill Rune Cooldown Recovery Speed
(희귀 등급 효과) +25% Skill Rune Effect
(희귀 등급 효과) +5% Skill Rune Cooldown Recovery Speed

(전설 등급 효과) +30% Skill Rune Effect
(전설 등급 효과) +10% Skill Rune Cooldown Recovery Speed",,,
,Preserve Mana,기존,"Can be linked with Skills that are any one of Attack, Spell
Cannot be linked with Skills that are Channel, Toggle","Attack, Spell","Grants 1 stack of Preserve Mana upon skill use
Max Stacks 10
Gains Mana Release every 0.1 s at Max Preserve Mana Stacks for 1s
Mana Release effect
Recovers 28% of last Mana spent at Max Stacks
(마법 등급 효과) +10% Mana Release Effect
(희귀 등급 효과) +17.5% Mana Release Effect

(전설 등급 효과) +22.5% Mana Release Effect
(전설 등급 효과) Mana Regen/Sec +100% while Mana Release is active","Grants 1 stack of Preserve Mana upon skill use
Max Stacks 10
Gains Mana Release every 0.1 s at Max Preserve Mana Stacks for 1s
Mana Release effect
Recovers 53% of last Mana spent at Max Stacks
(마법 등급 효과) +10% Mana Release Effect
(희귀 등급 효과) +17.5% Mana Release Effect

(전설 등급 효과) +22.5% Mana Release Effect
(전설 등급 효과) Mana Regen/Sec +100% while Mana Release is active",+[10-15]% Mana Release Effect,"-2 Max Preserve Mana Stacks
+[3-5]% Mana Release Effect","[1.3-2.5]% Max HP Regen/Sec while Mana Release is active
[1.3-2.5]% Max Barrier Regen/Sec while Mana Release is active"
,,변경,"Can be linked with Skills that are any one of Attack, Spell
Cannot be linked with Skills that are Channel, Toggle","Attack, Spell","Grants 1 stack of Preserve Mana upon skill use
Max Stacks 10
Gains Mana Release every 0.1 s at Max Preserve Mana Stacks for 1s
Mana Release effect
Recovers 28% of last Mana spent at Max Stacks
(마법 등급 효과) +10% Mana Release Effect
(희귀 등급 효과) +17.5% Mana Release Effect

(전설 등급 효과) +22.5% Mana Release Effect
(전설 등급 효과) Mana Regen/Sec +100% while Mana Release is active","Grants 1 stack of Preserve Mana upon skill use
Max Stacks 10
Gains Mana Release every 0.1 s at Max Preserve Mana Stacks for 1s
Mana Release effect
Recovers 55.1% of last Mana spent at Max Stacks
(마법 등급 효과) +10% Mana Release Effect
(희귀 등급 효과) +17.5% Mana Release Effect

(전설 등급 효과) +22.5% Mana Release Effect
(전설 등급 효과) Mana Regen/Sec +100% while Mana Release is active",+[10-15]% Mana Release Effect,"-2 Max Preserve Mana Stacks
+[3-5]% Mana Release Effect","[1.3-2.5]% Max HP Regen/Sec while Mana Release is active
[1.3-2.5]% Max Barrier Regen/Sec while Mana Release is active"
,Opportunistic Strike,기존,"Can be linked with Skills that are Strike
Can be linked with Skills that satisfy any one of Attack, Spell
Cannot be linked with Skills that are Channel, Totem, Sentry, Minion, Toggle
Cannot be linked with Persistence","Attack, Spell, Strike","Resource Cost Increase 15%
Gain Opportunistic Strike Effect for 5 s upon dealing Critical DMG
Max Stacks 5
+1.5% Critical Chance per Stack
+9% Critical DMG per stack
-1 Opportunistic Strike Stack when hit
(마법 등급 효과) +4% DMG Penetration
(희귀 등급 효과) +6% DMG Penetration
(희귀 등급 효과) +15% Critical DMG

(전설 등급 효과) +12% DMG Penetration
(전설 등급 효과) +30% Critical DMG","Resource Cost Increase 15%
Gain Opportunistic Strike Effect for 5 s upon dealing Critical DMG
Max Stacks 5
+6.4% Critical Chance per Stack
+42% Critical DMG per stack
-1 Opportunistic Strike Stack when hit
(마법 등급 효과) +4% DMG Penetration
(희귀 등급 효과) +6% DMG Penetration
(희귀 등급 효과) +15% Critical DMG

(전설 등급 효과) +12% DMG Penetration
(전설 등급 효과) +30% Critical DMG",[3.5-5]% Strike DMG Amplification,"Opportunistic Strike Max Stacks +[1-2]
Opportunistic Strike Effect -[30-20]%",+[25-40]% Critical DMG
,,변경,"Can be linked with Skills that are Strike
Can be linked with Skills that satisfy any one of Attack, Spell
Cannot be linked with Skills that are Channel, Totem, Sentry, Minion, Toggle
Cannot be linked with Persistence","Attack, Spell, Strike","Resource Cost Increase 15%
Gain Opportunistic Strike Effect for 5 s upon dealing Critical DMG
Max Stacks 5
+1.5% Critical Chance per Stack
+9% Critical DMG per stack
-1 Opportunistic Strike Stack when hit
(마법 등급 효과) +4% DMG Penetration
(희귀 등급 효과) +6% DMG Penetration
(희귀 등급 효과) +15% Critical DMG

(전설 등급 효과) +12% DMG Penetration
(전설 등급 효과) +30% Critical DMG","Resource Cost Increase 15%
Gain Opportunistic Strike Effect for 5 s upon dealing Critical DMG
Max Stacks 5
+6.7% Critical Chance per Stack
+43.7% Critical DMG per stack
-1 Opportunistic Strike Stack when hit
(마법 등급 효과) +4% DMG Penetration
(희귀 등급 효과) +6% DMG Penetration
(희귀 등급 효과) +15% Critical DMG

(전설 등급 효과) +12% DMG Penetration
(전설 등급 효과) +30% Critical DMG",[3.5-5]% Strike DMG Amplification,"Opportunistic Strike Max Stacks +[1-2]
Opportunistic Strike Effect -[30-20]%",+[25-40]% Critical DMG
,Barrier Absorb,기존,"Can be linked with Skills that are Spell, Strike (must include all)
Cannot be linked with Skills that are Totem, Sentry, Minion, Toggle","Spell, Strike","Resource Cost Increase 20%
+0.3% Barrier Absorb on Spell Hit
+20% DMG upon Spell
+0.5% Barrier Absorb Limit for 5 s on hit

(희귀 등급 효과) +0.1% Barrier Absorb on Spell Hit
(희귀 등급 효과) +20% DMG upon Spell

(전설 등급 효과) +0.2% Barrier Absorb on Spell Hit
(전설 등급 효과) +40% DMG upon Spell","Resource Cost Increase 20%
+0.3% Barrier Absorb on Spell Hit
+99% DMG upon Spell
+0.5% Barrier Absorb Limit for 5 s on hit

(희귀 등급 효과) +0.1% Barrier Absorb on Spell Hit
(희귀 등급 효과) +20% DMG upon Spell

(전설 등급 효과) +0.2% Barrier Absorb on Spell Hit
(전설 등급 효과) +40% DMG upon Spell","+[0.1-0.3]% Barrier Absorb on Spell Hit
+1.5% Barrier Absorb Limit","Add Attack tag
-[10-5]% Resource Cost
+0.5% Barrier Absorb on Attack Hit",+[55-80]% DMG at Max Barrier
,,변경,"Can be linked with Skills that are Spell, Strike (must include all)
Cannot be linked with Skills that are Totem, Sentry, Minion, Toggle","Spell, Strike","Resource Cost Increase 20%
+0.3% Barrier Absorb on Spell Hit
+20% DMG upon Spell
+0.5% Barrier Absorb Limit for 5 s on hit

(희귀 등급 효과) +0.1% Barrier Absorb on Spell Hit
(희귀 등급 효과) +20% DMG upon Spell

(전설 등급 효과) +0.2% Barrier Absorb on Spell Hit
(전설 등급 효과) +40% DMG upon Spell","Resource Cost Increase 20%
+0.3% Barrier Absorb on Spell Hit
+103% DMG upon Spell
+0.5% Barrier Absorb Limit for 5 s on hit

(희귀 등급 효과) +0.1% Barrier Absorb on Spell Hit
(희귀 등급 효과) +20% DMG upon Spell

(전설 등급 효과) +0.2% Barrier Absorb on Spell Hit
(전설 등급 효과) +40% DMG upon Spell","+[0.1-0.3]% Barrier Absorb on Spell Hit
+1.5% Barrier Absorb Limit","Add Attack tag
-[10-5]% Resource Cost
+0.5% Barrier Absorb on Attack Hit",+[55-80]% DMG at Max Barrier
,Offset Counterattack,기존,"Can be linked with Skills that are Strike
Can be linked with Skills that satisfy any one of Attack, Spell
Cannot be linked with Skills that are Totem, Minion, Sentry, Movement, Toggle, Shout, Trap","Attack, Spell, Strike","Resource Cost Increase 15%
+20% DMG
(마법 등급 효과) 85% Reflect DMG Taken Decrease
(희귀 등급 효과) 90% Reflect DMG Taken Decrease
(희귀 등급 효과) Gain the following effect for 4 s upon taking Reflect DMG
(희귀 등급 효과) Regen 1.5% of Max HP/Sec
(희귀 등급 효과) Regenerate 1.5% of Max Barrier per Sec

(전설 등급 효과) 95% Reflect DMG Taken Decrease
(전설 등급 효과) Gain the following effect for 4 s upon taking Reflect DMG
(전설 등급 효과) Regen 3% of Max HP/Sec
(전설 등급 효과) Regenerate 3% of Max Barrier per Sec
(전설 등급 효과) Regen 2% of Max Mana/Sec","Resource Cost Increase 15%
+89% DMG
(마법 등급 효과) 85% Reflect DMG Taken Decrease
(희귀 등급 효과) 90% Reflect DMG Taken Decrease
(희귀 등급 효과) Gain the following effect for 4 s upon taking Reflect DMG
(희귀 등급 효과) Regen 1.5% of Max HP/Sec
(희귀 등급 효과) Regenerate 1.5% of Max Barrier per Sec

(전설 등급 효과) 95% Reflect DMG Taken Decrease
(전설 등급 효과) Gain the following effect for 4 s upon taking Reflect DMG
(전설 등급 효과) Regen 3% of Max HP/Sec
(전설 등급 효과) Regenerate 3% of Max Barrier per Sec
(전설 등급 효과) Regen 2% of Max Mana/Sec",+[55-80]% DMG,[3.5-5]% DMG Amplification for 2 s upon taking Reflect DMG,[6-11]% DMG Taken Dampening for 1 s upon taking Reflect DMG
,,변경,"Can be linked with Skills that are Strike
Can be linked with Skills that satisfy any one of Attack, Spell
Cannot be linked with Skills that are Totem, Minion, Sentry, Movement, Toggle, Shout, Trap","Attack, Spell, Strike","Resource Cost Increase 15%
+20% DMG
(마법 등급 효과) 85% Reflect DMG Taken Decrease
(희귀 등급 효과) 90% Reflect DMG Taken Decrease
(희귀 등급 효과) Gain the following effect for 4 s upon taking Reflect DMG
(희귀 등급 효과) Regen 1.5% of Max HP/Sec
(희귀 등급 효과) Regenerate 1.5% of Max Barrier per Sec

(전설 등급 효과) 95% Reflect DMG Taken Decrease
(전설 등급 효과) Gain the following effect for 4 s upon taking Reflect DMG
(전설 등급 효과) Regen 3% of Max HP/Sec
(전설 등급 효과) Regenerate 3% of Max Barrier per Sec
(전설 등급 효과) Regen 2% of Max Mana/Sec","Resource Cost Increase 15%
+92.6% DMG
(마법 등급 효과) 85% Reflect DMG Taken Decrease
(희귀 등급 효과) 90% Reflect DMG Taken Decrease
(희귀 등급 효과) Gain the following effect for 4 s upon taking Reflect DMG
(희귀 등급 효과) Regen 1.5% of Max HP/Sec
(희귀 등급 효과) Regenerate 1.5% of Max Barrier per Sec

(전설 등급 효과) 95% Reflect DMG Taken Decrease
(전설 등급 효과) Gain the following effect for 4 s upon taking Reflect DMG
(전설 등급 효과) Regen 3% of Max HP/Sec
(전설 등급 효과) Regenerate 3% of Max Barrier per Sec
(전설 등급 효과) Regen 2% of Max Mana/Sec",+[55-80]% DMG,[3.5-5]% DMG Amplification for 2 s upon taking Reflect DMG,[6-11]% DMG Taken Dampening for 1 s upon taking Reflect DMG
,Harmony,기존,"Can be linked with Skills that are any one of Attack, Spell
Cannot be linked with Skills that are Totem, Minion, Sentry, Toggle, Shout, Attack Enhance, Defense Enhance, Movement, Trap","Attack, Spell","Resource Cost Increase 20%
When HP and Mana are 50% or more
20% Resource Cost Amplification
12% DMG Amplification
When HP and Mana are under 50%
10% Resource Cost Dampening
+8% Attack Speed
+8% Cast Speed



(전설 등급 효과) 3% DMG Amplification when percentage of HP is higher than or equal to Mana
(전설 등급 효과) +1% HP Absorb on hit when percentage of HP is lower than Mana
(전설 등급 효과) +0.5% Barrier Absorb on hit when percentage of Barrier is lower than Mana","Resource Cost Increase 20%
When HP and Mana are 50% or more
20% Resource Cost Amplification
26.3% DMG Amplification
When HP and Mana are under 50%
10% Resource Cost Dampening
+25.6% Attack Speed
+25.6% Cast Speed



(전설 등급 효과) 3% DMG Amplification when percentage of HP is higher than or equal to Mana
(전설 등급 효과) +1% HP Absorb on hit when percentage of HP is lower than Mana
(전설 등급 효과) +0.5% Barrier Absorb on hit when percentage of Barrier is lower than Mana","When HP and Mana are 80% or more
[2.4-3.5]% DMG Amplification
[2.8-4]% Resource Cost Amplification","When HP and Mana are under 50%
[4.2-6]% Attack Speed Amplification
[4.2-6]% Cast Speed Amplification","[2.1-3]% DMG Amplification if linked Skill Rune has 2 Red, Green, Blue Link Runes each
-3% Resource Cost if linked Skill Rune has 2 Red, Green, Blue Link Runes each"
,,변경,"Can be linked with Skills that are any one of Attack, Spell
Cannot be linked with Skills that are Totem, Minion, Sentry, Toggle, Shout, Attack Enhance, Defense Enhance, Movement, Trap","Attack, Spell","Resource Cost Increase 20%
When HP and Mana are 50% or more
20% Resource Cost Amplification
12% DMG Amplification
When HP and Mana are under 50%
10% Resource Cost Dampening
+8% Attack Speed
+8% Cast Speed



(전설 등급 효과) 3% DMG Amplification when percentage of HP is higher than or equal to Mana
(전설 등급 효과) +1% HP Absorb on hit when percentage of HP is lower than Mana
(전설 등급 효과) +0.5% Barrier Absorb on hit when percentage of Barrier is lower than Mana","Resource Cost Increase 20%
When HP and Mana are 50% or more
20% Resource Cost Amplification
27.4% DMG Amplification
When HP and Mana are under 50%
10% Resource Cost Dampening
+26.6% Attack Speed
+26.6% Cast Speed



(전설 등급 효과) 3% DMG Amplification when percentage of HP is higher than or equal to Mana
(전설 등급 효과) +1% HP Absorb on hit when percentage of HP is lower than Mana
(전설 등급 효과) +0.5% Barrier Absorb on hit when percentage of Barrier is lower than Mana","When HP and Mana are 80% or more
[2.4-3.5]% DMG Amplification
[2.8-4]% Resource Cost Amplification","When HP and Mana are under 50%
[4.2-6]% Attack Speed Amplification
[4.2-6]% Cast Speed Amplification","[2.1-3]% DMG Amplification if linked Skill Rune has 2 Red, Green, Blue Link Runes each
-3% Resource Cost if linked Skill Rune has 2 Red, Green, Blue Link Runes each"
,Quick Shout,기존,Can be linked with Skills that are Shout,Shout,"Resource Cost Increase 15%
+25% Shout Skill Rune Cast Speed
+10% Attack Speed during Shout Skill Effect
+10% Cast Speed during Shout Skill Effect

(희귀 등급 효과) +15% Shout Skill Rune Cooldown Recovery Speed

(전설 등급 효과) +30% Shout Skill Rune Cooldown Recovery Speed","Resource Cost Increase 15%
+91.7% Shout Skill Rune Cast Speed
+24.7% Attack Speed during Shout Skill Effect
+24.7% Cast Speed during Shout Skill Effect

(희귀 등급 효과) +15% Shout Skill Rune Cooldown Recovery Speed

(전설 등급 효과) +30% Shout Skill Rune Cooldown Recovery Speed",+[25-40]% Shout Skill Rune Cast Speed,"+15% Shout Skill Rune Cast Speed
+[15-25]% Shout Skill Rune Cooldown Recovery Speed if linked Skill Rune has 4 or more Shout tag Link Runes",+[5-10]% Shout Skill Rune Effect
,,변경,Can be linked with Skills that are Shout,Shout,"Resource Cost Increase 15%
+25% Shout Skill Rune Cast Speed
+10% Attack Speed during Shout Skill Effect
+10% Cast Speed during Shout Skill Effect

(희귀 등급 효과) +15% Shout Skill Rune Cooldown Recovery Speed

(전설 등급 효과) +30% Shout Skill Rune Cooldown Recovery Speed","Resource Cost Increase 15%
+95.4% Shout Skill Rune Cast Speed
+25.7% Attack Speed during Shout Skill Effect
+25.7% Cast Speed during Shout Skill Effect

(희귀 등급 효과) +15% Shout Skill Rune Cooldown Recovery Speed

(전설 등급 효과) +30% Shout Skill Rune Cooldown Recovery Speed",+[25-40]% Shout Skill Rune Cast Speed,"+15% Shout Skill Rune Cast Speed
+[15-25]% Shout Skill Rune Cooldown Recovery Speed if linked Skill Rune has 4 or more Shout tag Link Runes",+[5-10]% Shout Skill Rune Effect
,Spell Activation on Hit,기존,"Must link an Activation(Strike) Skill and a Target(Spell) Skill in the arrow's direction.
Target Skill cannot be linked if any of the Attack, Channeling, Totem, Sentry, Minion, Movement, Toggle, Shout, Attack Enhance, Defense Enhance, Trap, Rapid Seal tags exist.
Target Skill must be registered in a Skill slot to activate
Rune cannot be awakened.",Strike,"Resource Cost Increase 20%
55% DMG Dampening for Activated Skill
36% Resource Cost Dampening for Activated Skill
Adds 100% of Attack DMG increase to Spell DMG
Add 100% of Attack Critical Rate Increase/Critical DMG to Spell Critical Rate Increase/Critical DMG
Trigger Chance 100%
Activates max 1 time on hit whenever Activation Skill is used

(희귀 등급 효과) 10% Resource Cost Dampening
(희귀 등급 효과) 70% Skill Rune Cooldown Dampening
(희귀 등급 효과) 8% DMG Dampening

(전설 등급 효과) 10% Resource Cost Dampening
(전설 등급 효과) 85% Skill Rune Cooldown Dampening
(전설 등급 효과) 5% DMG Dampening","Resource Cost Increase 20%
32.5% DMG Dampening for Activated Skill
36% Resource Cost Dampening for Activated Skill
Adds 100% of Attack DMG increase to Spell DMG
Add 100% of Attack Critical Rate Increase/Critical DMG to Spell Critical Rate Increase/Critical DMG
Trigger Chance 100%
Activates max 1 time on hit whenever Activation Skill is used

(희귀 등급 효과) 10% Resource Cost Dampening
(희귀 등급 효과) 70% Skill Rune Cooldown Dampening
(희귀 등급 효과) 8% DMG Dampening

(전설 등급 효과) 10% Resource Cost Dampening
(전설 등급 효과) 85% Skill Rune Cooldown Dampening
(전설 등급 효과) 5% DMG Dampening",,,
,,변경,"Must link an Activation(Strike) Skill and a Target(Spell) Skill in the arrow's direction.
Target Skill cannot be linked if any of the Attack, Channeling, Totem, Sentry, Minion, Movement, Toggle, Shout, Attack Enhance, Defense Enhance, Trap, Rapid Seal tags exist.
Target Skill must be registered in a Skill slot to activate
Rune cannot be awakened.",Strike,"Resource Cost Increase 20%
55% DMG Dampening for Activated Skill
36% Resource Cost Dampening for Activated Skill
Adds 100% of Attack DMG increase to Spell DMG
Add 100% of Attack Critical Rate Increase/Critical DMG to Spell Critical Rate Increase/Critical DMG
Trigger Chance 100%
Activates max 1 time on hit whenever Activation Skill is used

(희귀 등급 효과) 10% Resource Cost Dampening
(희귀 등급 효과) 70% Skill Rune Cooldown Dampening
(희귀 등급 효과) 8% DMG Dampening

(전설 등급 효과) 10% Resource Cost Dampening
(전설 등급 효과) 85% Skill Rune Cooldown Dampening
(전설 등급 효과) 5% DMG Dampening","Resource Cost Increase 20%
33.8% DMG Dampening for Activated Skill
37% Resource Cost Dampening for Activated Skill
Adds 100% of Attack DMG increase to Spell DMG
Add 100% of Attack Critical Rate Increase/Critical DMG to Spell Critical Rate Increase/Critical DMG
Trigger Chance 100%
Activates max 1 time on hit whenever Activation Skill is used

(희귀 등급 효과) 10% Resource Cost Dampening
(희귀 등급 효과) 70% Skill Rune Cooldown Dampening
(희귀 등급 효과) 8% DMG Dampening

(전설 등급 효과) 10% Resource Cost Dampening
(전설 등급 효과) 85% Skill Rune Cooldown Dampening
(전설 등급 효과) 5% DMG Dampening",,,
,Vitality Recovery,기존,"Can be linked with Skills that are Defense Enhance
Cannot be linked with Skills that are Totem, Sentry, Toggle, Shout, Movement, Minion
Rune cannot be awakened.",Defense Enhance,"Resource Cost Increase 15%
+10% Regeneration Effect
+5% Defense Enhance Skill Rune Effect
Gain Regeneration for 10 s upon using a Defense Enhance Skill
(1% Max HP Regen/Sec, 0.4% Max Mana Regen/Sec)
Cannot be linked to a common Buff Link Rune activated with Defense Enhance Skill

(희귀 등급 효과) +25% Regeneration Effect

(전설 등급 효과) +10% Defense Enhance Skill Rune Duration
(전설 등급 효과) +50% Regeneration Effect","Resource Cost Increase 15%
+55% Regeneration Effect
+30% Defense Enhance Skill Rune Effect
Gain Regeneration for 10 s upon using a Defense Enhance Skill
(1% Max HP Regen/Sec, 0.4% Max Mana Regen/Sec)
Cannot be linked to a common Buff Link Rune activated with Defense Enhance Skill

(희귀 등급 효과) +25% Regeneration Effect

(전설 등급 효과) +10% Defense Enhance Skill Rune Duration
(전설 등급 효과) +50% Regeneration Effect",,,
,,변경,"Can be linked with Skills that are Defense Enhance
Cannot be linked with Skills that are Totem, Sentry, Toggle, Shout, Movement, Minion
Rune cannot be awakened.",Defense Enhance,"Resource Cost Increase 15%
+10% Regeneration Effect
+5% Defense Enhance Skill Rune Effect
Gain Regeneration for 10 s upon using a Defense Enhance Skill
(1% Max HP Regen/Sec, 0.4% Max Mana Regen/Sec)
Cannot be linked to a common Buff Link Rune activated with Defense Enhance Skill

(희귀 등급 효과) +25% Regeneration Effect

(전설 등급 효과) +10% Defense Enhance Skill Rune Duration
(전설 등급 효과) +50% Regeneration Effect","Resource Cost Increase 15%
+57.2% Regeneration Effect
+31.2% Defense Enhance Skill Rune Effect
Gain Regeneration for 10 s upon using a Defense Enhance Skill
(1% Max HP Regen/Sec, 0.4% Max Mana Regen/Sec)
Cannot be linked to a common Buff Link Rune activated with Defense Enhance Skill

(희귀 등급 효과) +25% Regeneration Effect

(전설 등급 효과) +10% Defense Enhance Skill Rune Duration
(전설 등급 효과) +50% Regeneration Effect",,,
,Focused Defense,기존,"Can be linked with Skills that are Defense Enhance
Cannot be linked with Skills that are Totem, Sentry, Toggle, Shout, Movement, Minion
Rune cannot be awakened.",Defense Enhance,"Resource Cost Increase 15%
+10% Focus Effect
Gain Focus for 10 s upon using a Defense Enhance Skill
(Block Expertise +10, 25% Block Cooldown Recovery Speed Increase, 30% Dodge Rate Increase)
Cannot be linked to a common Buff Link Rune activated with Defense Enhance Skill

(희귀 등급 효과) +25% Focus Effect

(전설 등급 효과) +10% Defense Enhance Skill Rune Effect
(전설 등급 효과) +50% Focus Effect","Resource Cost Increase 15%
+55% Focus Effect
Gain Focus for 10 s upon using a Defense Enhance Skill
(Block Expertise +10, 25% Block Cooldown Recovery Speed Increase, 30% Dodge Rate Increase)
Cannot be linked to a common Buff Link Rune activated with Defense Enhance Skill

(희귀 등급 효과) +25% Focus Effect

(전설 등급 효과) +10% Defense Enhance Skill Rune Effect
(전설 등급 효과) +50% Focus Effect",,,
,,변경,"Can be linked with Skills that are Defense Enhance
Cannot be linked with Skills that are Totem, Sentry, Toggle, Shout, Movement, Minion
Rune cannot be awakened.",Defense Enhance,"Resource Cost Increase 15%
+10% Focus Effect
Gain Focus for 10 s upon using a Defense Enhance Skill
(Block Expertise +10, 25% Block Cooldown Recovery Speed Increase, 30% Dodge Rate Increase)
Cannot be linked to a common Buff Link Rune activated with Defense Enhance Skill

(희귀 등급 효과) +25% Focus Effect

(전설 등급 효과) +10% Defense Enhance Skill Rune Effect
(전설 등급 효과) +50% Focus Effect","Resource Cost Increase 15%
+57.2% Focus Effect
Gain Focus for 10 s upon using a Defense Enhance Skill
(Block Expertise +10, 25% Block Cooldown Recovery Speed Increase, 30% Dodge Rate Increase)
Cannot be linked to a common Buff Link Rune activated with Defense Enhance Skill

(희귀 등급 효과) +25% Focus Effect

(전설 등급 효과) +10% Defense Enhance Skill Rune Effect
(전설 등급 효과) +50% Focus Effect",,,
,Overflowing Strength,기존,"Can be linked with Skills that are Defense Enhance
Cannot be linked with Skills that are Totem, Sentry, Toggle, Shout, Movement, Minion
Rune cannot be awakened.",Defense Enhance,"Resource Cost Increase 15%
+10% Tenacity Effect
Gain Tenacity for 10 s upon using a Defense Enhance Skill
(Armor 180, Armor 20%, All Resist +10)
Cannot be linked to a common Buff Link Rune activated with Defense Enhance Skill

(희귀 등급 효과) +25% Tenacity Effect

(전설 등급 효과) +10% Enhance Skill Rune Cooldown Recovery Speed
(전설 등급 효과) +50% Tenacity Effect","Resource Cost Increase 15%
+55% Tenacity Effect
Gain Tenacity for 10 s upon using a Defense Enhance Skill
(Armor 180, Armor 20%, All Resist +10)
Cannot be linked to a common Buff Link Rune activated with Defense Enhance Skill

(희귀 등급 효과) +25% Tenacity Effect

(전설 등급 효과) +10% Enhance Skill Rune Cooldown Recovery Speed
(전설 등급 효과) +50% Tenacity Effect",,,
,,변경,"Can be linked with Skills that are Defense Enhance
Cannot be linked with Skills that are Totem, Sentry, Toggle, Shout, Movement, Minion
Rune cannot be awakened.",Defense Enhance,"Resource Cost Increase 15%
+10% Tenacity Effect
Gain Tenacity for 10 s upon using a Defense Enhance Skill
(Armor 180, Armor 20%, All Resist +10)
Cannot be linked to a common Buff Link Rune activated with Defense Enhance Skill

(희귀 등급 효과) +25% Tenacity Effect

(전설 등급 효과) +10% Enhance Skill Rune Cooldown Recovery Speed
(전설 등급 효과) +50% Tenacity Effect","Resource Cost Increase 15%
+57.2% Tenacity Effect
Gain Tenacity for 10 s upon using a Defense Enhance Skill
(Armor 180, Armor 20%, All Resist +10)
Cannot be linked to a common Buff Link Rune activated with Defense Enhance Skill

(희귀 등급 효과) +25% Tenacity Effect

(전설 등급 효과) +10% Enhance Skill Rune Cooldown Recovery Speed
(전설 등급 효과) +50% Tenacity Effect",,,
,Versatility,기존,"Can be linked with Skills that are Attack Enhance
Cannot be linked with Skills that are Totem, Sentry, Toggle, Shout, Movement, Minion
Rune cannot be awakened.",Attack Enhance,"Resource Cost Increase 15%
+5% Versatility Effect
Gain Versatility for 10 s upon using Attack Enhance Skill
( Attack Speed +10%, Cast Speed +10%, Armor Penetration +10%, Element Penetration +10% )
Cannot be linked to a common Buff Link Rune activated with Attack Enhance Skill

(희귀 등급 효과) +15% Versatility Effect

(전설 등급 효과) +10% Attack Enhance Skill Rune Duration
(전설 등급 효과) +30% Versatility Effect","Resource Cost Increase 15%
+27.5% Versatility Effect
Gain Versatility for 10 s upon using Attack Enhance Skill
( Attack Speed +10%, Cast Speed +10%, Armor Penetration +10%, Element Penetration +10% )
Cannot be linked to a common Buff Link Rune activated with Attack Enhance Skill

(희귀 등급 효과) +15% Versatility Effect

(전설 등급 효과) +10% Attack Enhance Skill Rune Duration
(전설 등급 효과) +30% Versatility Effect",,,
,,변경,"Can be linked with Skills that are Attack Enhance
Cannot be linked with Skills that are Totem, Sentry, Toggle, Shout, Movement, Minion
Rune cannot be awakened.",Attack Enhance,"Resource Cost Increase 15%
+5% Versatility Effect
Gain Versatility for 10 s upon using Attack Enhance Skill
( Attack Speed +10%, Cast Speed +10%, Armor Penetration +10%, Element Penetration +10% )
Cannot be linked to a common Buff Link Rune activated with Attack Enhance Skill

(희귀 등급 효과) +15% Versatility Effect

(전설 등급 효과) +10% Attack Enhance Skill Rune Duration
(전설 등급 효과) +30% Versatility Effect","Resource Cost Increase 15%
+28.6% Versatility Effect
Gain Versatility for 10 s upon using Attack Enhance Skill
( Attack Speed +10%, Cast Speed +10%, Armor Penetration +10%, Element Penetration +10% )
Cannot be linked to a common Buff Link Rune activated with Attack Enhance Skill

(희귀 등급 효과) +15% Versatility Effect

(전설 등급 효과) +10% Attack Enhance Skill Rune Duration
(전설 등급 효과) +30% Versatility Effect",,,
,Intellectual,기존,"Can be linked with Skills that are Spell, Strike (must include all)
Cannot be linked with Skills that are Totem, Sentry, Toggle, Shout, Movement, Minion
Rune cannot be awakened.","Spell, Strike","Resource Cost Increase 15%
+10% Knowledge Effect
Gain Knowledge Effect for 5 s on hit
(Spell DMG +50%, Cast Speed +10% )

(희귀 등급 효과) +10% Knowledge Effect
(희귀 등급 효과) +15% DMG upon Spell
(희귀 등급 효과) +3% Cast Speed

(전설 등급 효과) +20% Knowledge Effect
(전설 등급 효과) +30% DMG upon Spell
(전설 등급 효과) +7% Cast Speed","Resource Cost Increase 15%
+51.7% Knowledge Effect
Gain Knowledge Effect for 5 s on hit
(Spell DMG +50%, Cast Speed +10% )

(희귀 등급 효과) +10% Knowledge Effect
(희귀 등급 효과) +15% DMG upon Spell
(희귀 등급 효과) +3% Cast Speed

(전설 등급 효과) +20% Knowledge Effect
(전설 등급 효과) +30% DMG upon Spell
(전설 등급 효과) +7% Cast Speed",,,
,,변경,"Can be linked with Skills that are Spell, Strike (must include all)
Cannot be linked with Skills that are Totem, Sentry, Toggle, Shout, Movement, Minion
Rune cannot be awakened.","Spell, Strike","Resource Cost Increase 15%
+10% Knowledge Effect
Gain Knowledge Effect for 5 s on hit
(Spell DMG +50%, Cast Speed +10% )

(희귀 등급 효과) +10% Knowledge Effect
(희귀 등급 효과) +15% DMG upon Spell
(희귀 등급 효과) +3% Cast Speed

(전설 등급 효과) +20% Knowledge Effect
(전설 등급 효과) +30% DMG upon Spell
(전설 등급 효과) +7% Cast Speed","Resource Cost Increase 15%
+53.8% Knowledge Effect
Gain Knowledge Effect for 5 s on hit
(Spell DMG +50%, Cast Speed +10% )

(희귀 등급 효과) +10% Knowledge Effect
(희귀 등급 효과) +15% DMG upon Spell
(희귀 등급 효과) +3% Cast Speed

(전설 등급 효과) +20% Knowledge Effect
(전설 등급 효과) +30% DMG upon Spell
(전설 등급 효과) +7% Cast Speed",,,
,Quick Sentry Installation,기존,"Can be linked with Skills that are Sentry
Cannot be linked with Skills that are Totem, Toggle, Shout, Movement",Sentry,"Resource Cost Increase 15%
+20% Sentry Install Speed
+6% Sentry Attack Speed
5% Sentry DMG Amplification for 3 s after installing Sentry

(희귀 등급 효과) +10% Sentry Projectile Speed
(희귀 등급 효과) +5% Sentry Attack Speed

(전설 등급 효과) +20% Sentry Projectile Speed
(전설 등급 효과) +20% Sentry Attack Speed","Resource Cost Increase 15%
+78.3% Sentry Install Speed
+31% Sentry Attack Speed
26% Sentry DMG Amplification for 3 s after installing Sentry

(희귀 등급 효과) +10% Sentry Projectile Speed
(희귀 등급 효과) +5% Sentry Attack Speed

(전설 등급 효과) +20% Sentry Projectile Speed
(전설 등급 효과) +20% Sentry Attack Speed","+[30-40]% Sentry Install Speed
+[25-55]% Sentry DMG",+[13-20]% Sentry Attack Speed,+[7-15]% Sentry Attack Speed per 1 Green Link Rune on linked Skill Rune
,,변경,"Can be linked with Skills that are Sentry
Cannot be linked with Skills that are Totem, Toggle, Shout, Movement",Sentry,"Resource Cost Increase 15%
+20% Sentry Install Speed
+6% Sentry Attack Speed
5% Sentry DMG Amplification for 3 s after installing Sentry

(희귀 등급 효과) +10% Sentry Projectile Speed
(희귀 등급 효과) +5% Sentry Attack Speed

(전설 등급 효과) +20% Sentry Projectile Speed
(전설 등급 효과) +20% Sentry Attack Speed","Resource Cost Increase 15%
+81.4% Sentry Install Speed
+32.2% Sentry Attack Speed
27% Sentry DMG Amplification for 3 s after installing Sentry

(희귀 등급 효과) +10% Sentry Projectile Speed
(희귀 등급 효과) +5% Sentry Attack Speed

(전설 등급 효과) +20% Sentry Projectile Speed
(전설 등급 효과) +20% Sentry Attack Speed","+[30-40]% Sentry Install Speed
+[25-55]% Sentry DMG",+[13-20]% Sentry Attack Speed,+[7-15]% Sentry Attack Speed per 1 Green Link Rune on linked Skill Rune
,Quick Totem Installation,기존,"Can be linked with Skills that are Totem
Cannot be linked with Skills that are Sentry, Toggle, Shout, Movement",Totem,"Resource Cost Increase 15%
+20% Totem Install Speed

(희귀 등급 효과) 15% Resource Cost Dampening
(희귀 등급 효과) +20% Totem Skill Rune Cooldown Recovery Speed

(전설 등급 효과) 30% Resource Cost Dampening
(전설 등급 효과) +30% Totem Skill Rune Cooldown Recovery Speed
(전설 등급 효과) Gain Acceleration for 1 s upon using Skill
","Resource Cost Increase 15%
+70% Totem Install Speed

(희귀 등급 효과) 15% Resource Cost Dampening
(희귀 등급 효과) +20% Totem Skill Rune Cooldown Recovery Speed

(전설 등급 효과) 30% Resource Cost Dampening
(전설 등급 효과) +30% Totem Skill Rune Cooldown Recovery Speed
(전설 등급 효과) Gain Acceleration for 1 s upon using Skill
","+45% Totem Install Speed
-[6-3]% Totem Effect","+3% Totem Effect
+[6-14]% Totem Effect Range","-[10-5]% Resource Cost
+3% Totem Effect"
,,변경,"Can be linked with Skills that are Totem
Cannot be linked with Skills that are Sentry, Toggle, Shout, Movement",Totem,"Resource Cost Increase 15%
+20% Totem Install Speed

(희귀 등급 효과) 15% Resource Cost Dampening
(희귀 등급 효과) +20% Totem Skill Rune Cooldown Recovery Speed

(전설 등급 효과) 30% Resource Cost Dampening
(전설 등급 효과) +30% Totem Skill Rune Cooldown Recovery Speed
(전설 등급 효과) Gain Acceleration for 1 s upon using Skill
","Resource Cost Increase 15%
+72.8% Totem Install Speed

(희귀 등급 효과) 15% Resource Cost Dampening
(희귀 등급 효과) +20% Totem Skill Rune Cooldown Recovery Speed

(전설 등급 효과) 30% Resource Cost Dampening
(전설 등급 효과) +30% Totem Skill Rune Cooldown Recovery Speed
(전설 등급 효과) Gain Acceleration for 1 s upon using Skill
","+45% Totem Install Speed
-[6-3]% Totem Effect","+3% Totem Effect
+[6-14]% Totem Effect Range","-[10-5]% Resource Cost
+3% Totem Effect"
,Area Totem,기존,"Can be linked with Skills that are Totem
Cannot be linked with Skills that are Sentry, Toggle, Shout, Movement",Totem,"Resource Cost Increase 15%
+20% Totem Effect Range
(마법 등급 효과) +5% Totem Duration
(마법 등급 효과) +3.5% Totem Effect Range
(희귀 등급 효과) +7% Totem Duration
(희귀 등급 효과) +10% Totem Effect Range
(희귀 등급 효과) +5% Totem Effect

(전설 등급 효과) +10% Totem Duration
(전설 등급 효과) +25% Totem Effect Range
(전설 등급 효과) +10% Totem Effect","Resource Cost Increase 15%
+68% Totem Effect Range
(마법 등급 효과) +5% Totem Duration
(마법 등급 효과) +3.5% Totem Effect Range
(희귀 등급 효과) +7% Totem Duration
(희귀 등급 효과) +10% Totem Effect Range
(희귀 등급 효과) +5% Totem Effect

(전설 등급 효과) +10% Totem Duration
(전설 등급 효과) +25% Totem Effect Range
(전설 등급 효과) +10% Totem Effect","+[3-5]% Totem Effect
+[10-20]% Totem Effect Range","+[15-25]% Totem Duration
+[3-4]% Totem Effect if linked Skill Rune has 2 or more Blue Link Runes","+12% Totem Install Speed
+[20-30]% Totem Effect Range if linked Skill Rune has 2 or more Red Link Runes"
,,변경,"Can be linked with Skills that are Totem
Cannot be linked with Skills that are Sentry, Toggle, Shout, Movement",Totem,"Resource Cost Increase 15%
+20% Totem Effect Range
(마법 등급 효과) +5% Totem Duration
(마법 등급 효과) +3.5% Totem Effect Range
(희귀 등급 효과) +7% Totem Duration
(희귀 등급 효과) +10% Totem Effect Range
(희귀 등급 효과) +5% Totem Effect

(전설 등급 효과) +10% Totem Duration
(전설 등급 효과) +25% Totem Effect Range
(전설 등급 효과) +10% Totem Effect","Resource Cost Increase 15%
+70.7% Totem Effect Range
(마법 등급 효과) +5% Totem Duration
(마법 등급 효과) +3.5% Totem Effect Range
(희귀 등급 효과) +7% Totem Duration
(희귀 등급 효과) +10% Totem Effect Range
(희귀 등급 효과) +5% Totem Effect

(전설 등급 효과) +10% Totem Duration
(전설 등급 효과) +25% Totem Effect Range
(전설 등급 효과) +10% Totem Effect","+[3-5]% Totem Effect
+[10-20]% Totem Effect Range","+[15-25]% Totem Duration
+[3-4]% Totem Effect if linked Skill Rune has 2 or more Blue Link Runes","+12% Totem Install Speed
+[20-30]% Totem Effect Range if linked Skill Rune has 2 or more Red Link Runes"
,Element Master,기존,"Can be linked with Skills that are any one of Fire, Cold, Lightning, Poison
Applies to Minions when linked to Summon Skill","Fire, Cold, Lightning, Poison","Resource Cost Increase 15%
+12% Element Penetration
+20% Element DMG

(희귀 등급 효과) +15% Element Penetration

(전설 등급 효과) +20% Element Penetration
(전설 등급 효과) 6% Element DMG Amplification","Resource Cost Increase 15%
+45% Element Penetration
+95% Element DMG

(희귀 등급 효과) +15% Element Penetration

(전설 등급 효과) +20% Element Penetration
(전설 등급 효과) 6% Element DMG Amplification",+[55-80]% Element DMG,"+[28-40]% Element DMG
2% Element DMG Amplification if linked Skill Rune has 3 or more Blue Link Runes",+[1.9-2.8]% Element Penetration per 1 Blue Link Rune on linked Skill Rune
,,변경,"Can be linked with Skills that are any one of Fire, Cold, Lightning, Poison
Applies to Minions when linked to Summon Skill","Fire, Cold, Lightning, Poison","Resource Cost Increase 15%
+12% Element Penetration
+20% Element DMG

(희귀 등급 효과) +15% Element Penetration

(전설 등급 효과) +20% Element Penetration
(전설 등급 효과) 6% Element DMG Amplification","Resource Cost Increase 15%
+46.8% Element Penetration
+98.8% Element DMG

(희귀 등급 효과) +15% Element Penetration

(전설 등급 효과) +20% Element Penetration
(전설 등급 효과) 6% Element DMG Amplification",+[55-80]% Element DMG,"+[28-40]% Element DMG
2% Element DMG Amplification if linked Skill Rune has 3 or more Blue Link Runes",+[1.9-2.8]% Element Penetration per 1 Blue Link Rune on linked Skill Rune
,Focused Strike,기존,"Can be linked with Skills that are Blow
Can be linked with Skills that satisfy any one of Attack, Spell","Attack, Spell, Blow","Resource Cost Increase 20%
Cycles through the following effects for each Strike hit
+17% Area DMG upon 1st Strike
+15% Attack Speed upon 1st strike
+17% Area DMG upon 2nd Strike
+15% Attack Speed upon 2nd Strike
11% Area DMG Amplification upon 3rd Strike



(전설 등급 효과) +10% Area of Effect
(전설 등급 효과) 8.5% Area DMG Amplification","Resource Cost Increase 20%
Cycles through the following effects for each Strike hit
+83.7% Area DMG upon 1st Strike
+31.7% Attack Speed upon 1st strike
+83.7% Area DMG upon 2nd Strike
+31.7% Attack Speed upon 2nd Strike
30.3% Area DMG Amplification upon 3rd Strike



(전설 등급 효과) +10% Area of Effect
(전설 등급 효과) 8.5% Area DMG Amplification","[6.3-9]% Area DMG Amplification on 1st, 2nd strike",+[55-80]% Area DMG,-[10-5]% Resource Cost
,,변경,"Can be linked with Skills that are Blow
Can be linked with Skills that satisfy any one of Attack, Spell","Attack, Spell, Blow","Resource Cost Increase 20%
Cycles through the following effects for each Strike hit
+17% Area DMG upon 1st Strike
+15% Attack Speed upon 1st strike
+17% Area DMG upon 2nd Strike
+15% Attack Speed upon 2nd Strike
11% Area DMG Amplification upon 3rd Strike



(전설 등급 효과) +10% Area of Effect
(전설 등급 효과) 8.5% Area DMG Amplification","Resource Cost Increase 20%
Cycles through the following effects for each Strike hit
+87% Area DMG upon 1st Strike
+33% Attack Speed upon 1st strike
+87% Area DMG upon 2nd Strike
+33% Attack Speed upon 2nd Strike
31.5% Area DMG Amplification upon 3rd Strike



(전설 등급 효과) +10% Area of Effect
(전설 등급 효과) 8.5% Area DMG Amplification","[6.3-9]% Area DMG Amplification on 1st, 2nd strike",+[55-80]% Area DMG,-[10-5]% Resource Cost
,Totem Activation upon using Enhance Skill,기존,"Must link an Activation(Enhance) Skill and a Target(Totem) Skill in the arrow's direction.
Target Skill cannot be linked if any of the Channeling, Sentry, Minion, Movement, Toggle tags exist.
Target Skill must be registered in a Skill slot to activate
Rune cannot be awakened.","Attack Enhance, Defense Enhance","Resource Cost Increase 15%
30% DMG Taken by Activated Totem Dampening
+1 Max Totem Summon Count
+5% Activated Totem Effect
Trigger Chance 100%
Trigger Cooldown 3 s



(전설 등급 효과) +20% Totem Effect
(전설 등급 효과) +30% Totem Effect Range
(전설 등급 효과) +30% Totem Duration","Resource Cost Increase 15%
30% DMG Taken by Activated Totem Dampening
+1 Max Totem Summon Count
+27.5% Activated Totem Effect
Trigger Chance 100%
Trigger Cooldown 3 s



(전설 등급 효과) +20% Totem Effect
(전설 등급 효과) +30% Totem Effect Range
(전설 등급 효과) +30% Totem Duration",,,
,,변경,"Must link an Activation(Enhance) Skill and a Target(Totem) Skill in the arrow's direction.
Target Skill cannot be linked if any of the Channeling, Sentry, Minion, Movement, Toggle tags exist.
Target Skill must be registered in a Skill slot to activate
Rune cannot be awakened.","Attack Enhance, Defense Enhance","Resource Cost Increase 15%
30% DMG Taken by Activated Totem Dampening
+1 Max Totem Summon Count
+5% Activated Totem Effect
Trigger Chance 100%
Trigger Cooldown 3 s



(전설 등급 효과) +20% Totem Effect
(전설 등급 효과) +30% Totem Effect Range
(전설 등급 효과) +30% Totem Duration","Resource Cost Increase 15%
30% DMG Taken by Activated Totem Dampening
+1 Max Totem Summon Count
+28.6% Activated Totem Effect
Trigger Chance 100%
Trigger Cooldown 3 s



(전설 등급 효과) +20% Totem Effect
(전설 등급 효과) +30% Totem Effect Range
(전설 등급 효과) +30% Totem Duration",,,
,Unity,기존,"Can be linked with Skills that are Abyssling, Minion (must include all)","Abyssling, Minion","Resource Cost Increase 15%
+8% Abyssling DMG per summoned Abyssling
2% DMG Taken by Minion Dampening per summoned Abyssling
(마법 등급 효과) 1% Abyssling DMG Amplification per summoned Abyssling
(희귀 등급 효과) 1.5% Abyssling DMG Amplification per summoned Abyssling

(전설 등급 효과) 2% Abyssling DMG Amplification per summoned Abyssling","Resource Cost Increase 15%
+41% Abyssling DMG per summoned Abyssling
3.5% DMG Taken by Minion Dampening per summoned Abyssling
(마법 등급 효과) 1% Abyssling DMG Amplification per summoned Abyssling
(희귀 등급 효과) 1.5% Abyssling DMG Amplification per summoned Abyssling

(전설 등급 효과) 2% Abyssling DMG Amplification per summoned Abyssling",+[7-11]% Abyssling DMG per summoned Abyssling,+[21-30]% Abyssling Critical Rate per 1 summoned Abyssling,[2.1-3]% Abyssling DMG Amplification when Rune Knight is summoned
,,변경,"Can be linked with Skills that are Abyssling, Minion (must include all)","Abyssling, Minion","Resource Cost Increase 15%
+8% Abyssling DMG per summoned Abyssling
2% DMG Taken by Minion Dampening per summoned Abyssling
(마법 등급 효과) 1% Abyssling DMG Amplification per summoned Abyssling
(희귀 등급 효과) 1.5% Abyssling DMG Amplification per summoned Abyssling

(전설 등급 효과) 2% Abyssling DMG Amplification per summoned Abyssling","Resource Cost Increase 15%
+43% Abyssling DMG per summoned Abyssling
3.6% DMG Taken by Minion Dampening per summoned Abyssling
(마법 등급 효과) 1% Abyssling DMG Amplification per summoned Abyssling
(희귀 등급 효과) 1.5% Abyssling DMG Amplification per summoned Abyssling

(전설 등급 효과) 2% Abyssling DMG Amplification per summoned Abyssling",+[7-11]% Abyssling DMG per summoned Abyssling,+[21-30]% Abyssling Critical Rate per 1 summoned Abyssling,[2.1-3]% Abyssling DMG Amplification when Rune Knight is summoned
,Enhance Seal Range,기존,"Can be linked with Skills that are any one of Attack Seal, Defense Seal
Rune cannot be awakened.","Attack Seal, Defense Seal","Resource Cost Increase 15%
+20% Aura Range

(희귀 등급 효과) +10% Aura Range

(전설 등급 효과) +15% Aura Range
(전설 등급 효과) +10% Aura and Seal Effect","Resource Cost Increase 15%
+68% Aura Range

(희귀 등급 효과) +10% Aura Range

(전설 등급 효과) +15% Aura Range
(전설 등급 효과) +10% Aura and Seal Effect",,,
,,변경,"Can be linked with Skills that are any one of Attack Seal, Defense Seal
Rune cannot be awakened.","Attack Seal, Defense Seal","Resource Cost Increase 15%
+20% Aura Range

(희귀 등급 효과) +10% Aura Range

(전설 등급 효과) +15% Aura Range
(전설 등급 효과) +10% Aura and Seal Effect","Resource Cost Increase 15%
+70.7% Aura Range

(희귀 등급 효과) +10% Aura Range

(전설 등급 효과) +15% Aura Range
(전설 등급 효과) +10% Aura and Seal Effect",,,
,Smash,기존,"Can be linked with Skills that are Strike
Applies to Minions when linked to Summon Skill",Strike,"Resource Cost Increase 20%
100% chance to gain Smash on non-Critical hit
Duration 4 s
Max Stacks 5
1.9% Strike DMG Amplification per stack
+1.6% Maximized DMG per stack
Lose all Smash on Critical Hit



(전설 등급 효과) +15% Smash Effect","Resource Cost Increase 20%
100% chance to gain Smash on non-Critical hit
Duration 4 s
Max Stacks 5
5.2% Strike DMG Amplification per stack
+4.1% Maximized DMG per stack
Lose all Smash on Critical Hit



(전설 등급 효과) +15% Smash Effect",+[5-10]% Smash Effect,-[10-5]% Resource Cost,"+[2-5]% Resource Cost
+1 Smash Stacks
-[15-10]% Smash Effect"
,,변경,"Can be linked with Skills that are Strike
Applies to Minions when linked to Summon Skill",Strike,"Resource Cost Increase 20%
100% chance to gain Smash on non-Critical hit
Duration 4 s
Max Stacks 5
1.9% Strike DMG Amplification per stack
+1.6% Maximized DMG per stack
Lose all Smash on Critical Hit



(전설 등급 효과) +15% Smash Effect","Resource Cost Increase 20%
100% chance to gain Smash on non-Critical hit
Duration 4 s
Max Stacks 5
5.4% Strike DMG Amplification per stack
+4.3% Maximized DMG per stack
Lose all Smash on Critical Hit



(전설 등급 효과) +15% Smash Effect",+[5-10]% Smash Effect,-[10-5]% Resource Cost,"+[2-5]% Resource Cost
+1 Smash Stacks
-[15-10]% Smash Effect"
,DMG Acceleration,기존,"Can be linked with Skills that are any one of Strike, DoT
Applies to Minions when linked to Summon Skill","Strike, DoT","Resource Cost Increase 15%
+10% DoT Acceleration



(전설 등급 효과) +50% DoT","Resource Cost Increase 15%
+46.5% DoT Acceleration



(전설 등급 효과) +50% DoT","+2% DoT Acceleration
+[25-50]% DoT",+[0.5-0.9]% DoT Acceleration per 1 DoT tag Link Rune on linked Skill Rune,"[3-5]% DoT Amplification against Bosses
2% DoT Amplification"
,,변경,"Can be linked with Skills that are any one of Strike, DoT
Applies to Minions when linked to Summon Skill","Strike, DoT","Resource Cost Increase 15%
+10% DoT Acceleration



(전설 등급 효과) +50% DoT","Resource Cost Increase 15%
+48.4% DoT Acceleration



(전설 등급 효과) +50% DoT","+2% DoT Acceleration
+[25-50]% DoT",+[0.5-0.9]% DoT Acceleration per 1 DoT tag Link Rune on linked Skill Rune,"[3-5]% DoT Amplification against Bosses
2% DoT Amplification"
,Amplify Trap DMG,기존,Can be linked with Skills that are Trap,Trap,"Resource Cost Increase 15%
+25% Trap DMG
8.9% Trap DMG Amplification
(마법 등급 효과) -15% Trap Install Speed
(마법 등급 효과) -15% Attack Speed
(희귀 등급 효과) -5% Trap Install Speed
(희귀 등급 효과) -5% Attack Speed
(희귀 등급 효과) +30% Trap DMG

(전설 등급 효과) +5% Trap Install Speed
(전설 등급 효과) +5% Attack Speed
(전설 등급 효과) +60% Trap DMG
(전설 등급 효과) 3% Trap DMG Amplification","Resource Cost Increase 15%
+80% Trap DMG
26.4% Trap DMG Amplification
(마법 등급 효과) -15% Trap Install Speed
(마법 등급 효과) -15% Attack Speed
(희귀 등급 효과) -5% Trap Install Speed
(희귀 등급 효과) -5% Attack Speed
(희귀 등급 효과) +30% Trap DMG

(전설 등급 효과) +5% Trap Install Speed
(전설 등급 효과) +5% Attack Speed
(전설 등급 효과) +60% Trap DMG
(전설 등급 효과) 3% Trap DMG Amplification",[3.5-5]% Trap DMG Amplification,[1.2-1.7]% Trap DMG Amplification per 1 Trap tag Link Rune on linked Skill Rune,[0.8-1.3]% Trap DMG Amplification per 1 Green Link Rune on linked Skill Rune
,,변경,Can be linked with Skills that are Trap,Trap,"Resource Cost Increase 15%
+25% Trap DMG
8.9% Trap DMG Amplification
(마법 등급 효과) -15% Trap Install Speed
(마법 등급 효과) -15% Attack Speed
(희귀 등급 효과) -5% Trap Install Speed
(희귀 등급 효과) -5% Attack Speed
(희귀 등급 효과) +30% Trap DMG

(전설 등급 효과) +5% Trap Install Speed
(전설 등급 효과) +5% Attack Speed
(전설 등급 효과) +60% Trap DMG
(전설 등급 효과) 3% Trap DMG Amplification","Resource Cost Increase 15%
+83.2% Trap DMG
27.5% Trap DMG Amplification
(마법 등급 효과) -15% Trap Install Speed
(마법 등급 효과) -15% Attack Speed
(희귀 등급 효과) -5% Trap Install Speed
(희귀 등급 효과) -5% Attack Speed
(희귀 등급 효과) +30% Trap DMG

(전설 등급 효과) +5% Trap Install Speed
(전설 등급 효과) +5% Attack Speed
(전설 등급 효과) +60% Trap DMG
(전설 등급 효과) 3% Trap DMG Amplification",[3.5-5]% Trap DMG Amplification,[1.2-1.7]% Trap DMG Amplification per 1 Trap tag Link Rune on linked Skill Rune,[0.8-1.3]% Trap DMG Amplification per 1 Green Link Rune on linked Skill Rune
,Parallel Multi Trap,기존,Can be linked with Skills that are Trap,Trap,"Resource Cost Increase 20%
50% Trap DMG Dampening
+2 Simultaneous Trap Count
(마법 등급 효과) +30% Trap DMG
(희귀 등급 효과) +50% Trap DMG

(전설 등급 효과) +60% Trap DMG
(전설 등급 효과) +1 Simultaneous Trap Count","Resource Cost Increase 20%
17% Trap DMG Dampening
+2 Simultaneous Trap Count
(마법 등급 효과) +30% Trap DMG
(희귀 등급 효과) +50% Trap DMG

(전설 등급 효과) +60% Trap DMG
(전설 등급 효과) +1 Simultaneous Trap Count","+1 Simultaneous Trap Count
[2-5]% Trap DMG Dampening",-[10-5]% Resource Cost,"+[8-15]% Area of Effect
+10% Trap Detection Range"
,,변경,Can be linked with Skills that are Trap,Trap,"Resource Cost Increase 20%
50% Trap DMG Dampening
+2 Simultaneous Trap Count
(마법 등급 효과) +30% Trap DMG
(희귀 등급 효과) +50% Trap DMG

(전설 등급 효과) +60% Trap DMG
(전설 등급 효과) +1 Simultaneous Trap Count","Resource Cost Increase 20%
17.7% Trap DMG Dampening
+2 Simultaneous Trap Count
(마법 등급 효과) +30% Trap DMG
(희귀 등급 효과) +50% Trap DMG

(전설 등급 효과) +60% Trap DMG
(전설 등급 효과) +1 Simultaneous Trap Count","+1 Simultaneous Trap Count
[2-5]% Trap DMG Dampening",-[10-5]% Resource Cost,"+[8-15]% Area of Effect
+10% Trap Detection Range"
,Random Multi Trap,기존,Can be linked with Skills that are Trap,Trap,"Resource Cost Increase 20%
50% Trap DMG Dampening
+2 Simultaneous Trap Count
(마법 등급 효과) +20% Trap DMG
(희귀 등급 효과) +40% Trap DMG

(전설 등급 효과) +50% Trap DMG
(전설 등급 효과) +1 Simultaneous Trap Count","Resource Cost Increase 20%
17% Trap DMG Dampening
+2 Simultaneous Trap Count
(마법 등급 효과) +20% Trap DMG
(희귀 등급 효과) +40% Trap DMG

(전설 등급 효과) +50% Trap DMG
(전설 등급 효과) +1 Simultaneous Trap Count","+1 Simultaneous Trap Count
[2-5]% Trap DMG Dampening",-[10-5]% Resource Cost,"+[8-15]% Area of Effect
+10% Trap Detection Range"
,,변경,Can be linked with Skills that are Trap,Trap,"Resource Cost Increase 20%
50% Trap DMG Dampening
+2 Simultaneous Trap Count
(마법 등급 효과) +20% Trap DMG
(희귀 등급 효과) +40% Trap DMG

(전설 등급 효과) +50% Trap DMG
(전설 등급 효과) +1 Simultaneous Trap Count","Resource Cost Increase 20%
17.7% Trap DMG Dampening
+2 Simultaneous Trap Count
(마법 등급 효과) +20% Trap DMG
(희귀 등급 효과) +40% Trap DMG

(전설 등급 효과) +50% Trap DMG
(전설 등급 효과) +1 Simultaneous Trap Count","+1 Simultaneous Trap Count
[2-5]% Trap DMG Dampening",-[10-5]% Resource Cost,"+[8-15]% Area of Effect
+10% Trap Detection Range"
,Quick Trap Installation,기존,Can be linked with Skills that are Trap,Trap,"Resource Cost Increase 15%
+10% Trap Install Speed
+10% Skill Rune Cooldown Recovery Speed
+10% Attack Speed
5% Trap DMG Amplification for 3 s after installing Trap
(마법 등급 효과) +20% Trap DMG
(희귀 등급 효과) +40% Trap DMG
(희귀 등급 효과) +10% Skill Rune Cooldown Recovery Speed

(전설 등급 효과) +60% Trap DMG
(전설 등급 효과) +20% Skill Rune Cooldown Recovery Speed","Resource Cost Increase 15%
+50.5% Trap Install Speed
+29.5% Skill Rune Cooldown Recovery Speed
+50.5% Attack Speed
26% Trap DMG Amplification for 3 s after installing Trap
(마법 등급 효과) +20% Trap DMG
(희귀 등급 효과) +40% Trap DMG
(희귀 등급 효과) +10% Skill Rune Cooldown Recovery Speed

(전설 등급 효과) +60% Trap DMG
(전설 등급 효과) +20% Skill Rune Cooldown Recovery Speed","+[35-40]% Trap DMG
+[10-20]% Trap Install Speed
+[10-20]% Attack Speed",+[15-30]% Skill Rune Cooldown Recovery Speed,[8-17]% Movement Speed Increase for 5s upon using Skill
,,변경,Can be linked with Skills that are Trap,Trap,"Resource Cost Increase 15%
+10% Trap Install Speed
+10% Skill Rune Cooldown Recovery Speed
+10% Attack Speed
5% Trap DMG Amplification for 3 s after installing Trap
(마법 등급 효과) +20% Trap DMG
(희귀 등급 효과) +40% Trap DMG
(희귀 등급 효과) +10% Skill Rune Cooldown Recovery Speed

(전설 등급 효과) +60% Trap DMG
(전설 등급 효과) +20% Skill Rune Cooldown Recovery Speed","Resource Cost Increase 15%
+52.5% Trap Install Speed
+30.7% Skill Rune Cooldown Recovery Speed
+52.5% Attack Speed
27% Trap DMG Amplification for 3 s after installing Trap
(마법 등급 효과) +20% Trap DMG
(희귀 등급 효과) +40% Trap DMG
(희귀 등급 효과) +10% Skill Rune Cooldown Recovery Speed

(전설 등급 효과) +60% Trap DMG
(전설 등급 효과) +20% Skill Rune Cooldown Recovery Speed","+[35-40]% Trap DMG
+[10-20]% Trap Install Speed
+[10-20]% Attack Speed",+[15-30]% Skill Rune Cooldown Recovery Speed,[8-17]% Movement Speed Increase for 5s upon using Skill
,Realization,기존,"Can be linked with Skills that are Strike
Cannot be linked with Skills that are Totem, Sentry, Minion, Movement, Toggle
Rune cannot be awakened.",Strike,"Resource Cost Increase 15%
+30% DMG
+10% Realization Effect
100% chance to gain Realization for 3 s on hit
Realization Effect
( 1% Max Barrier Regen/Sec, Barrier Charge Recovery Speed +10% )
+20% Enlightenment Effect for 5 s on Kill
(마법 등급 효과) +10% DMG
(마법 등급 효과) +10% Realization Effect
(희귀 등급 효과) +20% DMG
(희귀 등급 효과) +20% Realization Effect

(전설 등급 효과) +30% DMG
(전설 등급 효과) +30% Realization Effect","Resource Cost Increase 15%
+151.5% DMG
+30.8% Realization Effect
100% chance to gain Realization for 3 s on hit
Realization Effect
( 1% Max Barrier Regen/Sec, Barrier Charge Recovery Speed +10% )
+103% Enlightenment Effect for 5 s on Kill
(마법 등급 효과) +10% DMG
(마법 등급 효과) +10% Realization Effect
(희귀 등급 효과) +20% DMG
(희귀 등급 효과) +20% Realization Effect

(전설 등급 효과) +30% DMG
(전설 등급 효과) +30% Realization Effect",,,
,,변경,"Can be linked with Skills that are Strike
Cannot be linked with Skills that are Totem, Sentry, Minion, Movement, Toggle
Rune cannot be awakened.",Strike,"Resource Cost Increase 15%
+30% DMG
100% chance to gain Realization for 3 s on hit
Realization Effect
( 1% Max Barrier Regen/Sec, Barrier Charge Recovery Speed +10% )
+20% Enlightenment Effect for 5 s on Kill
(마법 등급 효과) +10% DMG
(마법 등급 효과) +10% Realization Effect
(희귀 등급 효과) +20% DMG
(희귀 등급 효과) +20% Realization Effect

(전설 등급 효과) +30% DMG
(전설 등급 효과) +30% Realization Effect","Resource Cost Increase 15%
+157.6% DMG
100% chance to gain Realization for 3 s on hit
Realization Effect
( 1% Max Barrier Regen/Sec, Barrier Charge Recovery Speed +10% )
+107% Enlightenment Effect for 5 s on Kill
(마법 등급 효과) +10% DMG
(마법 등급 효과) +10% Realization Effect
(희귀 등급 효과) +20% DMG
(희귀 등급 효과) +20% Realization Effect

(전설 등급 효과) +30% DMG
(전설 등급 효과) +30% Realization Effect",,,
,Increase Trap Install Distance,기존,Can be linked with Skills that are Trap,Trap,"Resource Cost Increase 15%
+7% Trap Install Distance
+10% Trap Detection Range
+10% Area of Effect
(마법 등급 효과) +3% Trap Install Distance
(마법 등급 효과) 2% Trap DMG Amplification
(희귀 등급 효과) +7% Trap Install Distance
(희귀 등급 효과) 4% Trap DMG Amplification

(전설 등급 효과) +12% Trap Install Distance
(전설 등급 효과) 8% Trap DMG Amplification","Resource Cost Increase 15%
+38.5% Trap Install Distance
+34% Trap Detection Range
+34% Area of Effect
(마법 등급 효과) +3% Trap Install Distance
(마법 등급 효과) 2% Trap DMG Amplification
(희귀 등급 효과) +7% Trap Install Distance
(희귀 등급 효과) 4% Trap DMG Amplification

(전설 등급 효과) +12% Trap Install Distance
(전설 등급 효과) 8% Trap DMG Amplification","+[10-20]% Area of Effect
+[10-15]% Trap Install Distance","[2.5-4]% Trap DMG Amplification
+[15-20]% Hit Rate","+[35-55]% Trap DMG
+[6-12]% Trap Install Distance for 5 s upon using Skill (Max Stacks: 5)"
,,변경,Can be linked with Skills that are Trap,Trap,"Resource Cost Increase 15%
+7% Trap Install Distance
+10% Trap Detection Range
+10% Area of Effect
(마법 등급 효과) +3% Trap Install Distance
(마법 등급 효과) 2% Trap DMG Amplification
(희귀 등급 효과) +7% Trap Install Distance
(희귀 등급 효과) 4% Trap DMG Amplification

(전설 등급 효과) +12% Trap Install Distance
(전설 등급 효과) 8% Trap DMG Amplification","Resource Cost Increase 15%
+40% Trap Install Distance
+35.4% Trap Detection Range
+35.4% Area of Effect
(마법 등급 효과) +3% Trap Install Distance
(마법 등급 효과) 2% Trap DMG Amplification
(희귀 등급 효과) +7% Trap Install Distance
(희귀 등급 효과) 4% Trap DMG Amplification

(전설 등급 효과) +12% Trap Install Distance
(전설 등급 효과) 8% Trap DMG Amplification","+[10-20]% Area of Effect
+[10-15]% Trap Install Distance","[2.5-4]% Trap DMG Amplification
+[15-20]% Hit Rate","+[35-55]% Trap DMG
+[6-12]% Trap Install Distance for 5 s upon using Skill (Max Stacks: 5)"
,Disturb,기존,Can be linked with Skills that are Movement,Movement,"Resource Cost Increase 15%
+10% Disturb Effect
Inflict Disturb effect on enemies within range 0.5 s after using Movement Skill
Applied as Vulnerable effect
Disturb Range 350
Disturb Duration 3 s
15% Movement Speed Dampening
15% Attack Speed Dampening
15% Cast Speed Dampening

(희귀 등급 효과) +5% Disturb Effect
(희귀 등급 효과) +25% Disturb Duration

(전설 등급 효과) +10% Disturb Effect
(전설 등급 효과) +50% Disturb Duration
(전설 등급 효과) +10% Movement Skill Rune Cooldown Recovery Speed","Resource Cost Increase 15%
+41.5% Disturb Effect
Inflict Disturb effect on enemies within range 0.5 s after using Movement Skill
Applied as Vulnerable effect
Disturb Range 350
Disturb Duration 3 s
15% Movement Speed Dampening
15% Attack Speed Dampening
15% Cast Speed Dampening

(희귀 등급 효과) +5% Disturb Effect
(희귀 등급 효과) +25% Disturb Duration

(전설 등급 효과) +10% Disturb Effect
(전설 등급 효과) +50% Disturb Duration
(전설 등급 효과) +10% Movement Skill Rune Cooldown Recovery Speed",+[10-15]% Disturb Effect,"-30% Disturb Duration
+[15-20]% Disturb Effect","-[5-3]% Resource Cost
+[15-20]% Area of Effect"
,,변경,Can be linked with Skills that are Movement,Movement,"Resource Cost Increase 15%
+10% Disturb Effect
Inflict Disturb effect on enemies within range 0.5 s after using Movement Skill
Applied as Vulnerable effect
Disturb Range 350
Disturb Duration 3 s
15% Movement Speed Dampening
15% Attack Speed Dampening
15% Cast Speed Dampening

(희귀 등급 효과) +5% Disturb Effect
(희귀 등급 효과) +25% Disturb Duration

(전설 등급 효과) +10% Disturb Effect
(전설 등급 효과) +50% Disturb Duration
(전설 등급 효과) +10% Movement Skill Rune Cooldown Recovery Speed","Resource Cost Increase 15%
+43.2% Disturb Effect
Inflict Disturb effect on enemies within range 0.5 s after using Movement Skill
Applied as Vulnerable effect
Disturb Range 350
Disturb Duration 3 s
15% Movement Speed Dampening
15% Attack Speed Dampening
15% Cast Speed Dampening

(희귀 등급 효과) +5% Disturb Effect
(희귀 등급 효과) +25% Disturb Duration

(전설 등급 효과) +10% Disturb Effect
(전설 등급 효과) +50% Disturb Duration
(전설 등급 효과) +10% Movement Skill Rune Cooldown Recovery Speed",+[10-15]% Disturb Effect,"-30% Disturb Duration
+[15-20]% Disturb Effect","-[5-3]% Resource Cost
+[15-20]% Area of Effect"
,Trap Area Effect,기존,Can be linked with Skills that are Trap,Trap,"Resource Cost Increase 15%
+20% Area of Effect
+20% Trap Detection Range
+10% DMG
(마법 등급 효과) +10% Area of Effect
(마법 등급 효과) +10% Trap Detection Range
(희귀 등급 효과) +20% Area of Effect
(희귀 등급 효과) +20% Trap Detection Range
(희귀 등급 효과) +10% Trap DMG

(전설 등급 효과) +30% Area of Effect
(전설 등급 효과) +30% Trap Detection Range
(전설 등급 효과) +20% Trap DMG","Resource Cost Increase 15%
+68% Area of Effect
+68% Trap Detection Range
+83.5% DMG
(마법 등급 효과) +10% Area of Effect
(마법 등급 효과) +10% Trap Detection Range
(희귀 등급 효과) +20% Area of Effect
(희귀 등급 효과) +20% Trap Detection Range
(희귀 등급 효과) +10% Trap DMG

(전설 등급 효과) +30% Area of Effect
(전설 등급 효과) +30% Trap Detection Range
(전설 등급 효과) +20% Trap DMG","+[17-25]% Area of Effect
+17% Trap Detection Range",[2.8-4]% Trap DMG Amplification,"+[5-7]% Area of Effect per 1 Green Link Rune on linked Skill Rune
+5% Trap Detection Range per 1 Green Link Rune on linked Skill Rune"
,,변경,Can be linked with Skills that are Trap,Trap,"Resource Cost Increase 15%
+20% Area of Effect
+20% Trap Detection Range
+10% DMG
(마법 등급 효과) +10% Area of Effect
(마법 등급 효과) +10% Trap Detection Range
(희귀 등급 효과) +20% Area of Effect
(희귀 등급 효과) +20% Trap Detection Range
(희귀 등급 효과) +10% Trap DMG

(전설 등급 효과) +30% Area of Effect
(전설 등급 효과) +30% Trap Detection Range
(전설 등급 효과) +20% Trap DMG","Resource Cost Increase 15%
+70.7% Area of Effect
+70.7% Trap Detection Range
+86.8% DMG
(마법 등급 효과) +10% Area of Effect
(마법 등급 효과) +10% Trap Detection Range
(희귀 등급 효과) +20% Area of Effect
(희귀 등급 효과) +20% Trap Detection Range
(희귀 등급 효과) +10% Trap DMG

(전설 등급 효과) +30% Area of Effect
(전설 등급 효과) +30% Trap Detection Range
(전설 등급 효과) +20% Trap DMG","+[17-25]% Area of Effect
+17% Trap Detection Range",[2.8-4]% Trap DMG Amplification,"+[5-7]% Area of Effect per 1 Green Link Rune on linked Skill Rune
+5% Trap Detection Range per 1 Green Link Rune on linked Skill Rune"
,Lasting Trap,기존,Can be linked with Skills that are Trap,Trap,"Resource Cost Increase 15%
+20% Trap Duration
8% Trap DMG Amplification for 4 s upon using skill (Max Stacks: 5)
Remove 1 DMG Amplification stack on hitting Trap

(희귀 등급 효과) +10% Trap Duration
(희귀 등급 효과) +30% Trap DMG

(전설 등급 효과) +20% Trap Duration
(전설 등급 효과) +60% Trap DMG","Resource Cost Increase 15%
+68% Trap Duration
8% Trap DMG Amplification for 4 s upon using skill (Max Stacks: 5)
Remove 1 DMG Amplification stack on hitting Trap

(희귀 등급 효과) +10% Trap Duration
(희귀 등급 효과) +30% Trap DMG

(전설 등급 효과) +20% Trap Duration
(전설 등급 효과) +60% Trap DMG","9% Trap DMG Amplification for 4 s upon using skill (Max Stacks: 5)
Remove 1 DMG Amplification stack on hitting Trap
-[25-10]% Trap Duration","+[25-55]% Trap DMG
+40% Critical Rate against Crowd Controlled enemies",[0.5-0.8]% Trap DMG Amplification per 1 Green Link Rune on linked Skill Rune
,,변경,Can be linked with Skills that are Trap,Trap,"Resource Cost Increase 15%
+20% Trap Duration
8% Trap DMG Amplification for 4 s upon using skill (Max Stacks: 5)
Remove 1 DMG Amplification stack on hitting Trap

(희귀 등급 효과) +10% Trap Duration
(희귀 등급 효과) +30% Trap DMG

(전설 등급 효과) +20% Trap Duration
(전설 등급 효과) +60% Trap DMG","Resource Cost Increase 15%
+70.7% Trap Duration
8% Trap DMG Amplification for 4 s upon using skill (Max Stacks: 5)
Remove 1 DMG Amplification stack on hitting Trap

(희귀 등급 효과) +10% Trap Duration
(희귀 등급 효과) +30% Trap DMG

(전설 등급 효과) +20% Trap Duration
(전설 등급 효과) +60% Trap DMG","9% Trap DMG Amplification for 4 s upon using skill (Max Stacks: 5)
Remove 1 DMG Amplification stack on hitting Trap
-[25-10]% Trap Duration","+[25-55]% Trap DMG
+40% Critical Rate against Crowd Controlled enemies",[0.5-0.8]% Trap DMG Amplification per 1 Green Link Rune on linked Skill Rune
,Killing Machine,기존,"Can be linked with Skills that are any one of Strike, DoT
Cannot be linked with Skills that are Minion, Sentry","Strike, DoT","Resource Cost Increase 20%
Carnage Duration 4 s
Gain 4 Carnage Stacks upon killing a Normal Monster
Gain 10 Carnage Stacks upon killing an Elite Monster
Gain 5 Carnage Stacks upon hitting a Boss Monster with Strike DMG
Gain 5 Carnage stacks every 0.8 s while Boss monster is affected by DoT
Max Carnage Stacks 100
Gain Killing Machine effect upon reaching 100 Carnage stacks
Killing Machine Duration 5.5 s
Killing Machine Effect
12% DMG Amplification
10% Movement Speed Amplification
Cannot gain Carnage stacks while Killing Machine effect is active

(희귀 등급 효과) 50% chance to gain 5 Carnage stacks upon hitting an Elite Monster with Strike DMG
(희귀 등급 효과) 50% chance to gain 5 Carnage stacks every 0.8 s while Elite monster is affected by DoT

(전설 등급 효과) 100% chance to gain 5 Carnage stacks upon hitting an Elite Monster with Strike DMG
(전설 등급 효과) 100% chance to gain 5 Carnage stacks every 0.8 s while Elite monster is affected by DoT","Resource Cost Increase 20%
Carnage Duration 4 s
Gain 4 Carnage Stacks upon killing a Normal Monster
Gain 10 Carnage Stacks upon killing an Elite Monster
Gain 5 Carnage Stacks upon hitting a Boss Monster with Strike DMG
Gain 5 Carnage stacks every 0.8 s while Boss monster is affected by DoT
Max Carnage Stacks 100
Gain Killing Machine effect upon reaching 100 Carnage stacks
Killing Machine Duration 5.5 s
Killing Machine Effect
33.7% DMG Amplification
10% Movement Speed Amplification
Cannot gain Carnage stacks while Killing Machine effect is active

(희귀 등급 효과) 50% chance to gain 5 Carnage stacks upon hitting an Elite Monster with Strike DMG
(희귀 등급 효과) 50% chance to gain 5 Carnage stacks every 0.8 s while Elite monster is affected by DoT

(전설 등급 효과) 100% chance to gain 5 Carnage stacks upon hitting an Elite Monster with Strike DMG
(전설 등급 효과) 100% chance to gain 5 Carnage stacks every 0.8 s while Elite monster is affected by DoT",+[14-20]% Killing Machine Effect Duration,+[4.2-6]% Killing Machine Effect,"+[63-90]% Carnage Effect Duration
Gain 1 Carnage stack every time an object is destroyed"
,,변경,"Can be linked with Skills that are any one of Strike, DoT
Cannot be linked with Skills that are Minion, Sentry","Strike, DoT","Resource Cost Increase 20%
Carnage Duration 4 s
Gain 4 Carnage Stacks upon killing a Normal Monster
Gain 10 Carnage Stacks upon killing an Elite Monster
Gain 5 Carnage Stacks upon hitting a Boss Monster with Strike DMG
Gain 5 Carnage stacks every 0.8 s while Boss monster is affected by DoT
Max Carnage Stacks 100
Gain Killing Machine effect upon reaching 100 Carnage stacks
Killing Machine Duration 5.5 s
Killing Machine Effect
12% DMG Amplification
10% Movement Speed Amplification
Cannot gain Carnage stacks while Killing Machine effect is active

(희귀 등급 효과) 50% chance to gain 5 Carnage stacks upon hitting an Elite Monster with Strike DMG
(희귀 등급 효과) 50% chance to gain 5 Carnage stacks every 0.8 s while Elite monster is affected by DoT

(전설 등급 효과) 100% chance to gain 5 Carnage stacks upon hitting an Elite Monster with Strike DMG
(전설 등급 효과) 100% chance to gain 5 Carnage stacks every 0.8 s while Elite monster is affected by DoT","Resource Cost Increase 20%
Carnage Duration 4 s
Gain 4 Carnage Stacks upon killing a Normal Monster
Gain 10 Carnage Stacks upon killing an Elite Monster
Gain 5 Carnage Stacks upon hitting a Boss Monster with Strike DMG
Gain 5 Carnage stacks every 0.8 s while Boss monster is affected by DoT
Max Carnage Stacks 100
Gain Killing Machine effect upon reaching 100 Carnage stacks
Killing Machine Duration 5.5 s
Killing Machine Effect
35% DMG Amplification
10% Movement Speed Amplification
Cannot gain Carnage stacks while Killing Machine effect is active

(희귀 등급 효과) 50% chance to gain 5 Carnage stacks upon hitting an Elite Monster with Strike DMG
(희귀 등급 효과) 50% chance to gain 5 Carnage stacks every 0.8 s while Elite monster is affected by DoT

(전설 등급 효과) 100% chance to gain 5 Carnage stacks upon hitting an Elite Monster with Strike DMG
(전설 등급 효과) 100% chance to gain 5 Carnage stacks every 0.8 s while Elite monster is affected by DoT",+[14-20]% Killing Machine Effect Duration,+[4.2-6]% Killing Machine Effect,"+[63-90]% Carnage Effect Duration
Gain 1 Carnage stack every time an object is destroyed"
,Extract Energy,기존,"Can be linked with Skills that are Strike
Applies to Minions when linked to Summon Skill",Strike,"Resource Cost Increase 20%
-2 Max Energy
14% chance to gain random Energy on hit
0.1% DMG Amplification per 1 Energy possessed
Physical Element: Earth Energy
(Increases Attack DMG by 20% per stack, decreases Spell DMG by 20% per stack)
Fire Element: Fire Energy
(Increases Spell DMG by 20% per Stack, decreases Attack DMG by 20% per stack)
Cold Element: Cold Energy
(Increases Maximized DMG by 4% per stack, decreases Critical Chance by 4% per stack)
Lightning Element: Lightning Energy
(Increases Critical DMG by 10% per stack, decreases Maximization Chance by 2% per stack)
Poison Element: Poison Energy
(Increases Attack Speed/Cast Speed/Movement Speed by +3% per stack, increases Resource Cost by 6% per stack)
(마법 등급 효과) 1% DMG Increase per 1 Energy possessed
(희귀 등급 효과) 2% DMG Increase per 1 Energy possessed

(전설 등급 효과) 3% DMG Increase per 1 Energy possessed","Resource Cost Increase 20%
-2 Max Energy
40.4% chance to gain random Energy on hit
1% DMG Amplification per 1 Energy possessed
Physical Element: Earth Energy
(Increases Attack DMG by 20% per stack, decreases Spell DMG by 20% per stack)
Fire Element: Fire Energy
(Increases Spell DMG by 20% per Stack, decreases Attack DMG by 20% per stack)
Cold Element: Cold Energy
(Increases Maximized DMG by 4% per stack, decreases Critical Chance by 4% per stack)
Lightning Element: Lightning Energy
(Increases Critical DMG by 10% per stack, decreases Maximization Chance by 2% per stack)
Poison Element: Poison Energy
(Increases Attack Speed/Cast Speed/Movement Speed by +3% per stack, increases Resource Cost by 6% per stack)
(마법 등급 효과) 1% DMG Increase per 1 Energy possessed
(희귀 등급 효과) 2% DMG Increase per 1 Energy possessed

(전설 등급 효과) 3% DMG Increase per 1 Energy possessed",Max Energy +[1-2],1% DMG Taken Dampening per 1 Energy possessed,"Add DoT tag
[10-20]% chance to gain random Energy every 0.8 s when dealing DoT (Does not apply to DMG Status Effect)
[5-15]% DoT Increase"
,,변경,"Can be linked with Skills that are Strike
Only one type of Rune with the Energy Extraction tag can be linked to a single skill.
Applies to Minions when linked to Summon Skill","Strike, Extract Energy","Resource Cost Increase 20%
7% chance to gain random Energy on hit
0.1% DMG Amplification per 1 Energy possessed
Physical Element: Earth Energy
(Increases Attack DMG by 20% per stack, decreases Spell DMG by 20% per stack)
Fire Element: Fire Energy
(Increases Spell DMG by 20% per Stack, decreases Attack DMG by 20% per stack)
Cold Element: Cold Energy
(Increases Maximized DMG by 4% per stack, decreases Critical Chance by 4% per stack)
Lightning Element: Lightning Energy
(Increases Critical DMG by 10% per stack, decreases Maximization Chance by 2% per stack)
Poison Element: Poison Energy
(Increases Attack Speed/Cast Speed/Movement Speed by +3% per stack, increases Resource Cost by 6% per stack)
(마법 등급 효과) 1% DMG Increase per 1 Energy possessed
(희귀 등급 효과) 2% DMG Increase per 1 Energy possessed

(전설 등급 효과) 3% DMG Increase per 1 Energy possessed","Resource Cost Increase 20%
33.4% chance to gain random Energy on hit
1.2% DMG Amplification per 1 Energy possessed
Physical Element: Earth Energy
(Increases Attack DMG by 20% per stack, decreases Spell DMG by 20% per stack)
Fire Element: Fire Energy
(Increases Spell DMG by 20% per Stack, decreases Attack DMG by 20% per stack)
Cold Element: Cold Energy
(Increases Maximized DMG by 4% per stack, decreases Critical Chance by 4% per stack)
Lightning Element: Lightning Energy
(Increases Critical DMG by 10% per stack, decreases Maximization Chance by 2% per stack)
Poison Element: Poison Energy
(Increases Attack Speed/Cast Speed/Movement Speed by +3% per stack, increases Resource Cost by 6% per stack)
(마법 등급 효과) 1% DMG Increase per 1 Energy possessed
(희귀 등급 효과) 2% DMG Increase per 1 Energy possessed

(전설 등급 효과) 3% DMG Increase per 1 Energy possessed",[5-10]% chance to gain random Energy on hit,1% DMG Taken Dampening per 1 Energy possessed,"Add DoT tag
[10-20]% chance to gain random Energy every 0.8 s when dealing DoT (Does not apply to DMG Status Effect)
[5-15]% DoT Increase"
,Trap Projectile Multishot,기존,"Can be linked with Skills that are Trap, Projectile (must include all)","Trap, Projectile","Resource Cost Increase 20%
+2 Trap Projectile Count
+10% Trap Detection Range
(마법 등급 효과) +10% Trap Detection Range
(마법 등급 효과) +10% Trap DMG
(희귀 등급 효과) +20% Trap Detection Range
(희귀 등급 효과) +30% Trap DMG
(희귀 등급 효과) +1 Trap Projectile Count

(전설 등급 효과) +30% Trap Detection Range
(전설 등급 효과) +50% Trap DMG
(전설 등급 효과) +2 Trap Projectile Count","Resource Cost Increase 20%
+2 Trap Projectile Count
+41.5% Trap Detection Range
(마법 등급 효과) +10% Trap Detection Range
(마법 등급 효과) +10% Trap DMG
(희귀 등급 효과) +20% Trap Detection Range
(희귀 등급 효과) +30% Trap DMG
(희귀 등급 효과) +1 Trap Projectile Count

(전설 등급 효과) +30% Trap Detection Range
(전설 등급 효과) +50% Trap DMG
(전설 등급 효과) +2 Trap Projectile Count","+[10-20]% DMG for 3 s upon Trap Critical Hit
+1 Trap Projectile Count","+1 Trap Projectile Count per 3 Trap tag Link Runes on linked Skill Rune
[0.3-0.8]% DMG Amplification if linked Skill Rune has 5 or more Trap tag Link Runes","-[5-3]% Resource Cost
+1 Trap Projectile Count per 300 Dexterity (Max:  3)"
,,변경,"Can be linked with Skills that are Trap, Projectile (must include all)","Trap, Projectile","Resource Cost Increase 20%
+2 Trap Projectile Count
+10% Trap Detection Range
(마법 등급 효과) +10% Trap Detection Range
(마법 등급 효과) +10% Trap DMG
(희귀 등급 효과) +20% Trap Detection Range
(희귀 등급 효과) +30% Trap DMG
(희귀 등급 효과) +1 Trap Projectile Count

(전설 등급 효과) +30% Trap Detection Range
(전설 등급 효과) +50% Trap DMG
(전설 등급 효과) +2 Trap Projectile Count","Resource Cost Increase 20%
+2 Trap Projectile Count
+43.2% Trap Detection Range
(마법 등급 효과) +10% Trap Detection Range
(마법 등급 효과) +10% Trap DMG
(희귀 등급 효과) +20% Trap Detection Range
(희귀 등급 효과) +30% Trap DMG
(희귀 등급 효과) +1 Trap Projectile Count

(전설 등급 효과) +30% Trap Detection Range
(전설 등급 효과) +50% Trap DMG
(전설 등급 효과) +2 Trap Projectile Count","+[10-20]% DMG for 3 s upon Trap Critical Hit
+1 Trap Projectile Count","+1 Trap Projectile Count per 3 Trap tag Link Runes on linked Skill Rune
[0.3-0.8]% DMG Amplification if linked Skill Rune has 5 or more Trap tag Link Runes","-[5-3]% Resource Cost
+1 Trap Projectile Count per 300 Dexterity (Max:  3)"
,Fighting Spirit,기존,"Can be linked with Skills that are Melee, Strike (must include all)
Can be linked with Skills that satisfy any one of Attack, Spell
Cannot be linked with Skills that are Minion, Sentry, Toggle, Shout, Movement","Attack, Spell, Melee, Strike","Resource Cost Increase 15%
6% Strike DMG Amplification
100% chance to gain Fighting Spirit effect on hit
Fighting Spirit Duration 4 s
Max Fighting Spirit Stacks 20
1% Physical DMG Taken Dampening per stack

(희귀 등급 효과) +5 Max Fighting Spirit Stacks

(전설 등급 효과) +10 Max Fighting Spirit Stacks
(전설 등급 효과) 0.5% Element DMG Taken Dampening per stack","Resource Cost Increase 15%
22.7% Strike DMG Amplification
100% chance to gain Fighting Spirit effect on hit
Fighting Spirit Duration 4 s
Max Fighting Spirit Stacks 20
1% Physical DMG Taken Dampening per stack

(희귀 등급 효과) +5 Max Fighting Spirit Stacks

(전설 등급 효과) +10 Max Fighting Spirit Stacks
(전설 등급 효과) 0.5% Element DMG Taken Dampening per stack","+3 Max Fighting Spirit Stacks
[2.8-4]% Strike DMG Amplification","-30% Fighting Spirit Effect
[5-7]% Strike DMG Amplification","+50% Fighting Spirit Duration
+[15-25]% Fighting Spirit Effect"
,,변경,"Can be linked with Skills that are Melee, Strike (must include all)
Can be linked with Skills that satisfy any one of Attack, Spell
Cannot be linked with Skills that are Minion, Sentry, Toggle, Shout, Movement","Attack, Spell, Melee, Strike","Resource Cost Increase 15%
6% Strike DMG Amplification
100% chance to gain Fighting Spirit effect on hit
Fighting Spirit Duration 4 s
Max Fighting Spirit Stacks 20
1% Physical DMG Taken Dampening per stack

(희귀 등급 효과) +5 Max Fighting Spirit Stacks

(전설 등급 효과) +10 Max Fighting Spirit Stacks
(전설 등급 효과) 0.5% Element DMG Taken Dampening per stack","Resource Cost Increase 15%
23.6% Strike DMG Amplification
100% chance to gain Fighting Spirit effect on hit
Fighting Spirit Duration 4 s
Max Fighting Spirit Stacks 20
1% Physical DMG Taken Dampening per stack

(희귀 등급 효과) +5 Max Fighting Spirit Stacks

(전설 등급 효과) +10 Max Fighting Spirit Stacks
(전설 등급 효과) 0.5% Element DMG Taken Dampening per stack","+3 Max Fighting Spirit Stacks
[2.8-4]% Strike DMG Amplification","-30% Fighting Spirit Effect
[5-7]% Strike DMG Amplification","+50% Fighting Spirit Duration
+[15-25]% Fighting Spirit Effect"
,Iron Will,기존,"Can be linked with Skills that are Melee, Strike (must include all)
Can be linked with Skills that satisfy any one of Attack, Spell
Cannot be linked with Skills that are Minion, Sentry, Toggle","Attack, Spell, Melee, Strike","Resource Cost Increase 15%
+30% Melee DMG
0.5% DMG Amplification per 650 max HP (Max  18%)
Gain Iron Will for 3 s on hit
Iron Will effect
+16 Armor per 100 Max HP (Max  2880)
(마법 등급 효과) +25% Melee DMG
(희귀 등급 효과) +25% Melee DMG
(희귀 등급 효과) 1% DMG Amplification per 1500 max HP (Max  5%)

(전설 등급 효과) +25% Melee DMG
(전설 등급 효과) 1% DMG Amplification per 1500 max HP (Max  10%)
(전설 등급 효과) +2% Max Armor DMG Decrease Limit during Iron Will effect","Resource Cost Increase 15%
+123% Melee DMG
0.5% DMG Amplification per 650 max HP (Max  18%)
Gain Iron Will for 3 s on hit
Iron Will effect
+16 Armor per 100 Max HP (Max  2880)
(마법 등급 효과) +25% Melee DMG
(희귀 등급 효과) +25% Melee DMG
(희귀 등급 효과) 1% DMG Amplification per 1500 max HP (Max  5%)

(전설 등급 효과) +25% Melee DMG
(전설 등급 효과) 1% DMG Amplification per 1500 max HP (Max  10%)
(전설 등급 효과) +2% Max Armor DMG Decrease Limit during Iron Will effect","+15% Melee DMG
[0.4-1.2]% Max HP Regen/Sec for 3 s on hit","[1.5-3]% Melee DMG Amplification
2.5% DMG Amplification when Strength is 500 or more","+[20-35]% Melee DMG
[3-6]% Critical DMG Taken Decrease for 3 s on hit"
,,변경,"Can be linked with Skills that are Melee, Strike (must include all)
Can be linked with Skills that satisfy any one of Attack, Spell
Cannot be linked with Skills that are Minion, Sentry, Toggle","Attack, Spell, Melee, Strike","Resource Cost Increase 15%
+30% Melee DMG
0.5% DMG Amplification per 650 max HP (Max  18%)
Gain Iron Will for 3 s on hit
Iron Will effect
+16 Armor per 100 Max HP (Max  2880)
(마법 등급 효과) +25% Melee DMG
(희귀 등급 효과) +25% Melee DMG
(희귀 등급 효과) 1% DMG Amplification per 1500 max HP (Max  5%)

(전설 등급 효과) +25% Melee DMG
(전설 등급 효과) 1% DMG Amplification per 1500 max HP (Max  10%)
(전설 등급 효과) +2% Max Armor DMG Decrease Limit during Iron Will effect","Resource Cost Increase 15%
+127.9% Melee DMG
0.5% DMG Amplification per 650 max HP (Max  18%)
Gain Iron Will for 3 s on hit
Iron Will effect
+16 Armor per 100 Max HP (Max  2880)
(마법 등급 효과) +25% Melee DMG
(희귀 등급 효과) +25% Melee DMG
(희귀 등급 효과) 1% DMG Amplification per 1500 max HP (Max  5%)

(전설 등급 효과) +25% Melee DMG
(전설 등급 효과) 1% DMG Amplification per 1500 max HP (Max  10%)
(전설 등급 효과) +2% Max Armor DMG Decrease Limit during Iron Will effect","+15% Melee DMG
[0.4-1.2]% Max HP Regen/Sec for 3 s on hit","[1.5-3]% Melee DMG Amplification
2.5% DMG Amplification when Strength is 500 or more","+[20-35]% Melee DMG
[3-6]% Critical DMG Taken Decrease for 3 s on hit"
,Minion Presence,기존,Can be linked with Skills that are Minion,Minion,"Resource Cost Increase 20%
+10% Minion HP
+5% Minion DMG per 300 Minion HP
(Max:  400%)
4% Minion DMG Amplification per 6000 Minion HP
(Max:  20%)

(희귀 등급 효과) +5% Minion Cast Speed
(희귀 등급 효과) +5% Minion Attack Speed
(희귀 등급 효과) Amplifies Minion Max HP by 5%

(전설 등급 효과) +7% Minion Cast Speed
(전설 등급 효과) +7% Minion Attack Speed
(전설 등급 효과) Amplifies Minion Max HP by 15%","Resource Cost Increase 20%
+34% Minion HP
+5% Minion DMG per 300 Minion HP
(Max:  400%)
4% Minion DMG Amplification per 6000 Minion HP
(Max:  20%)

(희귀 등급 효과) +5% Minion Cast Speed
(희귀 등급 효과) +5% Minion Attack Speed
(희귀 등급 효과) Amplifies Minion Max HP by 5%

(전설 등급 효과) +7% Minion Cast Speed
(전설 등급 효과) +7% Minion Attack Speed
(전설 등급 효과) Amplifies Minion Max HP by 15%","4% Minion DMG Amplification per 6000 Minion HP
(Max:  24%)
+[4-12]% Minion HP","[0.5-2]% Minion DMG Amplification
+[1-2.5]% Minion Max Element Resist","Minion regenerates [1-3]% of Max HP per Sec
[0.7-1.8]% Minion Max HP Amplification per 1 Minion tag Link Rune on linked Skill Rune"
,,변경,Can be linked with Skills that are Minion,Minion,"Resource Cost Increase 20%
+10% Minion HP
+5% Minion DMG per 300 Minion HP
(Max:  400%)
4% Minion DMG Amplification per 6000 Minion HP
(Max:  20%)

(희귀 등급 효과) +5% Minion Cast Speed
(희귀 등급 효과) +5% Minion Attack Speed
(희귀 등급 효과) Amplifies Minion Max HP by 5%

(전설 등급 효과) +7% Minion Cast Speed
(전설 등급 효과) +7% Minion Attack Speed
(전설 등급 효과) Amplifies Minion Max HP by 15%","Resource Cost Increase 20%
+35.4% Minion HP
+5% Minion DMG per 300 Minion HP
(Max:  400%)
4% Minion DMG Amplification per 6000 Minion HP
(Max:  20%)

(희귀 등급 효과) +5% Minion Cast Speed
(희귀 등급 효과) +5% Minion Attack Speed
(희귀 등급 효과) Amplifies Minion Max HP by 5%

(전설 등급 효과) +7% Minion Cast Speed
(전설 등급 효과) +7% Minion Attack Speed
(전설 등급 효과) Amplifies Minion Max HP by 15%","4% Minion DMG Amplification per 6000 Minion HP
(Max:  24%)
+[4-12]% Minion HP","[0.5-2]% Minion DMG Amplification
+[1-2.5]% Minion Max Element Resist","Minion regenerates [1-3]% of Max HP per Sec
[0.7-1.8]% Minion Max HP Amplification per 1 Minion tag Link Rune on linked Skill Rune"
,Break,기존,"Can be linked with Skills that are Melee, Strike (must include all)
Can be linked with Skills that satisfy any one of Attack, Spell
Cannot be linked with Skills that are Minion, Sentry, Trap, Toggle","Attack, Spell, Melee, Strike","Resource Cost Increase 15%
+26% Physical DMG
+10 Stun Rate
Amplify Strike DMG by 30% of Stun Rate on hit (Max  20%)
(마법 등급 효과) +6 Stun Rate
(희귀 등급 효과) +8 Stun Rate
(희귀 등급 효과) +5% Max Strike DMG Amplification of Stun Rate

(전설 등급 효과) +1 Stun Rate per 50 Strength
(전설 등급 효과) +10 Stun Rate
(전설 등급 효과) +10% Max Strike DMG Amplification of Stun Rate","Resource Cost Increase 15%
+116% Physical DMG
+20 Stun Rate
Amplify Strike DMG by 30% of Stun Rate on hit (Max  20%)
(마법 등급 효과) +6 Stun Rate
(희귀 등급 효과) +8 Stun Rate
(희귀 등급 효과) +5% Max Strike DMG Amplification of Stun Rate

(전설 등급 효과) +1 Stun Rate per 50 Strength
(전설 등급 효과) +10 Stun Rate
(전설 등급 효과) +10% Max Strike DMG Amplification of Stun Rate","+30% Melee DMG
[0.4-0.8]% Melee DMG Amplification per 1 Red Link Rune on linked Skill Rune",+[15-21] Stun Rate,[3.5-5.5]% DMG Amplification against Stunned enemies
,,변경,"Can be linked with Skills that are Melee, Strike (must include all)
Can be linked with Skills that satisfy any one of Attack, Spell
Cannot be linked with Skills that are Minion, Sentry, Trap, Toggle","Attack, Spell, Melee, Strike","Resource Cost Increase 15%
+26% Physical DMG
+10 Stun Rate
Amplify Strike DMG by 30% of Stun Rate on hit (Max  20%)
(마법 등급 효과) +6 Stun Rate
(희귀 등급 효과) +8 Stun Rate
(희귀 등급 효과) +5% Max Strike DMG Amplification of Stun Rate

(전설 등급 효과) +1 Stun Rate per 50 Strength
(전설 등급 효과) +10 Stun Rate
(전설 등급 효과) +10% Max Strike DMG Amplification of Stun Rate","Resource Cost Increase 15%
+120.6% Physical DMG
+20 Stun Rate
Amplify Strike DMG by 30% of Stun Rate on hit (Max  20%)
(마법 등급 효과) +6 Stun Rate
(희귀 등급 효과) +8 Stun Rate
(희귀 등급 효과) +5% Max Strike DMG Amplification of Stun Rate

(전설 등급 효과) +1 Stun Rate per 50 Strength
(전설 등급 효과) +10 Stun Rate
(전설 등급 효과) +10% Max Strike DMG Amplification of Stun Rate","+30% Melee DMG
[0.4-0.8]% Melee DMG Amplification per 1 Red Link Rune on linked Skill Rune",+[15-21] Stun Rate,[3.5-5.5]% DMG Amplification against Stunned enemies
,Overflowing Energy,기존,"Can be linked with Skills that are any one of Attack, Spell
Cannot be linked with Skills that are Totem, Minion, Sentry, Toggle, Shout, Attack Enhance, Defense Enhance, Movement, Trap","Attack, Spell","Resource Cost Increase 20%
When percentage of Barrier is higher than or equal to Mana 
4.4% DMG Amplification
When percentage of Barrier is less than Mana
Regenerate 0.8% of Max Barrier per Sec
0.2% DMG Amplification per 300 Max Barrier (Max:  10%)

(희귀 등급 효과) +1 Barrier on every hit

(전설 등급 효과) +10% Attack Speed at 80% or more Barrier
(전설 등급 효과) +10% Cast Speed at 80% or more Barrier
(전설 등급 효과) +2 Barrier on every hit","Resource Cost Increase 20%
When percentage of Barrier is higher than or equal to Mana 
12.7% DMG Amplification
When percentage of Barrier is less than Mana
Regenerate 7% of Max Barrier per Sec
0.2% DMG Amplification per 300 Max Barrier (Max:  10%)

(희귀 등급 효과) +1 Barrier on every hit

(전설 등급 효과) +10% Attack Speed at 80% or more Barrier
(전설 등급 효과) +10% Cast Speed at 80% or more Barrier
(전설 등급 효과) +2 Barrier on every hit",[0.5-0.9]% DMG Amplification per 375 Max Barrier (Max:  20%),"+5% Attack Speed
+5% Cast Speed
When Barrier and Mana are under 50%
[2-4.5]% Attack Speed Amplification
[2-4.5]% Cast Speed Amplification","+[25-40]% DMG
[3-4.5]% Element DMG Amplification at Max Barrier"
,,변경,"Can be linked with Skills that are any one of Attack, Spell
Cannot be linked with Skills that are Totem, Minion, Sentry, Toggle, Shout, Attack Enhance, Defense Enhance, Movement, Trap","Attack, Spell","Resource Cost Increase 20%
When percentage of Barrier is higher than or equal to Mana 
4.4% DMG Amplification
When percentage of Barrier is less than Mana
Regenerate 0.8% of Max Barrier per Sec
0.2% DMG Amplification per 300 Max Barrier (Max:  10%)

(희귀 등급 효과) +1 Barrier on every hit

(전설 등급 효과) +10% Attack Speed at 80% or more Barrier
(전설 등급 효과) +10% Cast Speed at 80% or more Barrier
(전설 등급 효과) +2 Barrier on every hit","Resource Cost Increase 20%
When percentage of Barrier is higher than or equal to Mana 
13.2% DMG Amplification
When percentage of Barrier is less than Mana
Regenerate 7.3% of Max Barrier per Sec
0.2% DMG Amplification per 300 Max Barrier (Max:  10%)

(희귀 등급 효과) +1 Barrier on every hit

(전설 등급 효과) +10% Attack Speed at 80% or more Barrier
(전설 등급 효과) +10% Cast Speed at 80% or more Barrier
(전설 등급 효과) +2 Barrier on every hit",[0.5-0.9]% DMG Amplification per 375 Max Barrier (Max:  20%),"+5% Attack Speed
+5% Cast Speed
When Barrier and Mana are under 50%
[2-4.5]% Attack Speed Amplification
[2-4.5]% Cast Speed Amplification","+[25-40]% DMG
[3-4.5]% Element DMG Amplification at Max Barrier"
,Promised Protection,기존,"Can be linked with Skills that are Defense Enhance
Cannot be linked with Skills that are Totem, Sentry, Toggle, Shout, Movement, Minion",Defense Enhance,"Resource Cost Increase 20%
Gain max Promised Protection stacks for 7 s upon using Skill (Max Stacks: 3)
Increase Armor by 7% of Max Barrier per stack (Max:  3600)

(희귀 등급 효과) +1 Max Promised Protection Stacks

(전설 등급 효과) +1 Max Promised Protection Stacks
(전설 등급 효과) +10% Defense Enhance Skill Rune Duration
(전설 등급 효과) +200 Max Promised Protection Effect","Resource Cost Increase 20%
Gain max Promised Protection stacks for 7 s upon using Skill (Max Stacks: 3)
Increase Armor by 13% of Max Barrier per stack (Max:  3600)

(희귀 등급 효과) +1 Max Promised Protection Stacks

(전설 등급 효과) +1 Max Promised Protection Stacks
(전설 등급 효과) +10% Defense Enhance Skill Rune Duration
(전설 등급 효과) +200 Max Promised Protection Effect",+[10-15]% Skill Rune Duration,+[800-1200] Max Promised Protection Effect,+[10-15]% Skill Rune Cooldown Recovery Speed
,,변경,"Can be linked with Skills that are Defense Enhance
Cannot be linked with Skills that are Totem, Sentry, Toggle, Shout, Movement, Minion",Defense Enhance,"Resource Cost Increase 20%
Gain max Promised Protection stacks for 7 s upon using Skill (Max Stacks: 3)
Increase Armor by 7% of Max Barrier per stack (Max:  3600)

(희귀 등급 효과) +1 Max Promised Protection Stacks

(전설 등급 효과) +1 Max Promised Protection Stacks
(전설 등급 효과) +10% Defense Enhance Skill Rune Duration
(전설 등급 효과) +200 Max Promised Protection Effect","Resource Cost Increase 20%
Gain max Promised Protection stacks for 7 s upon using Skill (Max Stacks: 3)
Increase Armor by 14% of Max Barrier per stack (Max:  3600)

(희귀 등급 효과) +1 Max Promised Protection Stacks

(전설 등급 효과) +1 Max Promised Protection Stacks
(전설 등급 효과) +10% Defense Enhance Skill Rune Duration
(전설 등급 효과) +200 Max Promised Protection Effect",+[10-15]% Skill Rune Duration,+[800-1200] Max Promised Protection Effect,+[10-15]% Skill Rune Cooldown Recovery Speed
,Expand Vision,기존,Can be linked with Skills that are Movement,Movement,"Resource Cost Increase 15%
+40% DMG
+20% Area of Effect
+1 Skill Rune Cooldown
Gain Expand Vision for 2 s upon using Movement Skill
Expand Vision effect
+17% Area of Effect
+25 Weapon Range
(마법 등급 효과) +25% Expand Vision Duration
(마법 등급 효과) +5% Expand Vision effect
(희귀 등급 효과) +30% Expand Vision Duration
(희귀 등급 효과) +10% Expand Vision effect

(전설 등급 효과) +35% Expand Vision Duration
(전설 등급 효과) +15% Expand Vision effect
(전설 등급 효과) +30% DMG","Resource Cost Increase 15%
+136% DMG
+39.5% Area of Effect
+1 Skill Rune Cooldown
Gain Expand Vision for 2 s upon using Movement Skill
Expand Vision effect
+41% Area of Effect
+49 Weapon Range
(마법 등급 효과) +25% Expand Vision Duration
(마법 등급 효과) +5% Expand Vision effect
(희귀 등급 효과) +30% Expand Vision Duration
(희귀 등급 효과) +10% Expand Vision effect

(전설 등급 효과) +35% Expand Vision Duration
(전설 등급 효과) +15% Expand Vision effect
(전설 등급 효과) +30% DMG",+[15-30]% Expand Vision effect,"-[15-5]% Expand Vision effect
+[20-35]% Expand Vision Duration","5% DMG Amplification
[2-6]% Movement Speed Increase for 2 s upon using Skill (Max Stacks: 4)"
,,변경,Can be linked with Skills that are Movement,Movement,"Resource Cost Increase 15%
+40% DMG
+20% Area of Effect
+1 Skill Rune Cooldown
Gain Expand Vision for 2 s upon using Movement Skill
Expand Vision effect
+17% Area of Effect
+25 Weapon Range
(마법 등급 효과) +25% Expand Vision Duration
(마법 등급 효과) +5% Expand Vision effect
(희귀 등급 효과) +30% Expand Vision Duration
(희귀 등급 효과) +10% Expand Vision effect

(전설 등급 효과) +35% Expand Vision Duration
(전설 등급 효과) +15% Expand Vision effect
(전설 등급 효과) +30% DMG","Resource Cost Increase 15%
+141.4% DMG
+41.1% Area of Effect
+1 Skill Rune Cooldown
Gain Expand Vision for 2 s upon using Movement Skill
Expand Vision effect
+42.6% Area of Effect
+51 Weapon Range
(마법 등급 효과) +25% Expand Vision Duration
(마법 등급 효과) +5% Expand Vision effect
(희귀 등급 효과) +30% Expand Vision Duration
(희귀 등급 효과) +10% Expand Vision effect

(전설 등급 효과) +35% Expand Vision Duration
(전설 등급 효과) +15% Expand Vision effect
(전설 등급 효과) +30% DMG",+[15-30]% Expand Vision effect,"-[15-5]% Expand Vision effect
+[20-35]% Expand Vision Duration","5% DMG Amplification
[2-6]% Movement Speed Increase for 2 s upon using Skill (Max Stacks: 4)"
,Heat Efficiency,기존,Can be linked with Skills that are Overheat,Overheat,"Resource Cost Increase 20%
Increase Attack Speed by 2% of Max Overheat (Max:  80%)
6% Attack Speed Amplification at 40% or more Overheat
(마법 등급 효과) +6% Attack Speed if Overheat is at 60% or more
(희귀 등급 효과) +12% Attack Speed if Overheat is at 60% or more

(전설 등급 효과) +18% Attack Speed if Overheat is at 60% or more","Resource Cost Increase 20%
Increase Attack Speed by 2% of Max Overheat (Max:  80%)
19.5% Attack Speed Amplification at 40% or more Overheat
(마법 등급 효과) +6% Attack Speed if Overheat is at 60% or more
(희귀 등급 효과) +12% Attack Speed if Overheat is at 60% or more

(전설 등급 효과) +18% Attack Speed if Overheat is at 60% or more",+[21-28]% Attack Speed if Overheat is at 60% or more,+[15-25]% Max Heat Efficiency Attack Speed,+[6-12]% Attack Speed per 1 Overheat tag Link Rune on linked Skill Rune
,,변경,Can be linked with Skills that are Overheat,Overheat,"Resource Cost Increase 20%
Increase Attack Speed by 2% of Max Overheat (Max:  80%)
6% Attack Speed Amplification at 40% or more Overheat
(마법 등급 효과) +6% Attack Speed if Overheat is at 60% or more
(희귀 등급 효과) +12% Attack Speed if Overheat is at 60% or more

(전설 등급 효과) +18% Attack Speed if Overheat is at 60% or more","Resource Cost Increase 20%
Increase Attack Speed by 2% of Max Overheat (Max:  80%)
20.3% Attack Speed Amplification at 40% or more Overheat
(마법 등급 효과) +6% Attack Speed if Overheat is at 60% or more
(희귀 등급 효과) +12% Attack Speed if Overheat is at 60% or more

(전설 등급 효과) +18% Attack Speed if Overheat is at 60% or more",+[21-28]% Attack Speed if Overheat is at 60% or more,+[15-25]% Max Heat Efficiency Attack Speed,+[6-12]% Attack Speed per 1 Overheat tag Link Rune on linked Skill Rune
,Over Cooling,기존,Can be linked with Skills that are Overheat,Overheat,"Resource Cost Increase 15%
5% Overheat Accumulation Dampening
0.3% DMG Amplification per 10% of remaining ratio until Critical Overheat Point
(마법 등급 효과) 1.5% Overheat Accumulation Dampening
(희귀 등급 효과) 3% DMG Amplification
(희귀 등급 효과) 1.5% Overheat Accumulation Dampening

(전설 등급 효과) 5% DMG Amplification
(전설 등급 효과) 3% Overheat Accumulation Dampening","Resource Cost Increase 15%
8% Overheat Accumulation Dampening
4.8% DMG Amplification per 10% of remaining ratio until Critical Overheat Point
(마법 등급 효과) 1.5% Overheat Accumulation Dampening
(희귀 등급 효과) 3% DMG Amplification
(희귀 등급 효과) 1.5% Overheat Accumulation Dampening

(전설 등급 효과) 5% DMG Amplification
(전설 등급 효과) 3% Overheat Accumulation Dampening",+[6-12]% DMG per 10% remaining ratio until Critical Overheat Point,[3-5]% DMG Amplification if linked Skill Rune has 2 or more Overheat tag Link Runes,"-[8-3]% Resource Cost
2% Overheat Accumulation Dampening"
,,변경,Can be linked with Skills that are Overheat,Overheat,"Resource Cost Increase 15%
5% Overheat Accumulation Dampening
0.3% DMG Amplification per 10% of remaining ratio until Critical Overheat Point
(마법 등급 효과) 1.5% Overheat Accumulation Dampening
(희귀 등급 효과) 3% DMG Amplification
(희귀 등급 효과) 1.5% Overheat Accumulation Dampening

(전설 등급 효과) 5% DMG Amplification
(전설 등급 효과) 3% Overheat Accumulation Dampening","Resource Cost Increase 15%
8.3% Overheat Accumulation Dampening
5% DMG Amplification per 10% of remaining ratio until Critical Overheat Point
(마법 등급 효과) 1.5% Overheat Accumulation Dampening
(희귀 등급 효과) 3% DMG Amplification
(희귀 등급 효과) 1.5% Overheat Accumulation Dampening

(전설 등급 효과) 5% DMG Amplification
(전설 등급 효과) 3% Overheat Accumulation Dampening",+[6-12]% DMG per 10% remaining ratio until Critical Overheat Point,[3-5]% DMG Amplification if linked Skill Rune has 2 or more Overheat tag Link Runes,"-[8-3]% Resource Cost
2% Overheat Accumulation Dampening"
,Outlaw,기존,Can be linked with Skills that are Overheat,Overheat,"Resource Cost Increase 15%
Increases Critical Rate by 2% of Max Overheat (Max:  80%)
Increases Critical Chance by 0.3% of Max Overheat (Max:  7%)
Increases Critical DMG by 5% of Max Overheat (Max:  100%)
+30% Outlaw Max Critical Rate
+0.5% Outlaw Max Critical Chance
+50% Outlaw Max Critical DMG

(희귀 등급 효과) +40% Critical Rate
(희귀 등급 효과) +1% Critical Chance
(희귀 등급 효과) +20% Critical DMG

(전설 등급 효과) +70% Critical Rate
(전설 등급 효과) +2% Critical Chance
(전설 등급 효과) +40% Critical DMG","Resource Cost Increase 15%
Increases Critical Rate by 2% of Max Overheat (Max:  80%)
Increases Critical Chance by 0.3% of Max Overheat (Max:  7%)
Increases Critical DMG by 5% of Max Overheat (Max:  100%)
+66% Outlaw Max Critical Rate
+3% Outlaw Max Critical Chance
+100% Outlaw Max Critical DMG

(희귀 등급 효과) +40% Critical Rate
(희귀 등급 효과) +1% Critical Chance
(희귀 등급 효과) +20% Critical DMG

(전설 등급 효과) +70% Critical Rate
(전설 등급 효과) +2% Critical Chance
(전설 등급 효과) +40% Critical DMG",+[30-60]% Outlaw Max Critical DMG,+[1-3]% Outlaw Max Critical Chance,+[10-30]% Outlaw Max Critical Rate
,,변경,Can be linked with Skills that are Overheat,Overheat,"Resource Cost Increase 15%
Increases Critical Rate by 2% of Max Overheat (Max:  80%)
Increases Critical Chance by 0.3% of Max Overheat (Max:  7%)
Increases Critical DMG by 5% of Max Overheat (Max:  100%)
+30% Outlaw Max Critical Rate
+0.5% Outlaw Max Critical Chance
+50% Outlaw Max Critical DMG

(희귀 등급 효과) +40% Critical Rate
(희귀 등급 효과) +1% Critical Chance
(희귀 등급 효과) +20% Critical DMG

(전설 등급 효과) +70% Critical Rate
(전설 등급 효과) +2% Critical Chance
(전설 등급 효과) +40% Critical DMG","Resource Cost Increase 15%
Increases Critical Rate by 2% of Max Overheat (Max:  80%)
Increases Critical Chance by 0.3% of Max Overheat (Max:  7%)
Increases Critical DMG by 5% of Max Overheat (Max:  100%)
+68.6% Outlaw Max Critical Rate
+3.1% Outlaw Max Critical Chance
+104% Outlaw Max Critical DMG

(희귀 등급 효과) +40% Critical Rate
(희귀 등급 효과) +1% Critical Chance
(희귀 등급 효과) +20% Critical DMG

(전설 등급 효과) +70% Critical Rate
(전설 등급 효과) +2% Critical Chance
(전설 등급 효과) +40% Critical DMG",+[30-60]% Outlaw Max Critical DMG,+[1-3]% Outlaw Max Critical Chance,+[10-30]% Outlaw Max Critical Rate
,Explosion Limit,기존,"Can be linked with Skills that are Overheat, Bowgun (must include all)","Overheat, Bowgun","Resource Cost Increase 20%
9.6% DMG Amplification
+8 Overheat Accumulation



(전설 등급 효과) 7% DMG Amplification
(전설 등급 효과) +3 Overheat Accumulation","Resource Cost Increase 20%
27.9% DMG Amplification
+8 Overheat Accumulation



(전설 등급 효과) 7% DMG Amplification
(전설 등급 효과) +3 Overheat Accumulation","[1.5-6]% DMG Amplification
+[1-4] Overheat Accumulation",[2-5]% chance to deal double Maximized DMG on hit,[0.3-1.4]% DMG Amplification per 1 Green Link Rune on linked Skill Rune
,,변경,"Can be linked with Skills that are Overheat, Bowgun (must include all)","Overheat, Bowgun","Resource Cost Increase 20%
9.6% DMG Amplification
+8 Overheat Accumulation



(전설 등급 효과) 7% DMG Amplification
(전설 등급 효과) +3 Overheat Accumulation","Resource Cost Increase 20%
29% DMG Amplification
+8 Overheat Accumulation



(전설 등급 효과) 7% DMG Amplification
(전설 등급 효과) +3 Overheat Accumulation","[1.5-6]% DMG Amplification
+[1-4] Overheat Accumulation",[2-5]% chance to deal double Maximized DMG on hit,[0.3-1.4]% DMG Amplification per 1 Green Link Rune on linked Skill Rune
,Heat Cycle,기존,Can be linked with Skills that are Overheat,Overheat,"Resource Cost Increase 20%
Gain Low Temperature for 2 s on hit at 40% or less Overheat
Low Temperature effect
+9% Critical DMG
+2% Critical Rate
Gain High Temperature for 2 s on hit at 40% or more Overheat
High Temperature effect
+4% Critical DMG
+18% Critical Rate
(마법 등급 효과) +10% Low Temperature effect
(마법 등급 효과) +10% High Temperature effect
(희귀 등급 효과) +15% Low Temperature effect
(희귀 등급 효과) +15% High Temperature effect

(전설 등급 효과) +20% Low Temperature effect
(전설 등급 효과) +20% High Temperature effect","Resource Cost Increase 20%
Gain Low Temperature for 2 s on hit at 40% or less Overheat
Low Temperature effect
+72% Critical DMG
+20% Critical Rate
Gain High Temperature for 2 s on hit at 40% or more Overheat
High Temperature effect
+36% Critical DMG
+166.5% Critical Rate
(마법 등급 효과) +10% Low Temperature effect
(마법 등급 효과) +10% High Temperature effect
(희귀 등급 효과) +15% Low Temperature effect
(희귀 등급 효과) +15% High Temperature effect

(전설 등급 효과) +20% Low Temperature effect
(전설 등급 효과) +20% High Temperature effect",+[20-40]% Low Temperature effect,+[20-40]% High Temperature effect,"Low Temperature effects and High Temperature effects are applied in reverse
+[15-25]% Low Temperature Duration
+[15-25]% High Temperature Duration"
,,변경,Can be linked with Skills that are Overheat,Overheat,"Resource Cost Increase 20%
Gain Low Temperature for 2 s on hit at 40% or less Overheat
Low Temperature effect
+9% Critical DMG
+2% Critical Rate
Gain High Temperature for 2 s on hit at 40% or more Overheat
High Temperature effect
+4% Critical DMG
+18% Critical Rate
(마법 등급 효과) +10% Low Temperature effect
(마법 등급 효과) +10% High Temperature effect
(희귀 등급 효과) +15% Low Temperature effect
(희귀 등급 효과) +15% High Temperature effect

(전설 등급 효과) +20% Low Temperature effect
(전설 등급 효과) +20% High Temperature effect","Resource Cost Increase 20%
Gain Low Temperature for 2 s on hit at 40% or less Overheat
Low Temperature effect
+74.9% Critical DMG
+20.8% Critical Rate
Gain High Temperature for 2 s on hit at 40% or more Overheat
High Temperature effect
+37.4% Critical DMG
+173.2% Critical Rate
(마법 등급 효과) +10% Low Temperature effect
(마법 등급 효과) +10% High Temperature effect
(희귀 등급 효과) +15% Low Temperature effect
(희귀 등급 효과) +15% High Temperature effect

(전설 등급 효과) +20% Low Temperature effect
(전설 등급 효과) +20% High Temperature effect",+[20-40]% Low Temperature effect,+[20-40]% High Temperature effect,"Low Temperature effects and High Temperature effects are applied in reverse
+[15-25]% Low Temperature Duration
+[15-25]% High Temperature Duration"
,Spot Weakness,기존,"Can be linked with Skills that are Projectile
Cannot be linked with Skills that are Minion, Sentry, Toggle, Movement, DoT",Projectile,"Resource Cost Increase 20%
1.7% DMG Amplification per 100 distance decreased against enemies at 600 distance or less (Max  40%)
Gain Spot Weakness for 2 s upon hitting an enemy at 600 distance or less
Spot Weakness effect
+12% Dodge Rate
+0.4% Max Attack Dodge Chance
+0.4% Max Spell Dodge Chance
(Max stacks: 4)

(희귀 등급 효과) +1 Max Spot Weakness Stacks

(전설 등급 효과) +1 Max Spot Weakness Stacks
(전설 등급 효과) 3.5% DMG Amplification against enemies at 400 distance or less","Resource Cost Increase 20%
4.2% DMG Amplification per 100 distance decreased against enemies at 600 distance or less (Max  40%)
Gain Spot Weakness for 2 s upon hitting an enemy at 600 distance or less
Spot Weakness effect
+39% Dodge Rate
+0.4% Max Attack Dodge Chance
+0.4% Max Spell Dodge Chance
(Max stacks: 4)

(희귀 등급 효과) +1 Max Spot Weakness Stacks

(전설 등급 효과) +1 Max Spot Weakness Stacks
(전설 등급 효과) 3.5% DMG Amplification against enemies at 400 distance or less",+[45-70]% Projectile DMG,+[1-2] Max Spot Weakness Stacks,"[1-3]% DMG Amplification against enemies at 400 distance or less
Add Melee tag"
,,변경,"Can be linked with Skills that are Projectile
Cannot be linked with Skills that are Minion, Sentry, Toggle, Movement, DoT",Projectile,"Resource Cost Increase 20%
1.7% DMG Amplification per 100 distance decreased against enemies at 600 distance or less (Max  40%)
Gain Spot Weakness for 2 s upon hitting an enemy at 600 distance or less
Spot Weakness effect
+12% Dodge Rate
+0.4% Max Attack Dodge Chance
+0.4% Max Spell Dodge Chance
(Max stacks: 4)

(희귀 등급 효과) +1 Max Spot Weakness Stacks

(전설 등급 효과) +1 Max Spot Weakness Stacks
(전설 등급 효과) 3.5% DMG Amplification against enemies at 400 distance or less","Resource Cost Increase 20%
4.4% DMG Amplification per 100 distance decreased against enemies at 600 distance or less (Max  40%)
Gain Spot Weakness for 2 s upon hitting an enemy at 600 distance or less
Spot Weakness effect
+40.6% Dodge Rate
+0.4% Max Attack Dodge Chance
+0.4% Max Spell Dodge Chance
(Max stacks: 4)

(희귀 등급 효과) +1 Max Spot Weakness Stacks

(전설 등급 효과) +1 Max Spot Weakness Stacks
(전설 등급 효과) 3.5% DMG Amplification against enemies at 400 distance or less",+[45-70]% Projectile DMG,+[1-2] Max Spot Weakness Stacks,"[1-3]% DMG Amplification against enemies at 400 distance or less
Add Melee tag"
,Grand Approach,기존,"Can be linked with Skills that are Melee, Strike (must include all)
Can be linked with Skills that satisfy any one of Attack, Spell
Cannot be linked with Skills that are Minion, Sentry, Toggle, Movement, DoT","Attack, Spell, Melee, Strike","Resource Cost Increase 15%
3.2% DMG Amplification per 100 distance decreased against enemies at 400 distance or less (Max  45%)
Gain Grand Approach upon hitting an enemy at 200 distance or less
Grand Approach Effect
Regenerate 3% of Max HP per second for 2 s



(전설 등급 효과) 5% DMG Amplification against enemies at 400 distance or less
(전설 등급 효과) Regenerate 1% of Max HP per second for 2 s upon hitting an enemy at 200 distance or less","Resource Cost Increase 15%
8.2% DMG Amplification per 100 distance decreased against enemies at 400 distance or less (Max  45%)
Gain Grand Approach upon hitting an enemy at 200 distance or less
Grand Approach Effect
Regenerate 3% of Max HP per second for 2 s



(전설 등급 효과) 5% DMG Amplification against enemies at 400 distance or less
(전설 등급 효과) Regenerate 1% of Max HP per second for 2 s upon hitting an enemy at 200 distance or less",+[60-85]% Melee DMG,[4-6.5]% Melee DMG Amplification when distance from enemy is 200 or less,-[10-5]% Resource Cost
,,변경,"Can be linked with Skills that are Melee, Strike (must include all)
Can be linked with Skills that satisfy any one of Attack, Spell
Cannot be linked with Skills that are Minion, Sentry, Toggle, Movement, DoT","Attack, Spell, Melee, Strike","Resource Cost Increase 15%
3.2% DMG Amplification per 100 distance decreased against enemies at 400 distance or less (Max  45%)
Gain Grand Approach upon hitting an enemy at 200 distance or less
Grand Approach Effect
Regenerate 3% of Max HP per second for 2 s



(전설 등급 효과) 5% DMG Amplification against enemies at 400 distance or less
(전설 등급 효과) Regenerate 1% of Max HP per second for 2 s upon hitting an enemy at 200 distance or less","Resource Cost Increase 15%
8.5% DMG Amplification per 100 distance decreased against enemies at 400 distance or less (Max  45%)
Gain Grand Approach upon hitting an enemy at 200 distance or less
Grand Approach Effect
Regenerate 3% of Max HP per second for 2 s



(전설 등급 효과) 5% DMG Amplification against enemies at 400 distance or less
(전설 등급 효과) Regenerate 1% of Max HP per second for 2 s upon hitting an enemy at 200 distance or less",+[60-85]% Melee DMG,[4-6.5]% Melee DMG Amplification when distance from enemy is 200 or less,-[10-5]% Resource Cost
,Trapper,기존,Can be linked with Skills that are Trap,Trap,"Resource Cost Increase 20%
+22% DMG against Crowd Controlled enemies
+8% Crowd Control Duration
+13 Crowd Control Rate
(마법 등급 효과) +20% Trap DMG
(마법 등급 효과) +2 Crowd Control Rate
(희귀 등급 효과) +30% Trap DMG
(희귀 등급 효과) +3 Crowd Control Rate

(전설 등급 효과) +40% Trap DMG
(전설 등급 효과) +4 Crowd Control Rate
(전설 등급 효과) 5% DMG Amplification against Crowd Controlled enemies","Resource Cost Increase 20%
+248% DMG against Crowd Controlled enemies
+41% Crowd Control Duration
+13 Crowd Control Rate
(마법 등급 효과) +20% Trap DMG
(마법 등급 효과) +2 Crowd Control Rate
(희귀 등급 효과) +30% Trap DMG
(희귀 등급 효과) +3 Crowd Control Rate

(전설 등급 효과) +40% Trap DMG
(전설 등급 효과) +4 Crowd Control Rate
(전설 등급 효과) 5% DMG Amplification against Crowd Controlled enemies",+[20-35]% Crowd Control Duration,[2-6.5]% DMG Amplification against Crowd Controlled enemies,"+[10-35]% Trap DMG
[1-1.5]% Trap DMG Amplification per 1 Trap tag Link Rune on linked Skill Rune"
,,변경,Can be linked with Skills that are Trap,Trap,"Resource Cost Increase 20%
+22% DMG against Crowd Controlled enemies
+8% Crowd Control Duration
+13 Crowd Control Rate
(마법 등급 효과) +20% Trap DMG
(마법 등급 효과) +2 Crowd Control Rate
(희귀 등급 효과) +30% Trap DMG
(희귀 등급 효과) +3 Crowd Control Rate

(전설 등급 효과) +40% Trap DMG
(전설 등급 효과) +4 Crowd Control Rate
(전설 등급 효과) 5% DMG Amplification against Crowd Controlled enemies","Resource Cost Increase 20%
+258% DMG against Crowd Controlled enemies
+43% Crowd Control Duration
+13 Crowd Control Rate
(마법 등급 효과) +20% Trap DMG
(마법 등급 효과) +2 Crowd Control Rate
(희귀 등급 효과) +30% Trap DMG
(희귀 등급 효과) +3 Crowd Control Rate

(전설 등급 효과) +40% Trap DMG
(전설 등급 효과) +4 Crowd Control Rate
(전설 등급 효과) 5% DMG Amplification against Crowd Controlled enemies",+[20-35]% Crowd Control Duration,[2-6.5]% DMG Amplification against Crowd Controlled enemies,"+[10-35]% Trap DMG
[1-1.5]% Trap DMG Amplification per 1 Trap tag Link Rune on linked Skill Rune"
,Momentum,기존,"Can be linked with Skills that are Movement, Strike (must include all)","Movement, Strike","Resource Cost Increase 15%
+40% DMG
Gain Momentum for 4 s if there are 3 enemies or more within a 450 radius on hit
Gain Momentum for 4 s upon Boss Hit
Momentum Effect
6% DMG Taken Dampening

(희귀 등급 효과) Momentum Effect +5%
(희귀 등급 효과) Momentum Duration +10%

(전설 등급 효과) Momentum Effect +10%
(전설 등급 효과) Momentum Duration +20%
(전설 등급 효과) +60% DMG","Resource Cost Increase 15%
+136% DMG
Gain Momentum for 4 s if there are 3 enemies or more within a 450 radius on hit
Gain Momentum for 4 s upon Boss Hit
Momentum Effect
22.7% DMG Taken Dampening

(희귀 등급 효과) Momentum Effect +5%
(희귀 등급 효과) Momentum Duration +10%

(전설 등급 효과) Momentum Effect +10%
(전설 등급 효과) Momentum Duration +20%
(전설 등급 효과) +60% DMG","+[30-55]% Melee DMG
+[3-8]% Skill Rune Cooldown Recovery Speed","Momentum Effect +[1-12]%
Momentum Duration +[5-15]%","Momentum Effect +5%
+[10-18] Stun Rate"
,,변경,"Can be linked with Skills that are Movement, Strike (must include all)","Movement, Strike","Resource Cost Increase 15%
+40% DMG
Gain Momentum for 4 s if there are 3 enemies or more within a 450 radius on hit
Gain Momentum for 4 s upon Boss Hit
Momentum Effect
6% DMG Taken Dampening

(희귀 등급 효과) Momentum Effect +5%
(희귀 등급 효과) Momentum Duration +10%

(전설 등급 효과) Momentum Effect +10%
(전설 등급 효과) Momentum Duration +20%
(전설 등급 효과) +60% DMG","Resource Cost Increase 15%
+141.4% DMG
Gain Momentum for 4 s if there are 3 enemies or more within a 450 radius on hit
Gain Momentum for 4 s upon Boss Hit
Momentum Effect
23.6% DMG Taken Dampening

(희귀 등급 효과) Momentum Effect +5%
(희귀 등급 효과) Momentum Duration +10%

(전설 등급 효과) Momentum Effect +10%
(전설 등급 효과) Momentum Duration +20%
(전설 등급 효과) +60% DMG","+[30-55]% Melee DMG
+[3-8]% Skill Rune Cooldown Recovery Speed","Momentum Effect +[1-12]%
Momentum Duration +[5-15]%","Momentum Effect +5%
+[10-18] Stun Rate"
,Enrage,기존,"Can be linked with Skills that are Melee, Strike (must include all)
Can be linked with Skills that satisfy any one of Attack, Spell
Cannot be linked with Skills that are Minion","Attack, Spell, Melee, Strike","Resource Cost Increase 15%
15% DMG Amplification at 40% or less HP
5% Attack Speed Amplification at 40% or less HP
5% Cast Speed Amplification at 40% or less HP
-2.5% Max HP on skill use at 40% or less HP

(희귀 등급 효과) 20% Melee DMG Amplification at 40% or less HP

(전설 등급 효과) 40% Melee DMG Amplification at 40% or less HP","Resource Cost Increase 15%
36% DMG Amplification at 40% or less HP
20% Attack Speed Amplification at 40% or less HP
20% Cast Speed Amplification at 40% or less HP
-2.5% Max HP on skill use at 40% or less HP

(희귀 등급 효과) 20% Melee DMG Amplification at 40% or less HP

(전설 등급 효과) 40% Melee DMG Amplification at 40% or less HP","+[10-25]% Attack Speed at 40% or less HP
+[10-25]% Cast Speed at 40% or less HP",Max HP -[1-5]% on skill use at 40% or more HP,"+[25-55]% Melee DMG
[1.5-4]% DMG Taken Decrease for 3 s on hit"
,,변경,"Can be linked with Skills that are Melee, Strike (must include all)
Can be linked with Skills that satisfy any one of Attack, Spell
Cannot be linked with Skills that are Minion","Attack, Spell, Melee, Strike","Resource Cost Increase 15%
15% DMG Amplification at 40% or less HP
5% Attack Speed Amplification at 40% or less HP
5% Cast Speed Amplification at 40% or less HP
-2.5% Max HP on skill use at 40% or less HP

(희귀 등급 효과) 20% Melee DMG Amplification at 40% or less HP

(전설 등급 효과) 40% Melee DMG Amplification at 40% or less HP","Resource Cost Increase 15%
37.4% DMG Amplification at 40% or less HP
20.8% Attack Speed Amplification at 40% or less HP
20.8% Cast Speed Amplification at 40% or less HP
-2.5% Max HP on skill use at 40% or less HP

(희귀 등급 효과) 20% Melee DMG Amplification at 40% or less HP

(전설 등급 효과) 40% Melee DMG Amplification at 40% or less HP","+[10-25]% Attack Speed at 40% or less HP
+[10-25]% Cast Speed at 40% or less HP",Max HP -[1-5]% on skill use at 40% or more HP,"+[25-55]% Melee DMG
[1.5-4]% DMG Taken Decrease for 3 s on hit"
,Cooler,기존,"Can be linked with Skills that are Melee, Strike (must include all)
Can be linked with Skills that satisfy any one of Attack, Spell","Attack, Spell, Melee, Strike","Resource Cost Increase 20%
Release 4% Overheat on skill use
Gain Controlled Heat for 4 s on skill use when Overheat is at 60% or more (Cooldown 7 s)
Controlled Heat
+6% Max Overheat
(마법 등급 효과) +2.5% Skill Rune Cooldown Recovery Speed
(마법 등급 효과) Release 2% Overheat on skill use
(희귀 등급 효과) +6% Skill Rune Cooldown Recovery Speed
(희귀 등급 효과) Release 2.5% Overheat on skill use

(전설 등급 효과) +10% Skill Rune Cooldown Recovery Speed
(전설 등급 효과) Release 3% Overheat on skill use","Resource Cost Increase 20%
Release 8.2% Overheat on skill use
Gain Controlled Heat for 4 s on skill use when Overheat is at 60% or more (Cooldown 7 s)
Controlled Heat
+14.3% Max Overheat
(마법 등급 효과) +2.5% Skill Rune Cooldown Recovery Speed
(마법 등급 효과) Release 2% Overheat on skill use
(희귀 등급 효과) +6% Skill Rune Cooldown Recovery Speed
(희귀 등급 효과) Release 2.5% Overheat on skill use

(전설 등급 효과) +10% Skill Rune Cooldown Recovery Speed
(전설 등급 효과) Release 3% Overheat on skill use",Release [2-5]% Overheat on skill use,"+[2.5-5]% Skill Rune Cooldown Recovery Speed
-4 Resource Cost",[4-16]% Movement Speed increase for the duration of Controlled Heat
,,변경,"Can be linked with Skills that are Melee, Strike (must include all)
Can be linked with Skills that satisfy any one of Attack, Spell","Attack, Spell, Melee, Strike","Resource Cost Increase 20%
Release 4% Overheat on skill use
Gain Controlled Heat for 4 s on skill use when Overheat is at 60% or more (Cooldown 7 s)
Controlled Heat
+6% Max Overheat
(마법 등급 효과) +2.5% Skill Rune Cooldown Recovery Speed
(마법 등급 효과) Release 2% Overheat on skill use
(희귀 등급 효과) +6% Skill Rune Cooldown Recovery Speed
(희귀 등급 효과) Release 2.5% Overheat on skill use

(전설 등급 효과) +10% Skill Rune Cooldown Recovery Speed
(전설 등급 효과) Release 3% Overheat on skill use","Resource Cost Increase 20%
Release 8.5% Overheat on skill use
Gain Controlled Heat for 4 s on skill use when Overheat is at 60% or more (Cooldown 7 s)
Controlled Heat
+14.9% Max Overheat
(마법 등급 효과) +2.5% Skill Rune Cooldown Recovery Speed
(마법 등급 효과) Release 2% Overheat on skill use
(희귀 등급 효과) +6% Skill Rune Cooldown Recovery Speed
(희귀 등급 효과) Release 2.5% Overheat on skill use

(전설 등급 효과) +10% Skill Rune Cooldown Recovery Speed
(전설 등급 효과) Release 3% Overheat on skill use",Release [2-5]% Overheat on skill use,"+[2.5-5]% Skill Rune Cooldown Recovery Speed
-4 Resource Cost",[4-16]% Movement Speed increase for the duration of Controlled Heat
,Increase Maximized DMG Chance,기존,"Can be linked with Skills that are Strike
Cannot be linked with Skills that are Shout, Attack Enhance, Defense Enhance, Toggle, Movement
Applies to Minions when linked to Summon Skill",Strike,"Resource Cost Increase 20%
3% chance to deal double Maximized DMG on hit
-50% Critical Chance



(전설 등급 효과) 3% chance to deal double Maximized DMG on hit","Resource Cost Increase 20%
10% chance to deal double Maximized DMG on hit
-30% Critical Chance



(전설 등급 효과) 3% chance to deal double Maximized DMG on hit",+[10-25]% Maximized DMG,[1-3]% chance to deal triple Maximized DMG on hit,+[1-7]% Critical Chance
,,변경,"Can be linked with Skills that are Strike
Cannot be linked with Skills that are Shout, Attack Enhance, Defense Enhance, Toggle, Movement
Applies to Minions when linked to Summon Skill",Strike,"Resource Cost Increase 20%
3% chance to deal double Maximized DMG on hit
-50% Critical Chance



(전설 등급 효과) 3% chance to deal double Maximized DMG on hit","Resource Cost Increase 20%
10.4% chance to deal double Maximized DMG on hit
-31.2% Critical Chance



(전설 등급 효과) 3% chance to deal double Maximized DMG on hit",+[10-25]% Maximized DMG,[1-3]% chance to deal triple Maximized DMG on hit,+[1-7]% Critical Chance
,Maximized DMG Increase,기존,"Can be linked with Skills that are Strike
Cannot be linked with Skills that are Shout, Attack Enhance, Defense Enhance, Toggle, Movement
Applies to Minions when linked to Summon Skill",Strike,"Resource Cost Increase 20%
+10% Maximized DMG
-100% Critical DMG
2% Strike DMG Amplification

(희귀 등급 효과) +10% Maximized DMG
(희귀 등급 효과) +15% Strike DMG

(전설 등급 효과) +20% Maximized DMG
(전설 등급 효과) +30% Strike DMG","Resource Cost Increase 20%
+40% Maximized DMG
-100% Critical DMG
10% Strike DMG Amplification

(희귀 등급 효과) +10% Maximized DMG
(희귀 등급 효과) +15% Strike DMG

(전설 등급 효과) +20% Maximized DMG
(전설 등급 효과) +30% Strike DMG",+[10-25]% Maximized DMG,"+[5-15]% Maximized DMG
+[35-50]% DMG against enemies affected by Status Effect",+[15-66]% Critical DMG
,,변경,"Can be linked with Skills that are Strike
Cannot be linked with Skills that are Shout, Attack Enhance, Defense Enhance, Toggle, Movement
Applies to Minions when linked to Summon Skill",Strike,"Resource Cost Increase 20%
+10% Maximized DMG
-100% Critical DMG
2% Strike DMG Amplification

(희귀 등급 효과) +10% Maximized DMG
(희귀 등급 효과) +15% Strike DMG

(전설 등급 효과) +20% Maximized DMG
(전설 등급 효과) +30% Strike DMG","Resource Cost Increase 20%
+41.6% Maximized DMG
-100% Critical DMG
10.4% Strike DMG Amplification

(희귀 등급 효과) +10% Maximized DMG
(희귀 등급 효과) +15% Strike DMG

(전설 등급 효과) +20% Maximized DMG
(전설 등급 효과) +30% Strike DMG",+[10-25]% Maximized DMG,"+[5-15]% Maximized DMG
+[35-50]% DMG against enemies affected by Status Effect",+[15-66]% Critical DMG
,Endless Growth,기존,Can be linked with Skills that are Minion,Minion,"Resource Cost Increase 15%
Gain Growth effect every 2 s on Summon (Max Stacks: 15)
Growth Effect
+1% DMG
+0.5% Attack Speed
+0.5% Cast Speed

(희귀 등급 효과) Growth Effect +10%
(희귀 등급 효과) +25% Minion DMG
(희귀 등급 효과) Amplifies Minion Max HP by 3.5%

(전설 등급 효과) Growth Effect +20%
(전설 등급 효과) +60% Minion DMG
(전설 등급 효과) Amplifies Minion Max HP by 5%
(전설 등급 효과) 5% DMG Taken by Minion Dampening","Resource Cost Increase 15%
Gain Growth effect every 2 s on Summon (Max Stacks: 15)
Growth Effect
+15% DMG
+2.1% Attack Speed
+2.1% Cast Speed

(희귀 등급 효과) Growth Effect +10%
(희귀 등급 효과) +25% Minion DMG
(희귀 등급 효과) Amplifies Minion Max HP by 3.5%

(전설 등급 효과) Growth Effect +20%
(전설 등급 효과) +60% Minion DMG
(전설 등급 효과) Amplifies Minion Max HP by 5%
(전설 등급 효과) 5% DMG Taken by Minion Dampening","+[10-30]% Minion HP
+[1.5-3.5]% Minion Max Element Resist",+[50-90]% Minion DMG,"+[5-15]% Minion Attack Speed
+[5-15]% Minion Cast Speed"
,,변경,Can be linked with Skills that are Minion,Minion,"Resource Cost Increase 15%
Gain Growth effect every 2 s on Summon (Max Stacks: 15)
Growth Effect
+1% DMG
+0.5% Attack Speed
+0.5% Cast Speed

(희귀 등급 효과) Growth Effect +10%
(희귀 등급 효과) +25% Minion DMG
(희귀 등급 효과) Amplifies Minion Max HP by 3.5%

(전설 등급 효과) Growth Effect +20%
(전설 등급 효과) +60% Minion DMG
(전설 등급 효과) Amplifies Minion Max HP by 5%
(전설 등급 효과) 5% DMG Taken by Minion Dampening","Resource Cost Increase 15%
Gain Growth effect every 2 s on Summon (Max Stacks: 15)
Growth Effect
+15.6% DMG
+2.2% Attack Speed
+2.2% Cast Speed

(희귀 등급 효과) Growth Effect +10%
(희귀 등급 효과) +25% Minion DMG
(희귀 등급 효과) Amplifies Minion Max HP by 3.5%

(전설 등급 효과) Growth Effect +20%
(전설 등급 효과) +60% Minion DMG
(전설 등급 효과) Amplifies Minion Max HP by 5%
(전설 등급 효과) 5% DMG Taken by Minion Dampening","+[10-30]% Minion HP
+[1.5-3.5]% Minion Max Element Resist",+[50-90]% Minion DMG,"+[5-15]% Minion Attack Speed
+[5-15]% Minion Cast Speed"
,Destructive Instinct,기존,Can be linked with Skills that are Minion,Minion,"Resource Cost Increase 15%
Provides Destructive Instinct effect for 5 s to Minions upon Summoning
Destructive Instinct Effect
100% chance to deal triple Maximized DMG on hit
0.5% DMG Amplification
(마법 등급 효과) +8% Maximized Minion DMG
(희귀 등급 효과) +13% Maximized Minion DMG
(희귀 등급 효과) 3% Minion DMG Amplification

(전설 등급 효과) +20% Maximized Minion DMG
(전설 등급 효과) 5% Minion DMG Amplification","Resource Cost Increase 15%
Provides Destructive Instinct effect for 5 s to Minions upon Summoning
Destructive Instinct Effect
100% chance to deal triple Maximized DMG on hit
24.6% DMG Amplification
(마법 등급 효과) +8% Maximized Minion DMG
(희귀 등급 효과) +13% Maximized Minion DMG
(희귀 등급 효과) 3% Minion DMG Amplification

(전설 등급 효과) +20% Maximized Minion DMG
(전설 등급 효과) 5% Minion DMG Amplification",[3-6]% Minion DMG Amplification,+[4-8]% Maximized Minion DMG,+[8-14]% Minion DMG per 1 Minion tag Link Rune on linked Skill Rune
,,변경,Can be linked with Skills that are Minion,Minion,"Resource Cost Increase 15%
Provides Destructive Instinct effect for 5 s to Minions upon Summoning
Destructive Instinct Effect
100% chance to deal triple Maximized DMG on hit
0.5% DMG Amplification
(마법 등급 효과) +8% Maximized Minion DMG
(희귀 등급 효과) +13% Maximized Minion DMG
(희귀 등급 효과) 3% Minion DMG Amplification

(전설 등급 효과) +20% Maximized Minion DMG
(전설 등급 효과) 5% Minion DMG Amplification","Resource Cost Increase 15%
Provides Destructive Instinct effect for 5 s to Minions upon Summoning
Destructive Instinct Effect
100% chance to deal triple Maximized DMG on hit
25.6% DMG Amplification
(마법 등급 효과) +8% Maximized Minion DMG
(희귀 등급 효과) +13% Maximized Minion DMG
(희귀 등급 효과) 3% Minion DMG Amplification

(전설 등급 효과) +20% Maximized Minion DMG
(전설 등급 효과) 5% Minion DMG Amplification",[3-6]% Minion DMG Amplification,+[4-8]% Maximized Minion DMG,+[8-14]% Minion DMG per 1 Minion tag Link Rune on linked Skill Rune
,Noble Sacrifice,기존,Can be linked with Skills that are Minion,Minion,"Resource Cost Increase 15%
Gain Noble Sacrifice effect for 5 s upon dealing DMG (Max Stacks: 5)
Noble Sacrifice Effect
2% DMG Amplification
Lose 0.5% of Max HP/0.5Sec
Decreases 0.1% of Max HP per Noble Sacrifice Stack
Noble Sacrifice Effect is not applied at 10% or less HP



(전설 등급 효과) 15% Minion DMG Amplification","Resource Cost Increase 15%
Gain Noble Sacrifice effect for 5 s upon dealing DMG (Max Stacks: 5)
Noble Sacrifice Effect
6.2% DMG Amplification
Lose 0.5% of Max HP/0.5Sec
Decreases 0.1% of Max HP per Noble Sacrifice Stack
Noble Sacrifice Effect is not applied at 10% or less HP



(전설 등급 효과) 15% Minion DMG Amplification",[2.5-5]% DMG Taken by Minions Decrease,"+[35-55]% Minion DMG
+1 Skill Rune Level if linked Skill Rune has 6 Legendary Link Runes",[1-1.5]% Minion Attack Speed Amplification per 1 Minion tag Link Rune on linked Skill Rune
,,변경,Can be linked with Skills that are Minion,Minion,"Resource Cost Increase 15%
Gain Noble Sacrifice effect for 5 s upon dealing DMG (Max Stacks: 5)
Noble Sacrifice Effect
2% DMG Amplification
Lose 0.5% of Max HP/0.5Sec
Decreases 0.1% of Max HP per Noble Sacrifice Stack
Noble Sacrifice Effect is not applied at 10% or less HP



(전설 등급 효과) 15% Minion DMG Amplification","Resource Cost Increase 15%
Gain Noble Sacrifice effect for 5 s upon dealing DMG (Max Stacks: 5)
Noble Sacrifice Effect
6.4% DMG Amplification
Lose 0.5% of Max HP/0.5Sec
Decreases 0.1% of Max HP per Noble Sacrifice Stack
Noble Sacrifice Effect is not applied at 10% or less HP



(전설 등급 효과) 15% Minion DMG Amplification",[2.5-5]% DMG Taken by Minions Decrease,"+[35-55]% Minion DMG
+1 Skill Rune Level if linked Skill Rune has 6 Legendary Link Runes",[1-1.5]% Minion Attack Speed Amplification per 1 Minion tag Link Rune on linked Skill Rune
,Absorb Minion HP,기존,Can be linked with Skills that are Minion,Minion,"Resource Cost Increase 20%
+10% Minion DMG
Applies the following effects on Minions
+0.1% HP Absorb on hit
+1% HP Absorb Limit
(마법 등급 효과) +20% Minion DMG
(희귀 등급 효과) +30% Minion DMG
(희귀 등급 효과) +8% Minion HP

(전설 등급 효과) +60% Minion DMG
(전설 등급 효과) +25% Minion HP","Resource Cost Increase 20%
+127% Minion DMG
Applies the following effects on Minions
+1.6% HP Absorb on hit
+1% HP Absorb Limit
(마법 등급 효과) +20% Minion DMG
(희귀 등급 효과) +30% Minion DMG
(희귀 등급 효과) +8% Minion HP

(전설 등급 효과) +60% Minion DMG
(전설 등급 효과) +25% Minion HP","[1-3]% chance for Minion to deal double maximized DMG
+[10-25]% Maximized Minion DMG",+[50-85]% Minion DMG,+[30-50]% Minion HP
,,변경,Can be linked with Skills that are Minion,Minion,"Resource Cost Increase 20%
+10% Minion DMG
Applies the following effects on Minions
+0.1% HP Absorb on hit
+1% HP Absorb Limit
(마법 등급 효과) +20% Minion DMG
(희귀 등급 효과) +30% Minion DMG
(희귀 등급 효과) +8% Minion HP

(전설 등급 효과) +60% Minion DMG
(전설 등급 효과) +25% Minion HP","Resource Cost Increase 20%
+132% Minion DMG
Applies the following effects on Minions
+1.7% HP Absorb on hit
+1% HP Absorb Limit
(마법 등급 효과) +20% Minion DMG
(희귀 등급 효과) +30% Minion DMG
(희귀 등급 효과) +8% Minion HP

(전설 등급 효과) +60% Minion DMG
(전설 등급 효과) +25% Minion HP","[1-3]% chance for Minion to deal double maximized DMG
+[10-25]% Maximized Minion DMG",+[50-85]% Minion DMG,+[30-50]% Minion HP
,Concentrated Weapon Range DMG,기존,"Can be linked with Skills that are Weapon Range
Can be linked with Skills that satisfy any one of Strike, DoT
Cannot be linked with Skills that are Trap","Strike, DoT, Weapon Range","Resource Cost Increase 20%
12% DMG Amplification
15% Weapon Range Dampening

(희귀 등급 효과) 7% DMG Amplification
(희귀 등급 효과) 7% Weapon Range Dampening

(전설 등급 효과) 10% DMG Amplification
(전설 등급 효과) 10% Weapon Range Dampening","Resource Cost Increase 20%
28.7% DMG Amplification
15% Weapon Range Dampening

(희귀 등급 효과) 7% DMG Amplification
(희귀 등급 효과) 7% Weapon Range Dampening

(전설 등급 효과) 10% DMG Amplification
(전설 등급 효과) 10% Weapon Range Dampening","[4-7]% Melee DMG Amplification
[2-6]% Weapon Range Dampening",[5-15]% Weapon Range Amplification,[1-5]% chance to deal double Maximized DMG on hit
,,변경,"Can be linked with Skills that are Weapon Range
Can be linked with Skills that satisfy any one of Strike, DoT
Cannot be linked with Skills that are Trap","Strike, DoT, Weapon Range","Resource Cost Increase 20%
12% DMG Amplification
15% Weapon Range Dampening

(희귀 등급 효과) 7% DMG Amplification
(희귀 등급 효과) 7% Weapon Range Dampening

(전설 등급 효과) 10% DMG Amplification
(전설 등급 효과) 10% Weapon Range Dampening","Resource Cost Increase 20%
29.8% DMG Amplification
15% Weapon Range Dampening

(희귀 등급 효과) 7% DMG Amplification
(희귀 등급 효과) 7% Weapon Range Dampening

(전설 등급 효과) 10% DMG Amplification
(전설 등급 효과) 10% Weapon Range Dampening","[4-7]% Melee DMG Amplification
[2-6]% Weapon Range Dampening",[5-15]% Weapon Range Amplification,[1-5]% chance to deal double Maximized DMG on hit
,Readiness,기존,"Can be linked with Skills that are Movement
Cannot be linked with Skills that are Totem, Sentry, Minion",Movement,"Resource Cost Increase 20%
Gain Readiness effect for 5 s on Skill Use (Cooldown: 3 s)
Readiness Effect
+20 HP Regen/Sec
+10% HP Regen/Sec
+30 Barrier Regen/Sec
+10% Barrier Regen/Sec
(마법 등급 효과) +20% Readiness Duration
(희귀 등급 효과) +45% Readiness Duration

(전설 등급 효과) +70% Readiness Duration
(전설 등급 효과) +5% Skill Rune Cooldown Recovery Speed","Resource Cost Increase 20%
Gain Readiness effect for 5 s on Skill Use (Cooldown: 3 s)
Readiness Effect
+73 HP Regen/Sec
+31.2% HP Regen/Sec
+94 Barrier Regen/Sec
+31.2% Barrier Regen/Sec
(마법 등급 효과) +20% Readiness Duration
(희귀 등급 효과) +45% Readiness Duration

(전설 등급 효과) +70% Readiness Duration
(전설 등급 효과) +5% Skill Rune Cooldown Recovery Speed","+[3-5]% Skill Rune Effect
+[5-8]% Skill Rune Cooldown Recovery Speed",+[30-60]% Readiness Duration,[3-6]% Movement Speed Increase for 5 s upon using Skill (Max Stacks: 4)
,,변경,"Can be linked with Skills that are Movement
Cannot be linked with Skills that are Totem, Sentry, Minion",Movement,"Resource Cost Increase 20%
Gain Readiness effect for 5 s on Skill Use (Cooldown: 3 s)
Readiness Effect
+20 HP Regen/Sec
+10% HP Regen/Sec
+30 Barrier Regen/Sec
+10% Barrier Regen/Sec
(마법 등급 효과) +20% Readiness Duration
(희귀 등급 효과) +45% Readiness Duration

(전설 등급 효과) +70% Readiness Duration
(전설 등급 효과) +5% Skill Rune Cooldown Recovery Speed","Resource Cost Increase 20%
Gain Readiness effect for 5 s on Skill Use (Cooldown: 3 s)
Readiness Effect
+76 HP Regen/Sec
+32.4% HP Regen/Sec
+98 Barrier Regen/Sec
+32.4% Barrier Regen/Sec
(마법 등급 효과) +20% Readiness Duration
(희귀 등급 효과) +45% Readiness Duration

(전설 등급 효과) +70% Readiness Duration
(전설 등급 효과) +5% Skill Rune Cooldown Recovery Speed","+[3-5]% Skill Rune Effect
+[5-8]% Skill Rune Cooldown Recovery Speed",+[30-60]% Readiness Duration,[3-6]% Movement Speed Increase for 5 s upon using Skill (Max Stacks: 4)
,Winding Wind,기존,"Can be linked with Skills that are any one of Attack, Spell
Cannot be linked with Skills that are Shout, Attack Enhance, Defense Enhance, Toggle, Movement, Trap","Attack, Spell","Resource Cost Increase 20%
+12% DMG
25% DMG Dampening while Channeling
100% chance to gain Winding Wind effect for 3.5 s on hit (Max Stacks: 3)
Winding Wind Effect
5% Movement Speed Increase
(마법 등급 효과) +1 Max Winding Wind Stacks
(희귀 등급 효과) +1 Max Winding Wind Stacks
(희귀 등급 효과) +50% DMG

(전설 등급 효과) +2 Max Winding Wind Stacks
(전설 등급 효과) +70% DMG","Resource Cost Increase 20%
+106% DMG
25% DMG Dampening while Channeling
100% chance to gain Winding Wind effect for 3.5 s on hit (Max Stacks: 3)
Winding Wind Effect
7.6% Movement Speed Increase
(마법 등급 효과) +1 Max Winding Wind Stacks
(희귀 등급 효과) +1 Max Winding Wind Stacks
(희귀 등급 효과) +50% DMG

(전설 등급 효과) +2 Max Winding Wind Stacks
(전설 등급 효과) +70% DMG","+[5-9]% Attack Speed
Change Winding Wind Duration to 7 s","+[30-50]% DMG
5% DMG Amplification when Channeling",+[1-3]% Perfect Dodge during Winding Wind duration
,,변경,"Can be linked with Skills that are any one of Attack, Spell
Cannot be linked with Skills that are Shout, Attack Enhance, Defense Enhance, Toggle, Movement, Trap","Attack, Spell","Resource Cost Increase 20%
+12% DMG
25% DMG Dampening while Channeling
100% chance to gain Winding Wind effect for 3.5 s on hit (Max Stacks: 3)
Winding Wind Effect
5% Movement Speed Increase
(마법 등급 효과) +1 Max Winding Wind Stacks
(희귀 등급 효과) +1 Max Winding Wind Stacks
(희귀 등급 효과) +50% DMG

(전설 등급 효과) +2 Max Winding Wind Stacks
(전설 등급 효과) +70% DMG","Resource Cost Increase 20%
+110% DMG
25% DMG Dampening while Channeling
100% chance to gain Winding Wind effect for 3.5 s on hit (Max Stacks: 3)
Winding Wind Effect
7.9% Movement Speed Increase
(마법 등급 효과) +1 Max Winding Wind Stacks
(희귀 등급 효과) +1 Max Winding Wind Stacks
(희귀 등급 효과) +50% DMG

(전설 등급 효과) +2 Max Winding Wind Stacks
(전설 등급 효과) +70% DMG","+[5-9]% Attack Speed
Change Winding Wind Duration to 7 s","+[30-50]% DMG
5% DMG Amplification when Channeling",+[1-3]% Perfect Dodge during Winding Wind duration
,Soul Prayer,기존,"Can be linked with Skills that are Melee, Strike (must include all)
Can be linked with Skills that satisfy any one of Attack, Spell
Cannot be linked with Skills that are Minion, Sentry, Toggle, Shout, Movement, Channel","Attack, Spell, Melee, Strike","Resource Cost Increase 20%
40% chance to gain Prayer effect upon hitting an enemy
Prayer Effect
Prayer Duration 4 s
Max Prayer Stacks 10
Gain Soul Blessing effect upon reaching 10 Prayer stacks
+1% Armor per stack
+1% Element Resist per stack
Soul Blessing Effect
Cannot gain Prayer effect while Soul Blessing is active
Soul Blessing Duration 10 s
+10% Armor
+10% Element Resist
10% Movement Speed Increase
Ignores collision with enemies when moving
1% DMG Taken Dampening

(희귀 등급 효과) +10% Prayer Effect
(희귀 등급 효과) +10% Soul Blessing Effect

(전설 등급 효과) +30% Prayer Effect
(전설 등급 효과) +30% Soul Blessing Effect","Resource Cost Increase 20%
40% chance to gain Prayer effect upon hitting an enemy
Prayer Effect
Prayer Duration 4 s
Max Prayer Stacks 10
Gain Soul Blessing effect upon reaching 10 Prayer stacks
+5.2% Armor per stack
+5.2% Element Resist per stack
Soul Blessing Effect
Cannot gain Prayer effect while Soul Blessing is active
Soul Blessing Duration 10 s
+52.5% Armor
+52.5% Element Resist
35.8% Movement Speed Increase
Ignores collision with enemies when moving
10.5% DMG Taken Dampening

(희귀 등급 효과) +10% Prayer Effect
(희귀 등급 효과) +10% Soul Blessing Effect

(전설 등급 효과) +30% Prayer Effect
(전설 등급 효과) +30% Soul Blessing Effect","[5-10]% Melee DMG Amplification
+[5-10]% Resource Cost
-[15-10]% Soul Blessing Effect",-5 Max Prayer Stacks,+[30-40]% Soul Blessing Effect
,,변경,"Can be linked with Skills that are Melee, Strike (must include all)
Can be linked with Skills that satisfy any one of Attack, Spell
Cannot be linked with Skills that are Minion, Sentry, Toggle, Shout, Movement, Channel","Attack, Spell, Melee, Strike","Resource Cost Increase 20%
40% chance to gain Prayer effect upon hitting an enemy
Prayer Effect
Prayer Duration 4 s
Max Prayer Stacks 10
Gain Soul Blessing effect upon reaching 10 Prayer stacks
+1% Armor per stack
+1% Element Resist per stack
Soul Blessing Effect
Cannot gain Prayer effect while Soul Blessing is active
Soul Blessing Duration 10 s
+10% Armor
+10% Element Resist
10% Movement Speed Increase
Ignores collision with enemies when moving
1% DMG Taken Dampening

(희귀 등급 효과) +10% Prayer Effect
(희귀 등급 효과) +10% Soul Blessing Effect

(전설 등급 효과) +30% Prayer Effect
(전설 등급 효과) +30% Soul Blessing Effect","Resource Cost Increase 20%
40% chance to gain Prayer effect upon hitting an enemy
Prayer Effect
Prayer Duration 4 s
Max Prayer Stacks 10
Gain Soul Blessing effect upon reaching 10 Prayer stacks
+5.4% Armor per stack
+5.4% Element Resist per stack
Soul Blessing Effect
Cannot gain Prayer effect while Soul Blessing is active
Soul Blessing Duration 10 s
+54.6% Armor
+54.6% Element Resist
37.2% Movement Speed Increase
Ignores collision with enemies when moving
10.9% DMG Taken Dampening

(희귀 등급 효과) +10% Prayer Effect
(희귀 등급 효과) +10% Soul Blessing Effect

(전설 등급 효과) +30% Prayer Effect
(전설 등급 효과) +30% Soul Blessing Effect","[5-10]% Melee DMG Amplification
+[5-10]% Resource Cost
-[15-10]% Soul Blessing Effect",-5 Max Prayer Stacks,+[30-40]% Soul Blessing Effect
,Lower Armor,기존,"Can be linked with Skills that are Physical, Strike (must include all)
Can be linked with Skills that satisfy any one of Attack, Spell
Cannot be linked with Skills that are Shout, Attack Enhance, Defense Enhance, Attack Seal, Defense Seal","Attack, Spell, Physical, Strike","Resource Cost Increase 20%
Inflict Lower Armor effect on the target for 5 s upon dealing DMG
Max Lower Armor Stacks 3
-200 Armor per stack
-1% Armor per stack
0.3% Physical DMG Taken Amplification per stack

(희귀 등급 효과) +2 Max Lower Armor Stacks
(희귀 등급 효과) +5% Lower Armor Effect

(전설 등급 효과) +3 Max Lower Armor Stacks
(전설 등급 효과) +10% Lower Armor Effect","Resource Cost Increase 20%
Inflict Lower Armor effect on the target for 5 s upon dealing DMG
Max Lower Armor Stacks 3
-5837 Armor per stack
-4.4% Armor per stack
2.5% Physical DMG Taken Amplification per stack

(희귀 등급 효과) +2 Max Lower Armor Stacks
(희귀 등급 효과) +5% Lower Armor Effect

(전설 등급 효과) +3 Max Lower Armor Stacks
(전설 등급 효과) +10% Lower Armor Effect",-[1-5]% target's Physical Attack per Lower Armor Stack,"-[30-20]% Lower Armor Effect
+4 Max Lower Armor Stacks","+[130-150]% Lower Armor Effect
-3 Max Lower Armor Stacks"
,,변경,"Can be linked with Skills that are Physical, Strike (must include all)
Can be linked with Skills that satisfy any one of Attack, Spell
Cannot be linked with Skills that are Shout, Attack Enhance, Defense Enhance, Attack Seal, Defense Seal","Attack, Spell, Physical, Strike","Resource Cost Increase 20%
Inflict Lower Armor effect on the target for 5 s upon dealing DMG
Max Lower Armor Stacks 3
-200 Armor per stack
-1% Armor per stack
0.3% Physical DMG Taken Amplification per stack

(희귀 등급 효과) +2 Max Lower Armor Stacks
(희귀 등급 효과) +5% Lower Armor Effect

(전설 등급 효과) +3 Max Lower Armor Stacks
(전설 등급 효과) +10% Lower Armor Effect","Resource Cost Increase 20%
Inflict Lower Armor effect on the target for 5 s upon dealing DMG
Max Lower Armor Stacks 3
-6070 Armor per stack
-4.6% Armor per stack
2.6% Physical DMG Taken Amplification per stack

(희귀 등급 효과) +2 Max Lower Armor Stacks
(희귀 등급 효과) +5% Lower Armor Effect

(전설 등급 효과) +3 Max Lower Armor Stacks
(전설 등급 효과) +10% Lower Armor Effect",-[1-5]% target's Physical Attack per Lower Armor Stack,"-[30-20]% Lower Armor Effect
+4 Max Lower Armor Stacks","+[130-150]% Lower Armor Effect
-3 Max Lower Armor Stacks"
,Convert Physical Damage,기존,"Can be linked with skills that are any one of Strike, DoT and are any one of Fire, Cold, Lightning, Poison
Cannot be linked with Cannot Convert DMG, Totem, Minion, Shout, Physical Skills
Only one Convert DMG can be linked at a time.
Applies to Minions when linked to Summon Skill
Rune cannot be awakened.","Strike, DoT, Fire, Cold, Lightning, Poison","Resource Cost Increase 20%
Converts DMG to Physical Element
Convert DMG to Main Element 50%
+5% Physical DMG



(전설 등급 효과) Convert DMG to Main Element 50%
(전설 등급 효과) 10% Physical DMG Amplification","Resource Cost Increase 20%
Converts DMG to Physical Element
Convert DMG to Main Element 50%
+25% Physical DMG



(전설 등급 효과) Convert DMG to Main Element 50%
(전설 등급 효과) 10% Physical DMG Amplification",,,
,,변경,"Can be linked with skills that are any one of Strike, DoT and are any one of Fire, Cold, Lightning, Poison
Cannot be linked with Cannot Convert DMG, Totem, Minion, Shout, Physical Skills
Only one Convert DMG can be linked at a time.
Applies to Minions when linked to Summon Skill
Rune cannot be awakened.","Strike, DoT, Fire, Cold, Lightning, Poison","Resource Cost Increase 20%
Converts DMG to Physical Element
Convert DMG to Main Element 50%
+5% Physical DMG



(전설 등급 효과) Convert DMG to Main Element 50%
(전설 등급 효과) 10% Physical DMG Amplification","Resource Cost Increase 20%
Converts DMG to Physical Element
Convert DMG to Main Element 50%
+26% Physical DMG



(전설 등급 효과) Convert DMG to Main Element 50%
(전설 등급 효과) 10% Physical DMG Amplification",,,
,Warrior's Shadow,기존,"Can be linked with Skills that are Attack, Shadow, Strike, Melee (must include all)
Cannot be linked with Skills that are Projectile, Channel, Chain Attack
Cannot be linked with Trigger Link Runes.","Attack, Shadow, Strike, Melee","Resource Cost Increase 50%
Warrior's Shadow Effect
Summon 1 Warrior's Shadow(s) on skill use
-60% Melee DMG

(희귀 등급 효과) 10% Melee DMG Amplification
(희귀 등급 효과) +15% DMG Penetration

(전설 등급 효과) 15% Melee DMG Amplification
(전설 등급 효과) +30% DMG Penetration","Resource Cost Increase 50%
Warrior's Shadow Effect
Summon 1 Warrior's Shadow(s) on skill use
+30% Melee DMG

(희귀 등급 효과) 10% Melee DMG Amplification
(희귀 등급 효과) +15% DMG Penetration

(전설 등급 효과) 15% Melee DMG Amplification
(전설 등급 효과) +30% DMG Penetration","[7.5-15]% DMG Amplification
+[20-30]% Area of Effect","Gain Traces of the Warrior on hit
Gain Warrior's Shadow on 5 Traces of the Warrior stacks
Warrior's Shadow [Origin] Effect
Summon 1 Warrior's Shadows on skill use
+[30-60]% Strike DMG","Summon 1 Warrior's Shadow when HP is at 40% or lower
Consume all Barrier upon Attack
[20-30]% DMG Dampening
+[60-100]% Critical DMG at 40% or less HP"
,,변경,"Can be linked with Skills that are Attack, Shadow, Strike, Melee (must include all)
Cannot be linked with Skills that are Projectile, Channel, Chain Attack
Cannot be linked with Trigger Link Runes.","Attack, Shadow, Strike, Melee","Resource Cost Increase 50%
Warrior's Shadow Effect
Summon 1 Warrior's Shadow(s) on skill use
-60% Melee DMG

(희귀 등급 효과) 10% Melee DMG Amplification
(희귀 등급 효과) +15% DMG Penetration

(전설 등급 효과) 15% Melee DMG Amplification
(전설 등급 효과) +30% DMG Penetration","Resource Cost Increase 50%
Warrior's Shadow Effect
Summon 1 Warrior's Shadow(s) on skill use
+31.2% Melee DMG

(희귀 등급 효과) 10% Melee DMG Amplification
(희귀 등급 효과) +15% DMG Penetration

(전설 등급 효과) 15% Melee DMG Amplification
(전설 등급 효과) +30% DMG Penetration","[7.5-15]% DMG Amplification
+[20-30]% Area of Effect","Gain Traces of the Warrior on hit
Gain Warrior's Shadow on 5 Traces of the Warrior stacks
Warrior's Shadow [Origin] Effect
Summon 1 Warrior's Shadows on skill use
+[30-60]% Strike DMG","Summon 1 Warrior's Shadow when HP is at 40% or lower
Consume all Barrier upon Attack
[20-30]% DMG Dampening
+[60-100]% Critical DMG at 40% or less HP"
,Shadow Archer,기존,"Can be linked with Skills that are Attack, Shadow, Strike, Projectile (must include all)
Cannot be linked with Skills that are Melee, Trap
Cannot be linked with Trigger Link Runes.","Attack, Shadow, Strike, Projectile","Resource Cost Increase 50%
Shadow Archer Effect
Summon 1 Shadow Archer(s) on skill use
-60% Projectile DMG

(희귀 등급 효과) 10% Projectile DMG Amplification
(희귀 등급 효과) +15% DMG Penetration

(전설 등급 효과) 15% Projectile DMG Amplification
(전설 등급 효과) +30% DMG Penetration","Resource Cost Increase 50%
Shadow Archer Effect
Summon 1 Shadow Archer(s) on skill use
+30% Projectile DMG

(희귀 등급 효과) 10% Projectile DMG Amplification
(희귀 등급 효과) +15% DMG Penetration

(전설 등급 효과) 15% Projectile DMG Amplification
(전설 등급 효과) +30% DMG Penetration","10% chance to summon Double Shadow Archer on hit
Double Shadow Archer Effect
Summon 1 Shadow Archer(s) on skill use
+[20-35]% Attack Speed","Double Shadow Archer Effect
Summon 1 Shadow Archer(s) on skill use
Cooldown 1 s
+[45-60]% Attack Critical DMG
+[45-60]% Projectile DMG","[7.5-15]% DMG Amplification
+2 Projectile Count"
,,변경,"Can be linked with Skills that are Attack, Shadow, Strike, Projectile (must include all)
Cannot be linked with Skills that are Melee, Trap
Cannot be linked with Trigger Link Runes.","Attack, Shadow, Strike, Projectile","Resource Cost Increase 50%
Shadow Archer Effect
Summon 1 Shadow Archer(s) on skill use
-60% Projectile DMG

(희귀 등급 효과) 10% Projectile DMG Amplification
(희귀 등급 효과) +15% DMG Penetration

(전설 등급 효과) 15% Projectile DMG Amplification
(전설 등급 효과) +30% DMG Penetration","Resource Cost Increase 50%
Shadow Archer Effect
Summon 1 Shadow Archer(s) on skill use
+31.2% Projectile DMG

(희귀 등급 효과) 10% Projectile DMG Amplification
(희귀 등급 효과) +15% DMG Penetration

(전설 등급 효과) 15% Projectile DMG Amplification
(전설 등급 효과) +30% DMG Penetration","10% chance to summon Double Shadow Archer on hit
Double Shadow Archer Effect
Summon 1 Shadow Archer(s) on skill use
+[20-35]% Attack Speed","Double Shadow Archer Effect
Summon 1 Shadow Archer(s) on skill use
Cooldown 1 s
+[45-60]% Attack Critical DMG
+[45-60]% Projectile DMG","[7.5-15]% DMG Amplification
+2 Projectile Count"
,Reverse Time,기존,Can be linked with Skills that are Movement,Movement,"Resource Cost Increase 15%
Gain the following Time Traveler effect on Movement Skill use for 10 s
(Cooldown: 30 s)
Time Traveler
Summon Time Rift
Gain Reverse Time when HP falls below 20%
+5 Chaos Resist
Reverse Time
Teleport to the Time Rift.
10% Movement Speed Increase
Ignores collision with enemies when moving
Recover 20% of Max HP upon activating Reverse Time
(마법 등급 효과) +5% Movement Skill Rune Cooldown Recovery Speed
(희귀 등급 효과) +10% Movement Skill Rune Cooldown Recovery Speed
(희귀 등급 효과) Movement Rune Cast Speed +10%

(전설 등급 효과) +15% Movement Skill Rune Cooldown Recovery Speed
(전설 등급 효과) Movement Rune Cast Speed +20%","Resource Cost Increase 15%
Gain the following Time Traveler effect on Movement Skill use for 10 s
(Cooldown: 30 s)
Time Traveler
Summon Time Rift
Gain Reverse Time when HP falls below 20%
+31 Chaos Resist
Reverse Time
Teleport to the Time Rift.
40% Movement Speed Increase
Ignores collision with enemies when moving
Recover 20% of Max HP upon activating Reverse Time
(마법 등급 효과) +5% Movement Skill Rune Cooldown Recovery Speed
(희귀 등급 효과) +10% Movement Skill Rune Cooldown Recovery Speed
(희귀 등급 효과) Movement Rune Cast Speed +10%

(전설 등급 효과) +15% Movement Skill Rune Cooldown Recovery Speed
(전설 등급 효과) Movement Rune Cast Speed +20%","HP and Barrier Absorb on hit while Reverse Time is active +1%
+[5-10]% Skill Rune Cooldown Recovery Speed","HP and Barrier Absorb on hit while Reverse Time is active +1%
+[5-15]% Skill Rune Effect","HP and Barrier Absorb on hit while Reverse Time is active +1%
+[5-15]% Skill Rune Duration"
,,변경,Can be linked with Skills that are Movement,Movement,"Resource Cost Increase 15%
Gain the following Time Traveler effect on Movement Skill use for 10 s
(Cooldown: 30 s)
Time Traveler
Summon Time Rift
Gain Reverse Time when HP falls below 20%
+5 Chaos Resist
Reverse Time
Teleport to the Time Rift.
10% Movement Speed Increase
Ignores collision with enemies when moving
Recover 20% of Max HP upon activating Reverse Time
(마법 등급 효과) +5% Movement Skill Rune Cooldown Recovery Speed
(희귀 등급 효과) +10% Movement Skill Rune Cooldown Recovery Speed
(희귀 등급 효과) Movement Rune Cast Speed +10%

(전설 등급 효과) +15% Movement Skill Rune Cooldown Recovery Speed
(전설 등급 효과) Movement Rune Cast Speed +20%","Resource Cost Increase 15%
Gain the following Time Traveler effect on Movement Skill use for 10 s
(Cooldown: 30 s)
Time Traveler
Summon Time Rift
Gain Reverse Time when HP falls below 20%
+32 Chaos Resist
Reverse Time
Teleport to the Time Rift.
41.6% Movement Speed Increase
Ignores collision with enemies when moving
Recover 20% of Max HP upon activating Reverse Time
(마법 등급 효과) +5% Movement Skill Rune Cooldown Recovery Speed
(희귀 등급 효과) +10% Movement Skill Rune Cooldown Recovery Speed
(희귀 등급 효과) Movement Rune Cast Speed +10%

(전설 등급 효과) +15% Movement Skill Rune Cooldown Recovery Speed
(전설 등급 효과) Movement Rune Cast Speed +20%","HP and Barrier Absorb on hit while Reverse Time is active +1%
+[5-10]% Skill Rune Cooldown Recovery Speed","HP and Barrier Absorb on hit while Reverse Time is active +1%
+[5-15]% Skill Rune Effect","HP and Barrier Absorb on hit while Reverse Time is active +1%
+[5-15]% Skill Rune Duration"
,Mana Outburst,기존,"Can be linked with Skills that are any one of Strike, DoT
Cannot be linked with Skills that are Movement, Attack Enhance, Defense Enhance, Toggle, Minion, Sentry, Shout, Trap
Can be linked with Skills that have cooldown","Strike, DoT","Resource Cost Increase 30%
+40% Area of Effect
50% Skill Rune Cooldown Amplification
Mana Outburst Effect
Consumes 20% of current Mana
20% DMG Amplification
Mana Outburst Effects are not applied when Mana is at 20% or less
(마법 등급 효과) +20% DMG against Elites
(희귀 등급 효과) +30% DMG against Elites
(희귀 등급 효과) +1 Max Use Count

(전설 등급 효과) +50% DMG against Elites
(전설 등급 효과) +2 Max Use Count","Resource Cost Increase 30%
+40% Area of Effect
40% Skill Rune Cooldown Amplification
Mana Outburst Effect
Consumes 20% of current Mana
65% DMG Amplification
Mana Outburst Effects are not applied when Mana is at 20% or less
(마법 등급 효과) +20% DMG against Elites
(희귀 등급 효과) +30% DMG against Elites
(희귀 등급 효과) +1 Max Use Count

(전설 등급 효과) +50% DMG against Elites
(전설 등급 효과) +2 Max Use Count","[70-80]% DMG Amplification against Elites
[45-55]% DMG Dampening","[90-100]% DMG Amplification against Bosses
[45-55]% DMG Dampening","+1 Max Use Count
[10-15]% DMG Dampening
15% chance to reset Cooldown upon using a skill"
,,변경,"Can be linked with Skills that are any one of Strike, DoT
Cannot be linked with Skills that are Movement, Attack Enhance, Defense Enhance, Toggle, Minion, Sentry, Shout, Trap
Can be linked with Skills that have cooldown","Strike, DoT","Resource Cost Increase 30%
+40% Area of Effect
50% Skill Rune Cooldown Amplification
Mana Outburst Effect
Consumes 20% of current Mana
20% DMG Amplification
Mana Outburst Effects are not applied when Mana is at 20% or less
(마법 등급 효과) +20% DMG against Elites
(희귀 등급 효과) +30% DMG against Elites
(희귀 등급 효과) +1 Max Use Count

(전설 등급 효과) +50% DMG against Elites
(전설 등급 효과) +2 Max Use Count","Resource Cost Increase 30%
+40% Area of Effect
41.6% Skill Rune Cooldown Amplification
Mana Outburst Effect
Consumes 20% of current Mana
67.6% DMG Amplification
Mana Outburst Effects are not applied when Mana is at 20% or less
(마법 등급 효과) +20% DMG against Elites
(희귀 등급 효과) +30% DMG against Elites
(희귀 등급 효과) +1 Max Use Count

(전설 등급 효과) +50% DMG against Elites
(전설 등급 효과) +2 Max Use Count","[70-80]% DMG Amplification against Elites
[45-55]% DMG Dampening","[90-100]% DMG Amplification against Bosses
[45-55]% DMG Dampening","+1 Max Use Count
[10-15]% DMG Dampening
15% chance to reset Cooldown upon using a skill"
,Predator's Roar,기존,Can be linked with Skills that are Shout,Shout,"Resource Cost Increase 15%
Inflicts the following effect for 5 s on Shout Skill hit
Applied as Vulnerable effect
6% DMG Taken Increase
+30% Shout Skill Rune Effect Range
(마법 등급 효과) +10% Shout Skill Rune Effect Range
(희귀 등급 효과) +15% Shout Skill Rune Effect Range
(희귀 등급 효과) +10% Shout Skill Rune Cast Speed

(전설 등급 효과) +20% Shout Skill Rune Effect Range
(전설 등급 효과) +15% Shout Skill Rune Cast Speed","Resource Cost Increase 15%
Inflicts the following effect for 5 s on Shout Skill hit
Applied as Vulnerable effect
15% DMG Taken Increase
+55% Shout Skill Rune Effect Range
(마법 등급 효과) +10% Shout Skill Rune Effect Range
(희귀 등급 효과) +15% Shout Skill Rune Effect Range
(희귀 등급 효과) +10% Shout Skill Rune Cast Speed

(전설 등급 효과) +20% Shout Skill Rune Effect Range
(전설 등급 효과) +15% Shout Skill Rune Cast Speed","+[5-10]% Shout Skill Rune Duration
+[5-10]% Shout Skill Rune Effect",+[5-10]% Shout Skill Rune Cooldown Recovery Speed,"+[5-15]% Attack Speed during Shout Skill Effect
+[5-15]% Cast Speed during Shout Skill Effect"
,,변경,Can be linked with Skills that are Shout,Shout,"Resource Cost Increase 15%
Inflicts the following effect for 5 s on Shout Skill hit
Applied as Vulnerable effect
6% DMG Taken Increase
+30% Shout Skill Rune Effect Range
(마법 등급 효과) +10% Shout Skill Rune Effect Range
(희귀 등급 효과) +15% Shout Skill Rune Effect Range
(희귀 등급 효과) +10% Shout Skill Rune Cast Speed

(전설 등급 효과) +20% Shout Skill Rune Effect Range
(전설 등급 효과) +15% Shout Skill Rune Cast Speed","Resource Cost Increase 15%
Inflicts the following effect for 5 s on Shout Skill hit
Applied as Vulnerable effect
15.6% DMG Taken Increase
+57.2% Shout Skill Rune Effect Range
(마법 등급 효과) +10% Shout Skill Rune Effect Range
(희귀 등급 효과) +15% Shout Skill Rune Effect Range
(희귀 등급 효과) +10% Shout Skill Rune Cast Speed

(전설 등급 효과) +20% Shout Skill Rune Effect Range
(전설 등급 효과) +15% Shout Skill Rune Cast Speed","+[5-10]% Shout Skill Rune Duration
+[5-10]% Shout Skill Rune Effect",+[5-10]% Shout Skill Rune Cooldown Recovery Speed,"+[5-15]% Attack Speed during Shout Skill Effect
+[5-15]% Cast Speed during Shout Skill Effect"
,Extract Earth Energy,기존,"Can be linked with Skills that are Physical, Strike (must include all)
Applies to Minions when linked to Summon Skill
Rune cannot be awakened.","Physical, Strike","Resource Cost Increase 20%
10% chance to gain Earth Energy on hit
Max Earth Energy +1
Energy Effect -50% except Earth Energy
0.1% Physical DMG Amplification per 1 Earth Energy
0.1% Physical DMG Taken Dampening per 1 Earth Energy
0.1% Attack Speed Amplification per 1 Earth Energy
0.1% Cast Speed Amplification per 1 Earth Energy
Bleed Rate +1 per 1 Earth Energy
Stun Rate +1 per 1 Earth Energy
(마법 등급 효과) 20% Physical DMG Increase
(희귀 등급 효과) 30% Physical DMG Increase

(전설 등급 효과) 50% Physical DMG Increase","Resource Cost Increase 20%
23.2% chance to gain Earth Energy on hit
Max Earth Energy +3
Energy Effect -50% except Earth Energy
3% Physical DMG Amplification per 1 Earth Energy
1% Physical DMG Taken Dampening per 1 Earth Energy
3% Attack Speed Amplification per 1 Earth Energy
3% Cast Speed Amplification per 1 Earth Energy
Bleed Rate +3 per 1 Earth Energy
Stun Rate +3 per 1 Earth Energy
(마법 등급 효과) 20% Physical DMG Increase
(희귀 등급 효과) 30% Physical DMG Increase

(전설 등급 효과) 50% Physical DMG Increase",,,
,,변경,"Can be linked with Skills that are Physical, Strike (must include all)
Only one type of Rune with the Energy Extraction tag can be linked to a single skill.
Applies to Minions when linked to Summon Skill","Physical, Strike, Extract Energy","Resource Cost Increase 20%
10% chance to gain Earth Energy on hit
5% Physical DMG Increase per 1 Earth Energy
0.5% Physical DMG Amplification per 1 Earth Energy
(마법 등급 효과) 20% Physical DMG Increase
(희귀 등급 효과) 30% Physical DMG Increase

(전설 등급 효과) 50% Physical DMG Increase","Resource Cost Increase 20%
23.2% chance to gain Earth Energy on hit
50% Physical DMG Increase per 1 Earth Energy
4% Physical DMG Amplification per 1 Earth Energy
(마법 등급 효과) 20% Physical DMG Increase
(희귀 등급 효과) 30% Physical DMG Increase

(전설 등급 효과) 50% Physical DMG Increase","[1-3]% Critical DMG Increase per 1 Earth Energy
[1-1.5]% Maximized DMG Increase per 1 Earth Energy","[3-5]% Attack Speed Amplification per 1 Earth Energy
[3-5]% Cast Speed Amplification per 1 Earth Energy","Bleed Rate +[3-5] per 1 Earth Energy
Stun Rate +[3-5] per 1 Earth Energy"
,Extract Fire Energy,기존,"Can be linked with Skills that are Fire, Strike (must include all)
Applies to Minions when linked to Summon Skill
Rune cannot be awakened.","Fire, Strike","Resource Cost Increase 20%
10% chance to gain Fire Energy on hit
Max Fire Energy +1
Energy Effect -50% except Fire Energy
0.1% Fire DMG Amplification per 1 Fire Energy
0.1% Fire DMG Taken Dampening per 1 Fire Energy
0.1% Attack Speed Amplification per 1 Fire Energy
0.1% Cast Speed Amplification per 1 Fire Energy
Burn Rate +1 per 1 Fire Energy
Wound Rate +1 per 1 Fire Energy
(마법 등급 효과) 20% Fire DMG Increase
(희귀 등급 효과) 30% Fire DMG Increase

(전설 등급 효과) 50% Fire DMG Increase","Resource Cost Increase 20%
23.2% chance to gain Fire Energy on hit
Max Fire Energy +3
Energy Effect -50% except Fire Energy
3% Fire DMG Amplification per 1 Fire Energy
1% Fire DMG Taken Dampening per 1 Fire Energy
3% Attack Speed Amplification per 1 Fire Energy
3% Cast Speed Amplification per 1 Fire Energy
Burn Rate +3 per 1 Fire Energy
Wound Rate +3 per 1 Fire Energy
(마법 등급 효과) 20% Fire DMG Increase
(희귀 등급 효과) 30% Fire DMG Increase

(전설 등급 효과) 50% Fire DMG Increase",,,
,,변경,"Can be linked with Skills that are Fire, Strike (must include all)
Only one type of Rune with the Energy Extraction tag can be linked to a single skill.
Applies to Minions when linked to Summon Skill","Fire, Strike, Extract Energy","Resource Cost Increase 20%
10% chance to gain Fire Energy on hit
5% Fire DMG Increase per 1 Fire Energy
0.5% Fire DMG Amplification per 1 Fire Energy
(마법 등급 효과) 20% Fire DMG Increase
(희귀 등급 효과) 30% Fire DMG Increase

(전설 등급 효과) 50% Fire DMG Increase","Resource Cost Increase 20%
23.2% chance to gain Fire Energy on hit
50% Fire DMG Increase per 1 Fire Energy
4% Fire DMG Amplification per 1 Fire Energy
(마법 등급 효과) 20% Fire DMG Increase
(희귀 등급 효과) 30% Fire DMG Increase

(전설 등급 효과) 50% Fire DMG Increase","[1-3]% Critical DMG Increase per 1 Fire Energy
[1-1.5]% Maximized DMG Increase per 1 Fire Energy","[3-5]% Attack Speed Amplification per 1 Fire Energy
[3-5]% Cast Speed Amplification per 1 Fire Energy","Burn Rate +[3-5] per 1 Fire Energy
Wound Rate +[3-5] per 1 Fire Energy"
,Extract Cold Energy,기존,"Can be linked with Skills that are Cold, Strike (must include all)
Applies to Minions when linked to Summon Skill
Rune cannot be awakened.","Cold, Strike","Resource Cost Increase 20%
10% chance to gain Cold Energy on hit
Max Cold Energy +1
Energy Effect -50% except Cold Energy
0.1% Cold DMG Amplification per 1 Cold Energy
0.1% Cold DMG Taken Dampening per 1 Cold Energy
0.1% Attack Speed Amplification per 1 Cold Energy
0.1% Cast Speed Amplification per 1 Cold Energy
Chill Rate +1 per 1 Cold Energy
Freeze Rate +1 per 1 Cold Energy
(마법 등급 효과) 20% Cold DMG Increase
(희귀 등급 효과) 30% Cold DMG Increase

(전설 등급 효과) 50% Cold DMG Increase","Resource Cost Increase 20%
23.2% chance to gain Cold Energy on hit
Max Cold Energy +3
Energy Effect -50% except Cold Energy
3% Cold DMG Amplification per 1 Cold Energy
1% Cold DMG Taken Dampening per 1 Cold Energy
3% Attack Speed Amplification per 1 Cold Energy
3% Cast Speed Amplification per 1 Cold Energy
Chill Rate +3 per 1 Cold Energy
Freeze Rate +3 per 1 Cold Energy
(마법 등급 효과) 20% Cold DMG Increase
(희귀 등급 효과) 30% Cold DMG Increase

(전설 등급 효과) 50% Cold DMG Increase",,,
,,변경,"Can be linked with Skills that are Cold, Strike (must include all)
Only one type of Rune with the Energy Extraction tag can be linked to a single skill.
Applies to Minions when linked to Summon Skill","Cold, Strike, Extract Energy","Resource Cost Increase 20%
10% chance to gain Cold Energy on hit
5% Cold DMG Increase per 1 Cold Energy
0.5% Cold DMG Amplification per 1 Cold Energy
(마법 등급 효과) 20% Cold DMG Increase
(희귀 등급 효과) 30% Cold DMG Increase

(전설 등급 효과) 50% Cold DMG Increase","Resource Cost Increase 20%
23.2% chance to gain Cold Energy on hit
50% Cold DMG Increase per 1 Cold Energy
4% Cold DMG Amplification per 1 Cold Energy
(마법 등급 효과) 20% Cold DMG Increase
(희귀 등급 효과) 30% Cold DMG Increase

(전설 등급 효과) 50% Cold DMG Increase","[1-3]% Critical DMG Increase per 1 Cold Energy
[1-1.5]% Maximized DMG Increase per 1 Cold Energy","[3-5]% Attack Speed Amplification per 1 Cold Energy
[3-5]% Cast Speed Amplification per 1 Cold Energy","Chill Rate +[3-5] per 1 Cold Energy
Freeze Rate +[3-5] per 1 Cold Energy"
,Extract Lightning Energy,기존,"Can be linked with Skills that are Lightning, Strike (must include all)
Applies to Minions when linked to Summon Skill
Rune cannot be awakened.","Lightning, Strike","Resource Cost Increase 20%
10% chance to gain Lightning Energy on hit
Max Lightning Energy +1
Energy Effect -50% except Lightning Energy
0.1% Lightning DMG Amplification per 1 Lightning Energy
0.1% Lightning DMG Taken Dampening per 1 Lightning Energy
0.1% Attack Speed Amplification per 1 Lightning Energy
0.1% Cast Speed Amplification per 1 Lightning Energy
Shock Rate +1 per 1 Lightning Energy
Bind Rate +1 per 1 Lightning Energy
(마법 등급 효과) 20% Lightning DMG Increase
(희귀 등급 효과) 30% Lightning DMG Increase

(전설 등급 효과) 50% Lightning DMG Increase","Resource Cost Increase 20%
23.2% chance to gain Lightning Energy on hit
Max Lightning Energy +3
Energy Effect -50% except Lightning Energy
3% Lightning DMG Amplification per 1 Lightning Energy
1% Lightning DMG Taken Dampening per 1 Lightning Energy
3% Attack Speed Amplification per 1 Lightning Energy
3% Cast Speed Amplification per 1 Lightning Energy
Shock Rate +3 per 1 Lightning Energy
Bind Rate +3 per 1 Lightning Energy
(마법 등급 효과) 20% Lightning DMG Increase
(희귀 등급 효과) 30% Lightning DMG Increase

(전설 등급 효과) 50% Lightning DMG Increase",,,
,,변경,"Can be linked with Skills that are Lightning, Strike (must include all)
Only one type of Rune with the Energy Extraction tag can be linked to a single skill.
Applies to Minions when linked to Summon Skill","Lightning, Strike, Extract Energy","Resource Cost Increase 20%
10% chance to gain Lightning Energy on hit
5% Lightning DMG Increase per 1 Lightning Energy
0.5% Lightning DMG Amplification per 1 Lightning Energy
(마법 등급 효과) 20% Lightning DMG Increase
(희귀 등급 효과) 30% Lightning DMG Increase

(전설 등급 효과) 50% Lightning DMG Increase","Resource Cost Increase 20%
23.2% chance to gain Lightning Energy on hit
50% Lightning DMG Increase per 1 Lightning Energy
4% Lightning DMG Amplification per 1 Lightning Energy
(마법 등급 효과) 20% Lightning DMG Increase
(희귀 등급 효과) 30% Lightning DMG Increase

(전설 등급 효과) 50% Lightning DMG Increase","[1-3]% Critical DMG Increase per 1 Lightning Energy
[1-1.5]% Maximized DMG Increase per 1 Lightning Energy","[3-5]% Attack Speed Amplification per 1 Lightning Energy
[3-5]% Cast Speed Amplification per 1 Lightning Energy","Shock Rate +[3-5] per 1 Lightning Energy
Bind Rate +[3-5] per 1 Lightning Energy"
,Extract Poison Energy,기존,"Can be linked with Skills that are Poison, Strike (must include all)
Applies to Minions when linked to Summon Skill
Rune cannot be awakened.","Poison, Strike","Resource Cost Increase 20%
10% chance to gain Poison Energy on hit
Max Poison Energy +1
Energy Effect -50% except Poison Energy
0.1% Poison DMG Amplification per 1 Poison Energy
0.1% Poison DMG Taken Dampening per 1 Poison Energy
0.1% Attack Speed Amplification per 1 Poison Energy
0.1% Cast Speed Amplification per 1 Poison Energy
Venom Rate +1 per 1 Poison Energy
Blind Rate +1 per 1 Poison Energy
(마법 등급 효과) 20% Poison DMG Increase
(희귀 등급 효과) 30% Poison DMG Increase

(전설 등급 효과) 50% Poison DMG Increase","Resource Cost Increase 20%
23.2% chance to gain Poison Energy on hit
Max Poison Energy +3
Energy Effect -50% except Poison Energy
3% Poison DMG Amplification per 1 Poison Energy
1% Poison DMG Taken Dampening per 1 Poison Energy
3% Attack Speed Amplification per 1 Poison Energy
3% Cast Speed Amplification per 1 Poison Energy
Venom Rate +3 per 1 Poison Energy
Blind Rate +3 per 1 Poison Energy
(마법 등급 효과) 20% Poison DMG Increase
(희귀 등급 효과) 30% Poison DMG Increase

(전설 등급 효과) 50% Poison DMG Increase",,,
,,변경,"Can be linked with Skills that are Poison, Strike (must include all)
Only one type of Rune with the Energy Extraction tag can be linked to a single skill.
Applies to Minions when linked to Summon Skill","Poison, Strike, Extract Energy","Resource Cost Increase 20%
10% chance to gain Poison Energy on hit
5% Poison DMG Increase per 1 Poison Energy
0.5% Poison DMG Amplification per 1 Poison Energy
(마법 등급 효과) 20% Poison DMG Increase
(희귀 등급 효과) 30% Poison DMG Increase

(전설 등급 효과) 50% Poison DMG Increase","Resource Cost Increase 20%
23.2% chance to gain Poison Energy on hit
50% Poison DMG Increase per 1 Poison Energy
4% Poison DMG Amplification per 1 Poison Energy
(마법 등급 효과) 20% Poison DMG Increase
(희귀 등급 효과) 30% Poison DMG Increase

(전설 등급 효과) 50% Poison DMG Increase","[1-3]% Critical DMG Increase per 1 Poison Energy
[1-1.5]% Maximized DMG Increase per 1 Poison Energy","[3-5]% Attack Speed Amplification per 1 Poison Energy
[3-5]% Cast Speed Amplification per 1 Poison Energy","Venom Rate +[3-5] per 1 Poison Energy
Blind Rate +[3-5] per 1 Poison Energy"
,Iai-jutsu,기존,"Can be linked with Skills that are Weapon Range
Can be linked with Skills that satisfy any one of Attack, Spell
Cannot be linked with Skills that are Area of Effect
Cannot be linked with Strike.","Attack, Spell, Weapon Range","Resource Cost Increase 20%
8.8% Strike DMG Amplification
15% Attack Speed Dampening
15% Cast Speed Dampening
+20% Critical DMG per 50 Weapon Range of equipped weapons
+40% Critical Chance per 50 Weapon Range of equipped weapons when Dual Wielding

(희귀 등급 효과) +35% Strike DMG
(희귀 등급 효과) 2.5% Strike DMG Amplification

(전설 등급 효과) +50% Strike DMG
(전설 등급 효과) 5% Strike DMG Amplification","Resource Cost Increase 20%
23.8% Strike DMG Amplification
15% Attack Speed Dampening
15% Cast Speed Dampening
+20% Critical DMG per 50 Weapon Range of equipped weapons
+40% Critical Chance per 50 Weapon Range of equipped weapons when Dual Wielding

(희귀 등급 효과) +35% Strike DMG
(희귀 등급 효과) 2.5% Strike DMG Amplification

(전설 등급 효과) +50% Strike DMG
(전설 등급 효과) 5% Strike DMG Amplification","[4-12]% Strike DMG Amplification
[5-10]% Attack Speed Dampening
[5-10]% Cast Speed Dampening","+15% Maximization DMG per 50 Weapon Range of equipped weapons
+30% Maximization DMG per 50 Weapon Range of equipped weapons when Dual Wielding
+[10-30]% Attack Speed
Increase Maximization DMG instead of Critical DMG based on the Weapon Range of equipped weapons","+[25-40]% Weapon Range
+[35-50]% Strike DMG"
,,변경,"Can be linked with Skills that are Weapon Range
Can be linked with Skills that satisfy any one of Attack, Spell
Cannot be linked with Skills that are Area of Effect
Cannot be linked with Strike.","Attack, Spell, Weapon Range","Resource Cost Increase 20%
8.8% Strike DMG Amplification
15% Attack Speed Dampening
15% Cast Speed Dampening
+20% Critical DMG per 50 Weapon Range of equipped weapons
+40% Critical Chance per 50 Weapon Range of equipped weapons when Dual Wielding

(희귀 등급 효과) +35% Strike DMG
(희귀 등급 효과) 2.5% Strike DMG Amplification

(전설 등급 효과) +50% Strike DMG
(전설 등급 효과) 5% Strike DMG Amplification","Resource Cost Increase 20%
24.8% Strike DMG Amplification
15% Attack Speed Dampening
15% Cast Speed Dampening
+20% Critical DMG per 50 Weapon Range of equipped weapons
+40% Critical Chance per 50 Weapon Range of equipped weapons when Dual Wielding

(희귀 등급 효과) +35% Strike DMG
(희귀 등급 효과) 2.5% Strike DMG Amplification

(전설 등급 효과) +50% Strike DMG
(전설 등급 효과) 5% Strike DMG Amplification","[4-12]% Strike DMG Amplification
[5-10]% Attack Speed Dampening
[5-10]% Cast Speed Dampening","+15% Maximization DMG per 50 Weapon Range of equipped weapons
+30% Maximization DMG per 50 Weapon Range of equipped weapons when Dual Wielding
+[10-30]% Attack Speed
Increase Maximization DMG instead of Critical DMG based on the Weapon Range of equipped weapons","+[25-40]% Weapon Range
+[35-50]% Strike DMG"
,Chain of Pain,기존,"Can be linked with Skills that are Strike
Can be linked with Skills that satisfy any one of Attack, Spell
Applies to Minions when linked to Summon Skill","Attack, Spell, Strike","Resource Cost Increase 20%
DMG increases by 4% per debuff applied to the enemy
Applicable debuffs (Bleed, Burn, Venom, Stun, Freeze, Bind, Chill, Shock, Wound, Blind)
(마법 등급 효과) Amplifies DMG by 0.5% per debuff applied to the enemy
(희귀 등급 효과) Amplifies DMG by 1% per debuff applied to the enemy

(전설 등급 효과) Amplifies DMG by 1.5% per debuff applied to the enemy","Resource Cost Increase 20%
DMG increases by 40% per debuff applied to the enemy
Applicable debuffs (Bleed, Burn, Venom, Stun, Freeze, Bind, Chill, Shock, Wound, Blind)
(마법 등급 효과) Amplifies DMG by 0.5% per debuff applied to the enemy
(희귀 등급 효과) Amplifies DMG by 1% per debuff applied to the enemy

(전설 등급 효과) Amplifies DMG by 1.5% per debuff applied to the enemy","+[30-50]% Status Effect Duration
+[20-40]% DMG","Cannot apply Status Effects
[3-5]% DMG Amplification against enemies affected by DoT
[3-5]% DMG Amplification against Debuffed enemies
[3-5]% DMG Amplification against Crowd Controlled enemies",-[10-5]% Resource Cost
,,변경,"Can be linked with Skills that are Strike
Can be linked with Skills that satisfy any one of Attack, Spell
Applies to Minions when linked to Summon Skill","Attack, Spell, Strike","Resource Cost Increase 20%
DMG increases by 5% per debuff applied to the enemy
Applicable debuffs (Bleed, Burn, Venom, Stun, Freeze, Bind, Chill, Shock, Wound, Blind)
(마법 등급 효과) Amplifies DMG by 0.5% per debuff applied to the enemy
(희귀 등급 효과) Amplifies DMG by 1% per debuff applied to the enemy

(전설 등급 효과) Amplifies DMG by 1.5% per debuff applied to the enemy","Resource Cost Increase 20%
DMG increases by 50% per debuff applied to the enemy
Applicable debuffs (Bleed, Burn, Venom, Stun, Freeze, Bind, Chill, Shock, Wound, Blind)
(마법 등급 효과) Amplifies DMG by 0.5% per debuff applied to the enemy
(희귀 등급 효과) Amplifies DMG by 1% per debuff applied to the enemy

(전설 등급 효과) Amplifies DMG by 1.5% per debuff applied to the enemy","+[30-50]% Status Effect Duration
+[20-40]% DMG","Cannot apply Status Effects
[3-5]% DMG Amplification against enemies affected by DoT
[3-5]% DMG Amplification against Debuffed enemies
[3-5]% DMG Amplification against Crowd Controlled enemies",-[10-5]% Resource Cost
,Haste,신규,"Can be linked with Skills that are Channel
Can be linked with Skills that satisfy any one of Strike, DoT","Strike, DoT, Channel","Resource Cost Increase 15%
10% Movement Speed Increase
Increase DMG by 3% of Movement Speed
(Applied Movement Speed cannot exceed 1500)
(마법 등급 효과) 5% Movement Speed Amplification
(희귀 등급 효과) 8% Movement Speed Amplification

(전설 등급 효과) 15% Movement Speed Amplification","Resource Cost Increase 15%
41.6% Movement Speed Increase
Increase DMG by 15.6% of Movement Speed
(Applied Movement Speed cannot exceed 1500)
(마법 등급 효과) 5% Movement Speed Amplification
(희귀 등급 효과) 8% Movement Speed Amplification

(전설 등급 효과) 15% Movement Speed Amplification",[10-18]% Movement Speed Increase,"[8-15]% Movement Speed Dampening
[5-12]% DMG Amplification when Channeling",Amplifies DMG by [5-8]% upon reaching Max Movement Speed
,Sure Hit,신규,"Can be linked with Skills that are Channel
Can be linked with Skills that satisfy any one of Strike, DoT","Strike, DoT, Channel","Resource Cost Increase 15%
+400 Hit Rate when Channeling
(마법 등급 효과) +20% Hit Rate when Channeling
(희귀 등급 효과) +35% Hit Rate when Channeling

(전설 등급 효과) +70% Hit Rate when Channeling
(전설 등급 효과) 15% Hit Rate Amplification when Channeling","Resource Cost Increase 15%
+2200 Hit Rate when Channeling
(마법 등급 효과) +20% Hit Rate when Channeling
(희귀 등급 효과) +35% Hit Rate when Channeling

(전설 등급 효과) +70% Hit Rate when Channeling
(전설 등급 효과) 15% Hit Rate Amplification when Channeling","[5-10]% Hit Rate Dampening when Channeling
[3-8]% DMG Amplification when Channeling","+[28-40]% Hit Rate when Channeling
Ignore Block against enemies at 20% or less HP
Ignore Block against enemies at Full HP","+[28-40]% Hit Rate when Channeling
Ignores Dodge Rate of enemies at 20% HP or less
Ignore Dodge Rate against enemies at Full HP"
,Illegal Mod,신규,Can be linked with Skills that are Sentry,Sentry,"Resource Cost Increase 15%
-90% Sentry Duration
+30% Sentry Install Speed
15% Sentry DMG Amplification
(마법 등급 효과) +10% Sentry Attack Speed
(희귀 등급 효과) +15% Sentry Attack Speed

(전설 등급 효과) +30% Sentry Attack Speed
(전설 등급 효과) 5% Sentry Attack Speed Amplification","Resource Cost Increase 15%
-70% Sentry Duration
+45% Sentry Install Speed
35% Sentry DMG Amplification
(마법 등급 효과) +10% Sentry Attack Speed
(희귀 등급 효과) +15% Sentry Attack Speed

(전설 등급 효과) +30% Sentry Attack Speed
(전설 등급 효과) 5% Sentry Attack Speed Amplification",[1.1-2]% Sentry DMG Amplification per summoned Sentry,"+[15-28]% Sentry Install Speed
Amplifies Sentry Attack Speed by [10-18]% for 3 s after Sentry installation","+[20-40]% Sentry HP
+[10-20] Sentry Element Resist"
,Trance,신규,"Can be linked with Skills that are Channel
Can be linked with Skills that satisfy any one of Strike, DoT
Rune cannot be awakened.","Strike, DoT, Channel","Resource Cost Increase 15%
+5% DMG when Channeling
+10% Trance Effect
100% chance to gain Trance Effect for 5 s on hit
Trance effect
(DMG when Channeling +30%, Attack Speed when Channeling +15%, Cast Speed when Channeling +15%)
+20% Trance Effect for 5 s on Kill
(마법 등급 효과) 5% DMG Amplification when Channeling
(희귀 등급 효과) 10% DMG Amplification when Channeling

(전설 등급 효과) 18% DMG Amplification when Channeling","Resource Cost Increase 15%
+45% DMG when Channeling
+31% Trance Effect
100% chance to gain Trance Effect for 5 s on hit
Trance effect
(DMG when Channeling +30%, Attack Speed when Channeling +15%, Cast Speed when Channeling +15%)
+107% Trance Effect for 5 s on Kill
(마법 등급 효과) 5% DMG Amplification when Channeling
(희귀 등급 효과) 10% DMG Amplification when Channeling

(전설 등급 효과) 18% DMG Amplification when Channeling",,,
,Overconsumption,신규,Can be linked with Skills that are Channel,Channel,"Resource Cost Increase 20%
Overconsumption Effect
3% Resource Cost Amplification
6% DMG Amplification when Channeling

(희귀 등급 효과) +10% Overconsumption Effect

(전설 등급 효과) +25% Overconsumption Effect","Resource Cost Increase 20%
Overconsumption Effect
8.3% Resource Cost Amplification
10% DMG Amplification when Channeling

(희귀 등급 효과) +10% Overconsumption Effect

(전설 등급 효과) +25% Overconsumption Effect","+1 Overconsumption Stack Count
+[8-15]% Overconsumption Effect","+[15-35]% Critical DMG at Max Overconsumption Stacks
+[8-24]% Maximized DMG at Max Overconsumption Stacks","-[10-5]% Resource Cost
+[5-11] Mana on Hit at Max Overconsumption Stacks"