,Rune,,Description,tag,Lv.1,Lv.45,Source,Origin,Verity
,Spread Shot,기존,Fires several arrows over a wide area to inflict physical damage on the enemy,"Attack, Strike, Physical, Projectile, Bow, Overheat, Shadow","Mana Cost 3
Triggers Immediately
40 Overheat Accumulation
Physical Element
5% Base Speed Amplification
Arrows: 5
Projectile Speed 3000
Physical DMG 300%
Physical DMG +26
(마법 등급 효과) +50% Projectile DMG
(희귀 등급 효과) +150% Projectile DMG
(희귀 등급 효과) +15% Projectile Speed
(희귀 등급 효과) +2 Projectile Count

(전설 등급 효과) +250% Projectile DMG
(전설 등급 효과) +30% Projectile Speed
(전설 등급 효과) +4 Projectile Count","Mana Cost 16.6
Triggers Immediately
40 Overheat Accumulation
Physical Element
5% Base Speed Amplification
Arrows: 5
Projectile Speed 3000
Physical DMG 770%
Physical DMG +454
(마법 등급 효과) +50% Projectile DMG
(희귀 등급 효과) +150% Projectile DMG
(희귀 등급 효과) +15% Projectile Speed
(희귀 등급 효과) +2 Projectile Count

(전설 등급 효과) +250% Projectile DMG
(전설 등급 효과) +30% Projectile Speed
(전설 등급 효과) +4 Projectile Count",[1.5-3]% Projectile DMG Amplification per 1 additional Projectile(s) (Max:  24),"+1 Chain Count
+[25-50]% Projectile DMG","+1 Pierce Count
1 Projectile Curve
[4-12]% DMG Amplification when distance from enemy is 600 or more"
,,변경,Fires several arrows over a wide area to inflict physical damage on the enemy,"Attack, Strike, Physical, Projectile, Bow, Overheat, Shadow","Mana Cost 3
Triggers Immediately
40 Overheat Accumulation
Physical Element
5% Base Speed Amplification
Arrows: 5
Projectile Speed 3000
Physical DMG 300%
Physical DMG +26
(마법 등급 효과) +50% Projectile DMG
(희귀 등급 효과) +150% Projectile DMG
(희귀 등급 효과) +15% Projectile Speed
(희귀 등급 효과) +2 Projectile Count

(전설 등급 효과) +250% Projectile DMG
(전설 등급 효과) +30% Projectile Speed
(전설 등급 효과) +4 Projectile Count","Mana Cost 16.6
Triggers Immediately
40 Overheat Accumulation
Physical Element
5% Base Speed Amplification
Arrows: 5
Projectile Speed 3000
Physical DMG 801%
Physical DMG +472
(마법 등급 효과) +50% Projectile DMG
(희귀 등급 효과) +150% Projectile DMG
(희귀 등급 효과) +15% Projectile Speed
(희귀 등급 효과) +2 Projectile Count

(전설 등급 효과) +250% Projectile DMG
(전설 등급 효과) +30% Projectile Speed
(전설 등급 효과) +4 Projectile Count",[1.5-3]% Projectile DMG Amplification per 1 additional Projectile(s) (Max:  24),"+1 Chain Count
+[25-50]% Projectile DMG","+1 Pierce Count
1 Projectile Curve
[4-12]% DMG Amplification when distance from enemy is 600 or more"
,Explosive Arrow,기존,Fires an exploding arrow to deal damage to the enemy. Killing an enemy with an attached arrow inflicts additional explosion damage,"Attack, Area of Effect, Strike, Fire, Projectile, BowCannot Chain","Mana Cost 10
Cooldown 20 s
Fire Element
+1 Max Use Count
Arrows: 3
Projectile Speed 3000
Pierce Count 1
+300 Arrow DMG
Arrow DMG 730%
Time until Explosion 2 s
Explosion Area of Effect 250
+300 Fire DMG upon exploding
920% Fire DMG upon exploding
(마법 등급 효과) +30% Projectile DMG
(마법 등급 효과) +20% Area of Effect
(희귀 등급 효과) +70% Projectile DMG
(희귀 등급 효과) +40% Area of Effect
(희귀 등급 효과) 2% DMG Amplification

(전설 등급 효과) +130% Projectile DMG
(전설 등급 효과) +60% Area of Effect
(전설 등급 효과) 5% DMG Amplification","Mana Cost 44
Cooldown 20 s
Fire Element
+1 Max Use Count
Arrows: 3
Projectile Speed 3000
Pierce Count 1
+1222 Arrow DMG
Arrow DMG 1444%
Time until Explosion 2 s
Explosion Area of Effect 250
+1222 Fire DMG upon exploding
1819% Fire DMG upon exploding
(마법 등급 효과) +30% Projectile DMG
(마법 등급 효과) +20% Area of Effect
(희귀 등급 효과) +70% Projectile DMG
(희귀 등급 효과) +40% Area of Effect
(희귀 등급 효과) 2% DMG Amplification

(전설 등급 효과) +130% Projectile DMG
(전설 등급 효과) +60% Area of Effect
(전설 등급 효과) 5% DMG Amplification","30% chance to gain Hellfire for 3 s on hit
( Fire Penetration +10%, 10% Fire DMG Amplification )
+[30-60]% Hellfire Effect",+[55-70]% Skill Rune Cooldown Recovery Speed,"[5-10]% Area of Effect Amplification
[10-15]% Area DMG Amplification"
,,변경,Fires an exploding arrow to deal damage to the enemy. Killing an enemy with an attached arrow inflicts additional explosion damage,"Attack, Area of Effect, Strike, Fire, Projectile, BowCannot Chain","Mana Cost 10
Cooldown 20 s
Fire Element
+1 Max Use Count
Arrows: 3
Projectile Speed 3000
Pierce Count 1
+300 Arrow DMG
Arrow DMG 730%
Time until Explosion 2 s
Explosion Area of Effect 250
+300 Fire DMG upon exploding
920% Fire DMG upon exploding
(마법 등급 효과) +30% Projectile DMG
(마법 등급 효과) +20% Area of Effect
(희귀 등급 효과) +70% Projectile DMG
(희귀 등급 효과) +40% Area of Effect
(희귀 등급 효과) 2% DMG Amplification

(전설 등급 효과) +130% Projectile DMG
(전설 등급 효과) +60% Area of Effect
(전설 등급 효과) 5% DMG Amplification","Mana Cost 44
Cooldown 20 s
Fire Element
+1 Max Use Count
Arrows: 3
Projectile Speed 3000
Pierce Count 1
+1271 Arrow DMG
Arrow DMG 1502%
Time until Explosion 2 s
Explosion Area of Effect 250
+1271 Fire DMG upon exploding
1892% Fire DMG upon exploding
(마법 등급 효과) +30% Projectile DMG
(마법 등급 효과) +20% Area of Effect
(희귀 등급 효과) +70% Projectile DMG
(희귀 등급 효과) +40% Area of Effect
(희귀 등급 효과) 2% DMG Amplification

(전설 등급 효과) +130% Projectile DMG
(전설 등급 효과) +60% Area of Effect
(전설 등급 효과) 5% DMG Amplification","30% chance to gain Hellfire for 3 s on hit
( Fire Penetration +10%, 10% Fire DMG Amplification )
+[30-60]% Hellfire Effect",+[55-70]% Skill Rune Cooldown Recovery Speed,"[5-10]% Area of Effect Amplification
[10-15]% Area DMG Amplification"
,Shout of Terror,기존,Deals damage to enemies around the caster and dampens their armor. Enemies hit have a chance of being stunned,"Attack, Melee, Area of Effect, Shout, Strike, Physical, Duration","Mana Cost 15
Cooldown 20 s
Physical Element
Shout Range 350
Physical DMG 21%
Physical DMG +8
+20% Stun Chance
Min Stun Duration 2 s
Shout Duration 3 s
Shout Skill Effect
15% Armor Dampening against enemies hit by a Shout
15% Element Resist Dampening against enemies hit by a Shout
(마법 등급 효과) +10% Shout of Terror Effect
(희귀 등급 효과) +24% Shout of Terror Effect

(전설 등급 효과) +40% Shout of Terror Effect","Mana Cost 37
Cooldown 20 s
Physical Element
Shout Range 350
Physical DMG 67%
Physical DMG +377
+45.5% Stun Chance
Min Stun Duration 2 s
Shout Duration 3 s
Shout Skill Effect
30% Armor Dampening against enemies hit by a Shout
30% Element Resist Dampening against enemies hit by a Shout
(마법 등급 효과) +10% Shout of Terror Effect
(희귀 등급 효과) +24% Shout of Terror Effect

(전설 등급 효과) +40% Shout of Terror Effect","+[10-30]% Shout Skill Rune Effect
+[40-60]% Shout Skill Rune Effect Range","+[30-50]% Shout Skill Rune Cooldown Recovery Speed
+[60-100]% Shout Skill Rune Cast Speed","Ignores enemy Dodge Rate
Guaranteed Critical Hit
+[15-30]% Shout Skill Rune Cooldown Recovery Speed"
,,변경,Deals damage to enemies around the caster and dampens their armor. Enemies hit have a chance of being stunned,"Attack, Melee, Area of Effect, Shout, Strike, Physical, Duration","Mana Cost 15
Cooldown 20 s
Physical Element
Shout Range 350
Physical DMG 21%
Physical DMG +8
+20% Stun Chance
Min Stun Duration 2 s
Shout Duration 3 s
Shout Skill Effect
15% Armor Dampening against enemies hit by a Shout
15% Element Resist Dampening against enemies hit by a Shout
(마법 등급 효과) +10% Shout of Terror Effect
(희귀 등급 효과) +24% Shout of Terror Effect

(전설 등급 효과) +40% Shout of Terror Effect","Mana Cost 37
Cooldown 20 s
Physical Element
Shout Range 350
Physical DMG 70%
Physical DMG +392
+45.5% Stun Chance
Min Stun Duration 2 s
Shout Duration 3 s
Shout Skill Effect
31.2% Armor Dampening against enemies hit by a Shout
31.2% Element Resist Dampening against enemies hit by a Shout
(마법 등급 효과) +10% Shout of Terror Effect
(희귀 등급 효과) +24% Shout of Terror Effect

(전설 등급 효과) +40% Shout of Terror Effect","+[10-30]% Shout Skill Rune Effect
+[40-60]% Shout Skill Rune Effect Range","+[30-50]% Shout Skill Rune Cooldown Recovery Speed
+[60-100]% Shout Skill Rune Cast Speed","Ignores enemy Dodge Rate
Guaranteed Critical Hit
+[15-30]% Shout Skill Rune Cooldown Recovery Speed"
,Shout of Justice,기존,"Dampens enemy Movement Speed within range, temporarily Recovers HP, and removes Status Effects during Skill duration","Attack, Area of Effect, Shout, Duration","Mana Cost 15
Cooldown 25 s
Remove Status effects from self
Shout Range 350
Shout Duration 3 s
20% Movement Speed Dampening against enemies hit by a Shout
Shout Skill Effect
HP Recovery +60
(마법 등급 효과) +10% Shout Skill Rune Effect
(희귀 등급 효과) +24% Shout Skill Rune Effect

(전설 등급 효과) +40% Shout Skill Rune Effect","Mana Cost 37
Cooldown 25 s
Remove Status effects from self
Shout Range 350
Shout Duration 3 s
20% Movement Speed Dampening against enemies hit by a Shout
Shout Skill Effect
HP Recovery +412
(마법 등급 효과) +10% Shout Skill Rune Effect
(희귀 등급 효과) +24% Shout Skill Rune Effect

(전설 등급 효과) +40% Shout Skill Rune Effect","[10-20]% Resource Cost Dampening
Immune to Status Effects for 1 s upon using Skill","+[40-60]% Shout Skill Rune Effect Range
+[10-25]% Shout Skill Rune Effect","+[25-40]% Shout Skill Rune Cooldown Recovery Speed
+[60-100]% Shout Skill Rune Cast Speed"
,,변경,"Dampens enemy Movement Speed within range, temporarily Recovers HP, and removes Status Effects during Skill duration","Attack, Area of Effect, Shout, Duration","Mana Cost 15
Cooldown 25 s
Remove Status effects from self
Shout Range 350
Shout Duration 3 s
20% Movement Speed Dampening against enemies hit by a Shout
Shout Skill Effect
HP Recovery +60
(마법 등급 효과) +10% Shout Skill Rune Effect
(희귀 등급 효과) +24% Shout Skill Rune Effect

(전설 등급 효과) +40% Shout Skill Rune Effect","Mana Cost 37
Cooldown 25 s
Remove Status effects from self
Shout Range 350
Shout Duration 3 s
20% Movement Speed Dampening against enemies hit by a Shout
Shout Skill Effect
HP Recovery +428.5
(마법 등급 효과) +10% Shout Skill Rune Effect
(희귀 등급 효과) +24% Shout Skill Rune Effect

(전설 등급 효과) +40% Shout Skill Rune Effect","[10-20]% Resource Cost Dampening
Immune to Status Effects for 1 s upon using Skill","+[40-60]% Shout Skill Rune Effect Range
+[10-25]% Shout Skill Rune Effect","+[25-40]% Shout Skill Rune Cooldown Recovery Speed
+[60-100]% Shout Skill Rune Cast Speed"
,Icy Arrow,기존,Fires an icy arrow to damage the enemy. Frost Spheres are formed along the arrow's path inflicting additional damage with an explosion,"Attack, Area of Effect, Strike, Cold, Projectile, Bow, Overheat, ShadowCannot Multishot, Cannot Split, Cannot Chain","Mana Cost 5
Triggers Immediately
40 Overheat Accumulation
Cold Element
Cold DMG +18
Frost Sphere Count 5
Arrows: 1
Projectile Speed 3000
Pierces All
Icy Arrow Cold DMG 150%
+8% Chill Chance
Frost Sphere Range 125
Frost Sphere Cold DMG 179%
+23% Chill Chance
(마법 등급 효과) +5% Chill Chance
(마법 등급 효과) 10% Area DMG Amplification
(희귀 등급 효과) +10% Chill Chance
(희귀 등급 효과) +25% Area of Effect
(희귀 등급 효과) 20% Area DMG Amplification

(전설 등급 효과) +15% Chill Chance
(전설 등급 효과) +25% Area of Effect
(전설 등급 효과) +20 Freeze Rate
(전설 등급 효과) 30% Area DMG Amplification","Mana Cost 22
Triggers Immediately
40 Overheat Accumulation
Cold Element
Cold DMG +914
Frost Sphere Count 5
Arrows: 1
Projectile Speed 3000
Pierces All
Icy Arrow Cold DMG 406%
+8% Chill Chance
Frost Sphere Range 125
Frost Sphere Cold DMG 392%
+23% Chill Chance
(마법 등급 효과) +5% Chill Chance
(마법 등급 효과) 10% Area DMG Amplification
(희귀 등급 효과) +10% Chill Chance
(희귀 등급 효과) +25% Area of Effect
(희귀 등급 효과) 20% Area DMG Amplification

(전설 등급 효과) +15% Chill Chance
(전설 등급 효과) +25% Area of Effect
(전설 등급 효과) +20 Freeze Rate
(전설 등급 효과) 30% Area DMG Amplification","Gain Area Effect Link Rune Effect
+[40-60]% Projectile DMG
+[42-50]% Area of Effect
+[46-61]% Area DMG
Cannot link Area Effect Link Rune","20% chance to gain Fatal Frostbite for 5 s on hit
( Chill Rate +30, DMG against enemies affected by Cold Status Effect +25% )
+[60-100]% Fatal Frostbite Effect","[40-45]% Area DMG Dampening
Projectile Count +2"
,,변경,Fires an icy arrow to damage the enemy. Frost Spheres are formed along the arrow's path inflicting additional damage with an explosion,"Attack, Area of Effect, Strike, Cold, Projectile, Bow, Overheat, ShadowCannot Multishot, Cannot Split, Cannot Chain","Mana Cost 5
Triggers Immediately
40 Overheat Accumulation
Cold Element
Cold DMG +18
Frost Sphere Count 5
Arrows: 1
Projectile Speed 3000
Pierces All
Icy Arrow Cold DMG 150%
+8% Chill Chance
Frost Sphere Range 125
Frost Sphere Cold DMG 179%
+23% Chill Chance
(마법 등급 효과) +5% Chill Chance
(마법 등급 효과) 10% Area DMG Amplification
(희귀 등급 효과) +10% Chill Chance
(희귀 등급 효과) +25% Area of Effect
(희귀 등급 효과) 20% Area DMG Amplification

(전설 등급 효과) +15% Chill Chance
(전설 등급 효과) +25% Area of Effect
(전설 등급 효과) +20 Freeze Rate
(전설 등급 효과) 30% Area DMG Amplification","Mana Cost 22
Triggers Immediately
40 Overheat Accumulation
Cold Element
Cold DMG +951
Frost Sphere Count 5
Arrows: 1
Projectile Speed 3000
Pierces All
Icy Arrow Cold DMG 422%
+8% Chill Chance
Frost Sphere Range 125
Frost Sphere Cold DMG 408%
+23% Chill Chance
(마법 등급 효과) +5% Chill Chance
(마법 등급 효과) 10% Area DMG Amplification
(희귀 등급 효과) +10% Chill Chance
(희귀 등급 효과) +25% Area of Effect
(희귀 등급 효과) 20% Area DMG Amplification

(전설 등급 효과) +15% Chill Chance
(전설 등급 효과) +25% Area of Effect
(전설 등급 효과) +20 Freeze Rate
(전설 등급 효과) 30% Area DMG Amplification","Gain Area Effect Link Rune Effect
+[40-60]% Projectile DMG
+[42-50]% Area of Effect
+[46-61]% Area DMG
Cannot link Area Effect Link Rune","20% chance to gain Fatal Frostbite for 5 s on hit
( Chill Rate +30, DMG against enemies affected by Cold Status Effect +25% )
+[60-100]% Fatal Frostbite Effect","[40-45]% Area DMG Dampening
Projectile Count +2"
,Rapid Shot,기존,Fires multiple arrows in a straight line to inflict physical damage on the enemy,"Attack, Strike, Physical, Projectile, Bow, Overheat, ShadowCannot use Parallel Shot","Mana Cost 4
Triggers Immediately
40 Overheat Accumulation
Physical Element
Arrows: 5
Projectile Speed 3000
Physical DMG 99%
Physical DMG +29
8% DMG Dampening when hitting the same target repeatedly
(마법 등급 효과) +50% Projectile DMG
(희귀 등급 효과) +100% Projectile DMG
(희귀 등급 효과) +1 Projectile Count

(전설 등급 효과) +150% Projectile DMG
(전설 등급 효과) +2 Projectile Count
(전설 등급 효과) +10% Strike DMG Multiplier","Mana Cost 21
Triggers Immediately
40 Overheat Accumulation
Physical Element
Arrows: 5
Projectile Speed 3000
Physical DMG 297%
Physical DMG +682
8% DMG Dampening when hitting the same target repeatedly
(마법 등급 효과) +50% Projectile DMG
(희귀 등급 효과) +100% Projectile DMG
(희귀 등급 효과) +1 Projectile Count

(전설 등급 효과) +150% Projectile DMG
(전설 등급 효과) +2 Projectile Count
(전설 등급 효과) +10% Strike DMG Multiplier","Gain Armor Penetration Link Rune Effect
+[24.9-30]% Armor Penetration
+[40-52]% Physical DMG
Cannot link Armor Penetration Link Rune","-[5-2]% DMG Dampening Decrease upon hitting the same target repeatedly
+[25-50]% Projectile DMG","+1 Chain Count
[1-2.5]% Projectile DMG Amplification per 1 remaining Chain(s) (Max:  15)"
,,변경,Fires multiple arrows in a straight line to inflict physical damage on the enemy,"Attack, Strike, Physical, Projectile, Bow, Overheat, ShadowCannot use Parallel Shot","Mana Cost 4
Triggers Immediately
40 Overheat Accumulation
Physical Element
Arrows: 5
Projectile Speed 3000
Physical DMG 99%
Physical DMG +29
8% DMG Dampening when hitting the same target repeatedly
(마법 등급 효과) +50% Projectile DMG
(희귀 등급 효과) +100% Projectile DMG
(희귀 등급 효과) +1 Projectile Count

(전설 등급 효과) +150% Projectile DMG
(전설 등급 효과) +2 Projectile Count
(전설 등급 효과) +10% Strike DMG Multiplier","Mana Cost 21
Triggers Immediately
40 Overheat Accumulation
Physical Element
Arrows: 5
Projectile Speed 3000
Physical DMG 309%
Physical DMG +709
8% DMG Dampening when hitting the same target repeatedly
(마법 등급 효과) +50% Projectile DMG
(희귀 등급 효과) +100% Projectile DMG
(희귀 등급 효과) +1 Projectile Count

(전설 등급 효과) +150% Projectile DMG
(전설 등급 효과) +2 Projectile Count
(전설 등급 효과) +10% Strike DMG Multiplier","Gain Armor Penetration Link Rune Effect
+[24.9-30]% Armor Penetration
+[40-52]% Physical DMG
Cannot link Armor Penetration Link Rune","-[5-2]% DMG Dampening Decrease upon hitting the same target repeatedly
+[25-50]% Projectile DMG","+1 Chain Count
[1-2.5]% Projectile DMG Amplification per 1 remaining Chain(s) (Max:  15)"
,Shockwave Sentry,기존,"Shockwave Sentry has the Strike, Physical, Melee, Projectile tags.
Summons a Sentry that fires arrows that can inflict powerful damage within a short range.
Has a maintenance cost upon summoning","Attack, SentryCannot use Parallel Shot, Cannot Split, Cannot Chain","Mana Cost 15
Triggers Immediately
Physical Element
Sentry Level 1
Sentry Duration 16 s
Sentry Count 1
Max Sentry Count 2
Projectile Count 3
Projectile Speed 5500
Pierces All
Physical DMG 95%
10% DMG Dampening when hitting the same target repeatedly
+0.5% Sentry HP
+1 Sentry Critical Rate
(마법 등급 효과) +30% Sentry HP
(마법 등급 효과) +100% DMG when distance from Sentry is 400 or less
(희귀 등급 효과) +60% Sentry HP
(희귀 등급 효과) +150% DMG when distance from Sentry is 400 or less
(희귀 등급 효과) 15% Sentry DMG Amplification

(전설 등급 효과) +60% Sentry HP
(전설 등급 효과) +200% DMG when distance from Sentry is 400 or less
(전설 등급 효과) +1 Simultaneous Sentry Count
(전설 등급 효과) 30% Sentry DMG Amplification","Mana Cost 49
Triggers Immediately
Physical Element
Sentry Level 110
Sentry Duration 16 s
Sentry Count 1
Max Sentry Count 2
Projectile Count 3
Projectile Speed 5500
Pierces All
Physical DMG 137%
10% DMG Dampening when hitting the same target repeatedly
+56.8% Sentry HP
+19 Sentry Critical Rate
(마법 등급 효과) +30% Sentry HP
(마법 등급 효과) +100% DMG when distance from Sentry is 400 or less
(희귀 등급 효과) +60% Sentry HP
(희귀 등급 효과) +150% DMG when distance from Sentry is 400 or less
(희귀 등급 효과) 15% Sentry DMG Amplification

(전설 등급 효과) +60% Sentry HP
(전설 등급 효과) +200% DMG when distance from Sentry is 400 or less
(전설 등급 효과) +1 Simultaneous Sentry Count
(전설 등급 효과) 30% Sentry DMG Amplification","+[1-2] Simultaneous Summon Count
Amplifies Sentry Armor by [8-15]%
+3 Element Resist for Sentry and Caster per summoned Sentry","[30-50]% DMG Taken by Sentry Decrease
2% Sentry Max HP Regen/Sec
+[10-20]% Sentry HP
Sentry takes [10-15]% of DMG Taken instead","+2 Sentry Projectile Count
+[15-30]% Sentry DMG
Sentry Knockback Chance +[15-20]%"
,,변경,"Shockwave Sentry has the Strike, Physical, Melee, Projectile tags.
Summons a Sentry that fires arrows that can inflict powerful damage within a short range.
Has a maintenance cost upon summoning","Attack, SentryCannot use Parallel Shot, Cannot Split, Cannot Chain","Mana Cost 15
Triggers Immediately
Physical Element
Sentry Level 1
Sentry Duration 16 s
Sentry Count 1
Max Sentry Count 2
Projectile Count 3
Projectile Speed 5500
Pierces All
Physical DMG 95%
10% DMG Dampening when hitting the same target repeatedly
+0.5% Sentry HP
+1 Sentry Critical Rate
(마법 등급 효과) +30% Sentry HP
(마법 등급 효과) +100% DMG when distance from Sentry is 400 or less
(희귀 등급 효과) +60% Sentry HP
(희귀 등급 효과) +150% DMG when distance from Sentry is 400 or less
(희귀 등급 효과) 15% Sentry DMG Amplification

(전설 등급 효과) +60% Sentry HP
(전설 등급 효과) +200% DMG when distance from Sentry is 400 or less
(전설 등급 효과) +1 Simultaneous Sentry Count
(전설 등급 효과) 30% Sentry DMG Amplification","Mana Cost 49
Triggers Immediately
Physical Element
Sentry Level 110
Sentry Duration 16 s
Sentry Count 1
Max Sentry Count 2
Projectile Count 3
Projectile Speed 5500
Pierces All
Physical DMG 139%
10% DMG Dampening when hitting the same target repeatedly
+56.8% Sentry HP
+19 Sentry Critical Rate
(마법 등급 효과) +30% Sentry HP
(마법 등급 효과) +100% DMG when distance from Sentry is 400 or less
(희귀 등급 효과) +60% Sentry HP
(희귀 등급 효과) +150% DMG when distance from Sentry is 400 or less
(희귀 등급 효과) 15% Sentry DMG Amplification

(전설 등급 효과) +60% Sentry HP
(전설 등급 효과) +200% DMG when distance from Sentry is 400 or less
(전설 등급 효과) +1 Simultaneous Sentry Count
(전설 등급 효과) 30% Sentry DMG Amplification","+[1-2] Simultaneous Summon Count
Amplifies Sentry Armor by [8-15]%
+3 Element Resist for Sentry and Caster per summoned Sentry","[30-50]% DMG Taken by Sentry Decrease
2% Sentry Max HP Regen/Sec
+[10-20]% Sentry HP
Sentry takes [10-15]% of DMG Taken instead","+2 Sentry Projectile Count
+[15-30]% Sentry DMG
Sentry Knockback Chance +[15-20]%"
,Summon Abyssling,기존,"Abyssling has the Attack, Strike, Area of Effect, Physical, Melee tags.
Summons an Abyssling that rapidly charges enemies to deal Physical DMG.
The Abyssling deals additional DMG to Bleeding enemies.
Has a maintenance cost upon summoning.","Spell, Minion, Abyssling","Mana Cost 22
Cooldown 3 s
Physical Element
Summon Level 1
Summon Count 1
Max Summon Count 2
Summon Duration 30 s
Basic Attack DMG 135%
Charge Attack DMG 225%
+1 Minion Critical Rate
+2% Abyssling HP
+1.2% Abyssling Attack Speed
+15 Abyssling Bleed Rate
+50% Abyssling DMG against Bleeding enemies
(마법 등급 효과) +30% Abyssling HP
(마법 등급 효과) +10% Abyssling Armor Penetration
(마법 등급 효과) +50% Abyssling DMG
(희귀 등급 효과) +75% Abyssling HP
(희귀 등급 효과) +15% Abyssling Armor Penetration
(희귀 등급 효과) +90% Abyssling DMG
(희귀 등급 효과) 10% Abyssling DMG Amplification

(전설 등급 효과) +155% Abyssling HP
(전설 등급 효과) +20% Abyssling Armor Penetration
(전설 등급 효과) +150% Abyssling DMG
(전설 등급 효과) 20% Abyssling DMG Amplification","Mana Cost 90
Cooldown 3 s
Physical Element
Summon Level 110
Summon Count 1
Max Summon Count 2
Summon Duration 74 s
Basic Attack DMG 386%
Charge Attack DMG 407%
+19 Minion Critical Rate
+120% Abyssling HP
+22% Abyssling Attack Speed
+40 Abyssling Bleed Rate
+100% Abyssling DMG against Bleeding enemies
(마법 등급 효과) +30% Abyssling HP
(마법 등급 효과) +10% Abyssling Armor Penetration
(마법 등급 효과) +50% Abyssling DMG
(희귀 등급 효과) +75% Abyssling HP
(희귀 등급 효과) +15% Abyssling Armor Penetration
(희귀 등급 효과) +90% Abyssling DMG
(희귀 등급 효과) 10% Abyssling DMG Amplification

(전설 등급 효과) +155% Abyssling HP
(전설 등급 효과) +20% Abyssling Armor Penetration
(전설 등급 효과) +150% Abyssling DMG
(전설 등급 효과) 20% Abyssling DMG Amplification","+[15-30]% Minion Overpower Effect
Gain Minion Overpower upon summoning Abyssling
( Main Element DMG +25-45, Armor Penetration +5%, Element Penetration +5% )",Targets hit by Abyssling attacks have DMG Taken amplified by [1-2.5]% for 5 s (up to  10%).,"On Abyssling hit, Abyssling DMG is amplified by [2-3.5]% for 5 s (up to  15%)."
,,변경,"Abyssling has the Attack, Strike, Area of Effect, Physical, Melee tags.
Summons an Abyssling that rapidly charges enemies to deal Physical DMG.
The Abyssling deals additional DMG to Bleeding enemies.
Has a maintenance cost upon summoning.","Spell, Minion, Abyssling","Mana Cost 22
Cooldown 3 s
Physical Element
Summon Level 1
Summon Count 1
Max Summon Count 2
Summon Duration 30 s
Basic Attack DMG 135%
Charge Attack DMG 225%
+1 Minion Critical Rate
+2% Abyssling HP
+1.2% Abyssling Attack Speed
+15 Abyssling Bleed Rate
+50% Abyssling DMG against Bleeding enemies
(마법 등급 효과) +30% Abyssling HP
(마법 등급 효과) +10% Abyssling Armor Penetration
(마법 등급 효과) +50% Abyssling DMG
(희귀 등급 효과) +75% Abyssling HP
(희귀 등급 효과) +15% Abyssling Armor Penetration
(희귀 등급 효과) +90% Abyssling DMG
(희귀 등급 효과) 10% Abyssling DMG Amplification

(전설 등급 효과) +155% Abyssling HP
(전설 등급 효과) +20% Abyssling Armor Penetration
(전설 등급 효과) +150% Abyssling DMG
(전설 등급 효과) 20% Abyssling DMG Amplification","Mana Cost 90
Cooldown 3 s
Physical Element
Summon Level 110
Summon Count 1
Max Summon Count 2
Summon Duration 74 s
Basic Attack DMG 401%
Charge Attack DMG 423%
+19 Minion Critical Rate
+120% Abyssling HP
+22% Abyssling Attack Speed
+40 Abyssling Bleed Rate
+100% Abyssling DMG against Bleeding enemies
(마법 등급 효과) +30% Abyssling HP
(마법 등급 효과) +10% Abyssling Armor Penetration
(마법 등급 효과) +50% Abyssling DMG
(희귀 등급 효과) +75% Abyssling HP
(희귀 등급 효과) +15% Abyssling Armor Penetration
(희귀 등급 효과) +90% Abyssling DMG
(희귀 등급 효과) 10% Abyssling DMG Amplification

(전설 등급 효과) +155% Abyssling HP
(전설 등급 효과) +20% Abyssling Armor Penetration
(전설 등급 효과) +150% Abyssling DMG
(전설 등급 효과) 20% Abyssling DMG Amplification","+[15-30]% Minion Overpower Effect
Gain Minion Overpower upon summoning Abyssling
( Main Element DMG +25-45, Armor Penetration +5%, Element Penetration +5% )",Targets hit by Abyssling attacks have DMG Taken amplified by [1-2.5]% for 5 s (up to  10%).,"On Abyssling hit, Abyssling DMG is amplified by [2-3.5]% for 5 s (up to  15%)."
,Activate Trap,기존,Activates Trap within Aura Range.,"Spell, Attack Enhance, Toggle, Toggle Effect","15% Resource Cost Amplification
Cooldown 3 s
Force Trap Activation
Aura Radius 800
+207% Trap DMG
Trap DMG 22% per Traps that can be activated
(마법 등급 효과) +20% Trap Activation Effect
(희귀 등급 효과) +30% Trap Activation Effect

(전설 등급 효과) +50% Trap Activation Effect
(전설 등급 효과) +50% Attack Aura and Seal Effect","15% Resource Cost Amplification
Cooldown 3 s
Force Trap Activation
Aura Radius 800
+252% Trap DMG
Trap DMG 46.4% per Traps that can be activated
(마법 등급 효과) +20% Trap Activation Effect
(희귀 등급 효과) +30% Trap Activation Effect

(전설 등급 효과) +50% Trap Activation Effect
(전설 등급 효과) +50% Attack Aura and Seal Effect",+[25-75]% Trap DMG,"For every active Trap, gain Trap DMG Amplification effect for 2 s
Max Stacks 10
[1-1.5]% Trap DMG Amplification per stack","For every active Trap, gain Dodge Rate Amplification effect for 3 s
Max Stacks 5
[2-3]% Dodge Rate Amplification per stack"
,,변경,Activates Trap within Aura Range.,"Spell, Attack Enhance, Toggle, Toggle Effect","15% Resource Cost Amplification
Cooldown 3 s
Force Trap Activation
Aura Radius 800
+207% Trap DMG
Trap DMG 22% per Traps that can be activated
(마법 등급 효과) +20% Trap Activation Effect
(희귀 등급 효과) +30% Trap Activation Effect

(전설 등급 효과) +50% Trap Activation Effect
(전설 등급 효과) +50% Attack Aura and Seal Effect","15% Resource Cost Amplification
Cooldown 3 s
Force Trap Activation
Aura Radius 800
+262% Trap DMG
Trap DMG 48.3% per Traps that can be activated
(마법 등급 효과) +20% Trap Activation Effect
(희귀 등급 효과) +30% Trap Activation Effect

(전설 등급 효과) +50% Trap Activation Effect
(전설 등급 효과) +50% Attack Aura and Seal Effect",+[25-75]% Trap DMG,"For every active Trap, gain Trap DMG Amplification effect for 2 s
Max Stacks 10
[1-1.5]% Trap DMG Amplification per stack","For every active Trap, gain Dodge Rate Amplification effect for 3 s
Max Stacks 5
[2-3]% Dodge Rate Amplification per stack"
,Shockwave Trap,기존,Installs a Trap that explodes to deal Physical DMG upon detecting an enemy,"Attack, Area of Effect, Trap, Strike, Physical","Mana Cost 5
Triggers Immediately
Physical Element
Apply Normal Trap effect
Trap Duration 4 s
Trap Count 1
Max Trap Count 4
Trap Installation Distance 900
Area of Effect 300
Physical DMG 97%
Physical DMG +98
+10% Trap Install Speed
+30 Crowd Control Rate
20% DMG Amplification against Crowd Controlled enemies
(마법 등급 효과) +50% DMG
(마법 등급 효과) +20% Area of Effect
(마법 등급 효과) +20% Trap Detection Range
(희귀 등급 효과) +100% DMG
(희귀 등급 효과) +30% Area of Effect
(희귀 등급 효과) +30% Trap Detection Range

(전설 등급 효과) +150% DMG
(전설 등급 효과) +60% Area of Effect
(전설 등급 효과) +60% Trap Detection Range
(전설 등급 효과) +1 Simultaneous Trap Count","Mana Cost 22
Triggers Immediately
Physical Element
Apply Normal Trap effect
Trap Duration 8.4 s
Trap Count 1
Max Trap Count 4
Trap Installation Distance 900
Area of Effect 300
Physical DMG 348%
Physical DMG +682
+10% Trap Install Speed
+30 Crowd Control Rate
20% DMG Amplification against Crowd Controlled enemies
(마법 등급 효과) +50% DMG
(마법 등급 효과) +20% Area of Effect
(마법 등급 효과) +20% Trap Detection Range
(희귀 등급 효과) +100% DMG
(희귀 등급 효과) +30% Area of Effect
(희귀 등급 효과) +30% Trap Detection Range

(전설 등급 효과) +150% DMG
(전설 등급 효과) +60% Area of Effect
(전설 등급 효과) +60% Trap Detection Range
(전설 등급 효과) +1 Simultaneous Trap Count","Gain Concentrated Area DMG Link Rune Effect
[20.7-25]% DMG Amplification
30% Area of Effect Dampening
-60% Trap Detection Range","Gain Avoid Crisis for 3 on hit
Max Stacks 5
[5-8]% DMG Taken Dampening per stack
Remove Avoid Crisis when hit","+[2-3] Simultaneous Trap Count
+[50-70]% Trap DMG"
,,변경,Installs a Trap that explodes to deal Physical DMG upon detecting an enemy,"Attack, Area of Effect, Trap, Strike, Physical","Mana Cost 5
Triggers Immediately
Physical Element
Apply Normal Trap effect
Trap Duration 4 s
Trap Count 1
Max Trap Count 4
Trap Installation Distance 900
Area of Effect 300
Physical DMG 97%
Physical DMG +98
+10% Trap Install Speed
+30 Crowd Control Rate
20% DMG Amplification against Crowd Controlled enemies
(마법 등급 효과) +50% DMG
(마법 등급 효과) +20% Area of Effect
(마법 등급 효과) +20% Trap Detection Range
(희귀 등급 효과) +100% DMG
(희귀 등급 효과) +30% Area of Effect
(희귀 등급 효과) +30% Trap Detection Range

(전설 등급 효과) +150% DMG
(전설 등급 효과) +60% Area of Effect
(전설 등급 효과) +60% Trap Detection Range
(전설 등급 효과) +1 Simultaneous Trap Count","Mana Cost 22
Triggers Immediately
Physical Element
Apply Normal Trap effect
Trap Duration 8.4 s
Trap Count 1
Max Trap Count 4
Trap Installation Distance 900
Area of Effect 300
Physical DMG 362%
Physical DMG +709
+10% Trap Install Speed
+30 Crowd Control Rate
20% DMG Amplification against Crowd Controlled enemies
(마법 등급 효과) +50% DMG
(마법 등급 효과) +20% Area of Effect
(마법 등급 효과) +20% Trap Detection Range
(희귀 등급 효과) +100% DMG
(희귀 등급 효과) +30% Area of Effect
(희귀 등급 효과) +30% Trap Detection Range

(전설 등급 효과) +150% DMG
(전설 등급 효과) +60% Area of Effect
(전설 등급 효과) +60% Trap Detection Range
(전설 등급 효과) +1 Simultaneous Trap Count","Gain Concentrated Area DMG Link Rune Effect
[20.7-25]% DMG Amplification
30% Area of Effect Dampening
-60% Trap Detection Range","Gain Avoid Crisis for 3 on hit
Max Stacks 5
[5-8]% DMG Taken Dampening per stack
Remove Avoid Crisis when hit","+[2-3] Simultaneous Trap Count
+[50-70]% Trap DMG"
,Gather Minions,기존,Summons all Minions to the caster's location,"Spell, Duration","Mana Cost 25
Cooldown 10 s
Summons a Minion near the caster and grants the following effect
Duration 3 s
+55% Minion DMG
(마법 등급 효과) +100% Gather Minions Duration
(마법 등급 효과) +5% Gather Minions DMG
(희귀 등급 효과) +100% Gather Minions Duration
(희귀 등급 효과) +10% Gather Minions DMG

(전설 등급 효과) +150% Gather Minions Duration
(전설 등급 효과) +13% Gather Minions DMG","Mana Cost 59
Cooldown 10 s
Summons a Minion near the caster and grants the following effect
Duration 3 s
+275% Minion DMG
(마법 등급 효과) +100% Gather Minions Duration
(마법 등급 효과) +5% Gather Minions DMG
(희귀 등급 효과) +100% Gather Minions Duration
(희귀 등급 효과) +10% Gather Minions DMG

(전설 등급 효과) +150% Gather Minions Duration
(전설 등급 효과) +13% Gather Minions DMG",[5-10]% Cast Speed Amplification to Caster for 6 s upon using Gather Minions,+[15-30]% Speed to Minions within 600 Range for 5 s upon using Gather Minions,"Grants the following effect to Minions within 600 Range for 5 s upon using Gather Minions
[15-30]% Armor Amplification
[15-30]% Element Resist Amplification"
,,변경,Summons all Minions to the caster's location,"Spell, Duration","Mana Cost 25
Cooldown 10 s
Summons a Minion near the caster and grants the following effect
Duration 3 s
+55% Minion DMG
(마법 등급 효과) +100% Gather Minions Duration
(마법 등급 효과) +5% Gather Minions DMG
(희귀 등급 효과) +100% Gather Minions Duration
(희귀 등급 효과) +10% Gather Minions DMG

(전설 등급 효과) +150% Gather Minions Duration
(전설 등급 효과) +13% Gather Minions DMG","Mana Cost 59
Cooldown 10 s
Summons a Minion near the caster and grants the following effect
Duration 3 s
+286% Minion DMG
(마법 등급 효과) +100% Gather Minions Duration
(마법 등급 효과) +5% Gather Minions DMG
(희귀 등급 효과) +100% Gather Minions Duration
(희귀 등급 효과) +10% Gather Minions DMG

(전설 등급 효과) +150% Gather Minions Duration
(전설 등급 효과) +13% Gather Minions DMG",[5-10]% Cast Speed Amplification to Caster for 6 s upon using Gather Minions,+[15-30]% Speed to Minions within 600 Range for 5 s upon using Gather Minions,"Grants the following effect to Minions within 600 Range for 5 s upon using Gather Minions
[15-30]% Armor Amplification
[15-30]% Element Resist Amplification"
,Fire Ball,기존,Fires a fire ball that explodes on hit to deal fire damage,"Spell, Area of Effect, Strike, Fire, Projectile","Mana Cost 5
Triggers Immediately
Fire Element
Fire Ball Count 1
Projectile Speed 1000
Explosion Range 220
Fire DMG 258%
Fire DMG +39
+20% Burn Chance
15% Burn DMG Amplification
+150% DMG against Burning enemies
(마법 등급 효과) 15% DMG Amplification against Burning enemies
(마법 등급 효과) +2 Projectile Count
(희귀 등급 효과) 20% DMG Amplification against Burning enemies
(희귀 등급 효과) +2 Projectile Count
(희귀 등급 효과) +15% Area of Effect

(전설 등급 효과) 30% DMG Amplification against Burning enemies
(전설 등급 효과) +4 Projectile Count
(전설 등급 효과) +30% Area of Effect","Mana Cost 15.2
Triggers Immediately
Fire Element
Fire Ball Count 1
Projectile Speed 1000
Explosion Range 220
Fire DMG 620%
Fire DMG +1072
+20% Burn Chance
15% Burn DMG Amplification
+150% DMG against Burning enemies
(마법 등급 효과) 15% DMG Amplification against Burning enemies
(마법 등급 효과) +2 Projectile Count
(희귀 등급 효과) 20% DMG Amplification against Burning enemies
(희귀 등급 효과) +2 Projectile Count
(희귀 등급 효과) +15% Area of Effect

(전설 등급 효과) 30% DMG Amplification against Burning enemies
(전설 등급 효과) +4 Projectile Count
(전설 등급 효과) +30% Area of Effect",[13-15]% Element DMG Amplification,"[75-100]% Burn DMG Amplification
50% Status Effect Duration Dampening","Gain Quick Cast Link Rune Effect
+[26.6-31]% Cast Speed
Cannot link Quick Cast Link Rune"
,,변경,Fires a fire ball that explodes on hit to deal fire damage,"Spell, Area of Effect, Strike, Fire, Projectile","Mana Cost 5
Triggers Immediately
Fire Element
Fire Ball Count 1
Projectile Speed 1000
Explosion Range 220
Fire DMG 258%
Fire DMG +39
+20% Burn Chance
15% Burn DMG Amplification
+150% DMG against Burning enemies
(마법 등급 효과) 15% DMG Amplification against Burning enemies
(마법 등급 효과) +2 Projectile Count
(희귀 등급 효과) 20% DMG Amplification against Burning enemies
(희귀 등급 효과) +2 Projectile Count
(희귀 등급 효과) +15% Area of Effect

(전설 등급 효과) 30% DMG Amplification against Burning enemies
(전설 등급 효과) +4 Projectile Count
(전설 등급 효과) +30% Area of Effect","Mana Cost 15.2
Triggers Immediately
Fire Element
Fire Ball Count 1
Projectile Speed 1000
Explosion Range 220
Fire DMG 645%
Fire DMG +1115
+20% Burn Chance
15% Burn DMG Amplification
+150% DMG against Burning enemies
(마법 등급 효과) 15% DMG Amplification against Burning enemies
(마법 등급 효과) +2 Projectile Count
(희귀 등급 효과) 20% DMG Amplification against Burning enemies
(희귀 등급 효과) +2 Projectile Count
(희귀 등급 효과) +15% Area of Effect

(전설 등급 효과) 30% DMG Amplification against Burning enemies
(전설 등급 효과) +4 Projectile Count
(전설 등급 효과) +30% Area of Effect",[13-15]% Element DMG Amplification,"[75-100]% Burn DMG Amplification
50% Status Effect Duration Dampening","Gain Quick Cast Link Rune Effect
+[26.6-31]% Cast Speed
Cannot link Quick Cast Link Rune"
,Frost Ball,기존,Fires a slow-moving Frost Sphere that pierces enemies in its path to deal cold damage,"Spell, Strike, Cold, ProjectileCannot Split, Cannot Chain","Mana Cost 5
Triggers Immediately
Cold Element
5% Base Speed Amplification
Frost Ball Count 1
Projectile Speed 550
Pierce Count 3
Cold DMG 250%
Cold DMG +88
+20% Chill Chance
15% Cold DMG Amplification per Pierce
+5% Freeze Chance per Pierce
(마법 등급 효과) +50% DMG against Chilled enemies
(마법 등급 효과) +30% Strike DMG Multiplier
(마법 등급 효과) +2 Projectile Count
(희귀 등급 효과) +100% DMG against Chilled enemies
(희귀 등급 효과) +60% Strike DMG Multiplier
(희귀 등급 효과) +2 Projectile Count

(전설 등급 효과) +200% DMG against Chilled enemies
(전설 등급 효과) +150% Strike DMG Multiplier
(전설 등급 효과) +2 Projectile Count","Mana Cost 22
Triggers Immediately
Cold Element
5% Base Speed Amplification
Frost Ball Count 1
Projectile Speed 550
Pierce Count 3
Cold DMG 804%
Cold DMG +546
+20% Chill Chance
15% Cold DMG Amplification per Pierce
+5% Freeze Chance per Pierce
(마법 등급 효과) +50% DMG against Chilled enemies
(마법 등급 효과) +30% Strike DMG Multiplier
(마법 등급 효과) +2 Projectile Count
(희귀 등급 효과) +100% DMG against Chilled enemies
(희귀 등급 효과) +60% Strike DMG Multiplier
(희귀 등급 효과) +2 Projectile Count

(전설 등급 효과) +200% DMG against Chilled enemies
(전설 등급 효과) +150% Strike DMG Multiplier
(전설 등급 효과) +2 Projectile Count","Gain Multishot Link Rune Effect
+4 Projectile Count
[1-3]% Projectile DMG Amplification
Cannot link Multishot Link Rune","Gain Cold Penetration Link Rune Effect
+[17-20] Cold Penetration
+[40-52]% Cold DMG
Cannot link Cold Penetration Link Rune","+10% DMG per 100 distance traveled by Frost Ball (Max: 150%)
+60% Projectile Size
+[10-20]% Projectile Speed"
,,변경,Fires a slow-moving Frost Sphere that pierces enemies in its path to deal cold damage,"Spell, Strike, Cold, ProjectileCannot Split, Cannot Chain","Mana Cost 5
Triggers Immediately
Cold Element
5% Base Speed Amplification
Frost Ball Count 1
Projectile Speed 550
Pierce Count 3
Cold DMG 250%
Cold DMG +88
+20% Chill Chance
15% Cold DMG Amplification per Pierce
+5% Freeze Chance per Pierce
(마법 등급 효과) +50% DMG against Chilled enemies
(마법 등급 효과) +30% Strike DMG Multiplier
(마법 등급 효과) +2 Projectile Count
(희귀 등급 효과) +100% DMG against Chilled enemies
(희귀 등급 효과) +60% Strike DMG Multiplier
(희귀 등급 효과) +2 Projectile Count

(전설 등급 효과) +200% DMG against Chilled enemies
(전설 등급 효과) +150% Strike DMG Multiplier
(전설 등급 효과) +2 Projectile Count","Mana Cost 22
Triggers Immediately
Cold Element
5% Base Speed Amplification
Frost Ball Count 1
Projectile Speed 550
Pierce Count 3
Cold DMG 836%
Cold DMG +568
+20% Chill Chance
15% Cold DMG Amplification per Pierce
+5% Freeze Chance per Pierce
(마법 등급 효과) +50% DMG against Chilled enemies
(마법 등급 효과) +30% Strike DMG Multiplier
(마법 등급 효과) +2 Projectile Count
(희귀 등급 효과) +100% DMG against Chilled enemies
(희귀 등급 효과) +60% Strike DMG Multiplier
(희귀 등급 효과) +2 Projectile Count

(전설 등급 효과) +200% DMG against Chilled enemies
(전설 등급 효과) +150% Strike DMG Multiplier
(전설 등급 효과) +2 Projectile Count","Gain Multishot Link Rune Effect
+4 Projectile Count
[1-3]% Projectile DMG Amplification
Cannot link Multishot Link Rune","Gain Cold Penetration Link Rune Effect
+[17-20] Cold Penetration
+[40-52]% Cold DMG
Cannot link Cold Penetration Link Rune","+10% DMG per 100 distance traveled by Frost Ball (Max: 150%)
+60% Projectile Size
+[10-20]% Projectile Speed"
,Frost Wave,기존,Emits Cold energy in front of the caster to deal damage to enemies,"Attack, Melee, Area of Effect, Strike, Cold, Shadow","Mana Cost 3
Triggers Immediately
Cold Element
Area of Effect 650
Cold DMG 300%
Cold DMG +90
+50% Chill Chance
+100% DMG against enemies affected by Cold Status Effect
20% DMG Amplification against enemies affected by Cold Status Effect
+20% Cold Penetration
(마법 등급 효과) +15% Chill Effect
(마법 등급 효과) 5% DMG Amplification against enemies affected by Cold Status Effect
(마법 등급 효과) +50% Critical DMG against enemies affected by Cold Status Effect
(희귀 등급 효과) +30% Chill Effect
(희귀 등급 효과) 15% DMG Amplification against enemies affected by Cold Status Effect
(희귀 등급 효과) +75% Critical DMG against enemies affected by Cold Status Effect
(희귀 등급 효과) +30% Area of Effect

(전설 등급 효과) +45% Chill Effect
(전설 등급 효과) 25% DMG Amplification against enemies affected by Cold Status Effect
(전설 등급 효과) +100% Critical DMG against enemies affected by Cold Status Effect
(전설 등급 효과) +60% Area of Effect","Mana Cost 10.2
Triggers Immediately
Cold Element
Area of Effect 650
Cold DMG 709%
Cold DMG +1362
+50% Chill Chance
+100% DMG against enemies affected by Cold Status Effect
20% DMG Amplification against enemies affected by Cold Status Effect
+20% Cold Penetration
(마법 등급 효과) +15% Chill Effect
(마법 등급 효과) 5% DMG Amplification against enemies affected by Cold Status Effect
(마법 등급 효과) +50% Critical DMG against enemies affected by Cold Status Effect
(희귀 등급 효과) +30% Chill Effect
(희귀 등급 효과) 15% DMG Amplification against enemies affected by Cold Status Effect
(희귀 등급 효과) +75% Critical DMG against enemies affected by Cold Status Effect
(희귀 등급 효과) +30% Area of Effect

(전설 등급 효과) +45% Chill Effect
(전설 등급 효과) 25% DMG Amplification against enemies affected by Cold Status Effect
(전설 등급 효과) +100% Critical DMG against enemies affected by Cold Status Effect
(전설 등급 효과) +60% Area of Effect","[12-17]% DMG Amplification against enemies affected by Cold Status Effect
[8-12]% DMG Amplification against enemies that are not affected by Cold Status Effect","+2 Strike Range Count
+[10-40]% Area DMG
+[10-20]% Area of Effect","+[15-30]% Chill Chance
+[15-30] Freeze Rate against Chilled Enemies
Gain Sharpness for 3 s upon inflicting a Cold Status Effect
(+50% Critical Rate, +25% Critical DMG)"
,,변경,Emits Cold energy in front of the caster to deal damage to enemies,"Attack, Melee, Area of Effect, Strike, Cold, Shadow","Mana Cost 3
Triggers Immediately
Cold Element
Area of Effect 650
Cold DMG 300%
Cold DMG +90
+50% Chill Chance
+100% DMG against enemies affected by Cold Status Effect
20% DMG Amplification against enemies affected by Cold Status Effect
+20% Cold Penetration
(마법 등급 효과) +15% Chill Effect
(마법 등급 효과) 5% DMG Amplification against enemies affected by Cold Status Effect
(마법 등급 효과) +50% Critical DMG against enemies affected by Cold Status Effect
(희귀 등급 효과) +30% Chill Effect
(희귀 등급 효과) 15% DMG Amplification against enemies affected by Cold Status Effect
(희귀 등급 효과) +75% Critical DMG against enemies affected by Cold Status Effect
(희귀 등급 효과) +30% Area of Effect

(전설 등급 효과) +45% Chill Effect
(전설 등급 효과) 25% DMG Amplification against enemies affected by Cold Status Effect
(전설 등급 효과) +100% Critical DMG against enemies affected by Cold Status Effect
(전설 등급 효과) +60% Area of Effect","Mana Cost 10.2
Triggers Immediately
Cold Element
Area of Effect 650
Cold DMG 737%
Cold DMG +1416
+50% Chill Chance
+100% DMG against enemies affected by Cold Status Effect
20% DMG Amplification against enemies affected by Cold Status Effect
+20% Cold Penetration
(마법 등급 효과) +15% Chill Effect
(마법 등급 효과) 5% DMG Amplification against enemies affected by Cold Status Effect
(마법 등급 효과) +50% Critical DMG against enemies affected by Cold Status Effect
(희귀 등급 효과) +30% Chill Effect
(희귀 등급 효과) 15% DMG Amplification against enemies affected by Cold Status Effect
(희귀 등급 효과) +75% Critical DMG against enemies affected by Cold Status Effect
(희귀 등급 효과) +30% Area of Effect

(전설 등급 효과) +45% Chill Effect
(전설 등급 효과) 25% DMG Amplification against enemies affected by Cold Status Effect
(전설 등급 효과) +100% Critical DMG against enemies affected by Cold Status Effect
(전설 등급 효과) +60% Area of Effect","[12-17]% DMG Amplification against enemies affected by Cold Status Effect
[8-12]% DMG Amplification against enemies that are not affected by Cold Status Effect","+2 Strike Range Count
+[10-40]% Area DMG
+[10-20]% Area of Effect","+[15-30]% Chill Chance
+[15-30] Freeze Rate against Chilled Enemies
Gain Sharpness for 3 s upon inflicting a Cold Status Effect
(+50% Critical Rate, +25% Critical DMG)"
,Blizzard,기존,Summons a powerful Blizzard that deals DMG to enemies in front of the caster. Blizzard duration is affected by Cast Speed,"Spell, Area of Effect, Strike, Cold, ProjectileCannot Multishot, Cannot Split, Cannot Chain","Mana Cost 30
Cooldown 30 s
Cold Element
Ice Spike Explosion Range 125
Hail Explosion Range 200
Frost Crystal Explosion Range 175
Cold DMG 100%
Cold DMG +80
+12% Chill Chance
+10 Freeze Rate against Chilled Enemies
+1 Max Use Count
Inflict Cold Wave for 3 s to enemies on hit
Max Stacks 5
Increases Cold DMG Taken by 5% per Cold Wave Stack

(희귀 등급 효과) +18% Chill Chance
(희귀 등급 효과) +20 Freeze Rate against Chilled Enemies

(전설 등급 효과) +18% Chill Chance
(전설 등급 효과) +30 Freeze Rate against Chilled Enemies
(전설 등급 효과) +100% DMG against Chilled enemies","Mana Cost 98
Cooldown 30 s
Cold Element
Ice Spike Explosion Range 125
Hail Explosion Range 200
Frost Crystal Explosion Range 175
Cold DMG 287%
Cold DMG +253
+12% Chill Chance
+10 Freeze Rate against Chilled Enemies
+1 Max Use Count
Inflict Cold Wave for 3 s to enemies on hit
Max Stacks 5
Increases Cold DMG Taken by 5% per Cold Wave Stack

(희귀 등급 효과) +18% Chill Chance
(희귀 등급 효과) +20 Freeze Rate against Chilled Enemies

(전설 등급 효과) +18% Chill Chance
(전설 등급 효과) +30 Freeze Rate against Chilled Enemies
(전설 등급 효과) +100% DMG against Chilled enemies","+2 Skill Buff Stack Count
+[10-50]% Cold DMG","+[20-50]% Chill Effect
+[10-20] Freeze Rate","+[20-30]% Cold DMG
Ice Spike, Hail, Frost Crystal Projectile Count +2"
,,변경,Summons a powerful Blizzard that deals DMG to enemies in front of the caster. Blizzard duration is affected by Cast Speed,"Spell, Area of Effect, Strike, Cold, ProjectileCannot Multishot, Cannot Split, Cannot Chain","Mana Cost 30
Cooldown 30 s
Cold Element
Ice Spike Explosion Range 125
Hail Explosion Range 200
Frost Crystal Explosion Range 175
Cold DMG 100%
Cold DMG +80
+12% Chill Chance
+10 Freeze Rate against Chilled Enemies
+1 Max Use Count
Inflict Cold Wave for 3 s to enemies on hit
Max Stacks 5
Increases Cold DMG Taken by 5% per Cold Wave Stack

(희귀 등급 효과) +18% Chill Chance
(희귀 등급 효과) +20 Freeze Rate against Chilled Enemies

(전설 등급 효과) +18% Chill Chance
(전설 등급 효과) +30 Freeze Rate against Chilled Enemies
(전설 등급 효과) +100% DMG against Chilled enemies","Mana Cost 98
Cooldown 30 s
Cold Element
Ice Spike Explosion Range 125
Hail Explosion Range 200
Frost Crystal Explosion Range 175
Cold DMG 298%
Cold DMG +263
+12% Chill Chance
+10 Freeze Rate against Chilled Enemies
+1 Max Use Count
Inflict Cold Wave for 3 s to enemies on hit
Max Stacks 5
Increases Cold DMG Taken by 5% per Cold Wave Stack

(희귀 등급 효과) +18% Chill Chance
(희귀 등급 효과) +20 Freeze Rate against Chilled Enemies

(전설 등급 효과) +18% Chill Chance
(전설 등급 효과) +30 Freeze Rate against Chilled Enemies
(전설 등급 효과) +100% DMG against Chilled enemies","+2 Skill Buff Stack Count
+[10-50]% Cold DMG","+[20-50]% Chill Effect
+[10-20] Freeze Rate","+[20-30]% Cold DMG
Ice Spike, Hail, Frost Crystal Projectile Count +2"
,Frost Shock,기존,Forms an area of Ice Thorns around the caster to deal Cold DMG to enemies,"Spell, Melee, Area of Effect, Strike, Cold","Mana Cost 5
Triggers Immediately
Cold Element
Frost Domain
Area of Effect 200
Cold DMG 186%
Cold DMG +14
Frost Spike Zone
Area of Effect 350
Cold DMG 310%
Cold DMG +24
+10% Freeze Chance
+10% Chill Chance
+100% DMG Multiplier against Frozen enemies
(마법 등급 효과) 7% DMG Amplification against enemies affected by Cold Status Effect
(마법 등급 효과) +5% Chill Chance
(희귀 등급 효과) 15% DMG Amplification against enemies affected by Cold Status Effect
(희귀 등급 효과) +10% Chill Chance
(희귀 등급 효과) +30% Area of Effect

(전설 등급 효과) 27% DMG Amplification against enemies affected by Cold Status Effect
(전설 등급 효과) +15% Chill Chance
(전설 등급 효과) +5% Freeze Chance
(전설 등급 효과) +50% Area of Effect","Mana Cost 18.6
Triggers Immediately
Cold Element
Frost Domain
Area of Effect 200
Cold DMG 511%
Cold DMG +323
Frost Spike Zone
Area of Effect 350
Cold DMG 852%
Cold DMG +538
+10% Freeze Chance
+10% Chill Chance
+100% DMG Multiplier against Frozen enemies
(마법 등급 효과) 7% DMG Amplification against enemies affected by Cold Status Effect
(마법 등급 효과) +5% Chill Chance
(희귀 등급 효과) 15% DMG Amplification against enemies affected by Cold Status Effect
(희귀 등급 효과) +10% Chill Chance
(희귀 등급 효과) +30% Area of Effect

(전설 등급 효과) 27% DMG Amplification against enemies affected by Cold Status Effect
(전설 등급 효과) +15% Chill Chance
(전설 등급 효과) +5% Freeze Chance
(전설 등급 효과) +50% Area of Effect","+[60-90]% Cold DMG
+[15-20]% Area of Effect
+4 Element Resist for 2 s upon using Skill (Max stacks: 5)","+[8-10]% Cold Penetration
[2-5]% DMG Amplification against enemies affected by Cold Status Effect","+[15-30]% Area of Effect
+[75-100]% DMG against enemies affected by Cold Status Effect"
,,변경,Forms an area of Ice Thorns around the caster to deal Cold DMG to enemies,"Spell, Melee, Area of Effect, Strike, Cold","Mana Cost 5
Triggers Immediately
Cold Element
Frost Domain
Area of Effect 200
Cold DMG 186%
Cold DMG +14
Frost Spike Zone
Area of Effect 350
Cold DMG 310%
Cold DMG +24
+10% Freeze Chance
+10% Chill Chance
+100% DMG Multiplier against Frozen enemies
(마법 등급 효과) 7% DMG Amplification against enemies affected by Cold Status Effect
(마법 등급 효과) +5% Chill Chance
(희귀 등급 효과) 15% DMG Amplification against enemies affected by Cold Status Effect
(희귀 등급 효과) +10% Chill Chance
(희귀 등급 효과) +30% Area of Effect

(전설 등급 효과) 27% DMG Amplification against enemies affected by Cold Status Effect
(전설 등급 효과) +15% Chill Chance
(전설 등급 효과) +5% Freeze Chance
(전설 등급 효과) +50% Area of Effect","Mana Cost 18.6
Triggers Immediately
Cold Element
Frost Domain
Area of Effect 200
Cold DMG 531%
Cold DMG +336
Frost Spike Zone
Area of Effect 350
Cold DMG 886%
Cold DMG +560
+10% Freeze Chance
+10% Chill Chance
+100% DMG Multiplier against Frozen enemies
(마법 등급 효과) 7% DMG Amplification against enemies affected by Cold Status Effect
(마법 등급 효과) +5% Chill Chance
(희귀 등급 효과) 15% DMG Amplification against enemies affected by Cold Status Effect
(희귀 등급 효과) +10% Chill Chance
(희귀 등급 효과) +30% Area of Effect

(전설 등급 효과) 27% DMG Amplification against enemies affected by Cold Status Effect
(전설 등급 효과) +15% Chill Chance
(전설 등급 효과) +5% Freeze Chance
(전설 등급 효과) +50% Area of Effect","+[60-90]% Cold DMG
+[15-20]% Area of Effect
+4 Element Resist for 2 s upon using Skill (Max stacks: 5)","+[8-10]% Cold Penetration
[2-5]% DMG Amplification against enemies affected by Cold Status Effect","+[15-30]% Area of Effect
+[75-100]% DMG against enemies affected by Cold Status Effect"
,Fire Torrent,기존,"Summons a Fire Torrent that persists for the duration, firing projectiles that track enemies to deal Fire DMG.","Spell, Strike, Fire, ProjectileCannot use Parallel Shot, Cannot Pierce, Cannot Split, Cannot Chain","Mana Cost 6
Cooldown 20 s
Fire Element
Summon Fire Torrent for 5 s when using a Skill
Summoned Torrent Count 3
Fire DMG 145%
Fire DMG +60
+20% Burn Chance
(마법 등급 효과) +1 Projectile Count
(마법 등급 효과) +10% Skill Rune Duration
(희귀 등급 효과) +1 Projectile Count
(희귀 등급 효과) +20% Skill Rune Duration

(전설 등급 효과) +2 Projectile Count
(전설 등급 효과) +40% Skill Rune Duration
(전설 등급 효과) 20% Fire DMG Amplification","Mana Cost 23
Cooldown 20 s
Fire Element
Summon Fire Torrent for 5 s when using a Skill
Summoned Torrent Count 3
Fire DMG 597%
Fire DMG +291
+20% Burn Chance
(마법 등급 효과) +1 Projectile Count
(마법 등급 효과) +10% Skill Rune Duration
(희귀 등급 효과) +1 Projectile Count
(희귀 등급 효과) +20% Skill Rune Duration

(전설 등급 효과) +2 Projectile Count
(전설 등급 효과) +40% Skill Rune Duration
(전설 등급 효과) 20% Fire DMG Amplification",[10-15]% Skill Rune Cooldown Dampening,"+[15-25]% Critical DMG against Burning enemies
+[50-70]% Critical Rate against Burning enemies","+1 Projectile Count
+[25-40]% Projectile DMG"
,,변경,"Summons a Fire Torrent that persists for the duration, firing projectiles that track enemies to deal Fire DMG.","Spell, Strike, Fire, ProjectileCannot use Parallel Shot, Cannot Pierce, Cannot Split, Cannot Chain","Mana Cost 6
Cooldown 20 s
Fire Element
Summon Fire Torrent for 5 s when using a Skill
Summoned Torrent Count 3
Fire DMG 145%
Fire DMG +60
+20% Burn Chance
(마법 등급 효과) +1 Projectile Count
(마법 등급 효과) +10% Skill Rune Duration
(희귀 등급 효과) +1 Projectile Count
(희귀 등급 효과) +20% Skill Rune Duration

(전설 등급 효과) +2 Projectile Count
(전설 등급 효과) +40% Skill Rune Duration
(전설 등급 효과) 20% Fire DMG Amplification","Mana Cost 23
Cooldown 20 s
Fire Element
Summon Fire Torrent for 5 s when using a Skill
Summoned Torrent Count 3
Fire DMG 621%
Fire DMG +303
+20% Burn Chance
(마법 등급 효과) +1 Projectile Count
(마법 등급 효과) +10% Skill Rune Duration
(희귀 등급 효과) +1 Projectile Count
(희귀 등급 효과) +20% Skill Rune Duration

(전설 등급 효과) +2 Projectile Count
(전설 등급 효과) +40% Skill Rune Duration
(전설 등급 효과) 20% Fire DMG Amplification",[10-15]% Skill Rune Cooldown Dampening,"+[15-25]% Critical DMG against Burning enemies
+[50-70]% Critical Rate against Burning enemies","+1 Projectile Count
+[25-40]% Projectile DMG"
,Poison Cloud,기존,Forms a poisonous cloud around the caster to deal Poison DMG to enemies,"Spell, Melee, Area of Effect, Strike, Poison","Mana Cost 3
Triggers Immediately
Poison Element
Area of Effect 350
Poison DMG 440%
Poison DMG +41
+40% Venom Chance
+100% DMG against enemies affected by Venom
(마법 등급 효과) +5% Venom Chance
(마법 등급 효과) 15% Venom DMG Amplification
(마법 등급 효과) +100% DMG against enemies affected by Venom
(마법 등급 효과) +100% DMG Multiplier against enemies affected by Venom
(희귀 등급 효과) +10% Venom Chance
(희귀 등급 효과) 30% Venom DMG Amplification
(희귀 등급 효과) +150% DMG against enemies affected by Venom
(희귀 등급 효과) +150% DMG Multiplier against enemies affected by Venom

(전설 등급 효과) +15% Venom Chance
(전설 등급 효과) 50% Venom DMG Amplification
(전설 등급 효과) +200% DMG against enemies affected by Venom
(전설 등급 효과) +200% DMG Multiplier against enemies affected by Venom","Mana Cost 18.3
Triggers Immediately
Poison Element
Area of Effect 350
Poison DMG 792%
Poison DMG +539
+40% Venom Chance
+100% DMG against enemies affected by Venom
(마법 등급 효과) +5% Venom Chance
(마법 등급 효과) 15% Venom DMG Amplification
(마법 등급 효과) +100% DMG against enemies affected by Venom
(마법 등급 효과) +100% DMG Multiplier against enemies affected by Venom
(희귀 등급 효과) +10% Venom Chance
(희귀 등급 효과) 30% Venom DMG Amplification
(희귀 등급 효과) +150% DMG against enemies affected by Venom
(희귀 등급 효과) +150% DMG Multiplier against enemies affected by Venom

(전설 등급 효과) +15% Venom Chance
(전설 등급 효과) 50% Venom DMG Amplification
(전설 등급 효과) +200% DMG against enemies affected by Venom
(전설 등급 효과) +200% DMG Multiplier against enemies affected by Venom",[10-15]% Poison DMG Amplification,[15-20]% DMG Amplification against enemies affected by Poison Status Effect,"Gain Area Effect Link Rune Effect
+[42-50]% Area of Effect
+[46-61]% Area DMG
Cannot link Area Effect Link Rune"
,,변경,Forms a poisonous cloud around the caster to deal Poison DMG to enemies,"Spell, Melee, Area of Effect, Strike, Poison","Mana Cost 3
Triggers Immediately
Poison Element
Area of Effect 350
Poison DMG 440%
Poison DMG +41
+40% Venom Chance
+100% DMG against enemies affected by Venom
(마법 등급 효과) +5% Venom Chance
(마법 등급 효과) 15% Venom DMG Amplification
(마법 등급 효과) +100% DMG against enemies affected by Venom
(마법 등급 효과) +100% DMG Multiplier against enemies affected by Venom
(희귀 등급 효과) +10% Venom Chance
(희귀 등급 효과) 30% Venom DMG Amplification
(희귀 등급 효과) +150% DMG against enemies affected by Venom
(희귀 등급 효과) +150% DMG Multiplier against enemies affected by Venom

(전설 등급 효과) +15% Venom Chance
(전설 등급 효과) 50% Venom DMG Amplification
(전설 등급 효과) +200% DMG against enemies affected by Venom
(전설 등급 효과) +200% DMG Multiplier against enemies affected by Venom","Mana Cost 18.3
Triggers Immediately
Poison Element
Area of Effect 350
Poison DMG 824%
Poison DMG +561
+40% Venom Chance
+100% DMG against enemies affected by Venom
(마법 등급 효과) +5% Venom Chance
(마법 등급 효과) 15% Venom DMG Amplification
(마법 등급 효과) +100% DMG against enemies affected by Venom
(마법 등급 효과) +100% DMG Multiplier against enemies affected by Venom
(희귀 등급 효과) +10% Venom Chance
(희귀 등급 효과) 30% Venom DMG Amplification
(희귀 등급 효과) +150% DMG against enemies affected by Venom
(희귀 등급 효과) +150% DMG Multiplier against enemies affected by Venom

(전설 등급 효과) +15% Venom Chance
(전설 등급 효과) 50% Venom DMG Amplification
(전설 등급 효과) +200% DMG against enemies affected by Venom
(전설 등급 효과) +200% DMG Multiplier against enemies affected by Venom",[10-15]% Poison DMG Amplification,[15-20]% DMG Amplification against enemies affected by Poison Status Effect,"Gain Area Effect Link Rune Effect
+[42-50]% Area of Effect
+[46-61]% Area DMG
Cannot link Area Effect Link Rune"
,Poison Orb,기존,Throws a poison orb that bounces forward and deals Poison DMG to enemies,"Spell, Area of Effect, Strike, Poison, ProjectileCannot Split, Cannot Change Speed","Mana Cost 5
Triggers Immediately
Poison Element
Poison Orb Count 3
Cannot Pierce
Max Chain Count 2
Explosion Range 120
Poison DMG 82%
Poison DMG +55
+15% Venom Chance
+50% Venom DMG
10% DMG Dampening when hitting the same target repeatedly
(마법 등급 효과) +30% DMG Multiplier against enemies affected by Venom
(마법 등급 효과) 10% DMG Amplification against enemies affected by Venom
(희귀 등급 효과) +60% DMG Multiplier against enemies affected by Venom
(희귀 등급 효과) 15% DMG Amplification against enemies affected by Venom

(전설 등급 효과) +120% DMG Multiplier against enemies affected by Venom
(전설 등급 효과) 25% DMG Amplification against enemies affected by Venom","Mana Cost 22
Triggers Immediately
Poison Element
Poison Orb Count 3
Cannot Pierce
Max Chain Count 2
Explosion Range 120
Poison DMG 151%
Poison DMG +315
+15% Venom Chance
+138% Venom DMG
10% DMG Dampening when hitting the same target repeatedly
(마법 등급 효과) +30% DMG Multiplier against enemies affected by Venom
(마법 등급 효과) 10% DMG Amplification against enemies affected by Venom
(희귀 등급 효과) +60% DMG Multiplier against enemies affected by Venom
(희귀 등급 효과) 15% DMG Amplification against enemies affected by Venom

(전설 등급 효과) +120% DMG Multiplier against enemies affected by Venom
(전설 등급 효과) 25% DMG Amplification against enemies affected by Venom","+[20-40] Debuff Rate
+[15-25]% Debuff Effect
[10-15]% DMG Amplification against Debuffed enemies","Link Runes gain Parallel Multishot
Projectile Count+4
[5-10]% DMG Dampening when hitting the same target repeatedly
+[30-60]% Strike DMG
Cannot link Multishot Link Rune","+[76-98] Venom Rate
+[52-65]% Venom DMG
+40% Venom Duration
2% Venom DMG Amplification"
,,변경,Throws a poison orb that bounces forward and deals Poison DMG to enemies,"Spell, Area of Effect, Strike, Poison, ProjectileCannot Split, Cannot Change Speed","Mana Cost 5
Triggers Immediately
Poison Element
Poison Orb Count 3
Cannot Pierce
Max Chain Count 2
Explosion Range 120
Poison DMG 82%
Poison DMG +55
+15% Venom Chance
+50% Venom DMG
10% DMG Dampening when hitting the same target repeatedly
(마법 등급 효과) +30% DMG Multiplier against enemies affected by Venom
(마법 등급 효과) 10% DMG Amplification against enemies affected by Venom
(희귀 등급 효과) +60% DMG Multiplier against enemies affected by Venom
(희귀 등급 효과) 15% DMG Amplification against enemies affected by Venom

(전설 등급 효과) +120% DMG Multiplier against enemies affected by Venom
(전설 등급 효과) 25% DMG Amplification against enemies affected by Venom","Mana Cost 22
Triggers Immediately
Poison Element
Poison Orb Count 3
Cannot Pierce
Max Chain Count 2
Explosion Range 120
Poison DMG 157%
Poison DMG +328
+15% Venom Chance
+138% Venom DMG
10% DMG Dampening when hitting the same target repeatedly
(마법 등급 효과) +30% DMG Multiplier against enemies affected by Venom
(마법 등급 효과) 10% DMG Amplification against enemies affected by Venom
(희귀 등급 효과) +60% DMG Multiplier against enemies affected by Venom
(희귀 등급 효과) 15% DMG Amplification against enemies affected by Venom

(전설 등급 효과) +120% DMG Multiplier against enemies affected by Venom
(전설 등급 효과) 25% DMG Amplification against enemies affected by Venom","+[20-40] Debuff Rate
+[15-25]% Debuff Effect
[10-15]% DMG Amplification against Debuffed enemies","Link Runes gain Parallel Multishot
Projectile Count+4
[5-10]% DMG Dampening when hitting the same target repeatedly
+[30-60]% Strike DMG
Cannot link Multishot Link Rune","+[76-98] Venom Rate
+[52-65]% Venom DMG
+40% Venom Duration
2% Venom DMG Amplification"
,Shockwave Arrow,기존,Fires an arrow that pierces through a short distance to deal damage to enemies,"Attack, Melee, Strike, Physical, Projectile, Bow, OverheatCannot Split, Cannot Chain","Mana Cost 5
Triggers Immediately
40 Overheat Accumulation
Physical Element
Arrows: 3
Projectile Speed 5500
Pierces All
Physical DMG 152%
Physical DMG +69
+10% Stun Chance
5% DMG Dampening when hitting the same target repeatedly
Gain Impact buff on every Attack Hit and activate Shockwave effect on reaching 30 stacks
Shockwave Effect
Immune to DMG Dampening stat for 3 s when hitting the same target repeatedly



(전설 등급 효과) +2 Projectile Count
(전설 등급 효과) 20% DMG Amplification against Stunned enemies","Mana Cost 15.9
Triggers Immediately
40 Overheat Accumulation
Physical Element
Arrows: 3
Projectile Speed 5500
Pierces All
Physical DMG 494%
Physical DMG +404
+10% Stun Chance
5% DMG Dampening when hitting the same target repeatedly
Gain Impact buff on every Attack Hit and activate Shockwave effect on reaching 30 stacks
Shockwave Effect
Immune to DMG Dampening stat for 3 s when hitting the same target repeatedly



(전설 등급 효과) +2 Projectile Count
(전설 등급 효과) 20% DMG Amplification against Stunned enemies","+[15-30]% Projectile Speed
[17-23]% Projectile DMG Amplification","Activate Shockwave effect at 20 stacks of Impact Buff
[5-10]% Attack Speed Amplification",-[5-1] Interval Angle
,,변경,Fires an arrow that pierces through a short distance to deal damage to enemies,"Attack, Melee, Strike, Physical, Projectile, Bow, OverheatCannot Split, Cannot Chain","Mana Cost 5
Triggers Immediately
40 Overheat Accumulation
Physical Element
Arrows: 3
Projectile Speed 5500
Pierces All
Physical DMG 152%
Physical DMG +69
+10% Stun Chance
5% DMG Dampening when hitting the same target repeatedly
Gain Impact buff on every Attack Hit and activate Shockwave effect on reaching 30 stacks
Shockwave Effect
Immune to DMG Dampening stat for 3 s when hitting the same target repeatedly



(전설 등급 효과) +2 Projectile Count
(전설 등급 효과) 20% DMG Amplification against Stunned enemies","Mana Cost 15.9
Triggers Immediately
40 Overheat Accumulation
Physical Element
Arrows: 3
Projectile Speed 5500
Pierces All
Physical DMG 514%
Physical DMG +420
+10% Stun Chance
5% DMG Dampening when hitting the same target repeatedly
Gain Impact buff on every Attack Hit and activate Shockwave effect on reaching 30 stacks
Shockwave Effect
Immune to DMG Dampening stat for 3 s when hitting the same target repeatedly



(전설 등급 효과) +2 Projectile Count
(전설 등급 효과) 20% DMG Amplification against Stunned enemies","+[15-30]% Projectile Speed
[17-23]% Projectile DMG Amplification","Activate Shockwave effect at 20 stacks of Impact Buff
[5-10]% Attack Speed Amplification",-[5-1] Interval Angle
,Lightning Typhoon,기존,Temporarily summons a Lightning Typhoon that follows enemies to deal Lightning DMG,"Spell, Area of Effect, Strike, Lightning, ProjectileCannot Multishot, Cannot Pierce, Cannot Split, Cannot Chain","Mana Cost 30
Cooldown 25 s
Lightning Element
Typhoon Duration 7 s
Typhoon Count 1
Projectile Speed 900
Pierces All
Typhoon Range 200
DMG Cycle 0.5 s
Lightning DMG 250%
Lightning DMG +200
+6% Shock Chance
Min 10% Shock applied
+1 Max Use Count
(마법 등급 효과) +9% Shock Chance
(희귀 등급 효과) 10% DMG Amplification against Shocked enemies
(희귀 등급 효과) +18% Shock Chance
(희귀 등급 효과) +50% Area of Effect

(전설 등급 효과) 20% DMG Amplification against Shocked enemies
(전설 등급 효과) +27% Shock Chance
(전설 등급 효과) +75% Area of Effect","Mana Cost 98
Cooldown 25 s
Lightning Element
Typhoon Duration 7 s
Typhoon Count 1
Projectile Speed 900
Pierces All
Typhoon Range 200
DMG Cycle 0.5 s
Lightning DMG 304%
Lightning DMG +1351
+6% Shock Chance
Min 10% Shock applied
+1 Max Use Count
(마법 등급 효과) +9% Shock Chance
(희귀 등급 효과) 10% DMG Amplification against Shocked enemies
(희귀 등급 효과) +18% Shock Chance
(희귀 등급 효과) +50% Area of Effect

(전설 등급 효과) 20% DMG Amplification against Shocked enemies
(전설 등급 효과) +27% Shock Chance
(전설 등급 효과) +75% Area of Effect","+1 Max Use Count
+[20-30]% Skill Rune Cooldown Recovery Speed","+[30-50] Shock Rate
+[10-20]% Shock Effect
+[30-50]% Shock Duration","[30-50]% DMG Dampening
Summon 4 Small Lightning Typhoons"
,,변경,Temporarily summons a Lightning Typhoon that follows enemies to deal Lightning DMG,"Spell, Area of Effect, Strike, Lightning, ProjectileCannot Multishot, Cannot Pierce, Cannot Split, Cannot Chain","Mana Cost 30
Cooldown 25 s
Lightning Element
Typhoon Duration 7 s
Typhoon Count 1
Projectile Speed 900
Pierces All
Typhoon Range 200
DMG Cycle 0.5 s
Lightning DMG 250%
Lightning DMG +200
+6% Shock Chance
Min 10% Shock applied
+1 Max Use Count
(마법 등급 효과) +9% Shock Chance
(희귀 등급 효과) 10% DMG Amplification against Shocked enemies
(희귀 등급 효과) +18% Shock Chance
(희귀 등급 효과) +50% Area of Effect

(전설 등급 효과) 20% DMG Amplification against Shocked enemies
(전설 등급 효과) +27% Shock Chance
(전설 등급 효과) +75% Area of Effect","Mana Cost 98
Cooldown 25 s
Lightning Element
Typhoon Duration 7 s
Typhoon Count 1
Projectile Speed 900
Pierces All
Typhoon Range 200
DMG Cycle 0.5 s
Lightning DMG 316%
Lightning DMG +1405
+6% Shock Chance
Min 10% Shock applied
+1 Max Use Count
(마법 등급 효과) +9% Shock Chance
(희귀 등급 효과) 10% DMG Amplification against Shocked enemies
(희귀 등급 효과) +18% Shock Chance
(희귀 등급 효과) +50% Area of Effect

(전설 등급 효과) 20% DMG Amplification against Shocked enemies
(전설 등급 효과) +27% Shock Chance
(전설 등급 효과) +75% Area of Effect","+1 Max Use Count
+[20-30]% Skill Rune Cooldown Recovery Speed","+[30-50] Shock Rate
+[10-20]% Shock Effect
+[30-50]% Shock Duration","[30-50]% DMG Dampening
Summon 4 Small Lightning Typhoons"
,Penetrating Slash,기존,"Moves forward, inflicting Physical damage on enemies in your path","Attack, Strike, Physical, Duration, Movement","Mana Cost 5
Cooldown 6 s
Physical Element
+2 Max Use Count
Physical DMG 266%
Physical DMG +28
Gain Oblivion for 2 s on Kill
+40% Critical Rate
Shares Cooldowns between Offensive Movement Skills
(마법 등급 효과) +100% Oblivion Effect
(희귀 등급 효과) +200% Oblivion Effect
(희귀 등급 효과) +1 Max Use Count
(희귀 등급 효과) 15% DMG Amplification

(전설 등급 효과) +200% Oblivion Effect
(전설 등급 효과) +2 Max Use Count
(전설 등급 효과) 30% DMG Amplification","Mana Cost 18.6
Cooldown 4 s
Physical Element
+2 Max Use Count
Physical DMG 615%
Physical DMG +514
Gain Oblivion for 2 s on Kill
+40% Critical Rate
Shares Cooldowns between Offensive Movement Skills
(마법 등급 효과) +100% Oblivion Effect
(희귀 등급 효과) +200% Oblivion Effect
(희귀 등급 효과) +1 Max Use Count
(희귀 등급 효과) 15% DMG Amplification

(전설 등급 효과) +200% Oblivion Effect
(전설 등급 효과) +2 Max Use Count
(전설 등급 효과) 30% DMG Amplification","+[20-40]% Melee DMG
+[30-50]% Oblivion Effect
7% chance to Instant Kill on every hit against a normal enemy","+[10-20]% Skill Rune Duration
+[10-15]% Movement Skill Rune Cooldown Recovery Speed","+2 Max Use Count
[5-10]% Skill Rune Cooldown Amplification
10% chance to reset Cooldown on hit"
,,변경,"Moves forward, inflicting Physical damage on enemies in your path","Attack, Strike, Physical, Duration, Movement","Mana Cost 5
Cooldown 6 s
Physical Element
+2 Max Use Count
Physical DMG 266%
Physical DMG +28
Gain Oblivion for 2 s on Kill
+40% Critical Rate
Shares Cooldowns between Offensive Movement Skills
(마법 등급 효과) +100% Oblivion Effect
(희귀 등급 효과) +200% Oblivion Effect
(희귀 등급 효과) +1 Max Use Count
(희귀 등급 효과) 15% DMG Amplification

(전설 등급 효과) +200% Oblivion Effect
(전설 등급 효과) +2 Max Use Count
(전설 등급 효과) 30% DMG Amplification","Mana Cost 18.6
Cooldown 4 s
Physical Element
+2 Max Use Count
Physical DMG 640%
Physical DMG +535
Gain Oblivion for 2 s on Kill
+40% Critical Rate
Shares Cooldowns between Offensive Movement Skills
(마법 등급 효과) +100% Oblivion Effect
(희귀 등급 효과) +200% Oblivion Effect
(희귀 등급 효과) +1 Max Use Count
(희귀 등급 효과) 15% DMG Amplification

(전설 등급 효과) +200% Oblivion Effect
(전설 등급 효과) +2 Max Use Count
(전설 등급 효과) 30% DMG Amplification","+[20-40]% Melee DMG
+[30-50]% Oblivion Effect
7% chance to Instant Kill on every hit against a normal enemy","+[10-20]% Skill Rune Duration
+[10-15]% Movement Skill Rune Cooldown Recovery Speed","+2 Max Use Count
[5-10]% Skill Rune Cooldown Amplification
10% chance to reset Cooldown on hit"
,Shield Charge,기존,Charges forward to inflict Physical DMG on the enemy,"Attack, Melee, Area of Effect, Strike, Physical, Movement","Mana Cost 4
Cooldown 5 s
Physical Element
+4 Max Use Count
+10% Hit Rate
+10% Armor Penetration
Area of Effect 250
Physical DMG 420%
Physical DMG +18
Gain Destroy Arms for 4 s upon hitting an enemy at Max Range
+30% Armor Penetration during Destroy Arms
Shares Cooldowns between Offensive Movement Skills
(마법 등급 효과) +10% Armor Penetration
(마법 등급 효과) +20% Attack Hit Rate
(희귀 등급 효과) +10% Armor Penetration
(희귀 등급 효과) +20% Attack Hit Rate
(희귀 등급 효과) +50 Stun Rate upon every Skill hit against enemies at 250 distance or more
(희귀 등급 효과) +80% Strike DMG Multiplier

(전설 등급 효과) +15% Armor Penetration
(전설 등급 효과) +30% Attack Hit Rate
(전설 등급 효과) +500 Stun Rate upon every Skill hit against enemies at 250 distance or more
(전설 등급 효과) +170% Strike DMG Multiplier","Mana Cost 21
Cooldown 3 s
Physical Element
+4 Max Use Count
+10% Hit Rate
+10% Armor Penetration
Area of Effect 250
Physical DMG 698%
Physical DMG +368
Gain Destroy Arms for 4 s upon hitting an enemy at Max Range
+30% Armor Penetration during Destroy Arms
Shares Cooldowns between Offensive Movement Skills
(마법 등급 효과) +10% Armor Penetration
(마법 등급 효과) +20% Attack Hit Rate
(희귀 등급 효과) +10% Armor Penetration
(희귀 등급 효과) +20% Attack Hit Rate
(희귀 등급 효과) +50 Stun Rate upon every Skill hit against enemies at 250 distance or more
(희귀 등급 효과) +80% Strike DMG Multiplier

(전설 등급 효과) +15% Armor Penetration
(전설 등급 효과) +30% Attack Hit Rate
(전설 등급 효과) +500 Stun Rate upon every Skill hit against enemies at 250 distance or more
(전설 등급 효과) +170% Strike DMG Multiplier","+[10-30]% Area of Effect
+[25-50] Status Effect Rate
Causes Shield Pulse on hit
Shield Pulse DMG +250
Shield Pulse DMG 430%
Shield Pulse Area of Effect 400","+[10-15]% Movement Skill Rune Cooldown Recovery Speed
50% chance to active Shield of Determination upon using Skill
Shield of Determination Duration 2 s
+[50-100]% Armor while Shield of Determination is active","+2 Max Use Count
[5-10]% Skill Rune Cooldown Amplification"
,,변경,Charges forward to inflict Physical DMG on the enemy,"Attack, Melee, Area of Effect, Strike, Physical, Movement","Mana Cost 4
Cooldown 5 s
Physical Element
+4 Max Use Count
+10% Hit Rate
+10% Armor Penetration
Area of Effect 250
Physical DMG 420%
Physical DMG +18
Gain Destroy Arms for 4 s upon hitting an enemy at Max Range
+30% Armor Penetration during Destroy Arms
Shares Cooldowns between Offensive Movement Skills
(마법 등급 효과) +10% Armor Penetration
(마법 등급 효과) +20% Attack Hit Rate
(희귀 등급 효과) +10% Armor Penetration
(희귀 등급 효과) +20% Attack Hit Rate
(희귀 등급 효과) +50 Stun Rate upon every Skill hit against enemies at 250 distance or more
(희귀 등급 효과) +80% Strike DMG Multiplier

(전설 등급 효과) +15% Armor Penetration
(전설 등급 효과) +30% Attack Hit Rate
(전설 등급 효과) +500 Stun Rate upon every Skill hit against enemies at 250 distance or more
(전설 등급 효과) +170% Strike DMG Multiplier","Mana Cost 21
Cooldown 3 s
Physical Element
+4 Max Use Count
+10% Hit Rate
+10% Armor Penetration
Area of Effect 250
Physical DMG 726%
Physical DMG +383
Gain Destroy Arms for 4 s upon hitting an enemy at Max Range
+30% Armor Penetration during Destroy Arms
Shares Cooldowns between Offensive Movement Skills
(마법 등급 효과) +10% Armor Penetration
(마법 등급 효과) +20% Attack Hit Rate
(희귀 등급 효과) +10% Armor Penetration
(희귀 등급 효과) +20% Attack Hit Rate
(희귀 등급 효과) +50 Stun Rate upon every Skill hit against enemies at 250 distance or more
(희귀 등급 효과) +80% Strike DMG Multiplier

(전설 등급 효과) +15% Armor Penetration
(전설 등급 효과) +30% Attack Hit Rate
(전설 등급 효과) +500 Stun Rate upon every Skill hit against enemies at 250 distance or more
(전설 등급 효과) +170% Strike DMG Multiplier","+[10-30]% Area of Effect
+[25-50] Status Effect Rate
Causes Shield Pulse on hit
Shield Pulse DMG +339
Shield Pulse DMG 503%
Shield Pulse Area of Effect 400","+[10-15]% Movement Skill Rune Cooldown Recovery Speed
50% chance to active Shield of Determination upon using Skill
Shield of Determination Duration 2 s
+[50-100]% Armor while Shield of Determination is active","+2 Max Use Count
[5-10]% Skill Rune Cooldown Amplification"
,Frost Thorn,기존,Shoots out Frost Thorns to deal Cold DMG to the enemy,"Spell, Strike, Cold, ProjectileCannot use Parallel Shot","Mana Cost 4
Triggers Immediately
Cold Element
Frost Thorn Count 3
Projectile Speed 2800
Cold DMG 149%
Cold DMG +80
+15% Spell Critical DMG
+10% Spell Critical Chance
12% DMG Dampening when hitting the same target repeatedly
+ 1 Frost Thorn count per 2 Cold Energy
(마법 등급 효과) +30% Spell Critical DMG
(희귀 등급 효과) +70% Spell Critical DMG
(희귀 등급 효과) +30% Spell Critical Rate

(전설 등급 효과) +1 Projectile Count
(전설 등급 효과) +70% Spell Critical DMG
(전설 등급 효과) +60% Spell Critical Rate","Mana Cost 14.2
Triggers Immediately
Cold Element
Frost Thorn Count 3
Projectile Speed 2800
Cold DMG 379%
Cold DMG +486
+59% Spell Critical DMG
+10% Spell Critical Chance
12% DMG Dampening when hitting the same target repeatedly
+ 1 Frost Thorn count per 2 Cold Energy
(마법 등급 효과) +30% Spell Critical DMG
(희귀 등급 효과) +70% Spell Critical DMG
(희귀 등급 효과) +30% Spell Critical Rate

(전설 등급 효과) +1 Projectile Count
(전설 등급 효과) +70% Spell Critical DMG
(전설 등급 효과) +60% Spell Critical Rate","Gain Elite Slayer Link Rune Effect
+[140-163]% DMG against Elites
5% DMG Amplification against Bosses
Cannot link Elite Slayer Link Rune",-[10-5]% DMG Dampening Decrease upon hitting the same target repeatedly,"+1 Chain Count
+[41-50]% Projectile DMG"
,,변경,Shoots out Frost Thorns to deal Cold DMG to the enemy,"Spell, Strike, Cold, ProjectileCannot use Parallel Shot","Mana Cost 4
Triggers Immediately
Cold Element
Frost Thorn Count 3
Projectile Speed 2800
Cold DMG 149%
Cold DMG +80
+15% Spell Critical DMG
+10% Spell Critical Chance
12% DMG Dampening when hitting the same target repeatedly
+ 1 Frost Thorn count per 2 Cold Energy
(마법 등급 효과) +30% Spell Critical DMG
(희귀 등급 효과) +70% Spell Critical DMG
(희귀 등급 효과) +30% Spell Critical Rate

(전설 등급 효과) +1 Projectile Count
(전설 등급 효과) +70% Spell Critical DMG
(전설 등급 효과) +60% Spell Critical Rate","Mana Cost 14.2
Triggers Immediately
Cold Element
Frost Thorn Count 3
Projectile Speed 2800
Cold DMG 394%
Cold DMG +505
+59% Spell Critical DMG
+10% Spell Critical Chance
12% DMG Dampening when hitting the same target repeatedly
+ 1 Frost Thorn count per 2 Cold Energy
(마법 등급 효과) +30% Spell Critical DMG
(희귀 등급 효과) +70% Spell Critical DMG
(희귀 등급 효과) +30% Spell Critical Rate

(전설 등급 효과) +1 Projectile Count
(전설 등급 효과) +70% Spell Critical DMG
(전설 등급 효과) +60% Spell Critical Rate","Gain Elite Slayer Link Rune Effect
+[140-163]% DMG against Elites
5% DMG Amplification against Bosses
Cannot link Elite Slayer Link Rune",-[10-5]% DMG Dampening Decrease upon hitting the same target repeatedly,"+1 Chain Count
+[41-50]% Projectile DMG"
,Flamethrower,기존,"Deals Fire DMG, amplifying Fire DMG for each Channeling stage. Canceling Channeling at stage 1 or above causes Fire Explosion. However, Fire Explosion is not caused when Channeling is canceled by Movement Skills or Crowd Control effects","Spell, Melee, Area of Effect, Channel, DoT, Fire","Mana Cost 5
Triggers Immediately
Fire Element
Area of Effect 600
Deal Fire DMG to enemies when maintaining Focus
Fire DMG +40
Fire DMG 121%
+4 Max Stage
20% Fire DMG Amplification per stage
Inflict Arson to enemies upon canceling Channeling
Arson Duration 5 s
Arson DoT +42
Arson DoT 127%
Arson DMG Multiplier per stage +20%
Additional Arson DoT Increase based on Area DMG Increase/Amplification
(마법 등급 효과) +50% DoT
(마법 등급 효과) +10% Element Penetration
(희귀 등급 효과) +100% DoT
(희귀 등급 효과) +15% Element Penetration
(희귀 등급 효과) 15% DoT Multiplier Amplification

(전설 등급 효과) +150% DoT
(전설 등급 효과) +30% Element Penetration
(전설 등급 효과) 30% DoT Multiplier Amplification","Mana Cost 15.6
Triggers Immediately
Fire Element
Area of Effect 600
Deal Fire DMG to enemies when maintaining Focus
Fire DMG +230
Fire DMG 405%
+4 Max Stage
20% Fire DMG Amplification per stage
Inflict Arson to enemies upon canceling Channeling
Arson Duration 5 s
Arson DoT +241
Arson DoT 406%
Arson DMG Multiplier per stage +108%
Additional Arson DoT Increase based on Area DMG Increase/Amplification
(마법 등급 효과) +50% DoT
(마법 등급 효과) +10% Element Penetration
(희귀 등급 효과) +100% DoT
(희귀 등급 효과) +15% Element Penetration
(희귀 등급 효과) 15% DoT Multiplier Amplification

(전설 등급 효과) +150% DoT
(전설 등급 효과) +30% Element Penetration
(전설 등급 효과) 30% DoT Multiplier Amplification","+[20-30]% Realization Effect
Gain Realization while Channeling
( 1% Max Barrier Regen/Sec, Barrier Charge Recovery Speed +10% )","[3-5]% DoT Amplification
[10-15]% DMG Taken Dampening while Channeling","+[20-30]% Fire Penetration
Flamethrower Range +150, Radius +60º"
,,변경,"Deals Fire DMG and causes Fire Explosion while Channeling. The longer you sustain Channeling, the more Fire DMG is amplified and the DoT multiplier increases.","Spell, Melee, Area of Effect, Channel, DoT, Fire","Mana Cost 5
Triggers Immediately
Fire Element
Area of Effect 600
Deal Fire DMG and Arson to enemies when maintaining Focus
Fire DMG +40
Fire DMG 121%
30% Trigger Skill DMG Dampening
30% Movement Speed Dampening
+4 Max Stage
15% Fire DMG Amplification per stage
Arson Duration 5 s
Arson DoT +36
Arson DoT 108%
Arson DMG Multiplier per stage +20%
Additional Arson DoT Increase based on Area DMG Increase/Amplification
(마법 등급 효과) +50% DoT
(마법 등급 효과) +10% Element Penetration
(희귀 등급 효과) +100% DoT
(희귀 등급 효과) +15% Element Penetration
(희귀 등급 효과) 15% DoT Multiplier Amplification

(전설 등급 효과) +150% DoT
(전설 등급 효과) +30% Element Penetration
(전설 등급 효과) 30% DoT Multiplier Amplification","Mana Cost 15.6
Triggers Immediately
Fire Element
Area of Effect 600
Deal Fire DMG and Arson to enemies when maintaining Focus
Fire DMG +239
Fire DMG 421%
30% Trigger Skill DMG Dampening
30% Movement Speed Dampening
+4 Max Stage
15% Fire DMG Amplification per stage
Arson Duration 5 s
Arson DoT +213
Arson DoT 359%
Arson DMG Multiplier per stage +90%
Additional Arson DoT Increase based on Area DMG Increase/Amplification
(마법 등급 효과) +50% DoT
(마법 등급 효과) +10% Element Penetration
(희귀 등급 효과) +100% DoT
(희귀 등급 효과) +15% Element Penetration
(희귀 등급 효과) 15% DoT Multiplier Amplification

(전설 등급 효과) +150% DoT
(전설 등급 효과) +30% Element Penetration
(전설 등급 효과) 30% DoT Multiplier Amplification","+[20-30]% Realization Effect
Gain Realization while Channeling
( 1% Max Barrier Regen/Sec, Barrier Charge Recovery Speed +10% )","[3-5]% DoT Amplification
[10-15]% DMG Taken Dampening while Channeling","+[20-30]% Fire Penetration
Flamethrower Range +150, Radius +60º"
,Electric Ball,기존,Fires an electric ball that periodically explodes. Explosions deal Lightning DMG to nearby enemies,"Spell, Area of Effect, Strike, Lightning, ProjectileCannot Multishot, Cannot Split, Cannot Chain","Mana Cost 6
Triggers Immediately
Lightning Element
Electric Ball Count 1
Projectile Speed 550
Pierces All
Explosion Range 170
Explosion Interval 0.5 s
Lightning DMG 198%
Lightning DMG +110
+10% Shock Chance
(마법 등급 효과) 5% DMG Amplification against Shocked enemies
(마법 등급 효과) +5% Cast Speed
(희귀 등급 효과) 10% DMG Amplification against Shocked enemies
(희귀 등급 효과) +10% Cast Speed
(희귀 등급 효과) +25% Area of Effect

(전설 등급 효과) 20% DMG Amplification against Shocked enemies
(전설 등급 효과) +15% Cast Speed
(전설 등급 효과) +50% Area of Effect","Mana Cost 23
Triggers Immediately
Lightning Element
Electric Ball Count 1
Projectile Speed 550
Pierces All
Explosion Range 170
Explosion Interval 0.5 s
Lightning DMG 497%
Lightning DMG +346
+10% Shock Chance
(마법 등급 효과) 5% DMG Amplification against Shocked enemies
(마법 등급 효과) +5% Cast Speed
(희귀 등급 효과) 10% DMG Amplification against Shocked enemies
(희귀 등급 효과) +10% Cast Speed
(희귀 등급 효과) +25% Area of Effect

(전설 등급 효과) 20% DMG Amplification against Shocked enemies
(전설 등급 효과) +15% Cast Speed
(전설 등급 효과) +50% Area of Effect","+[15-30]% Projectile Speed
Projectile Count +2
Explosion Interval -20%",[15-20]% DMG Amplification against Elites,"Gain Electric Shock Link Rune Effect
+[100-124]% Critical Rate against Shocked enemies
+[32-35]% Critical DMG against Shocked enemies
Cannot link Electric Shock Link Rune"
,,변경,Fires an electric ball that periodically explodes. Explosions deal Lightning DMG to nearby enemies,"Spell, Area of Effect, Strike, Lightning, ProjectileCannot Multishot, Cannot Split, Cannot Chain","Mana Cost 6
Triggers Immediately
Lightning Element
Electric Ball Count 1
Projectile Speed 550
Pierces All
Explosion Range 170
Explosion Interval 0.5 s
Lightning DMG 198%
Lightning DMG +110
+10% Shock Chance
(마법 등급 효과) 5% DMG Amplification against Shocked enemies
(마법 등급 효과) +5% Cast Speed
(희귀 등급 효과) 10% DMG Amplification against Shocked enemies
(희귀 등급 효과) +10% Cast Speed
(희귀 등급 효과) +25% Area of Effect

(전설 등급 효과) 20% DMG Amplification against Shocked enemies
(전설 등급 효과) +15% Cast Speed
(전설 등급 효과) +50% Area of Effect","Mana Cost 23
Triggers Immediately
Lightning Element
Electric Ball Count 1
Projectile Speed 550
Pierces All
Explosion Range 170
Explosion Interval 0.5 s
Lightning DMG 517%
Lightning DMG +360
+10% Shock Chance
(마법 등급 효과) 5% DMG Amplification against Shocked enemies
(마법 등급 효과) +5% Cast Speed
(희귀 등급 효과) 10% DMG Amplification against Shocked enemies
(희귀 등급 효과) +10% Cast Speed
(희귀 등급 효과) +25% Area of Effect

(전설 등급 효과) 20% DMG Amplification against Shocked enemies
(전설 등급 효과) +15% Cast Speed
(전설 등급 효과) +50% Area of Effect","+[15-30]% Projectile Speed
Projectile Count +2
Explosion Interval -20%",[15-20]% DMG Amplification against Elites,"Gain Electric Shock Link Rune Effect
+[100-124]% Critical Rate against Shocked enemies
+[32-35]% Critical DMG against Shocked enemies
Cannot link Electric Shock Link Rune"
,Charge Release,기존,"Releases multiple charges that deal DMG and explode upon contact with the target, dealing additional DMG.","Spell, Area of Effect, Strike, Lightning, ProjectileCannot use Parallel Shot, Cannot Split, Cannot Chain","Mana Cost 5
Triggers Immediately
Lightning Element
Charge Count 7
Projectile Speed 700
Charge Release DMG 300%
Charge Release DMG +51
Cannot Pierce
Explosion Range 150
Electric Explosion DMG 275%
Electric Explosion DMG +51
+21% Shock Chance
Apply Shock as 20% Amplified DMG
2% Projectile DMG Amplification per 1 additional Projectile(s) (Max:  20)
(마법 등급 효과) +2 Projectile Count
(마법 등급 효과) +9% Shock Chance
(희귀 등급 효과) +3 Projectile Count
(희귀 등급 효과) +14% Shock Chance
(희귀 등급 효과) +15% Cast Speed

(전설 등급 효과) +4 Projectile Count
(전설 등급 효과) +19% Shock Chance
(전설 등급 효과) +30% Cast Speed","Mana Cost 22
Triggers Immediately
Lightning Element
Charge Count 10
Projectile Speed 700
Charge Release DMG 600%
Charge Release DMG +302
Cannot Pierce
Explosion Range 150
Electric Explosion DMG 546%
Electric Explosion DMG +805
+21% Shock Chance
Apply Shock as 20% Amplified DMG
2% Projectile DMG Amplification per 1 additional Projectile(s) (Max:  20)
(마법 등급 효과) +2 Projectile Count
(마법 등급 효과) +9% Shock Chance
(희귀 등급 효과) +3 Projectile Count
(희귀 등급 효과) +14% Shock Chance
(희귀 등급 효과) +15% Cast Speed

(전설 등급 효과) +4 Projectile Count
(전설 등급 효과) +19% Shock Chance
(전설 등급 효과) +30% Cast Speed","+170 Max Angle
+[4-8] Projectile Count
+200 Interval Angle","Gain Continuous Shock Link Rune Effect
+[41-51] Shock Rate
+[21-25]% Shock Effect
Cannot link Continuous Shock Link Rune","+[50-80] Bind Rate
+[40-50]% Lightning DMG"
,,변경,"Releases multiple charges that deal DMG and explode upon contact with the target, dealing additional DMG.","Spell, Area of Effect, Strike, Lightning, ProjectileCannot use Parallel Shot, Cannot Split, Cannot Chain","Mana Cost 5
Triggers Immediately
Lightning Element
Charge Count 7
Projectile Speed 700
Charge Release DMG 300%
Charge Release DMG +51
Cannot Pierce
Explosion Range 150
Electric Explosion DMG 275%
Electric Explosion DMG +51
+21% Shock Chance
Apply Shock as 20% Amplified DMG
2% Projectile DMG Amplification per 1 additional Projectile(s) (Max:  20)
(마법 등급 효과) +2 Projectile Count
(마법 등급 효과) +9% Shock Chance
(희귀 등급 효과) +3 Projectile Count
(희귀 등급 효과) +14% Shock Chance
(희귀 등급 효과) +15% Cast Speed

(전설 등급 효과) +4 Projectile Count
(전설 등급 효과) +19% Shock Chance
(전설 등급 효과) +30% Cast Speed","Mana Cost 22
Triggers Immediately
Lightning Element
Charge Count 10
Projectile Speed 700
Charge Release DMG 624%
Charge Release DMG +314
Cannot Pierce
Explosion Range 150
Electric Explosion DMG 568%
Electric Explosion DMG +837
+21% Shock Chance
Apply Shock as 20% Amplified DMG
2% Projectile DMG Amplification per 1 additional Projectile(s) (Max:  20)
(마법 등급 효과) +2 Projectile Count
(마법 등급 효과) +9% Shock Chance
(희귀 등급 효과) +3 Projectile Count
(희귀 등급 효과) +14% Shock Chance
(희귀 등급 효과) +15% Cast Speed

(전설 등급 효과) +4 Projectile Count
(전설 등급 효과) +19% Shock Chance
(전설 등급 효과) +30% Cast Speed","+170 Max Angle
+[4-8] Projectile Count
+200 Interval Angle","Gain Continuous Shock Link Rune Effect
+[41-51] Shock Rate
+[21-25]% Shock Effect
Cannot link Continuous Shock Link Rune","+[50-80] Bind Rate
+[40-50]% Lightning DMG"
,Toxic Flame,기존,Fires a piercing toxic flame that deals Poison DoT. Is not affected by Projectile DMG,"Spell, DoT, Poison, ProjectileCannot Split, Cannot Chain","Mana Cost 8
Triggers Immediately
Poison Element
Flame Count 3
Projectile Speed 2000
Pierce Count 1
Poison DoT for 6 s to enemies on hit
Poison DoT 101%
Poison DoT +13
Max Stacks 5
(마법 등급 효과) +20% DoT
(희귀 등급 효과) +2 Projectile Count
(희귀 등급 효과) +60% DoT

(전설 등급 효과) +2 Projectile Count
(전설 등급 효과) +130% DoT
(전설 등급 효과) 10% Cast Speed Amplification","Mana Cost 31.8
Triggers Immediately
Poison Element
Flame Count 7
Projectile Speed 2000
Pierce Count 1
Poison DoT for 6 s to enemies on hit
Poison DoT 435%
Poison DoT +1036
Max Stacks 5
(마법 등급 효과) +20% DoT
(희귀 등급 효과) +2 Projectile Count
(희귀 등급 효과) +60% DoT

(전설 등급 효과) +2 Projectile Count
(전설 등급 효과) +130% DoT
(전설 등급 효과) 10% Cast Speed Amplification","Gain Quick Cast Link Rune Effect
+[27-31]% Cast Speed
Cannot link Quick Cast Link Rune",[10-15]% DoT Amplification,"+[2-4] Projectile Count
+[20-30]% DoT
+200 Max Angle
+30 Interval Angle
Cannot link Parallel Multishot Link Rune"
,,변경,Fires a piercing toxic flame that deals Poison DoT. Is not affected by Projectile DMG,"Spell, DoT, Poison, ProjectileCannot Split, Cannot Chain","Mana Cost 8
Triggers Immediately
Poison Element
Flame Count 3
Projectile Speed 2000
Pierce Count 1
Poison DoT for 6 s to enemies on hit
Poison DoT 101%
Poison DoT +13
Max Stacks 5
(마법 등급 효과) +20% DoT
(희귀 등급 효과) +2 Projectile Count
(희귀 등급 효과) +60% DoT

(전설 등급 효과) +2 Projectile Count
(전설 등급 효과) +130% DoT
(전설 등급 효과) 10% Cast Speed Amplification","Mana Cost 31.8
Triggers Immediately
Poison Element
Flame Count 7
Projectile Speed 2000
Pierce Count 1
Poison DoT for 6 s to enemies on hit
Poison DoT 452%
Poison DoT +1077
Max Stacks 5
(마법 등급 효과) +20% DoT
(희귀 등급 효과) +2 Projectile Count
(희귀 등급 효과) +60% DoT

(전설 등급 효과) +2 Projectile Count
(전설 등급 효과) +130% DoT
(전설 등급 효과) 10% Cast Speed Amplification","Gain Quick Cast Link Rune Effect
+[27-31]% Cast Speed
Cannot link Quick Cast Link Rune",[10-15]% DoT Amplification,"+[2-4] Projectile Count
+[20-30]% DoT
+200 Max Angle
+30 Interval Angle
Cannot link Parallel Multishot Link Rune"
,Sacred Light,기존,"Deal DMG with the highest Elemental damage in front while Channeling. Gain Maintain Position Effect on hit, effect decays upon moving.","Spell, Melee, Area of Effect, Channel, Strike, Cold, Poison, Lightning, Fire","Mana Cost 5
Triggers Immediately
Highest Element DMG
20% Base Speed Amplification
Area of Effect 1000
Highest Element DMG 147%
Highest Element DMG +84
Gain Maintain Position for 7 s on hit
Max Maintain Position Stacks 30
1.5% DMG Amplification per Maintain Position stack
+1% Element Penetration of highest Element at Max Maintain Position stacks
+2% Area of Effect per Maintain Position stack
Remove 1 stack of Maintain Position every 0.6 s while moving
Remove 2 stacks of Maintain Position upon using Movement Skill
-5% Elemental Particle Creation Chance of all skills with skill equipped
(Applied to Zodiac Pirate node Elementalist Zodiac.)
(마법 등급 효과) +100 Area of Effect
(희귀 등급 효과) +50% Area DMG
(희귀 등급 효과) +100 Area of Effect

(전설 등급 효과) +110% Area DMG
(전설 등급 효과) +100 Area of Effect","Mana Cost 22
Triggers Immediately
Highest Element DMG
20% Base Speed Amplification
Area of Effect 1000
Highest Element DMG 485%
Highest Element DMG +1110
Gain Maintain Position for 7 s on hit
Max Maintain Position Stacks 30
1.5% DMG Amplification per Maintain Position stack
+1% Element Penetration of highest Element at Max Maintain Position stacks
+2% Area of Effect per Maintain Position stack
Remove 1 stack of Maintain Position every 0.6 s while moving
Remove 2 stacks of Maintain Position upon using Movement Skill
-5% Elemental Particle Creation Chance of all skills with skill equipped
(Applied to Zodiac Pirate node Elementalist Zodiac.)
(마법 등급 효과) +100 Area of Effect
(희귀 등급 효과) +50% Area DMG
(희귀 등급 효과) +100 Area of Effect

(전설 등급 효과) +110% Area DMG
(전설 등급 효과) +100 Area of Effect","[40-52.5]% DMG Amplification
+[25-30]% Highest Element Penetration
+[50-70]% Area of Effect
-25 Max Maintain Position Stacks","+[70.8-87]% Melee DMG
100% chance to gain Regeneration for 3 s on hit
Regeneration effect
(1% Max HP Regen/Sec, 0.4% Max Mana Regen/Sec)","40% Strike DMG Multiplier Dampening
[270-320]% Additional Skill DMG Amplification"
,,변경,"Deal DMG with the highest Elemental damage in front while Channeling. Dealing DMG grants the Blessing Effect, gaining additional effects based on stack count.","Spell, Melee, Area of Effect, Channel, Strike, Cold, Poison, Lightning, Fire","Mana Cost 5
Triggers Immediately
Highest Element DMG
Highest Element DMG
20% Base Speed Amplification
Area of Effect 1000
Highest Element DMG 147%
Highest Element DMG +84
30% Trigger Skill DMG Dampening
Gain Blessing Effect for 3 s on hit
Blessing Max Stack Count 10
3% DMG Amplification per Blessing stack
+2% Element Penetration of highest Element per Blessing stack
+4% Area of Effect per Blessing stack
-5% Elemental Particle Creation Chance of all skills with skill equipped
(Applied to Zodiac Pirate node Elementalist Zodiac.)
(마법 등급 효과) +3 Blessing Stack Count
(희귀 등급 효과) +5 Blessing Stack Count
(희귀 등급 효과) +10% Blessing Effect
(희귀 등급 효과) +50% Area DMG

(전설 등급 효과) +10 Blessing Stack Count
(전설 등급 효과) +18% Blessing Effect
(전설 등급 효과) +110% Area DMG","Mana Cost 22
Triggers Immediately
Highest Element DMG
Highest Element DMG
20% Base Speed Amplification
Area of Effect 1000
Highest Element DMG 504%
Highest Element DMG +1154
30% Trigger Skill DMG Dampening
Gain Blessing Effect for 3 s on hit
Blessing Max Stack Count 10
3% DMG Amplification per Blessing stack
+2% Element Penetration of highest Element per Blessing stack
+4% Area of Effect per Blessing stack
-5% Elemental Particle Creation Chance of all skills with skill equipped
(Applied to Zodiac Pirate node Elementalist Zodiac.)
(마법 등급 효과) +3 Blessing Stack Count
(희귀 등급 효과) +5 Blessing Stack Count
(희귀 등급 효과) +10% Blessing Effect
(희귀 등급 효과) +50% Area DMG

(전설 등급 효과) +10 Blessing Stack Count
(전설 등급 효과) +18% Blessing Effect
(전설 등급 효과) +110% Area DMG","-15 Blessing Stack Count
+7% Blessing Effect
[40-52.5]% DMG Amplification
+[25-30]% Highest Element Penetration
+[50-70]% Area of Effect","+[70.8-87]% Melee DMG
100% chance to gain Regeneration for 3 s on hit
Regeneration effect
(1% Max HP Regen/Sec, 0.4% Max Mana Regen/Sec)","40% Strike DMG Multiplier Dampening
[270-320]% Additional Skill DMG Amplification"
,Combo,기존,Swings weapon to attack the enemy twice. Deals DMG even faster from Frenzy effect on hit,"Attack, Melee, Weapon Range, Strike, Physical, Shadow","Mana Cost 3
Triggers Immediately
Physical Element
No equipped weapon range
Physical DMG 173%
Physical DMG +48
10% Attack Speed Amplification
+5% Maximization Chance
Gain Swift Attack for 12 s on hit
+5% Attack Speed per Swift Attack stack
Max Swift Attack Stacks 5
40% chance to gain Frenzy effect on hit at Max Swift Attack stacks
Max Frenzy Stacks 5
Frenzy Duration 5 s
5% Attack Speed Amplification per Frenzy stack
+16% Weapon Range per Frenzy stack
+4 HP per Frenzy stack on hit
Add 5 s to duration on Frenzy stack
(마법 등급 효과) +15% Frenzy Effect
(마법 등급 효과) 5% DMG Amplification against Bleeding enemies
(희귀 등급 효과) +30% Frenzy Effect
(희귀 등급 효과) 15% DMG Amplification against Bleeding enemies

(전설 등급 효과) +50% Frenzy Effect
(전설 등급 효과) 25% DMG Amplification against Bleeding enemies","Mana Cost 12.5
Triggers Immediately
Physical Element
No equipped weapon range
Physical DMG 454%
Physical DMG +1158
10% Attack Speed Amplification
+5% Maximization Chance
Gain Swift Attack for 12 s on hit
+5% Attack Speed per Swift Attack stack
Max Swift Attack Stacks 5
40% chance to gain Frenzy effect on hit at Max Swift Attack stacks
Max Frenzy Stacks 5
Frenzy Duration 5 s
5% Attack Speed Amplification per Frenzy stack
+16% Weapon Range per Frenzy stack
+4 HP per Frenzy stack on hit
Add 5 s to duration on Frenzy stack
(마법 등급 효과) +15% Frenzy Effect
(마법 등급 효과) 5% DMG Amplification against Bleeding enemies
(희귀 등급 효과) +30% Frenzy Effect
(희귀 등급 효과) 15% DMG Amplification against Bleeding enemies

(전설 등급 효과) +50% Frenzy Effect
(전설 등급 효과) 25% DMG Amplification against Bleeding enemies","+[5-15]% Weapon Range
Attack Radius 30º Increase
3% Movement Speed Amplification per Frenzy stack",[20-25]% DMG Amplification against Elites,"Gain Quick Attack Link Rune Effect
+[34.2-40.1]% Attack Speed
Cannot link Quick Attack Link Rune"
,,변경,Swings weapon to attack the enemy twice. Deals DMG even faster from Frenzy effect on hit,"Attack, Melee, Weapon Range, Strike, Physical, Shadow","Mana Cost 3
Triggers Immediately
Physical Element
No equipped weapon range
Physical DMG 173%
Physical DMG +48
10% Attack Speed Amplification
+5% Maximization Chance
Gain Swift Attack for 12 s on hit
+5% Attack Speed per Swift Attack stack
Max Swift Attack Stacks 5
40% chance to gain Frenzy effect on hit at Max Swift Attack stacks
Max Frenzy Stacks 5
Frenzy Duration 5 s
5% Attack Speed Amplification per Frenzy stack
+16% Weapon Range per Frenzy stack
+4 HP per Frenzy stack on hit
Add 5 s to duration on Frenzy stack
(마법 등급 효과) +15% Frenzy Effect
(마법 등급 효과) 5% DMG Amplification against Bleeding enemies
(희귀 등급 효과) +30% Frenzy Effect
(희귀 등급 효과) 15% DMG Amplification against Bleeding enemies

(전설 등급 효과) +50% Frenzy Effect
(전설 등급 효과) 25% DMG Amplification against Bleeding enemies","Mana Cost 12.5
Triggers Immediately
Physical Element
No equipped weapon range
Physical DMG 472%
Physical DMG +1204
10% Attack Speed Amplification
+5% Maximization Chance
Gain Swift Attack for 12 s on hit
+5% Attack Speed per Swift Attack stack
Max Swift Attack Stacks 5
40% chance to gain Frenzy effect on hit at Max Swift Attack stacks
Max Frenzy Stacks 5
Frenzy Duration 5 s
5% Attack Speed Amplification per Frenzy stack
+16% Weapon Range per Frenzy stack
+4 HP per Frenzy stack on hit
Add 5 s to duration on Frenzy stack
(마법 등급 효과) +15% Frenzy Effect
(마법 등급 효과) 5% DMG Amplification against Bleeding enemies
(희귀 등급 효과) +30% Frenzy Effect
(희귀 등급 효과) 15% DMG Amplification against Bleeding enemies

(전설 등급 효과) +50% Frenzy Effect
(전설 등급 효과) 25% DMG Amplification against Bleeding enemies","+[5-15]% Weapon Range
Attack Radius 30º Increase
3% Movement Speed Amplification per Frenzy stack",[20-25]% DMG Amplification against Elites,"Gain Quick Attack Link Rune Effect
+[34.2-40.1]% Attack Speed
Cannot link Quick Attack Link Rune"
,Illusion Axe,기존,Summons Illusion Axes that circle around the caster to deal damage to the enemy,"Attack, Melee, Area of Effect, Strike, Physical, Toggle, Toggle DMG","20% Resource Cost Amplification
Cooldown 3 s
Physical Element
Illusion Axe strikes once for 0.4 s
Area of Effect 150
Physical DMG 200%
Physical DMG +40
(마법 등급 효과) +25% Area of Effect
(희귀 등급 효과) +50% Area of Effect

(전설 등급 효과) +100% Area of Effect","20% Resource Cost Amplification
Cooldown 3 s
Physical Element
Illusion Axe strikes once for 0.4 s
Area of Effect 150
Physical DMG 500%
Physical DMG +224
(마법 등급 효과) +25% Area of Effect
(희귀 등급 효과) +50% Area of Effect

(전설 등급 효과) +100% Area of Effect",[10-15]% chance to gain Earth Energy on hit,"+[30-60] Status Effect Rate
[20-25]% DMG Amplification","+[25-50] Area of Effect
[20-25]% DMG Amplification"
,,변경,Summons Illusion Axes that circle around the caster to deal damage to the enemy,"Attack, Melee, Area of Effect, Strike, Physical, Toggle, Toggle DMG","20% Resource Cost Amplification
Cooldown 3 s
Physical Element
Illusion Axe strikes once for 0.4 s
Area of Effect 150
Physical DMG 200%
Physical DMG +40
(마법 등급 효과) +25% Area of Effect
(희귀 등급 효과) +50% Area of Effect

(전설 등급 효과) +100% Area of Effect","20% Resource Cost Amplification
Cooldown 3 s
Physical Element
Illusion Axe strikes once for 0.4 s
Area of Effect 150
Physical DMG 520%
Physical DMG +233
(마법 등급 효과) +25% Area of Effect
(희귀 등급 효과) +50% Area of Effect

(전설 등급 효과) +100% Area of Effect",[10-15]% chance to gain Earth Energy on hit,"+[30-60] Status Effect Rate
[20-25]% DMG Amplification","+[25-50] Area of Effect
[20-25]% DMG Amplification"
,Lightning Strike,기존,Calls down lightning in front and around the lightning to deal damage to enemies.,"Attack, Melee, Area of Effect, Strike, Lightning, ProjectileCannot use Parallel Shot, Cannot Pierce, Cannot Split, Cannot Chain","Mana Cost 3
Triggers Immediately
Lightning Element
Front Lightning Count 1
Front Lightning Explosion Range 150
+10 Front Lightning DMG
Front Lightning DMG 300% 
Nearby Lightning Count 4
Nearby Lightning Explosion Range 120
Nearby Lightning DMG +10
Nearby Lightning DMG 90% 
Nearby Lightning Shock Chance +8%
10% DMG Dampening when hitting the same target repeatedly
+50% DMG against Shocked enemies
(마법 등급 효과) +5% Shock Chance
(마법 등급 효과) 10% DMG Amplification against Shocked enemies
(희귀 등급 효과) +8% Shock Chance
(희귀 등급 효과) 20% DMG Amplification against Shocked enemies
(희귀 등급 효과) +50 Explosion Range

(전설 등급 효과) +10% Shock Chance
(전설 등급 효과) 30% DMG Amplification against Shocked enemies
(전설 등급 효과) +50 Explosion Range
(전설 등급 효과) +1 Projectile Count","Mana Cost 12.5
Triggers Immediately
Lightning Element
Front Lightning Count 1
Front Lightning Explosion Range 150
+366 Front Lightning DMG
Front Lightning DMG 985% 
Nearby Lightning Count 4
Nearby Lightning Explosion Range 120
Nearby Lightning DMG +457
Nearby Lightning DMG 159% 
Nearby Lightning Shock Chance +8%
10% DMG Dampening when hitting the same target repeatedly
+50% DMG against Shocked enemies
(마법 등급 효과) +5% Shock Chance
(마법 등급 효과) 10% DMG Amplification against Shocked enemies
(희귀 등급 효과) +8% Shock Chance
(희귀 등급 효과) 20% DMG Amplification against Shocked enemies
(희귀 등급 효과) +50 Explosion Range

(전설 등급 효과) +10% Shock Chance
(전설 등급 효과) 30% DMG Amplification against Shocked enemies
(전설 등급 효과) +50 Explosion Range
(전설 등급 효과) +1 Projectile Count","-70 Projectile Creation Range
+[5-20]% Projectile DMG","+[150-200] Projectile Creation Range
+2 Projectile Count
10% Area of Effect Dampening
+[120-140]% DMG against Normal enemies","+[5-15] Shock Rate
Cast Huge Lightning at 10 Lightning Status Effect stacks on the enemy
Huge Lightning Range 150
Lightning DMG 450%
Lightning DMG +236
Huge Lightning Critical Rate +150%"
,,변경,Calls down lightning in front and around the lightning to deal damage to enemies.,"Attack, Melee, Area of Effect, Strike, Lightning, ProjectileCannot use Parallel Shot, Cannot Pierce, Cannot Split, Cannot Chain","Mana Cost 3
Triggers Immediately
Lightning Element
Front Lightning Count 1
Front Lightning Explosion Range 150
+10 Front Lightning DMG
Front Lightning DMG 300% 
Nearby Lightning Count 4
Nearby Lightning Explosion Range 120
Nearby Lightning DMG +10
Nearby Lightning DMG 90% 
Nearby Lightning Shock Chance +8%
10% DMG Dampening when hitting the same target repeatedly
+50% DMG against Shocked enemies
(마법 등급 효과) +5% Shock Chance
(마법 등급 효과) 10% DMG Amplification against Shocked enemies
(희귀 등급 효과) +8% Shock Chance
(희귀 등급 효과) 20% DMG Amplification against Shocked enemies
(희귀 등급 효과) +50 Explosion Range

(전설 등급 효과) +10% Shock Chance
(전설 등급 효과) 30% DMG Amplification against Shocked enemies
(전설 등급 효과) +50 Explosion Range
(전설 등급 효과) +1 Projectile Count","Mana Cost 12.5
Triggers Immediately
Lightning Element
Front Lightning Count 1
Front Lightning Explosion Range 150
+381 Front Lightning DMG
Front Lightning DMG 1024% 
Nearby Lightning Count 4
Nearby Lightning Explosion Range 120
Nearby Lightning DMG +475
Nearby Lightning DMG 165% 
Nearby Lightning Shock Chance +8%
10% DMG Dampening when hitting the same target repeatedly
+50% DMG against Shocked enemies
(마법 등급 효과) +5% Shock Chance
(마법 등급 효과) 10% DMG Amplification against Shocked enemies
(희귀 등급 효과) +8% Shock Chance
(희귀 등급 효과) 20% DMG Amplification against Shocked enemies
(희귀 등급 효과) +50 Explosion Range

(전설 등급 효과) +10% Shock Chance
(전설 등급 효과) 30% DMG Amplification against Shocked enemies
(전설 등급 효과) +50 Explosion Range
(전설 등급 효과) +1 Projectile Count","-70 Projectile Creation Range
+[5-20]% Projectile DMG","+[150-200] Projectile Creation Range
+2 Projectile Count
10% Area of Effect Dampening
+[120-140]% DMG against Normal enemies","+[5-15] Shock Rate
Cast Huge Lightning at 10 Lightning Status Effect stacks on the enemy
Huge Lightning Range 150
Lightning DMG 450%
Lightning DMG +236
Huge Lightning Critical Rate +150%"
,Explosive Slash,기존,"Applies Debuff effect on hit. Reaching the max Debuff stacks or the end of Debuff duration causes an explosion that deals damage to nearby enemies.
Killing the enemy with Slash DMG causes an additional explosion.","Attack, Melee, Weapon Range, Strike, Fire, Shadow","Mana Cost 3
Triggers Immediately
Fire Element
5% Base Speed Dampening
+20% Weapon Range
No equipped weapon range
Fire DMG +11
Fire DMG 260%
No equipped weapon range
Fire Explosion Fire DMG 242%
Fire Explosion Fire DMG +11
Fire Explosion Debuff Stacks 2
Fire Explosion Debuff Stacks on hit +1
Fire Explosion Debuff Stacks on hitting a boss +1
Duration 2 s
75% Strike DMG Multiplier Amplification per stack
(마법 등급 효과) 5% Fire DMG Amplification
(희귀 등급 효과) 10% Fire DMG Amplification
(희귀 등급 효과) +15% Fire Penetration

(전설 등급 효과) 20% Fire DMG Amplification
(전설 등급 효과) +30% Fire Penetration","Mana Cost 12.5
Triggers Immediately
Fire Element
5% Base Speed Dampening
+20% Weapon Range
No equipped weapon range
Fire DMG +129
Fire DMG 910%
No equipped weapon range
Fire Explosion Fire DMG 648%
Fire Explosion Fire DMG +219
Fire Explosion Debuff Stacks 2
Fire Explosion Debuff Stacks on hit +1
Fire Explosion Debuff Stacks on hitting a boss +1
Duration 2 s
75% Strike DMG Multiplier Amplification per stack
(마법 등급 효과) 5% Fire DMG Amplification
(희귀 등급 효과) 10% Fire DMG Amplification
(희귀 등급 효과) +15% Fire Penetration

(전설 등급 효과) 20% Fire DMG Amplification
(전설 등급 효과) +30% Fire Penetration","Gain Savagery Link Rune Effect
+80 Weapon Range
[11.4-14]% Melee DMG Amplification
Cannot link Savagery Link Rune","20% Weapon Range Dampening
[15-25]% Fire DMG Amplification","[7-12]% Attack Speed Amplification
+[15-30]% Element Penetration"
,,변경,"Applies Debuff effect on hit. Reaching the max Debuff stacks or the end of Debuff duration causes an explosion that deals damage to nearby enemies.
Killing the enemy with Slash DMG causes an additional explosion.","Attack, Melee, Weapon Range, Strike, Fire, Shadow","Mana Cost 3
Triggers Immediately
Fire Element
5% Base Speed Dampening
+20% Weapon Range
No equipped weapon range
Fire DMG +11
Fire DMG 260%
No equipped weapon range
Fire Explosion Fire DMG 242%
Fire Explosion Fire DMG +11
Fire Explosion Debuff Stacks 2
Fire Explosion Debuff Stacks on hit +1
Fire Explosion Debuff Stacks on hitting a boss +1
Duration 2 s
75% Strike DMG Multiplier Amplification per stack
(마법 등급 효과) 5% Fire DMG Amplification
(희귀 등급 효과) 10% Fire DMG Amplification
(희귀 등급 효과) +15% Fire Penetration

(전설 등급 효과) 20% Fire DMG Amplification
(전설 등급 효과) +30% Fire Penetration","Mana Cost 12.5
Triggers Immediately
Fire Element
5% Base Speed Dampening
+20% Weapon Range
No equipped weapon range
Fire DMG +134
Fire DMG 946%
No equipped weapon range
Fire Explosion Fire DMG 674%
Fire Explosion Fire DMG +228
Fire Explosion Debuff Stacks 2
Fire Explosion Debuff Stacks on hit +1
Fire Explosion Debuff Stacks on hitting a boss +1
Duration 2 s
75% Strike DMG Multiplier Amplification per stack
(마법 등급 효과) 5% Fire DMG Amplification
(희귀 등급 효과) 10% Fire DMG Amplification
(희귀 등급 효과) +15% Fire Penetration

(전설 등급 효과) 20% Fire DMG Amplification
(전설 등급 효과) +30% Fire Penetration","Gain Savagery Link Rune Effect
+80 Weapon Range
[11.4-14]% Melee DMG Amplification
Cannot link Savagery Link Rune","20% Weapon Range Dampening
[15-25]% Fire DMG Amplification","[7-12]% Attack Speed Amplification
+[15-30]% Element Penetration"
,Earth Blow,기존,"Strikes the ground to deal DMG to the enemy Gain Maintain Position Effect on hit, effect decays upon moving ","Attack, Melee, Area of Effect, Strike, Physical, Blow, Shadow","Mana Cost 3
Triggers Immediately
Physical Element
Area of Effect 340
Physical DMG 309%
Physical DMG +5
+10% Critical Chance
+20% Attack Critical DMG
+10% Stun Chance
Gain Maintain Position for 15 s on hit
Max Stacks 20
+3% Critical Chance per 5 Maintain Position stack(s)
+3% Attack Critical DMG per Maintain Position Stack
+0.5% Area of Effect per Maintain Position stack
Remove 1 stack of Maintain Position every 1 s while moving
Maintain Position is not removed on Movement and on Movement Skill use for 1 s on hit
(마법 등급 효과) +10% Maintain Position effect
(마법 등급 효과) 5% DMG Amplification against Stunned enemies
(희귀 등급 효과) +20% Maintain Position effect
(희귀 등급 효과) +20% Attack Critical DMG
(희귀 등급 효과) 15% DMG Amplification against Stunned enemies

(전설 등급 효과) +40% Maintain Position effect
(전설 등급 효과) +30% Attack Critical DMG
(전설 등급 효과) 10% DMG Amplification
(전설 등급 효과) 25% DMG Amplification against Stunned enemies","Mana Cost 12.5
Triggers Immediately
Physical Element
Area of Effect 340
Physical DMG 933%
Physical DMG +239
+10% Critical Chance
+20% Attack Critical DMG
+10% Stun Chance
Gain Maintain Position for 15 s on hit
Max Stacks 20
+3% Critical Chance per 5 Maintain Position stack(s)
+3% Attack Critical DMG per Maintain Position Stack
+0.5% Area of Effect per Maintain Position stack
Remove 1 stack of Maintain Position every 1 s while moving
Maintain Position is not removed on Movement and on Movement Skill use for 1 s on hit
(마법 등급 효과) +10% Maintain Position effect
(마법 등급 효과) 5% DMG Amplification against Stunned enemies
(희귀 등급 효과) +20% Maintain Position effect
(희귀 등급 효과) +20% Attack Critical DMG
(희귀 등급 효과) 15% DMG Amplification against Stunned enemies

(전설 등급 효과) +40% Maintain Position effect
(전설 등급 효과) +30% Attack Critical DMG
(전설 등급 효과) 10% DMG Amplification
(전설 등급 효과) 25% DMG Amplification against Stunned enemies",[10-15]% DMG Amplification against Elites,"[5-10]% Melee DMG Amplification
+1% Attack Critical DMG per Maintain Position Stack",[10-15]% Resource Cost Dampening
,,변경,"Strikes the ground to deal DMG to the enemy Gain Maintain Position Effect on hit, effect decays upon moving ","Attack, Melee, Area of Effect, Strike, Physical, Blow, Shadow","Mana Cost 3
Triggers Immediately
Physical Element
Area of Effect 340
Physical DMG 309%
Physical DMG +5
+10% Critical Chance
+20% Attack Critical DMG
+10% Stun Chance
Gain Maintain Position for 15 s on hit
Max Stacks 20
+3% Critical Chance per 5 Maintain Position stack(s)
+3% Attack Critical DMG per Maintain Position Stack
+0.5% Area of Effect per Maintain Position stack
Remove 1 stack of Maintain Position every 1 s while moving
Maintain Position is not removed on Movement and on Movement Skill use for 1 s on hit
(마법 등급 효과) +10% Maintain Position effect
(마법 등급 효과) 5% DMG Amplification against Stunned enemies
(희귀 등급 효과) +20% Maintain Position effect
(희귀 등급 효과) +20% Attack Critical DMG
(희귀 등급 효과) 15% DMG Amplification against Stunned enemies

(전설 등급 효과) +40% Maintain Position effect
(전설 등급 효과) +30% Attack Critical DMG
(전설 등급 효과) 10% DMG Amplification
(전설 등급 효과) 25% DMG Amplification against Stunned enemies","Mana Cost 12.5
Triggers Immediately
Physical Element
Area of Effect 340
Physical DMG 970%
Physical DMG +249
+10% Critical Chance
+20% Attack Critical DMG
+10% Stun Chance
Gain Maintain Position for 15 s on hit
Max Stacks 20
+3% Critical Chance per 5 Maintain Position stack(s)
+3% Attack Critical DMG per Maintain Position Stack
+0.5% Area of Effect per Maintain Position stack
Remove 1 stack of Maintain Position every 1 s while moving
Maintain Position is not removed on Movement and on Movement Skill use for 1 s on hit
(마법 등급 효과) +10% Maintain Position effect
(마법 등급 효과) 5% DMG Amplification against Stunned enemies
(희귀 등급 효과) +20% Maintain Position effect
(희귀 등급 효과) +20% Attack Critical DMG
(희귀 등급 효과) 15% DMG Amplification against Stunned enemies

(전설 등급 효과) +40% Maintain Position effect
(전설 등급 효과) +30% Attack Critical DMG
(전설 등급 효과) 10% DMG Amplification
(전설 등급 효과) 25% DMG Amplification against Stunned enemies",[10-15]% DMG Amplification against Elites,"[5-10]% Melee DMG Amplification
+1% Attack Critical DMG per Maintain Position Stack",[10-15]% Resource Cost Dampening
,Summon Javelin Abyssling,기존,"Javelin Abyssling has the Attack, Strike, Physical, Projectile tags.
Summons an Abyssling that throws javelins to deal Physical DMG.
Has a maintenance cost upon summoning","Spell, Minion, AbysslingCannot use Parallel Shot","Mana Cost 22
Cooldown 3 s
Physical Element
Summon Level 1
Summon Count 1
Max Summon Count 2
Summon Duration 30 s
Projectile Count 2
Projectile Speed 1800
Basic Attack DMG 40%
DMG Amplified by 2% per 0.1 Attack Speed of the Abyssling (up to  60%).
+1 Minion Critical Rate
+0.5% Abyssling HP
(마법 등급 효과) +30% Abyssling HP
(마법 등급 효과) +10% Abyssling Attack Speed
(희귀 등급 효과) +50% Abyssling HP
(희귀 등급 효과) +10% Abyssling Attack Speed
(희귀 등급 효과) +100% Abyssling DMG

(전설 등급 효과) +110% Abyssling HP
(전설 등급 효과) +18% Abyssling Attack Speed
(전설 등급 효과) +150% Abyssling DMG","Mana Cost 90
Cooldown 3 s
Physical Element
Summon Level 110
Summon Count 1
Max Summon Count 2
Summon Duration 74 s
Projectile Count 4
Projectile Speed 1800
Basic Attack DMG 90%
DMG Amplified by 2% per 0.1 Attack Speed of the Abyssling (up to  60%).
+19 Minion Critical Rate
+56.8% Abyssling HP
(마법 등급 효과) +30% Abyssling HP
(마법 등급 효과) +10% Abyssling Attack Speed
(희귀 등급 효과) +50% Abyssling HP
(희귀 등급 효과) +10% Abyssling Attack Speed
(희귀 등급 효과) +100% Abyssling DMG

(전설 등급 효과) +110% Abyssling HP
(전설 등급 효과) +18% Abyssling Attack Speed
(전설 등급 효과) +150% Abyssling DMG","Amplifies Minion Max HP by [8-15]%
+[30-50]% Skill Rune Cooldown Recovery Speed","+[50-60]% Abyssling DMG
+[25-30]% Abyssling Projectile Speed","+[25-30]% Abyssling Armor Penetration
+[40-52]% Abyssling DMG"
,,변경,"Javelin Abyssling has the Attack, Strike, Physical, Projectile tags.
Summons an Abyssling that throws javelins to deal Physical DMG.
Has a maintenance cost upon summoning","Spell, Minion, AbysslingCannot use Parallel Shot","Mana Cost 22
Cooldown 3 s
Physical Element
Summon Level 1
Summon Count 1
Max Summon Count 2
Summon Duration 30 s
Projectile Count 2
Projectile Speed 1800
Basic Attack DMG 40%
DMG Amplified by 2% per 0.1 Attack Speed of the Abyssling (up to  60%).
+1 Minion Critical Rate
+0.5% Abyssling HP
(마법 등급 효과) +30% Abyssling HP
(마법 등급 효과) +10% Abyssling Attack Speed
(희귀 등급 효과) +50% Abyssling HP
(희귀 등급 효과) +10% Abyssling Attack Speed
(희귀 등급 효과) +100% Abyssling DMG

(전설 등급 효과) +110% Abyssling HP
(전설 등급 효과) +18% Abyssling Attack Speed
(전설 등급 효과) +150% Abyssling DMG","Mana Cost 90
Cooldown 3 s
Physical Element
Summon Level 110
Summon Count 1
Max Summon Count 2
Summon Duration 74 s
Projectile Count 4
Projectile Speed 1800
Basic Attack DMG 94%
DMG Amplified by 2% per 0.1 Attack Speed of the Abyssling (up to  60%).
+19 Minion Critical Rate
+56.8% Abyssling HP
(마법 등급 효과) +30% Abyssling HP
(마법 등급 효과) +10% Abyssling Attack Speed
(희귀 등급 효과) +50% Abyssling HP
(희귀 등급 효과) +10% Abyssling Attack Speed
(희귀 등급 효과) +100% Abyssling DMG

(전설 등급 효과) +110% Abyssling HP
(전설 등급 효과) +18% Abyssling Attack Speed
(전설 등급 효과) +150% Abyssling DMG","Amplifies Minion Max HP by [8-15]%
+[30-50]% Skill Rune Cooldown Recovery Speed","+[50-60]% Abyssling DMG
+[25-30]% Abyssling Projectile Speed","+[25-30]% Abyssling Armor Penetration
+[40-52]% Abyssling DMG"
,Unite Crowd (Enrage),기존,Changes your Minion's active stance every time this skill is used.,"Spell, Attack Enhance, Defense Enhance, Toggle, Toggle Effect","15% Resource Cost Amplification
Cooldown 2 s
Effect Range 1000
Unite Crowd Effect
+46% Armor
+11 Element Resist
+5 Chaos Resist
Enrage Crowd Effect
+7.5% Attack Speed
+7.5% Cast Speed
+25% Critical Rate
(마법 등급 효과) +5% Unite Crowd Unite Effect
(마법 등급 효과) +5% Unite Crowd Enrage Effect
(희귀 등급 효과) +10% Unite Crowd Unite Effect
(희귀 등급 효과) +10% Unite Crowd Enrage Effect

(전설 등급 효과) +15% Unite Crowd Unite Effect
(전설 등급 효과) +15% Unite Crowd Enrage Effect","15% Resource Cost Amplification
Cooldown 2 s
Effect Range 1000
Unite Crowd Effect
+108% Armor
+33 Element Resist
+18 Chaos Resist
Enrage Crowd Effect
+29.5% Attack Speed
+29.5% Cast Speed
+69% Critical Rate
(마법 등급 효과) +5% Unite Crowd Unite Effect
(마법 등급 효과) +5% Unite Crowd Enrage Effect
(희귀 등급 효과) +10% Unite Crowd Unite Effect
(희귀 등급 효과) +10% Unite Crowd Enrage Effect

(전설 등급 효과) +15% Unite Crowd Unite Effect
(전설 등급 효과) +15% Unite Crowd Enrage Effect",[10-15]% Minion Movement Speed increase during Unite effect,+[15-30]% Skill Rune Effect,"[10-20]% Caster Movement Speed Increase upon activating Enrage Crowd
+[50-70]% Caster Armor upon activating Unite Crowd"
,,변경,Changes your Minion's active stance every time this skill is used.,"Spell, Attack Enhance, Defense Enhance, Toggle, Toggle Effect","15% Resource Cost Amplification
Cooldown 2 s
Effect Range 1000
Unite Crowd Effect
+46% Armor
+11 Element Resist
+5 Chaos Resist
Enrage Crowd Effect
+7.5% Attack Speed
+7.5% Cast Speed
+25% Critical Rate
(마법 등급 효과) +5% Unite Crowd Unite Effect
(마법 등급 효과) +5% Unite Crowd Enrage Effect
(희귀 등급 효과) +10% Unite Crowd Unite Effect
(희귀 등급 효과) +10% Unite Crowd Enrage Effect

(전설 등급 효과) +15% Unite Crowd Unite Effect
(전설 등급 효과) +15% Unite Crowd Enrage Effect","15% Resource Cost Amplification
Cooldown 2 s
Effect Range 1000
Unite Crowd Effect
+112.3% Armor
+34 Element Resist
+19 Chaos Resist
Enrage Crowd Effect
+30.7% Attack Speed
+30.7% Cast Speed
+71.8% Critical Rate
(마법 등급 효과) +5% Unite Crowd Unite Effect
(마법 등급 효과) +5% Unite Crowd Enrage Effect
(희귀 등급 효과) +10% Unite Crowd Unite Effect
(희귀 등급 효과) +10% Unite Crowd Enrage Effect

(전설 등급 효과) +15% Unite Crowd Unite Effect
(전설 등급 효과) +15% Unite Crowd Enrage Effect",[10-15]% Minion Movement Speed increase during Unite effect,+[15-30]% Skill Rune Effect,"[10-20]% Caster Movement Speed Increase upon activating Enrage Crowd
+[50-70]% Caster Armor upon activating Unite Crowd"
,Summon Bursting Rune Knight,기존,"Bursting Rune Knight has the Spell, Strike, Area of Effect, Fire, Melee tags.
Summons a Rune Knight of Fire that periodically breathes Fire and enhances nearby Abysslings.
The Rune Knight periodically absorbs an Abyssling during Melody High Tone and additional fusion occurs when an Abyssling of an identical element is absorbed.
An Abyss Knight is summoned upon fusing 3 times.
Has a maintenance cost upon summoning","Spell, Minion, Rune Knight","Mana Cost 50
Cooldown 40 s
Fire Element
Summon Level 1
Summon Count 1
Max Summon Count 1
Basic Attack DMG 85% (Spell, Melee, Fire, Strike, Area of Effect)
Earth Blow DMG 160% (Spell, Melee, Fire, Strike, Area of Effect)
Flamethrower DMG 65% (Spell, Melee, Fire, Strike, Area of Effect)
+0.5% Rune Knight HP
Periodically grants Knight's Authority to Abyssling
+25.2% Abyssling DMG
(마법 등급 효과) +60% Rune Knight HP
(마법 등급 효과) +50% Rune Knight DMG
(희귀 등급 효과) +105% Rune Knight HP
(희귀 등급 효과) +100% Rune Knight DMG

(전설 등급 효과) +155% Rune Knight HP
(전설 등급 효과) +150% Rune Knight DMG","Mana Cost 152
Cooldown 40 s
Fire Element
Summon Level 110
Summon Count 1
Max Summon Count 1
Basic Attack DMG 175% (Spell, Melee, Fire, Strike, Area of Effect)
Earth Blow DMG 338% (Spell, Melee, Fire, Strike, Area of Effect)
Flamethrower DMG 150% (Spell, Melee, Fire, Strike, Area of Effect)
+56.8% Rune Knight HP
Periodically grants Knight's Authority to Abyssling
+69.2% Abyssling DMG
(마법 등급 효과) +60% Rune Knight HP
(마법 등급 효과) +50% Rune Knight DMG
(희귀 등급 효과) +105% Rune Knight HP
(희귀 등급 효과) +100% Rune Knight DMG

(전설 등급 효과) +155% Rune Knight HP
(전설 등급 효과) +150% Rune Knight DMG","+[25-50]% Minion Area of Effect
+[50-80]% Rune Knight DMG
Enlargement",+[30-50]% Rune Knight's Authority Effect,"25% Minion DMG Dampening
[16.4-19]% DMG Taken by Minions Decrease
Add +[20-30]% Minion Armor effect to Knight's Authority"
,,변경,"Bursting Rune Knight has the Spell, Strike, Area of Effect, Fire, Melee tags.
Summons a Rune Knight of Fire that periodically breathes Fire and enhances nearby Abysslings.
The Rune Knight periodically absorbs an Abyssling during Melody High Tone and additional fusion occurs when an Abyssling of an identical element is absorbed.
An Abyss Knight is summoned upon fusing 3 times.
Has a maintenance cost upon summoning","Spell, Minion, Rune Knight","Mana Cost 50
Cooldown 40 s
Fire Element
Summon Level 1
Summon Count 1
Max Summon Count 1
Basic Attack DMG 85% (Spell, Melee, Fire, Strike, Area of Effect)
Earth Blow DMG 160% (Spell, Melee, Fire, Strike, Area of Effect)
Flamethrower DMG 65% (Spell, Melee, Fire, Strike, Area of Effect)
+0.5% Rune Knight HP
Periodically grants Knight's Authority to Abyssling
+25.2% Abyssling DMG
(마법 등급 효과) +60% Rune Knight HP
(마법 등급 효과) +50% Rune Knight DMG
(희귀 등급 효과) +105% Rune Knight HP
(희귀 등급 효과) +100% Rune Knight DMG

(전설 등급 효과) +155% Rune Knight HP
(전설 등급 효과) +150% Rune Knight DMG","Mana Cost 152
Cooldown 40 s
Fire Element
Summon Level 110
Summon Count 1
Max Summon Count 1
Basic Attack DMG 182% (Spell, Melee, Fire, Strike, Area of Effect)
Earth Blow DMG 352% (Spell, Melee, Fire, Strike, Area of Effect)
Flamethrower DMG 156% (Spell, Melee, Fire, Strike, Area of Effect)
+56.8% Rune Knight HP
Periodically grants Knight's Authority to Abyssling
+72% Abyssling DMG
(마법 등급 효과) +60% Rune Knight HP
(마법 등급 효과) +50% Rune Knight DMG
(희귀 등급 효과) +105% Rune Knight HP
(희귀 등급 효과) +100% Rune Knight DMG

(전설 등급 효과) +155% Rune Knight HP
(전설 등급 효과) +150% Rune Knight DMG","+[25-50]% Minion Area of Effect
+[50-80]% Rune Knight DMG
Enlargement",+[30-50]% Rune Knight's Authority Effect,"25% Minion DMG Dampening
[16.4-19]% DMG Taken by Minions Decrease
Add +[20-30]% Minion Armor effect to Knight's Authority"
,Summon Wrathful Rune Knight,기존,"Wrathful Rune Knight has the Attack, Strike, Area of Effect, Physical, Melee tags.
Summons a Rune Knight that periodically enhances nearby Abysslings and its own Attack Speed to deal Physical DMG.
The Rune Knight periodically absorbs an Abyssling during Melody High Tone and additional fusion occurs when an Abyssling of an identical element is absorbed.
An Abyss Knight is summoned upon fusing 3 times.
Has a maintenance cost upon summoning","Spell, Minion, Rune Knight","Mana Cost 50
Cooldown 40 s
Physical Element
Summon Level 1
Summon Count 1
Max Summon Count 1
Basic Attack DMG 85% (Attack, Melee, Physical, Strike, Area of Effect)
Earth Blow DMG 160% (Attack, Melee, Physical, Strike, Area of Effect)
+0.5% Rune Knight HP
Rune Knight casts Enrage periodically
+42% Attack Speed
21% DMG Amplification
Periodically grants Knight's Authority to Abyssling
+13.2% Abyssling Element Resist
(마법 등급 효과) +60% Rune Knight HP
(마법 등급 효과) +50% Rune Knight DMG
(희귀 등급 효과) +105% Rune Knight HP
(희귀 등급 효과) +100% Rune Knight DMG

(전설 등급 효과) +155% Rune Knight HP
(전설 등급 효과) +150% Rune Knight DMG","Mana Cost 152
Cooldown 40 s
Physical Element
Summon Level 110
Summon Count 1
Max Summon Count 1
Basic Attack DMG 175% (Attack, Melee, Physical, Strike, Area of Effect)
Earth Blow DMG 338% (Attack, Melee, Physical, Strike, Area of Effect)
+56.8% Rune Knight HP
Rune Knight casts Enrage periodically
+130% Attack Speed
65% DMG Amplification
Periodically grants Knight's Authority to Abyssling
+57.2% Abyssling Element Resist
(마법 등급 효과) +60% Rune Knight HP
(마법 등급 효과) +50% Rune Knight DMG
(희귀 등급 효과) +105% Rune Knight HP
(희귀 등급 효과) +100% Rune Knight DMG

(전설 등급 효과) +155% Rune Knight HP
(전설 등급 효과) +150% Rune Knight DMG","+[25-50]% Minion Area of Effect
+[50-80]% Rune Knight DMG
Enlargement",+[30-50]% Rune Knight's Authority Effect,"+[90.9-113]% DMG against Elites
Add [2-4]% Minion DMG Amplification against Elites effect to Knight's Authority"
,,변경,"Wrathful Rune Knight has the Attack, Strike, Area of Effect, Physical, Melee tags.
Summons a Rune Knight that periodically enhances nearby Abysslings and its own Attack Speed to deal Physical DMG.
The Rune Knight periodically absorbs an Abyssling during Melody High Tone and additional fusion occurs when an Abyssling of an identical element is absorbed.
An Abyss Knight is summoned upon fusing 3 times.
Has a maintenance cost upon summoning","Spell, Minion, Rune Knight","Mana Cost 50
Cooldown 40 s
Physical Element
Summon Level 1
Summon Count 1
Max Summon Count 1
Basic Attack DMG 85% (Attack, Melee, Physical, Strike, Area of Effect)
Earth Blow DMG 160% (Attack, Melee, Physical, Strike, Area of Effect)
+0.5% Rune Knight HP
Rune Knight casts Enrage periodically
+42% Attack Speed
21% DMG Amplification
Periodically grants Knight's Authority to Abyssling
+13.2% Abyssling Element Resist
(마법 등급 효과) +60% Rune Knight HP
(마법 등급 효과) +50% Rune Knight DMG
(희귀 등급 효과) +105% Rune Knight HP
(희귀 등급 효과) +100% Rune Knight DMG

(전설 등급 효과) +155% Rune Knight HP
(전설 등급 효과) +150% Rune Knight DMG","Mana Cost 152
Cooldown 40 s
Physical Element
Summon Level 110
Summon Count 1
Max Summon Count 1
Basic Attack DMG 182% (Attack, Melee, Physical, Strike, Area of Effect)
Earth Blow DMG 352% (Attack, Melee, Physical, Strike, Area of Effect)
+56.8% Rune Knight HP
Rune Knight casts Enrage periodically
+135.2% Attack Speed
67.6% DMG Amplification
Periodically grants Knight's Authority to Abyssling
+59.5% Abyssling Element Resist
(마법 등급 효과) +60% Rune Knight HP
(마법 등급 효과) +50% Rune Knight DMG
(희귀 등급 효과) +105% Rune Knight HP
(희귀 등급 효과) +100% Rune Knight DMG

(전설 등급 효과) +155% Rune Knight HP
(전설 등급 효과) +150% Rune Knight DMG","+[25-50]% Minion Area of Effect
+[50-80]% Rune Knight DMG
Enlargement",+[30-50]% Rune Knight's Authority Effect,"+[90.9-113]% DMG against Elites
Add [2-4]% Minion DMG Amplification against Elites effect to Knight's Authority"
,Sacred Devotion,기존,"Decreases the caster's Armor and all Element Resist while channeling, but increases Minion DMG","Spell, Channel","Mana Cost 10.5
Triggers Immediately
Max Stacks 3
5% Minion DMG Amplification per stack
7% Caster Armor Dampening per stack
7% Caster Element Resist Dampening per stack
(마법 등급 효과) +7% Sacred Devotion Minion Effect
(희귀 등급 효과) +10% Sacred Devotion Minion Effect
(희귀 등급 효과) -10% Sacred Devotion Caster Effect

(전설 등급 효과) +1 Max Stage
(전설 등급 효과) +20% Sacred Devotion Minion Effect
(전설 등급 효과) -20% Sacred Devotion Caster Effect","Mana Cost 27.5
Triggers Immediately
Max Stacks 3
15.3% Minion DMG Amplification per stack
7% Caster Armor Dampening per stack
7% Caster Element Resist Dampening per stack
(마법 등급 효과) +7% Sacred Devotion Minion Effect
(희귀 등급 효과) +10% Sacred Devotion Minion Effect
(희귀 등급 효과) -10% Sacred Devotion Caster Effect

(전설 등급 효과) +1 Max Stage
(전설 등급 효과) +20% Sacred Devotion Minion Effect
(전설 등급 효과) -20% Sacred Devotion Caster Effect","+2 Max Sacred Devotion Stacks
+[3-6]% Sacred Devotion Minion Effect","[10-20]% Resource Cost Dampening
Gain Regeneration while channeling
( 1% Max HP Regen/Sec, 0.4% Max Mana Regen/Sec )",[10-15]% DMG Taken Dampening while Channeling
,,변경,"Decreases the caster's Armor and all Element Resist while channeling, but increases Minion DMG","Spell, Channel","Mana Cost 10.5
Triggers Immediately
30% Trigger Skill DMG Dampening
Max Stacks 3
5% Minion DMG Amplification per stack
7% Caster Armor Dampening per stack
7% Caster Element Resist Dampening per stack
(마법 등급 효과) +7% Sacred Devotion Minion Effect
(희귀 등급 효과) +10% Sacred Devotion Minion Effect
(희귀 등급 효과) -10% Sacred Devotion Caster Effect

(전설 등급 효과) +1 Max Stage
(전설 등급 효과) +20% Sacred Devotion Minion Effect
(전설 등급 효과) -20% Sacred Devotion Caster Effect","Mana Cost 27.5
Triggers Immediately
30% Trigger Skill DMG Dampening
Max Stacks 3
15.9% Minion DMG Amplification per stack
7% Caster Armor Dampening per stack
7% Caster Element Resist Dampening per stack
(마법 등급 효과) +7% Sacred Devotion Minion Effect
(희귀 등급 효과) +10% Sacred Devotion Minion Effect
(희귀 등급 효과) -10% Sacred Devotion Caster Effect

(전설 등급 효과) +1 Max Stage
(전설 등급 효과) +20% Sacred Devotion Minion Effect
(전설 등급 효과) -20% Sacred Devotion Caster Effect","+2 Max Sacred Devotion Stacks
+[3-6]% Sacred Devotion Minion Effect","[10-20]% Resource Cost Dampening
Gain Regeneration while channeling
( 1% Max HP Regen/Sec, 0.4% Max Mana Regen/Sec )",[10-15]% DMG Taken Dampening while Channeling
,Cold Armor,기존,Forms an ice barrier that inflicts Cold DMG and causes Chill to attackers when hit by a melee attack,"Spell, Strike, Cold, Toggle, Toggle DMG, Toggle Effect","15% Resource Cost Amplification
Cooldown 2 s
Cold Element
Trigger Chance 90%
+10% Barrier
Cold DMG 25%
Cold DMG +40
+33% Chill Chance
(마법 등급 효과) +10% Cold Armor Effect
(희귀 등급 효과) +20% Cold Armor Effect

(전설 등급 효과) +35% Cold Armor Effect","15% Resource Cost Amplification
Cooldown 2 s
Cold Element
Trigger Chance 90%
+32% Barrier
Cold DMG 111%
Cold DMG +363
+33% Chill Chance
(마법 등급 효과) +10% Cold Armor Effect
(희귀 등급 효과) +20% Cold Armor Effect

(전설 등급 효과) +35% Cold Armor Effect",+[70-100]% Cold Armor Effect,[10-15]% Cold DMG Taken Dampening,"+[10-15]% Chill Dodge Chance
+[10-15]% Freeze Dodge Chance"
,,변경,Forms an ice barrier that inflicts Cold DMG and causes Chill to attackers when hit by a melee attack,"Spell, Strike, Cold, Toggle, Toggle DMG, Toggle Effect","15% Resource Cost Amplification
Cooldown 2 s
Cold Element
Trigger Chance 90%
+10% Barrier
Cold DMG 25%
Cold DMG +40
+33% Chill Chance
(마법 등급 효과) +10% Cold Armor Effect
(희귀 등급 효과) +20% Cold Armor Effect

(전설 등급 효과) +35% Cold Armor Effect","15% Resource Cost Amplification
Cooldown 2 s
Cold Element
Trigger Chance 90%
+33.3% Barrier
Cold DMG 115%
Cold DMG +378
+33% Chill Chance
(마법 등급 효과) +10% Cold Armor Effect
(희귀 등급 효과) +20% Cold Armor Effect

(전설 등급 효과) +35% Cold Armor Effect",+[70-100]% Cold Armor Effect,[10-15]% Cold DMG Taken Dampening,"+[10-15]% Chill Dodge Chance
+[10-15]% Freeze Dodge Chance"
,Piercing Arrow,기존,Fires an arrow that pierces targets to inflict damage,"Attack, Strike, Physical, Projectile, Bow, Overheat, ShadowCannot Split, Cannot Chain","Mana Cost 3
Triggers Immediately
40 Overheat Accumulation
Physical Element
Arrows: 1
Projectile Speed 3000
Pierces All
Physical DMG 240%
Physical DMG +90
+60% Bleed Chance
50% Bleed DMG Amplification
(마법 등급 효과) +10% Bleed Chance
(마법 등급 효과) +50% Bleed DMG
(마법 등급 효과) 5% DMG Amplification against Bleeding enemies
(희귀 등급 효과) +15% Bleed Chance
(희귀 등급 효과) +100% Bleed DMG
(희귀 등급 효과) 20% DMG Amplification against Bleeding enemies

(전설 등급 효과) +20% Bleed Chance
(전설 등급 효과) +150% Bleed DMG
(전설 등급 효과) 40% DMG Amplification against Bleeding enemies","Mana Cost 19.5
Triggers Immediately
40 Overheat Accumulation
Physical Element
Arrows: 1
Projectile Speed 3000
Pierces All
Physical DMG 475%
Physical DMG +1024
+60% Bleed Chance
50% Bleed DMG Amplification
(마법 등급 효과) +10% Bleed Chance
(마법 등급 효과) +50% Bleed DMG
(마법 등급 효과) 5% DMG Amplification against Bleeding enemies
(희귀 등급 효과) +15% Bleed Chance
(희귀 등급 효과) +100% Bleed DMG
(희귀 등급 효과) 20% DMG Amplification against Bleeding enemies

(전설 등급 효과) +20% Bleed Chance
(전설 등급 효과) +150% Bleed DMG
(전설 등급 효과) 40% DMG Amplification against Bleeding enemies","+[30-50]% Strike DMG
[13-17]% Projectile DMG Amplification",+2 Projectile Count,"Gain Preemptive Strike Link Rune Effect
[25.7-30]% DMG Amplification against enemies at Full HP
+[15-30] Bleed Rate
+[15-30]% DMG Multiplier against Bleeding enemies
Cannot link Preemptive Strike Link Rune"
,,변경,Fires an arrow that pierces targets to inflict damage,"Attack, Strike, Physical, Projectile, Bow, Overheat, ShadowCannot Split, Cannot Chain","Mana Cost 3
Triggers Immediately
40 Overheat Accumulation
Physical Element
Arrows: 1
Projectile Speed 3000
Pierces All
Physical DMG 240%
Physical DMG +90
+60% Bleed Chance
50% Bleed DMG Amplification
(마법 등급 효과) +10% Bleed Chance
(마법 등급 효과) +50% Bleed DMG
(마법 등급 효과) 5% DMG Amplification against Bleeding enemies
(희귀 등급 효과) +15% Bleed Chance
(희귀 등급 효과) +100% Bleed DMG
(희귀 등급 효과) 20% DMG Amplification against Bleeding enemies

(전설 등급 효과) +20% Bleed Chance
(전설 등급 효과) +150% Bleed DMG
(전설 등급 효과) 40% DMG Amplification against Bleeding enemies","Mana Cost 19.5
Triggers Immediately
40 Overheat Accumulation
Physical Element
Arrows: 1
Projectile Speed 3000
Pierces All
Physical DMG 494%
Physical DMG +1065
+60% Bleed Chance
50% Bleed DMG Amplification
(마법 등급 효과) +10% Bleed Chance
(마법 등급 효과) +50% Bleed DMG
(마법 등급 효과) 5% DMG Amplification against Bleeding enemies
(희귀 등급 효과) +15% Bleed Chance
(희귀 등급 효과) +100% Bleed DMG
(희귀 등급 효과) 20% DMG Amplification against Bleeding enemies

(전설 등급 효과) +20% Bleed Chance
(전설 등급 효과) +150% Bleed DMG
(전설 등급 효과) 40% DMG Amplification against Bleeding enemies","+[30-50]% Strike DMG
[13-17]% Projectile DMG Amplification",+2 Projectile Count,"Gain Preemptive Strike Link Rune Effect
[25.7-30]% DMG Amplification against enemies at Full HP
+[15-30] Bleed Rate
+[15-30]% DMG Multiplier against Bleeding enemies
Cannot link Preemptive Strike Link Rune"
,Rain of Arrows,기존,Temporarily calls down a Rain of Arrows to deal DMG to enemies. Rain of Arrows duration is affected by Attack Speed,"Attack, Area of Effect, Strike, Physical, Projectile, BowCannot use Parallel Shot, Cannot Split, Cannot Chain","Mana Cost 15
Cooldown 20 s
Physical Element
+1 Max Use Count
Projectile Count 20
Explosion Range 150
Physical DMG 183%
Physical DMG +40
5% DMG Dampening when hitting the same target repeatedly
80% chance to inflict Disturb effect on hit
Applied as Vulnerable effect
Disturb Duration 1 s
15% Movement Speed Dampening
15% Attack Speed Dampening
15% Cast Speed Dampening
(마법 등급 효과) +1 Projectile Count
(희귀 등급 효과) +2 Projectile Count
(희귀 등급 효과) +10 Explosion Range

(전설 등급 효과) +3 Projectile Count
(전설 등급 효과) +30 Explosion Range","Mana Cost 100
Cooldown 20 s
Physical Element
+1 Max Use Count
Projectile Count 20
Explosion Range 150
Physical DMG 460%
Physical DMG +283
5% DMG Dampening when hitting the same target repeatedly
80% chance to inflict Disturb effect on hit
Applied as Vulnerable effect
Disturb Duration 1 s
15% Movement Speed Dampening
15% Attack Speed Dampening
15% Cast Speed Dampening
(마법 등급 효과) +1 Projectile Count
(희귀 등급 효과) +2 Projectile Count
(희귀 등급 효과) +10 Explosion Range

(전설 등급 효과) +3 Projectile Count
(전설 등급 효과) +30 Explosion Range","+[1-2] Max Use Count
+[15-30]% Skill Rune Cooldown Recovery Speed","+10 Projectile Count
[10-15]% Projectile DMG Dampening","Gain Area Effect Link Rune Effect
-[40-30]% Projectile Duration
+[42-50]% Area of Effect
+[46-61]% Area DMG
Cannot link Area Effect Link Rune"
,,변경,Temporarily calls down a Rain of Arrows to deal DMG to enemies. Rain of Arrows duration is affected by Attack Speed,"Attack, Area of Effect, Strike, Physical, Projectile, BowCannot use Parallel Shot, Cannot Split, Cannot Chain","Mana Cost 15
Cooldown 20 s
Physical Element
+1 Max Use Count
Projectile Count 20
Explosion Range 150
Physical DMG 183%
Physical DMG +40
5% DMG Dampening when hitting the same target repeatedly
80% chance to inflict Disturb effect on hit
Applied as Vulnerable effect
Disturb Duration 1 s
15% Movement Speed Dampening
15% Attack Speed Dampening
15% Cast Speed Dampening
(마법 등급 효과) +1 Projectile Count
(희귀 등급 효과) +2 Projectile Count
(희귀 등급 효과) +10 Explosion Range

(전설 등급 효과) +3 Projectile Count
(전설 등급 효과) +30 Explosion Range","Mana Cost 100
Cooldown 20 s
Physical Element
+1 Max Use Count
Projectile Count 20
Explosion Range 150
Physical DMG 478%
Physical DMG +294
5% DMG Dampening when hitting the same target repeatedly
80% chance to inflict Disturb effect on hit
Applied as Vulnerable effect
Disturb Duration 1 s
15% Movement Speed Dampening
15% Attack Speed Dampening
15% Cast Speed Dampening
(마법 등급 효과) +1 Projectile Count
(희귀 등급 효과) +2 Projectile Count
(희귀 등급 효과) +10 Explosion Range

(전설 등급 효과) +3 Projectile Count
(전설 등급 효과) +30 Explosion Range","+[1-2] Max Use Count
+[15-30]% Skill Rune Cooldown Recovery Speed","+10 Projectile Count
[10-15]% Projectile DMG Dampening","Gain Area Effect Link Rune Effect
-[40-30]% Projectile Duration
+[42-50]% Area of Effect
+[46-61]% Area DMG
Cannot link Area Effect Link Rune"
,Burn Arrow,기존,"Shoots a Fire arrow that causes Burn and inflicts damage on the enemy. When target is affected by Venom, it causes additional Explosion DMG that inflicts damage and removes Venom.","Attack, Area of Effect, Strike, Fire, Projectile, Bow, Overheat, ShadowCannot Split","Mana Cost 4
Triggers Immediately
40 Overheat Accumulation
Fire Element
5% Base Speed Amplification
Arrows: 3
Projectile Speed 3000
Fire DMG 139%
Fire DMG +35
+75% Burn Chance
40% Burn DMG Amplification
Gains High Fever Effect upon inflicting Burn
Max Stacks 30
+6% DoT per stack
+6% Burn DMG Multiplier on Critical Hit
-1 High Fever stacks every 1 s without hitting within 2 s after hit
Trigger Brutal Poison effect when Burn is applied to a target with Venom status
Brutal Poison Explosion Radius 200
Brutal Poison Fire DMG +65
Brutal Poison Fire DMG 116%
Remove Venom status from the target upon afflicting Brutal Poison
(마법 등급 효과) +10% Burn Chance
(마법 등급 효과) 5% Burn DMG Amplification
(희귀 등급 효과) +15% Burn Chance
(희귀 등급 효과) 20% Burn DMG Amplification

(전설 등급 효과) +20% Burn Chance
(전설 등급 효과) 30% Burn DMG Amplification
(전설 등급 효과) +150% DMG against Burning enemies
(전설 등급 효과) +20% High Fever Effect","Mana Cost 17.6
Triggers Immediately
40 Overheat Accumulation
Fire Element
5% Base Speed Amplification
Arrows: 3
Projectile Speed 3000
Fire DMG 740%
Fire DMG +506
+75% Burn Chance
40% Burn DMG Amplification
Gains High Fever Effect upon inflicting Burn
Max Stacks 30
+6% DoT per stack
+6% Burn DMG Multiplier on Critical Hit
-1 High Fever stacks every 1 s without hitting within 2 s after hit
Trigger Brutal Poison effect when Burn is applied to a target with Venom status
Brutal Poison Explosion Radius 200
Brutal Poison Fire DMG +383
Brutal Poison Fire DMG 305%
Remove Venom status from the target upon afflicting Brutal Poison
(마법 등급 효과) +10% Burn Chance
(마법 등급 효과) 5% Burn DMG Amplification
(희귀 등급 효과) +15% Burn Chance
(희귀 등급 효과) 20% Burn DMG Amplification

(전설 등급 효과) +20% Burn Chance
(전설 등급 효과) 30% Burn DMG Amplification
(전설 등급 효과) +150% DMG against Burning enemies
(전설 등급 효과) +20% High Fever Effect","+[5-15] Venom Rate
Additional Poison DMG on DMG equal to [1-10]% of DMG on every hit","[10-15]% Fire DMG Amplification
+1 Chain Count
1 Projectile Curve
Pierce All on Projectile Curve","60% Strike DMG Multiplier Dampening
[350-400]% Additional Skill DMG Amplification"
,,변경,"Shoots a Fire arrow that causes Burn and inflicts damage on the enemy. When target is affected by Venom, it causes additional Explosion DMG that inflicts damage and removes Venom.","Attack, Area of Effect, Strike, Fire, Projectile, Bow, Overheat, ShadowCannot Split","Mana Cost 4
Triggers Immediately
40 Overheat Accumulation
Fire Element
5% Base Speed Amplification
Arrows: 3
Projectile Speed 3000
Fire DMG 139%
Fire DMG +35
+75% Burn Chance
40% Burn DMG Amplification
Gains High Fever Effect upon inflicting Burn
Max Stacks 30
+6% DoT per stack
+6% Burn DMG Multiplier on Critical Hit
-1 High Fever stacks every 1 s without hitting within 2 s after hit
Trigger Brutal Poison effect when Burn is applied to a target with Venom status
Brutal Poison Explosion Radius 200
Brutal Poison Fire DMG +65
Brutal Poison Fire DMG 116%
Remove Venom status from the target upon afflicting Brutal Poison
(마법 등급 효과) +10% Burn Chance
(마법 등급 효과) 5% Burn DMG Amplification
(희귀 등급 효과) +15% Burn Chance
(희귀 등급 효과) 20% Burn DMG Amplification

(전설 등급 효과) +20% Burn Chance
(전설 등급 효과) 30% Burn DMG Amplification
(전설 등급 효과) +150% DMG against Burning enemies
(전설 등급 효과) +20% High Fever Effect","Mana Cost 17.6
Triggers Immediately
40 Overheat Accumulation
Fire Element
5% Base Speed Amplification
Arrows: 3
Projectile Speed 3000
Fire DMG 770%
Fire DMG +526
+75% Burn Chance
40% Burn DMG Amplification
Gains High Fever Effect upon inflicting Burn
Max Stacks 30
+6% DoT per stack
+6% Burn DMG Multiplier on Critical Hit
-1 High Fever stacks every 1 s without hitting within 2 s after hit
Trigger Brutal Poison effect when Burn is applied to a target with Venom status
Brutal Poison Explosion Radius 200
Brutal Poison Fire DMG +398
Brutal Poison Fire DMG 317%
Remove Venom status from the target upon afflicting Brutal Poison
(마법 등급 효과) +10% Burn Chance
(마법 등급 효과) 5% Burn DMG Amplification
(희귀 등급 효과) +15% Burn Chance
(희귀 등급 효과) 20% Burn DMG Amplification

(전설 등급 효과) +20% Burn Chance
(전설 등급 효과) 30% Burn DMG Amplification
(전설 등급 효과) +150% DMG against Burning enemies
(전설 등급 효과) +20% High Fever Effect","+[5-15] Venom Rate
Additional Poison DMG on DMG equal to [1-10]% of DMG on every hit","[10-15]% Fire DMG Amplification
+1 Chain Count
1 Projectile Curve
Pierce All on Projectile Curve","60% Strike DMG Multiplier Dampening
[350-400]% Additional Skill DMG Amplification"
,Cross Lightning Arrow,기존,Fires an arrow that explodes in a cross shape to inflict damage on the enemy,"Attack, Area of Effect, Strike, Lightning, Projectile, Bow, Overheat, ShadowCannot Split, Cannot Chain","Mana Cost 4
Triggers Immediately
40 Overheat Accumulation
Lightning Element
Lightning DMG +29
+15% Critical Chance
Arrows: 3
Projectile Speed 4500
Pierces All
Lightning DMG 250%
60% chance to Unleash Lightning upon every Critical Hit
Area of Effect 320
Lightning DMG 280%
(마법 등급 효과) +40% Attack Critical Rate
(마법 등급 효과) +30% Attack Critical DMG
(희귀 등급 효과) +80% Attack Critical Rate
(희귀 등급 효과) +50% Attack Critical DMG
(희귀 등급 효과) +100% DMG against Shocked enemies

(전설 등급 효과) +120% Attack Critical Rate
(전설 등급 효과) +100% Attack Critical DMG
(전설 등급 효과) +150% DMG against Shocked enemies","Mana Cost 17.6
Triggers Immediately
40 Overheat Accumulation
Lightning Element
Lightning DMG +406
+15% Critical Chance
Arrows: 3
Projectile Speed 4500
Pierces All
Lightning DMG 582%
60% chance to Unleash Lightning upon every Critical Hit
Area of Effect 320
Lightning DMG 755%
(마법 등급 효과) +40% Attack Critical Rate
(마법 등급 효과) +30% Attack Critical DMG
(희귀 등급 효과) +80% Attack Critical Rate
(희귀 등급 효과) +50% Attack Critical DMG
(희귀 등급 효과) +100% DMG against Shocked enemies

(전설 등급 효과) +120% Attack Critical Rate
(전설 등급 효과) +100% Attack Critical DMG
(전설 등급 효과) +150% DMG against Shocked enemies","Gain Lightning Penetration Link Rune Effect
+[17-20] Lightning Penetration
+[40-52]% Lightning DMG
Cannot link Lightning Penetration Link Rune","Gain Find Weakness Link Rune Effect
+[117-155]% Critical Rate
+6 Critical Rate
Cannot link Find Weakness Link Rune","70% chance to Unleash Lightning upon every Critical Hit
+[25-50]% Control Current Effect
20% chance to gain Control Current for 5 s on hit
(+40% Critical DMG against enemies affected by Lightning)"
,,변경,Fires an arrow that explodes in a cross shape to inflict damage on the enemy,"Attack, Area of Effect, Strike, Lightning, Projectile, Bow, Overheat, ShadowCannot Split, Cannot Chain","Mana Cost 4
Triggers Immediately
40 Overheat Accumulation
Lightning Element
Lightning DMG +29
+15% Critical Chance
Arrows: 3
Projectile Speed 4500
Pierces All
Lightning DMG 250%
60% chance to Unleash Lightning upon every Critical Hit
Area of Effect 320
Lightning DMG 280%
(마법 등급 효과) +40% Attack Critical Rate
(마법 등급 효과) +30% Attack Critical DMG
(희귀 등급 효과) +80% Attack Critical Rate
(희귀 등급 효과) +50% Attack Critical DMG
(희귀 등급 효과) +100% DMG against Shocked enemies

(전설 등급 효과) +120% Attack Critical Rate
(전설 등급 효과) +100% Attack Critical DMG
(전설 등급 효과) +150% DMG against Shocked enemies","Mana Cost 17.6
Triggers Immediately
40 Overheat Accumulation
Lightning Element
Lightning DMG +422
+15% Critical Chance
Arrows: 3
Projectile Speed 4500
Pierces All
Lightning DMG 605%
60% chance to Unleash Lightning upon every Critical Hit
Area of Effect 320
Lightning DMG 785%
(마법 등급 효과) +40% Attack Critical Rate
(마법 등급 효과) +30% Attack Critical DMG
(희귀 등급 효과) +80% Attack Critical Rate
(희귀 등급 효과) +50% Attack Critical DMG
(희귀 등급 효과) +100% DMG against Shocked enemies

(전설 등급 효과) +120% Attack Critical Rate
(전설 등급 효과) +100% Attack Critical DMG
(전설 등급 효과) +150% DMG against Shocked enemies","Gain Lightning Penetration Link Rune Effect
+[17-20] Lightning Penetration
+[40-52]% Lightning DMG
Cannot link Lightning Penetration Link Rune","Gain Find Weakness Link Rune Effect
+[117-155]% Critical Rate
+6 Critical Rate
Cannot link Find Weakness Link Rune","70% chance to Unleash Lightning upon every Critical Hit
+[25-50]% Control Current Effect
20% chance to gain Control Current for 5 s on hit
(+40% Critical DMG against enemies affected by Lightning)"
,Dagger Throw,기존,Throws a dagger to damage the enemy. Inflicts additional damage by bouncing off surrounding enemies on hit,"Spell, Strike, Poison, ProjectileCannot use Parallel Shot","Mana Cost 3
Triggers Immediately
Poison Element
Projectile Count 1
Projectile Speed 2600
Cannot Pierce
Max Chain Count 2
Poison DMG 330%
Poison DMG +4
+60% Venom Chance
50% Venom DMG Amplification
1 Projectile Curve
2% Projectile DMG Amplification per 1 remaining Chain(s) (Max:  16)
(마법 등급 효과) 10% Poison DMG Amplification
(마법 등급 효과) +50% DMG against enemies affected by Venom
(마법 등급 효과) +1 Chain Count
(희귀 등급 효과) 20% Poison DMG Amplification
(희귀 등급 효과) +100% DMG against enemies affected by Venom
(희귀 등급 효과) +10% Poison Penetration
(희귀 등급 효과) +1 Chain Count

(전설 등급 효과) 30% Poison DMG Amplification
(전설 등급 효과) +150% DMG against enemies affected by Venom
(전설 등급 효과) +25% Poison Penetration
(전설 등급 효과) +2 Chain Count","Mana Cost 18.7
Triggers Immediately
Poison Element
Projectile Count 1
Projectile Speed 2600
Cannot Pierce
Max Chain Count 2
Poison DMG 757%
Poison DMG +276
+60% Venom Chance
50% Venom DMG Amplification
1 Projectile Curve
2% Projectile DMG Amplification per 1 remaining Chain(s) (Max:  16)
(마법 등급 효과) 10% Poison DMG Amplification
(마법 등급 효과) +50% DMG against enemies affected by Venom
(마법 등급 효과) +1 Chain Count
(희귀 등급 효과) 20% Poison DMG Amplification
(희귀 등급 효과) +100% DMG against enemies affected by Venom
(희귀 등급 효과) +10% Poison Penetration
(희귀 등급 효과) +1 Chain Count

(전설 등급 효과) 30% Poison DMG Amplification
(전설 등급 효과) +150% DMG against enemies affected by Venom
(전설 등급 효과) +25% Poison Penetration
(전설 등급 효과) +2 Chain Count","+1 Chain Count
+[25-50]% Projectile DMG","Gain Additional Poison DMG Link Rune Effect
+[68-80]-[123-147] Poison DMG
Cannot link Additional Poison DMG Link Rune","+[50-80]% DMG against enemies affected by Poison Status Effect
+2 Projectile Count"
,,변경,Throws a dagger to damage the enemy. Inflicts additional damage by bouncing off surrounding enemies on hit,"Spell, Strike, Poison, ProjectileCannot use Parallel Shot","Mana Cost 3
Triggers Immediately
Poison Element
Projectile Count 1
Projectile Speed 2600
Cannot Pierce
Max Chain Count 2
Poison DMG 330%
Poison DMG +4
+60% Venom Chance
50% Venom DMG Amplification
1 Projectile Curve
2% Projectile DMG Amplification per 1 remaining Chain(s) (Max:  16)
(마법 등급 효과) 10% Poison DMG Amplification
(마법 등급 효과) +50% DMG against enemies affected by Venom
(마법 등급 효과) +1 Chain Count
(희귀 등급 효과) 20% Poison DMG Amplification
(희귀 등급 효과) +100% DMG against enemies affected by Venom
(희귀 등급 효과) +10% Poison Penetration
(희귀 등급 효과) +1 Chain Count

(전설 등급 효과) 30% Poison DMG Amplification
(전설 등급 효과) +150% DMG against enemies affected by Venom
(전설 등급 효과) +25% Poison Penetration
(전설 등급 효과) +2 Chain Count","Mana Cost 18.7
Triggers Immediately
Poison Element
Projectile Count 1
Projectile Speed 2600
Cannot Pierce
Max Chain Count 2
Poison DMG 787%
Poison DMG +287
+60% Venom Chance
50% Venom DMG Amplification
1 Projectile Curve
2% Projectile DMG Amplification per 1 remaining Chain(s) (Max:  16)
(마법 등급 효과) 10% Poison DMG Amplification
(마법 등급 효과) +50% DMG against enemies affected by Venom
(마법 등급 효과) +1 Chain Count
(희귀 등급 효과) 20% Poison DMG Amplification
(희귀 등급 효과) +100% DMG against enemies affected by Venom
(희귀 등급 효과) +10% Poison Penetration
(희귀 등급 효과) +1 Chain Count

(전설 등급 효과) 30% Poison DMG Amplification
(전설 등급 효과) +150% DMG against enemies affected by Venom
(전설 등급 효과) +25% Poison Penetration
(전설 등급 효과) +2 Chain Count","+1 Chain Count
+[25-50]% Projectile DMG","Gain Additional Poison DMG Link Rune Effect
+[68-80]-[123-147] Poison DMG
Cannot link Additional Poison DMG Link Rune","+[50-80]% DMG against enemies affected by Poison Status Effect
+2 Projectile Count"
,Roll,기존,Rolls a short distance forward,"Attack, Duration, Movement","Mana Cost 3
Cooldown 5 s
+2 Max Use Count
Gain Nimble for 1 s after rolling
10% Movement Speed Increase
5% Dodge Rate Amplification
+6% Dodge Rate
Shares Cooldowns between Movement Skills
(마법 등급 효과) +30% Nimble Effect
(희귀 등급 효과) +60% Nimble Effect

(전설 등급 효과) +100% Nimble Effect","Mana Cost 13.2
Cooldown 5 s
+2 Max Use Count
Gain Nimble for 1 s after rolling
10% Movement Speed Increase
5% Dodge Rate Amplification
+67.2% Dodge Rate
Shares Cooldowns between Movement Skills
(마법 등급 효과) +30% Nimble Effect
(희귀 등급 효과) +60% Nimble Effect

(전설 등급 효과) +100% Nimble Effect","[15-30]% Resource Cost Dampening
+[5-10]% Movement Skill Rune Cooldown Recovery Speed","+[20-40]% Nimble Effect
+[10-20]% Skill Rune Duration","+2 Max Use Count
[5-10]% Skill Rune Cooldown Amplification"
,,변경,Rolls a short distance forward,"Attack, Duration, Movement","Mana Cost 3
Cooldown 5 s
+2 Max Use Count
Gain Nimble for 1 s after rolling
10% Movement Speed Increase
5% Dodge Rate Amplification
+6% Dodge Rate
Shares Cooldowns between Movement Skills
(마법 등급 효과) +30% Nimble Effect
(희귀 등급 효과) +60% Nimble Effect

(전설 등급 효과) +100% Nimble Effect","Mana Cost 13.2
Cooldown 5 s
+2 Max Use Count
Gain Nimble for 1 s after rolling
10% Movement Speed Increase
5% Dodge Rate Amplification
+69.9% Dodge Rate
Shares Cooldowns between Movement Skills
(마법 등급 효과) +30% Nimble Effect
(희귀 등급 효과) +60% Nimble Effect

(전설 등급 효과) +100% Nimble Effect","[15-30]% Resource Cost Dampening
+[5-10]% Movement Skill Rune Cooldown Recovery Speed","+[20-40]% Nimble Effect
+[10-20]% Skill Rune Duration","+2 Max Use Count
[5-10]% Skill Rune Cooldown Amplification"
,Lightning Chain,기존,Discharges lightning that chains to deal lightning damage to multiple enemies,"Spell, Strike, Lightning","Mana Cost 6
Triggers Immediately
Lightning Element
Cast Distance 650
Chain Range 500
Chain Count 7
Lightning DMG 300%
Lightning DMG +31
+20% Shock Chance
+50% Spell Critical DMG against Shocked enemies
(마법 등급 효과) +1 Chain Count
(마법 등급 효과) 10% DMG Amplification against Shocked enemies
(마법 등급 효과) Cast Distance +100
(희귀 등급 효과) +2 Chain Count
(희귀 등급 효과) 20% DMG Amplification against Shocked enemies
(희귀 등급 효과) +10% Shock Chance
(희귀 등급 효과) Cast Distance +150

(전설 등급 효과) +4 Chain Count
(전설 등급 효과) 30% DMG Amplification against Shocked enemies
(전설 등급 효과) +20% Shock Chance
(전설 등급 효과) Cast Distance +200","Mana Cost 23
Triggers Immediately
Lightning Element
Cast Distance 650
Chain Range 500
Chain Count 7
Lightning DMG 881%
Lightning DMG +641
+20% Shock Chance
+50% Spell Critical DMG against Shocked enemies
(마법 등급 효과) +1 Chain Count
(마법 등급 효과) 10% DMG Amplification against Shocked enemies
(마법 등급 효과) Cast Distance +100
(희귀 등급 효과) +2 Chain Count
(희귀 등급 효과) 20% DMG Amplification against Shocked enemies
(희귀 등급 효과) +10% Shock Chance
(희귀 등급 효과) Cast Distance +150

(전설 등급 효과) +4 Chain Count
(전설 등급 효과) 30% DMG Amplification against Shocked enemies
(전설 등급 효과) +20% Shock Chance
(전설 등급 효과) Cast Distance +200","+[15-30] Bind Rate
[5-10]% DMG Amplification against enemies affected by Lightning Status Effect
[3-5]% DMG Amplification against enemies that are not affected by Lightning Status Effect","+[25-50]% Chain Range
3% Lightning DMG Amplification per 1 Chain(s) (Max:  15)","+[25-50]% Chain Range
[2-3]% Lightning DMG Amplification per 1 remaining Chain(s) (Max:  15)"
,,변경,Discharges lightning that chains to deal lightning damage to multiple enemies,"Spell, Strike, Lightning","Mana Cost 6
Triggers Immediately
Lightning Element
Cast Distance 650
Chain Range 500
Chain Count 7
Lightning DMG 300%
Lightning DMG +31
+20% Shock Chance
+50% Spell Critical DMG against Shocked enemies
(마법 등급 효과) +1 Chain Count
(마법 등급 효과) 10% DMG Amplification against Shocked enemies
(마법 등급 효과) Cast Distance +100
(희귀 등급 효과) +2 Chain Count
(희귀 등급 효과) 20% DMG Amplification against Shocked enemies
(희귀 등급 효과) +10% Shock Chance
(희귀 등급 효과) Cast Distance +150

(전설 등급 효과) +4 Chain Count
(전설 등급 효과) 30% DMG Amplification against Shocked enemies
(전설 등급 효과) +20% Shock Chance
(전설 등급 효과) Cast Distance +200","Mana Cost 23
Triggers Immediately
Lightning Element
Cast Distance 650
Chain Range 500
Chain Count 7
Lightning DMG 916%
Lightning DMG +667
+20% Shock Chance
+50% Spell Critical DMG against Shocked enemies
(마법 등급 효과) +1 Chain Count
(마법 등급 효과) 10% DMG Amplification against Shocked enemies
(마법 등급 효과) Cast Distance +100
(희귀 등급 효과) +2 Chain Count
(희귀 등급 효과) 20% DMG Amplification against Shocked enemies
(희귀 등급 효과) +10% Shock Chance
(희귀 등급 효과) Cast Distance +150

(전설 등급 효과) +4 Chain Count
(전설 등급 효과) 30% DMG Amplification against Shocked enemies
(전설 등급 효과) +20% Shock Chance
(전설 등급 효과) Cast Distance +200","+[15-30] Bind Rate
[5-10]% DMG Amplification against enemies affected by Lightning Status Effect
[3-5]% DMG Amplification against enemies that are not affected by Lightning Status Effect","+[25-50]% Chain Range
3% Lightning DMG Amplification per 1 Chain(s) (Max:  15)","+[25-50]% Chain Range
[2-3]% Lightning DMG Amplification per 1 remaining Chain(s) (Max:  15)"
,Leap Attack,기존,Leaps forward to inflict damage and knock enemies back upon landing,"Attack, Melee, Area of Effect, Strike, Physical, Movement","Mana Cost 4
Cooldown 4 s
Physical Element
+3 Max Use Count
+30% Knockback Chance
+50% Knockback Distance
Area of Effect 200
Physical DMG 402%
Physical DMG +14
Shares Cooldowns between Offensive Movement Skills
(마법 등급 효과) +20% Knockback Chance
(마법 등급 효과) +10% Knockback Distance
(희귀 등급 효과) +35% Knockback Chance
(희귀 등급 효과) +20% Knockback Distance
(희귀 등급 효과) +30% Area of Effect

(전설 등급 효과) +50% Knockback Chance
(전설 등급 효과) +30% Knockback Distance
(전설 등급 효과) +60% Area of Effect","Mana Cost 17
Cooldown 3 s
Physical Element
+3 Max Use Count
+30% Knockback Chance
+50% Knockback Distance
Area of Effect 200
Physical DMG 721%
Physical DMG +316
Shares Cooldowns between Offensive Movement Skills
(마법 등급 효과) +20% Knockback Chance
(마법 등급 효과) +10% Knockback Distance
(희귀 등급 효과) +35% Knockback Chance
(희귀 등급 효과) +20% Knockback Distance
(희귀 등급 효과) +30% Area of Effect

(전설 등급 효과) +50% Knockback Chance
(전설 등급 효과) +30% Knockback Distance
(전설 등급 효과) +60% Area of Effect","Gain Melee DMG Amplification Link Rune Effect
[24.2-31]% Melee DMG Amplification
Cannot apply Status Effects
Cannot link Melee DMG Amplification Link Rune","+200 Stun Rate against enemies at Full HP
+[10-35] Stun Rate","+2 Max Use Count
[5-10]% Skill Rune Cooldown Amplification"
,,변경,Leaps forward to inflict damage and knock enemies back upon landing,"Attack, Melee, Area of Effect, Strike, Physical, Movement","Mana Cost 4
Cooldown 4 s
Physical Element
+3 Max Use Count
+30% Knockback Chance
+50% Knockback Distance
Area of Effect 200
Physical DMG 402%
Physical DMG +14
Shares Cooldowns between Offensive Movement Skills
(마법 등급 효과) +20% Knockback Chance
(마법 등급 효과) +10% Knockback Distance
(희귀 등급 효과) +35% Knockback Chance
(희귀 등급 효과) +20% Knockback Distance
(희귀 등급 효과) +30% Area of Effect

(전설 등급 효과) +50% Knockback Chance
(전설 등급 효과) +30% Knockback Distance
(전설 등급 효과) +60% Area of Effect","Mana Cost 17
Cooldown 3 s
Physical Element
+3 Max Use Count
+30% Knockback Chance
+50% Knockback Distance
Area of Effect 200
Physical DMG 750%
Physical DMG +329
Shares Cooldowns between Offensive Movement Skills
(마법 등급 효과) +20% Knockback Chance
(마법 등급 효과) +10% Knockback Distance
(희귀 등급 효과) +35% Knockback Chance
(희귀 등급 효과) +20% Knockback Distance
(희귀 등급 효과) +30% Area of Effect

(전설 등급 효과) +50% Knockback Chance
(전설 등급 효과) +30% Knockback Distance
(전설 등급 효과) +60% Area of Effect","Gain Melee DMG Amplification Link Rune Effect
[24.2-31]% Melee DMG Amplification
Cannot apply Status Effects
Cannot link Melee DMG Amplification Link Rune","+200 Stun Rate against enemies at Full HP
+[10-35] Stun Rate","+2 Max Use Count
[5-10]% Skill Rune Cooldown Amplification"
,Whirlwind,기존,"Spins toward the control direction while Channeling, dealing damage to all enemies in the path","Attack, Melee, Weapon Range, Channel, Strike, Physical","Mana Cost 3
Triggers Immediately
Physical Element
No equipped weapon range
Physical DMG 220%
Physical DMG +62
+10% Weapon Range
30% Trigger Skill DMG Dampening
 35% Movement Speed Dampening
(마법 등급 효과) +30% Weapon Range
(마법 등급 효과) 30% Movement Speed Dampening
(마법 등급 효과) +50% Melee DMG
(희귀 등급 효과) +60% Weapon Range
(희귀 등급 효과) 25% Movement Speed Dampening
(희귀 등급 효과) +100% Melee DMG

(전설 등급 효과) +90% Weapon Range
(전설 등급 효과) 15% Movement Speed Dampening
(전설 등급 효과) +200% Melee DMG
(전설 등급 효과) 3% Attack Speed Amplification","Mana Cost 16.6
Triggers Immediately
Physical Element
No equipped weapon range
Physical DMG 660%
Physical DMG +563
+10% Weapon Range
30% Trigger Skill DMG Dampening
 35% Movement Speed Dampening
(마법 등급 효과) +30% Weapon Range
(마법 등급 효과) 30% Movement Speed Dampening
(마법 등급 효과) +50% Melee DMG
(희귀 등급 효과) +60% Weapon Range
(희귀 등급 효과) 25% Movement Speed Dampening
(희귀 등급 효과) +100% Melee DMG

(전설 등급 효과) +90% Weapon Range
(전설 등급 효과) 15% Movement Speed Dampening
(전설 등급 효과) +200% Melee DMG
(전설 등급 효과) 3% Attack Speed Amplification",[15-20]% Resource Cost Dampening,"+[2-12]% Armor Penetration
[10-15]% DMG Taken Dampening while Channeling","+[50-80]% DMG Multiplier
+[10-15]% DMG when Channeling (Max Stacks: 10)"
,,변경,"Spins toward the control direction while Channeling, dealing damage to all enemies in the path","Attack, Melee, Weapon Range, Channel, Strike, Physical","Mana Cost 3
Triggers Immediately
Physical Element
No equipped weapon range
Physical DMG 220%
Physical DMG +62
54.5% Movement Speed Dampening
+10% Weapon Range
30% Trigger Skill DMG Dampening
 35% Movement Speed Dampening
(마법 등급 효과) +30% Weapon Range
(마법 등급 효과) 30% Movement Speed Dampening
(마법 등급 효과) +50% Melee DMG
(희귀 등급 효과) +60% Weapon Range
(희귀 등급 효과) 25% Movement Speed Dampening
(희귀 등급 효과) +100% Melee DMG

(전설 등급 효과) +90% Weapon Range
(전설 등급 효과) 15% Movement Speed Dampening
(전설 등급 효과) +200% Melee DMG
(전설 등급 효과) 3% Attack Speed Amplification","Mana Cost 16.6
Triggers Immediately
Physical Element
No equipped weapon range
Physical DMG 686%
Physical DMG +586
54.5% Movement Speed Dampening
+10% Weapon Range
30% Trigger Skill DMG Dampening
 35% Movement Speed Dampening
(마법 등급 효과) +30% Weapon Range
(마법 등급 효과) 30% Movement Speed Dampening
(마법 등급 효과) +50% Melee DMG
(희귀 등급 효과) +60% Weapon Range
(희귀 등급 효과) 25% Movement Speed Dampening
(희귀 등급 효과) +100% Melee DMG

(전설 등급 효과) +90% Weapon Range
(전설 등급 효과) 15% Movement Speed Dampening
(전설 등급 효과) +200% Melee DMG
(전설 등급 효과) 3% Attack Speed Amplification",[15-20]% Resource Cost Dampening,"+[2-12]% Armor Penetration
[10-15]% DMG Taken Dampening while Channeling","+[50-80]% DMG Multiplier
+[10-15]% DMG when Channeling (Max Stacks: 10)"
,Meteor,기존,Brings down a massive meteor to deal damage on enemies in an area,"Spell, Area of Effect, Strike, Fire, ProjectileCannot Multishot, Cannot Pierce, Cannot Split, Cannot Chain","Mana Cost 25
Cooldown 20 s
Fire Element
Meteor Count 1
Explosion Range 320
Fire DMG 397%
Fire DMG +79
+100% Burn Chance
+300% DMG against Burning enemies
+1 Max Use Count
5% DMG Dampening when hitting the same target repeatedly
(마법 등급 효과) +30% Area of Effect
(마법 등급 효과) +2 Max Use Count
(희귀 등급 효과) +60% Area of Effect
(희귀 등급 효과) +4 Max Use Count
(희귀 등급 효과) 5% DMG Amplification against Burning enemies

(전설 등급 효과) +100% Area of Effect
(전설 등급 효과) +6 Max Use Count
(전설 등급 효과) 10% DMG Amplification against Burning enemies","Mana Cost 93
Cooldown 20 s
Fire Element
Meteor Count 1
Explosion Range 320
Fire DMG 2100%
Fire DMG +697
+100% Burn Chance
+300% DMG against Burning enemies
+1 Max Use Count
5% DMG Dampening when hitting the same target repeatedly
(마법 등급 효과) +30% Area of Effect
(마법 등급 효과) +2 Max Use Count
(희귀 등급 효과) +60% Area of Effect
(희귀 등급 효과) +4 Max Use Count
(희귀 등급 효과) 5% DMG Amplification against Burning enemies

(전설 등급 효과) +100% Area of Effect
(전설 등급 효과) +6 Max Use Count
(전설 등급 효과) 10% DMG Amplification against Burning enemies","100% chance to gain Hellfire effect for 5 s on hit
( Fire Penetration +10%, Increases Fire DMG by 10% )
+[50-100]% Hellfire Effect","+[2-4] Max Use Count
+[20-40]% Skill Rune Cooldown Recovery Speed","+2 Projectile Count
[15-25]% Area of Effect Dampening"
,,변경,Brings down a massive meteor to deal damage on enemies in an area,"Spell, Area of Effect, Strike, Fire, ProjectileCannot Multishot, Cannot Pierce, Cannot Split, Cannot Chain","Mana Cost 25
Cooldown 20 s
Fire Element
Meteor Count 1
Explosion Range 320
Fire DMG 397%
Fire DMG +79
+100% Burn Chance
+300% DMG against Burning enemies
+1 Max Use Count
5% DMG Dampening when hitting the same target repeatedly
(마법 등급 효과) +30% Area of Effect
(마법 등급 효과) +2 Max Use Count
(희귀 등급 효과) +60% Area of Effect
(희귀 등급 효과) +4 Max Use Count
(희귀 등급 효과) 5% DMG Amplification against Burning enemies

(전설 등급 효과) +100% Area of Effect
(전설 등급 효과) +6 Max Use Count
(전설 등급 효과) 10% DMG Amplification against Burning enemies","Mana Cost 93
Cooldown 20 s
Fire Element
Meteor Count 1
Explosion Range 320
Fire DMG 2184%
Fire DMG +725
+100% Burn Chance
+300% DMG against Burning enemies
+1 Max Use Count
5% DMG Dampening when hitting the same target repeatedly
(마법 등급 효과) +30% Area of Effect
(마법 등급 효과) +2 Max Use Count
(희귀 등급 효과) +60% Area of Effect
(희귀 등급 효과) +4 Max Use Count
(희귀 등급 효과) 5% DMG Amplification against Burning enemies

(전설 등급 효과) +100% Area of Effect
(전설 등급 효과) +6 Max Use Count
(전설 등급 효과) 10% DMG Amplification against Burning enemies","100% chance to gain Hellfire effect for 5 s on hit
( Fire Penetration +10%, Increases Fire DMG by 10% )
+[50-100]% Hellfire Effect","+[2-4] Max Use Count
+[20-40]% Skill Rune Cooldown Recovery Speed","+2 Projectile Count
[15-25]% Area of Effect Dampening"
,Poison Rain of Arrows,기존,Fires an arrow into the air to inflict damage on the enemy,"Attack, Area of Effect, Strike, Poison, Projectile, Bow, ShadowCannot use Parallel Shot, Cannot Split, Cannot Chain","Mana Cost 4
Triggers Immediately
Poison Element
Projectile Count 5
Explosion Range 150
Poison DMG 116%
Poison DMG +45
+10% Venom Chance
8% DMG Dampening when hitting the same target repeatedly
(마법 등급 효과) 10% DMG Amplification against enemies affected by Venom
(희귀 등급 효과) 15% DMG Amplification against enemies affected by Venom

(전설 등급 효과) 20% DMG Amplification against enemies affected by Venom","Mana Cost 21
Triggers Immediately
Poison Element
Projectile Count 5
Explosion Range 150
Poison DMG 243%
Poison DMG +513
+10% Venom Chance
8% DMG Dampening when hitting the same target repeatedly
(마법 등급 효과) 10% DMG Amplification against enemies affected by Venom
(희귀 등급 효과) 15% DMG Amplification against enemies affected by Venom

(전설 등급 효과) 20% DMG Amplification against enemies affected by Venom","+[400-600] Hit Rate
+[15-30] Venom Rate
+[25-50]% Venom DMG","Gain Concentrated Area DMG Link Rune Effect
[20.7-25]% Area DMG Amplification
30% Area of Effect Dampening
Cannot link Concentrated Area DMG Link Rune","20% chance to gain Corrosion for 5 s on hit
( Poison DMG +30%, Blind Rate +20 )
+[50-100]% Corrosion Effect"
,,변경,Fires an arrow into the air to inflict damage on the enemy,"Attack, Area of Effect, Strike, Poison, Projectile, Bow, ShadowCannot use Parallel Shot, Cannot Split, Cannot Chain","Mana Cost 4
Triggers Immediately
Poison Element
Projectile Count 5
Explosion Range 150
Poison DMG 116%
Poison DMG +45
+10% Venom Chance
8% DMG Dampening when hitting the same target repeatedly
(마법 등급 효과) 10% DMG Amplification against enemies affected by Venom
(희귀 등급 효과) 15% DMG Amplification against enemies affected by Venom

(전설 등급 효과) 20% DMG Amplification against enemies affected by Venom","Mana Cost 21
Triggers Immediately
Poison Element
Projectile Count 5
Explosion Range 150
Poison DMG 253%
Poison DMG +534
+10% Venom Chance
8% DMG Dampening when hitting the same target repeatedly
(마법 등급 효과) 10% DMG Amplification against enemies affected by Venom
(희귀 등급 효과) 15% DMG Amplification against enemies affected by Venom

(전설 등급 효과) 20% DMG Amplification against enemies affected by Venom","+[400-600] Hit Rate
+[15-30] Venom Rate
+[25-50]% Venom DMG","Gain Concentrated Area DMG Link Rune Effect
[20.7-25]% Area DMG Amplification
30% Area of Effect Dampening
Cannot link Concentrated Area DMG Link Rune","20% chance to gain Corrosion for 5 s on hit
( Poison DMG +30%, Blind Rate +20 )
+[50-100]% Corrosion Effect"
,Fierce Strike,기존,Summons a hammer to deal Physical damage to multiple enemies. Periodically summons a giant hammer to deal even more damage instead,"Attack, Area of Effect, Strike, Physical, Blow","Mana Cost 5
Triggers Immediately
Physical Element
5% Base Speed Dampening
Area of Effect 250
Physical DMG +7
Physical DMG 385%
+30% Critical DMG when 1-handed weapon is equipped
+30% Critical DMG when Dual Wielding
+70% Critical DMG when 2-handed weapon is equipped
+10% Attack Critical Chance
+20% Attack Critical DMG
Can Trigger Ultimate Blow every 2.5 s
Ultimate Blow Range 350
60% Ultimate Blow Strike DMG Multiplier Amplification
+30% Ultimate Blow Attack Critical DMG
(마법 등급 효과) +20% Area of Effect
(마법 등급 효과) +25% Area DMG
(희귀 등급 효과) +50% Area of Effect
(희귀 등급 효과) +60% Area DMG
(희귀 등급 효과) 10% Area DMG Amplification

(전설 등급 효과) +60% Area of Effect
(전설 등급 효과) +100% Area DMG
(전설 등급 효과) 30% Area DMG Amplification
(전설 등급 효과) 40% Strike DMG Multiplier Amplification","Mana Cost 14.5
Triggers Immediately
Physical Element
5% Base Speed Dampening
Area of Effect 250
Physical DMG +227
Physical DMG 1105%
+70% Critical DMG when 1-handed weapon is equipped
+70% Critical DMG when Dual Wielding
+120% Critical DMG when 2-handed weapon is equipped
+20% Attack Critical Chance
+40% Attack Critical DMG
Can Trigger Ultimate Blow every 2.5 s
Ultimate Blow Range 350
60% Ultimate Blow Strike DMG Multiplier Amplification
+30% Ultimate Blow Attack Critical DMG
(마법 등급 효과) +20% Area of Effect
(마법 등급 효과) +25% Area DMG
(희귀 등급 효과) +50% Area of Effect
(희귀 등급 효과) +60% Area DMG
(희귀 등급 효과) 10% Area DMG Amplification

(전설 등급 효과) +60% Area of Effect
(전설 등급 효과) +100% Area DMG
(전설 등급 효과) 30% Area DMG Amplification
(전설 등급 효과) 40% Strike DMG Multiplier Amplification","+[30-60]% DMG Multiplier
Increase DMG by 25% of Equipped Weapon Range (Max:  100%)","[2-7]% Melee DMG Amplification
Add Melee tag","Activates Enhanced Ultimate Blow effect for 2 s upon normal strike hit
Enhanced Ultimate Blow DMG +[150-200]%
Change Ultimate Blow Cooldown to 2 s"
,,변경,Summons a hammer to deal Physical damage to multiple enemies. Periodically summons a giant hammer to deal even more damage instead,"Attack, Area of Effect, Strike, Physical, Blow","Mana Cost 5
Triggers Immediately
Physical Element
5% Base Speed Dampening
Area of Effect 250
Physical DMG +7
Physical DMG 385%
+30% Critical DMG when 1-handed weapon is equipped
+30% Critical DMG when Dual Wielding
+70% Critical DMG when 2-handed weapon is equipped
+10% Attack Critical Chance
+20% Attack Critical DMG
Can Trigger Ultimate Blow every 2.5 s
Ultimate Blow Range 350
60% Ultimate Blow Strike DMG Multiplier Amplification
+30% Ultimate Blow Attack Critical DMG
(마법 등급 효과) +20% Area of Effect
(마법 등급 효과) +25% Area DMG
(희귀 등급 효과) +50% Area of Effect
(희귀 등급 효과) +60% Area DMG
(희귀 등급 효과) 10% Area DMG Amplification

(전설 등급 효과) +60% Area of Effect
(전설 등급 효과) +100% Area DMG
(전설 등급 효과) 30% Area DMG Amplification
(전설 등급 효과) 40% Strike DMG Multiplier Amplification","Mana Cost 14.5
Triggers Immediately
Physical Element
5% Base Speed Dampening
Area of Effect 250
Physical DMG +236
Physical DMG 1149%
+72.8% Critical DMG when 1-handed weapon is equipped
+72.8% Critical DMG when Dual Wielding
+124.8% Critical DMG when 2-handed weapon is equipped
+20.8% Attack Critical Chance
+41.6% Attack Critical DMG
Can Trigger Ultimate Blow every 2.5 s
Ultimate Blow Range 350
60% Ultimate Blow Strike DMG Multiplier Amplification
+30% Ultimate Blow Attack Critical DMG
(마법 등급 효과) +20% Area of Effect
(마법 등급 효과) +25% Area DMG
(희귀 등급 효과) +50% Area of Effect
(희귀 등급 효과) +60% Area DMG
(희귀 등급 효과) 10% Area DMG Amplification

(전설 등급 효과) +60% Area of Effect
(전설 등급 효과) +100% Area DMG
(전설 등급 효과) 30% Area DMG Amplification
(전설 등급 효과) 40% Strike DMG Multiplier Amplification","+[30-60]% DMG Multiplier
Increase DMG by 25% of Equipped Weapon Range (Max:  100%)","[2-7]% Melee DMG Amplification
Add Melee tag","Activates Enhanced Ultimate Blow effect for 2 s upon normal strike hit
Enhanced Ultimate Blow DMG +[150-200]%
Change Ultimate Blow Cooldown to 2 s"
,Crescent Slash,기존,Swings weapon in a wide area to deal Physical DMG to multiple enemies,"Attack, Melee, Weapon Range, Strike, Physical, Shadow","Mana Cost 3
Triggers Immediately
Physical Element
No equipped weapon range
Physical DMG 375%
Physical DMG +25
+80% Weapon Range
+20% Critical Chance
+50% Critical DMG when 1-handed weapon is equipped
+100% Critical DMG when 2-handed weapon is equipped
+50% Critical DMG when Dual Wielding
(마법 등급 효과) +30% Weapon Range
(마법 등급 효과) +50% Melee DMG
(마법 등급 효과) 5% Melee DMG Amplification
(희귀 등급 효과) +60% Weapon Range
(희귀 등급 효과) +100% Melee DMG
(희귀 등급 효과) 15% Melee DMG Amplification

(전설 등급 효과) +100% Weapon Range
(전설 등급 효과) +200% Melee DMG
(전설 등급 효과) 25% Melee DMG Amplification","Mana Cost 10.2
Triggers Immediately
Physical Element
No equipped weapon range
Physical DMG 1081%
Physical DMG +365
+80% Weapon Range
+20% Critical Chance
+50% Critical DMG when 1-handed weapon is equipped
+100% Critical DMG when 2-handed weapon is equipped
+50% Critical DMG when Dual Wielding
(마법 등급 효과) +30% Weapon Range
(마법 등급 효과) +50% Melee DMG
(마법 등급 효과) 5% Melee DMG Amplification
(희귀 등급 효과) +60% Weapon Range
(희귀 등급 효과) +100% Melee DMG
(희귀 등급 효과) 15% Melee DMG Amplification

(전설 등급 효과) +100% Weapon Range
(전설 등급 효과) +200% Melee DMG
(전설 등급 효과) 25% Melee DMG Amplification","+[15-30]% Armor Penetration
[5-10]% Attack Speed Amplification","Fixed Attack Speed 2
+[50-65] Weapon Range
[35-40]% Melee DMG Amplification","Gain Find Weakness Link Rune Effect
+[117-155]% Critical Rate
+6 Critical Rate
Cannot link Find Weakness Link Rune"
,,변경,Swings weapon in a wide area to deal Physical DMG to multiple enemies,"Attack, Melee, Weapon Range, Strike, Physical, Shadow","Mana Cost 3
Triggers Immediately
Physical Element
No equipped weapon range
Physical DMG 375%
Physical DMG +25
+80% Weapon Range
+20% Critical Chance
+50% Critical DMG when 1-handed weapon is equipped
+100% Critical DMG when 2-handed weapon is equipped
+50% Critical DMG when Dual Wielding
(마법 등급 효과) +30% Weapon Range
(마법 등급 효과) +50% Melee DMG
(마법 등급 효과) 5% Melee DMG Amplification
(희귀 등급 효과) +60% Weapon Range
(희귀 등급 효과) +100% Melee DMG
(희귀 등급 효과) 15% Melee DMG Amplification

(전설 등급 효과) +100% Weapon Range
(전설 등급 효과) +200% Melee DMG
(전설 등급 효과) 25% Melee DMG Amplification","Mana Cost 10.2
Triggers Immediately
Physical Element
No equipped weapon range
Physical DMG 1124%
Physical DMG +380
+80% Weapon Range
+20% Critical Chance
+50% Critical DMG when 1-handed weapon is equipped
+100% Critical DMG when 2-handed weapon is equipped
+50% Critical DMG when Dual Wielding
(마법 등급 효과) +30% Weapon Range
(마법 등급 효과) +50% Melee DMG
(마법 등급 효과) 5% Melee DMG Amplification
(희귀 등급 효과) +60% Weapon Range
(희귀 등급 효과) +100% Melee DMG
(희귀 등급 효과) 15% Melee DMG Amplification

(전설 등급 효과) +100% Weapon Range
(전설 등급 효과) +200% Melee DMG
(전설 등급 효과) 25% Melee DMG Amplification","+[15-30]% Armor Penetration
[5-10]% Attack Speed Amplification","Fixed Attack Speed 2
+[50-65] Weapon Range
[35-40]% Melee DMG Amplification","Gain Find Weakness Link Rune Effect
+[117-155]% Critical Rate
+6 Critical Rate
Cannot link Find Weakness Link Rune"
,Lightning Vortex,기존,Swings weapon to damage multiple enemies and create a vortex. The vortex deals additional damage to nearby enemies,"Attack, Melee, Area of Effect, Strike, Lightning, Shadow","Mana Cost 4
Triggers Immediately
Lightning Element
Area of Effect 700
Cleave Lightning DMG +90
Cleave Lightning DMG 380%
Vortex Range 260
+90 Vortex Lightning DMG
Vortex Lightning DMG 75%
+10% Shock Chance
Inflict Electric Current Storm effect on every Attack Hit
Electric Current Storm Effect
-1 Lightning Resist for 4 s (Max Stacks: 30)
(마법 등급 효과) +40% Lightning DMG
(마법 등급 효과) +15% Area of Effect
(희귀 등급 효과) +90% Lightning DMG
(희귀 등급 효과) +25% Area of Effect
(희귀 등급 효과) +10% Lightning Penetration

(전설 등급 효과) +150% Lightning DMG
(전설 등급 효과) +40% Area of Effect
(전설 등급 효과) +15% Lightning Penetration
(전설 등급 효과) Vortex Strike Count +1","Mana Cost 13.5
Triggers Immediately
Lightning Element
Area of Effect 700
Cleave Lightning DMG +1024
Cleave Lightning DMG 611%
Vortex Range 260
+505 Vortex Lightning DMG
Vortex Lightning DMG 291%
+10% Shock Chance
Inflict Electric Current Storm effect on every Attack Hit
Electric Current Storm Effect
-1 Lightning Resist for 4 s (Max Stacks: 30)
(마법 등급 효과) +40% Lightning DMG
(마법 등급 효과) +15% Area of Effect
(희귀 등급 효과) +90% Lightning DMG
(희귀 등급 효과) +25% Area of Effect
(희귀 등급 효과) +10% Lightning Penetration

(전설 등급 효과) +150% Lightning DMG
(전설 등급 효과) +40% Area of Effect
(전설 등급 효과) +15% Lightning Penetration
(전설 등급 효과) Vortex Strike Count +1","+[20-35] Bind Rate
+[10-20] Shock Rate
[10-15]% DMG Amplification against enemies affected by Lightning Status Effect","[5-10]% Area DMG Dampening
Vortex Strike Count +1","[45-50]% Area of Effect Dampening
[5-10]% Area DMG Amplification
2 additional Vortex Strikes from self upon using Skill"
,,변경,Swings weapon to damage multiple enemies and create a vortex. The vortex deals additional damage to nearby enemies,"Attack, Melee, Area of Effect, Strike, Lightning, Shadow","Mana Cost 4
Triggers Immediately
Lightning Element
Area of Effect 700
Cleave Lightning DMG +90
Cleave Lightning DMG 380%
Vortex Range 260
+90 Vortex Lightning DMG
Vortex Lightning DMG 75%
+10% Shock Chance
Inflict Electric Current Storm effect on every Attack Hit
Electric Current Storm Effect
-1 Lightning Resist for 4 s (Max Stacks: 30)
(마법 등급 효과) +40% Lightning DMG
(마법 등급 효과) +15% Area of Effect
(희귀 등급 효과) +90% Lightning DMG
(희귀 등급 효과) +25% Area of Effect
(희귀 등급 효과) +10% Lightning Penetration

(전설 등급 효과) +150% Lightning DMG
(전설 등급 효과) +40% Area of Effect
(전설 등급 효과) +15% Lightning Penetration
(전설 등급 효과) Vortex Strike Count +1","Mana Cost 13.5
Triggers Immediately
Lightning Element
Area of Effect 700
Cleave Lightning DMG +1065
Cleave Lightning DMG 635%
Vortex Range 260
+525 Vortex Lightning DMG
Vortex Lightning DMG 303%
+10% Shock Chance
Inflict Electric Current Storm effect on every Attack Hit
Electric Current Storm Effect
-1 Lightning Resist for 4 s (Max Stacks: 30)
(마법 등급 효과) +40% Lightning DMG
(마법 등급 효과) +15% Area of Effect
(희귀 등급 효과) +90% Lightning DMG
(희귀 등급 효과) +25% Area of Effect
(희귀 등급 효과) +10% Lightning Penetration

(전설 등급 효과) +150% Lightning DMG
(전설 등급 효과) +40% Area of Effect
(전설 등급 효과) +15% Lightning Penetration
(전설 등급 효과) Vortex Strike Count +1","+[20-35] Bind Rate
+[10-20] Shock Rate
[10-15]% DMG Amplification against enemies affected by Lightning Status Effect","[5-10]% Area DMG Dampening
Vortex Strike Count +1","[45-50]% Area of Effect Dampening
[5-10]% Area DMG Amplification
2 additional Vortex Strikes from self upon using Skill"
,Fire Storm,기존,"Spin in place to create a Fire Storm, and create a new Fire Storm upon hitting a Burning enemy","Attack, Melee, Area of Effect, Strike, Fire, Shadow","Mana Cost 5
Triggers Immediately
Fire Element
Fire DMG +64
1st Fire Storm
+80% Burn Chance
30% DMG Amplification against Burning enemies
30% chance to trigger 2nd Fire Storm upon hitting a Burning enemy
Area of Effect 350
Fire DMG 122%
2nd Fire Storm
Area of Effect 350
Fire DMG 320%
+30% Burn Chance
5% DMG Amplification against Burning enemies



(전설 등급 효과) 30% Area DMG Amplification
(전설 등급 효과) +20% Burn Chance","Mana Cost 14.5
Triggers Immediately
Fire Element
Fire DMG +1120
1st Fire Storm
+80% Burn Chance
30% DMG Amplification against Burning enemies
30% chance to trigger 2nd Fire Storm upon hitting a Burning enemy
Area of Effect 350
Fire DMG 316%
2nd Fire Storm
Area of Effect 350
Fire DMG 620%
+30% Burn Chance
5% DMG Amplification against Burning enemies



(전설 등급 효과) 30% Area DMG Amplification
(전설 등급 효과) +20% Burn Chance","30% chance to inflict Pain on the enemy for 4 s on hit
( DMG Taken 10% Amplification )
+[10-20]% Attack Speed",[15-20]% DMG Amplification against enemies affected by Fire Status Effect,"+[25-40] Burn Rate
Causes Fire Wave upon using Skill
Fire Wave DMG +273
Fire Wave DMG 72%
Fire Wave Area of Effect 300
Fire Wave Cooldown 1 s
+60 Fire Wave Burn Rate"
,,변경,"Spin in place to create a Fire Storm, and create a new Fire Storm upon hitting a Burning enemy","Attack, Melee, Area of Effect, Strike, Fire, Shadow","Mana Cost 5
Triggers Immediately
Fire Element
Fire DMG +64
1st Fire Storm
+80% Burn Chance
30% DMG Amplification against Burning enemies
30% chance to trigger 2nd Fire Storm upon hitting a Burning enemy
Area of Effect 350
Fire DMG 122%
2nd Fire Storm
Area of Effect 350
Fire DMG 320%
+30% Burn Chance
5% DMG Amplification against Burning enemies



(전설 등급 효과) 30% Area DMG Amplification
(전설 등급 효과) +20% Burn Chance","Mana Cost 14.5
Triggers Immediately
Fire Element
Fire DMG +1165
1st Fire Storm
+80% Burn Chance
30% DMG Amplification against Burning enemies
30% chance to trigger 2nd Fire Storm upon hitting a Burning enemy
Area of Effect 350
Fire DMG 329%
2nd Fire Storm
Area of Effect 350
Fire DMG 645%
+30% Burn Chance
5% DMG Amplification against Burning enemies



(전설 등급 효과) 30% Area DMG Amplification
(전설 등급 효과) +20% Burn Chance","30% chance to inflict Pain on the enemy for 4 s on hit
( DMG Taken 10% Amplification )
+[10-20]% Attack Speed",[15-20]% DMG Amplification against enemies affected by Fire Status Effect,"+[25-40] Burn Rate
Causes Fire Wave upon using Skill
Fire Wave DMG +371
Fire Wave DMG 92%
Fire Wave Area of Effect 300
Fire Wave Cooldown 1 s
+60 Fire Wave Burn Rate"
,Illusion Hook,기존,Throws a hook to inflict Physical DMG on the enemy. Enemies hit will be pulled toward the caster,"Spell, Melee, Area of Effect, Strike, Physical","Mana Cost 5
Triggers Immediately
Physical Element
Hook Range 500
Physical DMG 402%
Physical DMG +7
Ignores enemy Dodge Rate
Pulls enemy in front of the caster on hit
Disturb effect on pulled enemy for 3 s
Applied as Vulnerable effect
15% Movement Speed Dampening
15% Attack Speed Dampening
15% Cast Speed Dampening
Pulled Enemy becomes immune to Pull and Knockback for 4 s
(마법 등급 효과) +25% Skill Rune Effect
(마법 등급 효과) +20% Area of Effect
(마법 등급 효과) +100% DMG against Disturbed enemies
(희귀 등급 효과) +50% Skill Rune Effect
(희귀 등급 효과) +40% Area of Effect
(희귀 등급 효과) +1 Skill Rune Duration
(희귀 등급 효과) +150% DMG against Disturbed enemies

(전설 등급 효과) +75% Skill Rune Effect
(전설 등급 효과) +60% Area of Effect
(전설 등급 효과) +1 Skill Rune Duration
(전설 등급 효과) +200% DMG against Disturbed enemies","Mana Cost 16.9
Triggers Immediately
Physical Element
Hook Range 588
Physical DMG 818%
Physical DMG +321
Ignores enemy Dodge Rate
Pulls enemy in front of the caster on hit
Disturb effect on pulled enemy for 3 s
Applied as Vulnerable effect
15% Movement Speed Dampening
15% Attack Speed Dampening
15% Cast Speed Dampening
Pulled Enemy becomes immune to Pull and Knockback for 4 s
(마법 등급 효과) +25% Skill Rune Effect
(마법 등급 효과) +20% Area of Effect
(마법 등급 효과) +100% DMG against Disturbed enemies
(희귀 등급 효과) +50% Skill Rune Effect
(희귀 등급 효과) +40% Area of Effect
(희귀 등급 효과) +1 Skill Rune Duration
(희귀 등급 효과) +150% DMG against Disturbed enemies

(전설 등급 효과) +75% Skill Rune Effect
(전설 등급 효과) +60% Area of Effect
(전설 등급 효과) +1 Skill Rune Duration
(전설 등급 효과) +200% DMG against Disturbed enemies","[15-20]% Area of Effect Dampening
Inflict Pain effect for 4 s on hit
+50% Pain Effect","+2 Strike Range Count
+[10-40]% Area DMG","+[30-50]% Area of Effect
+[10-20]% Cast Speed"
,,변경,Throws a hook to inflict Physical DMG on the enemy. Enemies hit will be pulled toward the caster,"Spell, Melee, Area of Effect, Strike, Physical","Mana Cost 5
Triggers Immediately
Physical Element
Hook Range 500
Physical DMG 402%
Physical DMG +7
Ignores enemy Dodge Rate
Pulls enemy in front of the caster on hit
Disturb effect on pulled enemy for 3 s
Applied as Vulnerable effect
15% Movement Speed Dampening
15% Attack Speed Dampening
15% Cast Speed Dampening
Pulled Enemy becomes immune to Pull and Knockback for 4 s
(마법 등급 효과) +25% Skill Rune Effect
(마법 등급 효과) +20% Area of Effect
(마법 등급 효과) +100% DMG against Disturbed enemies
(희귀 등급 효과) +50% Skill Rune Effect
(희귀 등급 효과) +40% Area of Effect
(희귀 등급 효과) +1 Skill Rune Duration
(희귀 등급 효과) +150% DMG against Disturbed enemies

(전설 등급 효과) +75% Skill Rune Effect
(전설 등급 효과) +60% Area of Effect
(전설 등급 효과) +1 Skill Rune Duration
(전설 등급 효과) +200% DMG against Disturbed enemies","Mana Cost 16.9
Triggers Immediately
Physical Element
Hook Range 588
Physical DMG 851%
Physical DMG +334
Ignores enemy Dodge Rate
Pulls enemy in front of the caster on hit
Disturb effect on pulled enemy for 3 s
Applied as Vulnerable effect
15% Movement Speed Dampening
15% Attack Speed Dampening
15% Cast Speed Dampening
Pulled Enemy becomes immune to Pull and Knockback for 4 s
(마법 등급 효과) +25% Skill Rune Effect
(마법 등급 효과) +20% Area of Effect
(마법 등급 효과) +100% DMG against Disturbed enemies
(희귀 등급 효과) +50% Skill Rune Effect
(희귀 등급 효과) +40% Area of Effect
(희귀 등급 효과) +1 Skill Rune Duration
(희귀 등급 효과) +150% DMG against Disturbed enemies

(전설 등급 효과) +75% Skill Rune Effect
(전설 등급 효과) +60% Area of Effect
(전설 등급 효과) +1 Skill Rune Duration
(전설 등급 효과) +200% DMG against Disturbed enemies","[15-20]% Area of Effect Dampening
Inflict Pain effect for 4 s on hit
+50% Pain Effect","+2 Strike Range Count
+[10-40]% Area DMG","+[30-50]% Area of Effect
+[10-20]% Cast Speed"
,Shield Strike,기존,Knocks the enemy back with a shield to inflict Physical DMG,"Attack, Melee, Area of Effect, Strike, Physical, Shadow","Mana Cost 3
Triggers Immediately
Physical Element
Area of Effect 520
Physical DMG 320%
Physical DMG +55
+250 Hit Rate
+25% DMG Penetration
Increase DMG by 20% of Shield Armor (Max:  650%)
Gain Sturdy Defense effect for 5 s on hit
Max Stacks 30
+3 Block Expertise
-1 Sturdy Defense stacks when hit
(마법 등급 효과) +15% Area of Effect
(마법 등급 효과) +25% Strike DMG Multiplier
(희귀 등급 효과) +30% Area of Effect
(희귀 등급 효과) +50% Strike DMG Multiplier
(희귀 등급 효과) +10% DMG Penetration

(전설 등급 효과) +50% Area of Effect
(전설 등급 효과) +80% Strike DMG Multiplier
(전설 등급 효과) +25% DMG Penetration","Mana Cost 12.5
Triggers Immediately
Physical Element
Area of Effect 520
Physical DMG 620%
Physical DMG +1029
+1174 Hit Rate
+25% DMG Penetration
Increase DMG by 20% of Shield Armor (Max:  650%)
Gain Sturdy Defense effect for 5 s on hit
Max Stacks 30
+3 Block Expertise
-1 Sturdy Defense stacks when hit
(마법 등급 효과) +15% Area of Effect
(마법 등급 효과) +25% Strike DMG Multiplier
(희귀 등급 효과) +30% Area of Effect
(희귀 등급 효과) +50% Strike DMG Multiplier
(희귀 등급 효과) +10% DMG Penetration

(전설 등급 효과) +50% Area of Effect
(전설 등급 효과) +80% Strike DMG Multiplier
(전설 등급 효과) +25% DMG Penetration","+[10-40]% Area DMG
50% chance to active Shield of Determination upon using Skill
Shield of Determination Duration 2 s
+[50-100]% Armor while Shield of Determination is active","+[75-100]% DMG against Elites when distance from enemy is 500 or less
[5-10]% Area DMG Amplification
Change to 1 large shield","+2 Strike Range Count
+[30-50]% Area of Effect"
,,변경,Knocks the enemy back with a shield to inflict Physical DMG,"Attack, Melee, Area of Effect, Strike, Physical, Shadow","Mana Cost 3
Triggers Immediately
Physical Element
Area of Effect 520
Physical DMG 320%
Physical DMG +55
+250 Hit Rate
+25% DMG Penetration
Increase DMG by 20% of Shield Armor (Max:  650%)
Gain Sturdy Defense effect for 5 s on hit
Max Stacks 30
+3 Block Expertise
-1 Sturdy Defense stacks when hit
(마법 등급 효과) +15% Area of Effect
(마법 등급 효과) +25% Strike DMG Multiplier
(희귀 등급 효과) +30% Area of Effect
(희귀 등급 효과) +50% Strike DMG Multiplier
(희귀 등급 효과) +10% DMG Penetration

(전설 등급 효과) +50% Area of Effect
(전설 등급 효과) +80% Strike DMG Multiplier
(전설 등급 효과) +25% DMG Penetration","Mana Cost 12.5
Triggers Immediately
Physical Element
Area of Effect 520
Physical DMG 645%
Physical DMG +1070
+1174 Hit Rate
+25% DMG Penetration
Increase DMG by 20% of Shield Armor (Max:  650%)
Gain Sturdy Defense effect for 5 s on hit
Max Stacks 30
+3 Block Expertise
-1 Sturdy Defense stacks when hit
(마법 등급 효과) +15% Area of Effect
(마법 등급 효과) +25% Strike DMG Multiplier
(희귀 등급 효과) +30% Area of Effect
(희귀 등급 효과) +50% Strike DMG Multiplier
(희귀 등급 효과) +10% DMG Penetration

(전설 등급 효과) +50% Area of Effect
(전설 등급 효과) +80% Strike DMG Multiplier
(전설 등급 효과) +25% DMG Penetration","+[10-40]% Area DMG
50% chance to active Shield of Determination upon using Skill
Shield of Determination Duration 2 s
+[50-100]% Armor while Shield of Determination is active","+[75-100]% DMG against Elites when distance from enemy is 500 or less
[5-10]% Area DMG Amplification
Change to 1 large shield","+2 Strike Range Count
+[30-50]% Area of Effect"
,Cross Slash,기존,Cross your weapons to deal damage twice to enemies in front of you,"Attack, Melee, Area of Effect, Strike, Physical, Shadow","Mana Cost 3
Triggers Immediately
Physical Element
15% Base Speed Amplification
Area of Effect 430
Physical DMG +17
Initial Cross Slash Physical DMG 200%
Subsequent Cross Slash Physical DMG 200%
7% chance to deal triple Maximized DMG on hit
(마법 등급 효과) +50% Area DMG
(마법 등급 효과) +50% Area of Effect
(희귀 등급 효과) +100% Area DMG
(희귀 등급 효과) +60% Area of Effect
(희귀 등급 효과) 1.5% chance to deal triple Maximized DMG on hit
(희귀 등급 효과) +2 Strike Range Count

(전설 등급 효과) +150% Area DMG
(전설 등급 효과) +70% Area of Effect
(전설 등급 효과) 3% chance to deal triple Maximized DMG on hit
(전설 등급 효과) +2 Strike Range Count","Mana Cost 10.2
Triggers Immediately
Physical Element
15% Base Speed Amplification
Area of Effect 430
Physical DMG +282
Initial Cross Slash Physical DMG 774%
Subsequent Cross Slash Physical DMG 774%
7% chance to deal triple Maximized DMG on hit
(마법 등급 효과) +50% Area DMG
(마법 등급 효과) +50% Area of Effect
(희귀 등급 효과) +100% Area DMG
(희귀 등급 효과) +60% Area of Effect
(희귀 등급 효과) 1.5% chance to deal triple Maximized DMG on hit
(희귀 등급 효과) +2 Strike Range Count

(전설 등급 효과) +150% Area DMG
(전설 등급 효과) +70% Area of Effect
(전설 등급 효과) 3% chance to deal triple Maximized DMG on hit
(전설 등급 효과) +2 Strike Range Count","Cross Slash's base Strike Count is fixed to 3
Increases base Strike Range
[5-10]% DMG Amplification","Gain Find Weakness Link Rune Effect
+6 Critical Rate
+[117-155]% Critical Rate
Cannot link Find Weakness Link Rune","Gain Finishing Strike Link Rune Effect
[20-25]% DMG Amplification against enemies at 20% or less HP
Cannot link Finishing Strike Link Rune"
,,변경,Cross your weapons to deal damage twice to enemies in front of you,"Attack, Melee, Area of Effect, Strike, Physical, Shadow","Mana Cost 3
Triggers Immediately
Physical Element
15% Base Speed Amplification
Area of Effect 430
Physical DMG +17
Initial Cross Slash Physical DMG 200%
Subsequent Cross Slash Physical DMG 200%
7% chance to deal triple Maximized DMG on hit
(마법 등급 효과) +50% Area DMG
(마법 등급 효과) +50% Area of Effect
(희귀 등급 효과) +100% Area DMG
(희귀 등급 효과) +60% Area of Effect
(희귀 등급 효과) 1.5% chance to deal triple Maximized DMG on hit
(희귀 등급 효과) +2 Strike Range Count

(전설 등급 효과) +150% Area DMG
(전설 등급 효과) +70% Area of Effect
(전설 등급 효과) 3% chance to deal triple Maximized DMG on hit
(전설 등급 효과) +2 Strike Range Count","Mana Cost 10.2
Triggers Immediately
Physical Element
15% Base Speed Amplification
Area of Effect 430
Physical DMG +293
Initial Cross Slash Physical DMG 805%
Subsequent Cross Slash Physical DMG 805%
7% chance to deal triple Maximized DMG on hit
(마법 등급 효과) +50% Area DMG
(마법 등급 효과) +50% Area of Effect
(희귀 등급 효과) +100% Area DMG
(희귀 등급 효과) +60% Area of Effect
(희귀 등급 효과) 1.5% chance to deal triple Maximized DMG on hit
(희귀 등급 효과) +2 Strike Range Count

(전설 등급 효과) +150% Area DMG
(전설 등급 효과) +70% Area of Effect
(전설 등급 효과) 3% chance to deal triple Maximized DMG on hit
(전설 등급 효과) +2 Strike Range Count","Cross Slash's base Strike Count is fixed to 3
Increases base Strike Range
[5-10]% DMG Amplification","Gain Find Weakness Link Rune Effect
+6 Critical Rate
+[117-155]% Critical Rate
Cannot link Find Weakness Link Rune","Gain Finishing Strike Link Rune Effect
[20-25]% DMG Amplification against enemies at 20% or less HP
Cannot link Finishing Strike Link Rune"
,Spinning Dagger,기존,Throws a spinning dagger at enemies in its path to inflict damage. Throws the dagger again when Dual Wielding Weapons,"Attack, Strike, Physical, ProjectileCannot Multishot","Mana Cost 6
Triggers Immediately
Physical Element
Projectile Count 3
Projectile Speed 2400
Physical DMG 430%
Physical DMG +48
(마법 등급 효과) +50% Projectile DMG
(희귀 등급 효과) +100% Projectile DMG
(희귀 등급 효과) +15% Armor Penetration
(희귀 등급 효과) 10% Projectile DMG Amplification

(전설 등급 효과) +150% Projectile DMG
(전설 등급 효과) +30% Armor Penetration
(전설 등급 효과) 20% Projectile DMG Amplification
(전설 등급 효과) +2 Projectile Count","Mana Cost 21.5
Triggers Immediately
Physical Element
Projectile Count 3
Projectile Speed 2400
Physical DMG 810%
Physical DMG +394
(마법 등급 효과) +50% Projectile DMG
(희귀 등급 효과) +100% Projectile DMG
(희귀 등급 효과) +15% Armor Penetration
(희귀 등급 효과) 10% Projectile DMG Amplification

(전설 등급 효과) +150% Projectile DMG
(전설 등급 효과) +30% Armor Penetration
(전설 등급 효과) 20% Projectile DMG Amplification
(전설 등급 효과) +2 Projectile Count","+[1-3] Pierce Count
[1-3]% DMG Amplification per 1 Pierce(s)","+[1-2] Chain Count
[1-3]% DMG Amplification per 1 Chain(s)","Projectile Return
+[50-70]% Projectile Size
Projectile Return DMG [50-80]% Dampening
Pierces All
Cannot Split
Cannot Chain"
,,변경,Throws a spinning dagger at enemies in its path to inflict damage. Throws the dagger again when Dual Wielding Weapons,"Attack, Strike, Physical, ProjectileCannot Multishot","Mana Cost 6
Triggers Immediately
Physical Element
Projectile Count 3
Projectile Speed 2400
Physical DMG 430%
Physical DMG +48
(마법 등급 효과) +50% Projectile DMG
(희귀 등급 효과) +100% Projectile DMG
(희귀 등급 효과) +15% Armor Penetration
(희귀 등급 효과) 10% Projectile DMG Amplification

(전설 등급 효과) +150% Projectile DMG
(전설 등급 효과) +30% Armor Penetration
(전설 등급 효과) 20% Projectile DMG Amplification
(전설 등급 효과) +2 Projectile Count","Mana Cost 21.5
Triggers Immediately
Physical Element
Projectile Count 3
Projectile Speed 2400
Physical DMG 842%
Physical DMG +410
(마법 등급 효과) +50% Projectile DMG
(희귀 등급 효과) +100% Projectile DMG
(희귀 등급 효과) +15% Armor Penetration
(희귀 등급 효과) 10% Projectile DMG Amplification

(전설 등급 효과) +150% Projectile DMG
(전설 등급 효과) +30% Armor Penetration
(전설 등급 효과) 20% Projectile DMG Amplification
(전설 등급 효과) +2 Projectile Count","+[1-3] Pierce Count
[1-3]% DMG Amplification per 1 Pierce(s)","+[1-2] Chain Count
[1-3]% DMG Amplification per 1 Chain(s)","Projectile Return
+[50-70]% Projectile Size
Projectile Return DMG [50-80]% Dampening
Pierces All
Cannot Split
Cannot Chain"
,Illusion Strike,기존,Moves forward to inflict damage on enemies. Chance to inflict Status Effects on Strikes and Critical Hits,"Attack, Melee, Area of Effect, Strike, Physical, Movement","Mana Cost 5
Cooldown 5 s
Physical Element
+1 Max Use Count
+20% DMG Status Effect Chance
Area of Effect 200
Physical DMG 300%
Physical DMG +45
Gain Cause Injury effect for 3 s every hit
Max Stacks 10
+8 DMG Status Effect chance per stack
Shares Cooldowns between Offensive Movement Skills
(마법 등급 효과) +3% DMG Status Effect Chance
(마법 등급 효과) +20% Area of Effect
(희귀 등급 효과) +6% DMG Status Effect Chance
(희귀 등급 효과) +50% Area of Effect

(전설 등급 효과) +10% DMG Status Effect Chance
(전설 등급 효과) +80% Area of Effect
(전설 등급 효과) +1 Max Use Count","Mana Cost 25.4
Cooldown 3 s
Physical Element
+1 Max Use Count
+20% DMG Status Effect Chance
Area of Effect 200
Physical DMG 830%
Physical DMG +512
Gain Cause Injury effect for 3 s every hit
Max Stacks 10
+8 DMG Status Effect chance per stack
Shares Cooldowns between Offensive Movement Skills
(마법 등급 효과) +3% DMG Status Effect Chance
(마법 등급 효과) +20% Area of Effect
(희귀 등급 효과) +6% DMG Status Effect Chance
(희귀 등급 효과) +50% Area of Effect

(전설 등급 효과) +10% DMG Status Effect Chance
(전설 등급 효과) +80% Area of Effect
(전설 등급 효과) +1 Max Use Count","+2 Max Use Count
[5-10]% Skill Rune Cooldown Amplification","Illusion Strike's base Strike Range
increases 3 times
Guaranteed Critical Hit against enemies at full HP
+[10-15]% Movement Skill Rune Cooldown Recovery Speed","100% chance to inflict Exhaust effect for 3 s on Critical Hit
( 10% Armor Dampening, 15% Movement Speed Dampening )
+[30-60]% Exhaust Effect"
,,변경,Moves forward to inflict damage on enemies. Chance to inflict Status Effects on Strikes and Critical Hits,"Attack, Melee, Area of Effect, Strike, Physical, Movement","Mana Cost 5
Cooldown 5 s
Physical Element
+1 Max Use Count
+20% DMG Status Effect Chance
Area of Effect 200
Physical DMG 300%
Physical DMG +45
Gain Cause Injury effect for 3 s every hit
Max Stacks 10
+8 DMG Status Effect chance per stack
Shares Cooldowns between Offensive Movement Skills
(마법 등급 효과) +3% DMG Status Effect Chance
(마법 등급 효과) +20% Area of Effect
(희귀 등급 효과) +6% DMG Status Effect Chance
(희귀 등급 효과) +50% Area of Effect

(전설 등급 효과) +10% DMG Status Effect Chance
(전설 등급 효과) +80% Area of Effect
(전설 등급 효과) +1 Max Use Count","Mana Cost 25.4
Cooldown 3 s
Physical Element
+1 Max Use Count
+20% DMG Status Effect Chance
Area of Effect 200
Physical DMG 863%
Physical DMG +532
Gain Cause Injury effect for 3 s every hit
Max Stacks 10
+8 DMG Status Effect chance per stack
Shares Cooldowns between Offensive Movement Skills
(마법 등급 효과) +3% DMG Status Effect Chance
(마법 등급 효과) +20% Area of Effect
(희귀 등급 효과) +6% DMG Status Effect Chance
(희귀 등급 효과) +50% Area of Effect

(전설 등급 효과) +10% DMG Status Effect Chance
(전설 등급 효과) +80% Area of Effect
(전설 등급 효과) +1 Max Use Count","+2 Max Use Count
[5-10]% Skill Rune Cooldown Amplification","Illusion Strike's base Strike Range
increases 3 times
Guaranteed Critical Hit against enemies at full HP
+[10-15]% Movement Skill Rune Cooldown Recovery Speed","100% chance to inflict Exhaust effect for 3 s on Critical Hit
( 10% Armor Dampening, 15% Movement Speed Dampening )
+[30-60]% Exhaust Effect"
,Poison Area,기존,Temporarily forms a poisonous area to deal Poison DMG to enemies,"Spell, Area of Effect, DoT, Poison","Mana Cost 25
Cooldown 20 s
Poison Element
Area of Effect 350
+1 Max Use Count
Poison Area Duration 7 s
Poison DoT +8
Poison DoT 273%
2% Poison DMG Taken Increase
(마법 등급 효과) 10% DoT Amplification
(마법 등급 효과) +30% Area of Effect
(희귀 등급 효과) 20% DoT Amplification
(희귀 등급 효과) +80% Area of Effect

(전설 등급 효과) 30% DoT Amplification
(전설 등급 효과) +140% Area of Effect","Mana Cost 93
Cooldown 20 s
Poison Element
Area of Effect 350
+1 Max Use Count
Poison Area Duration 7 s
Poison DoT +350
Poison DoT 982%
18% Poison DMG Taken Increase
(마법 등급 효과) 10% DoT Amplification
(마법 등급 효과) +30% Area of Effect
(희귀 등급 효과) 20% DoT Amplification
(희귀 등급 효과) +80% Area of Effect

(전설 등급 효과) 30% DoT Amplification
(전설 등급 효과) +140% Area of Effect","+[13-18]% DoT Acceleration
+[25-35]% DoT",[10-15]% DoT Amplification,"+2 Max Use Count
+[10-30]% DoT"
,,변경,Temporarily forms a poisonous area to deal Poison DMG to enemies,"Spell, Area of Effect, DoT, Poison","Mana Cost 25
Cooldown 20 s
Poison Element
Area of Effect 350
+1 Max Use Count
Poison Area Duration 7 s
Poison DoT +8
Poison DoT 273%
2% Poison DMG Taken Increase
(마법 등급 효과) 10% DoT Amplification
(마법 등급 효과) +30% Area of Effect
(희귀 등급 효과) 20% DoT Amplification
(희귀 등급 효과) +80% Area of Effect

(전설 등급 효과) 30% DoT Amplification
(전설 등급 효과) +140% Area of Effect","Mana Cost 93
Cooldown 20 s
Poison Element
Area of Effect 350
+1 Max Use Count
Poison Area Duration 7 s
Poison DoT +364
Poison DoT 1021%
19% Poison DMG Taken Increase
(마법 등급 효과) 10% DoT Amplification
(마법 등급 효과) +30% Area of Effect
(희귀 등급 효과) 20% DoT Amplification
(희귀 등급 효과) +80% Area of Effect

(전설 등급 효과) 30% DoT Amplification
(전설 등급 효과) +140% Area of Effect","+[13-18]% DoT Acceleration
+[25-35]% DoT",[10-15]% DoT Amplification,"+2 Max Use Count
+[10-30]% DoT"
,Plague Spike,기존,"Fires Plague Spikes to deal Poison DMG to enemies. On hit, triggers Burst Plague that has a chance to apply a plague reducing the enemy's Element Resist and amplifying Poison DMG Taken.","Spell, Area of Effect, Strike, Poison, Projectile, Duration","Mana Cost 5
Triggers Immediately
Poison Element
Thorn Count 1
Poison DMG +35
Poison DMG 252%
Burst Plague on hit
30% DMG Dampening
Burst Plague Range 220
25% chance of Plague on Burst Plague hit
Plague Duration 4 s
10% Element Resist Dampening
10% Poison DMG Taken Amplification
(마법 등급 효과) +30% DMG
(희귀 등급 효과) +60% DMG
(희귀 등급 효과) 10% DMG Amplification
(희귀 등급 효과) +20% Area of Effect

(전설 등급 효과) +100% DMG
(전설 등급 효과) 20% DMG Amplification
(전설 등급 효과) +50% Area of Effect
(전설 등급 효과) 5% Cast Speed Amplification","Mana Cost 22
Triggers Immediately
Poison Element
Thorn Count 1
Poison DMG +132
Poison DMG 462%
Burst Plague on hit
30% DMG Dampening
Burst Plague Range 220
25% chance of Plague on Burst Plague hit
Plague Duration 4 s
10% Element Resist Dampening
10% Poison DMG Taken Amplification
(마법 등급 효과) +30% DMG
(희귀 등급 효과) +60% DMG
(희귀 등급 효과) 10% DMG Amplification
(희귀 등급 효과) +20% Area of Effect

(전설 등급 효과) +100% DMG
(전설 등급 효과) 20% DMG Amplification
(전설 등급 효과) +50% Area of Effect
(전설 등급 효과) 5% Cast Speed Amplification","+[1-3] Pierce Count
+[30-50]% Projectile DMG","+2 Projectile Count
+[30-50]% Projectile DMG","Gain Element DMG Amplification Link Rune Effect
[20-26]% Element DMG Amplification
Cannot link Element DMG Amplification Link Rune"
,,변경,"Fires Plague Spikes to deal Poison DMG to enemies. On hit, triggers Burst Plague that has a chance to apply a plague reducing the enemy's Element Resist and amplifying Poison DMG Taken.","Spell, Area of Effect, Strike, Poison, Projectile, Duration","Mana Cost 5
Triggers Immediately
Poison Element
Thorn Count 1
Poison DMG +35
Poison DMG 252%
Burst Plague on hit
30% DMG Dampening
Burst Plague Range 220
25% chance of Plague on Burst Plague hit
Plague Duration 4 s
10% Element Resist Dampening
10% Poison DMG Taken Amplification
(마법 등급 효과) +30% DMG
(희귀 등급 효과) +60% DMG
(희귀 등급 효과) 10% DMG Amplification
(희귀 등급 효과) +20% Area of Effect

(전설 등급 효과) +100% DMG
(전설 등급 효과) 20% DMG Amplification
(전설 등급 효과) +50% Area of Effect
(전설 등급 효과) 5% Cast Speed Amplification","Mana Cost 22
Triggers Immediately
Poison Element
Thorn Count 1
Poison DMG +137
Poison DMG 480%
Burst Plague on hit
30% DMG Dampening
Burst Plague Range 220
25% chance of Plague on Burst Plague hit
Plague Duration 4 s
10% Element Resist Dampening
10% Poison DMG Taken Amplification
(마법 등급 효과) +30% DMG
(희귀 등급 효과) +60% DMG
(희귀 등급 효과) 10% DMG Amplification
(희귀 등급 효과) +20% Area of Effect

(전설 등급 효과) +100% DMG
(전설 등급 효과) 20% DMG Amplification
(전설 등급 효과) +50% Area of Effect
(전설 등급 효과) 5% Cast Speed Amplification","+[1-3] Pierce Count
+[30-50]% Projectile DMG","+2 Projectile Count
+[30-50]% Projectile DMG","Gain Element DMG Amplification Link Rune Effect
[20-26]% Element DMG Amplification
Cannot link Element DMG Amplification Link Rune"
,Frost Bomb,기존,"Places a Frost Bomb that explodes after a period of time. Upon explosion, launches Ice Shards that deal Cold DMG to enemies.","Spell, Strike, Cold, ProjectileCannot use Parallel Shot, Cannot Split","Mana Cost 5
Triggers Immediately
Cold Element
Cannot Pierce
Shard Count 6
Frost Shard Speed 2500
Frost Shard DMG 462%
Frost Shard DMG +38
+20% Chill Chance
+50% DMG Multiplier against Chilled enemies
(마법 등급 효과) +10% Projectile Speed
(마법 등급 효과) +10% Chill Chance
(마법 등급 효과) +50% DMG Multiplier against Chilled enemies
(희귀 등급 효과) +10% Projectile Speed
(희귀 등급 효과) +20% Chill Chance
(희귀 등급 효과) +100% DMG Multiplier against Chilled enemies
(희귀 등급 효과) +1 Projectile Count

(전설 등급 효과) +15% Projectile Speed
(전설 등급 효과) +30% Chill Chance
(전설 등급 효과) +150% DMG Multiplier against Chilled enemies
(전설 등급 효과) +2 Projectile Count","Mana Cost 22
Triggers Immediately
Cold Element
Cannot Pierce
Shard Count 9
Frost Shard Speed 2500
Frost Shard DMG 1082%
Frost Shard DMG +1388
+20% Chill Chance
+50% DMG Multiplier against Chilled enemies
(마법 등급 효과) +10% Projectile Speed
(마법 등급 효과) +10% Chill Chance
(마법 등급 효과) +50% DMG Multiplier against Chilled enemies
(희귀 등급 효과) +10% Projectile Speed
(희귀 등급 효과) +20% Chill Chance
(희귀 등급 효과) +100% DMG Multiplier against Chilled enemies
(희귀 등급 효과) +1 Projectile Count

(전설 등급 효과) +15% Projectile Speed
(전설 등급 효과) +30% Chill Chance
(전설 등급 효과) +150% DMG Multiplier against Chilled enemies
(전설 등급 효과) +2 Projectile Count","+[30-50] Chill Rate
+[30-50]% Chill Effect
+[20-30]-[40-60] Cold DMG against Chilled enemies","60% Strike DMG Multiplier Dampening
[450-500]% Additional Skill DMG Amplification","+[30-50] Freeze Rate
[10-20]% DMG Amplification against Frozen enemies
[5-10]% DMG Amplification against enemies that are not affected by Cold Status Effect"
,,변경,"Places a Frost Bomb that explodes after a period of time. Upon explosion, launches Ice Shards that deal Cold DMG to enemies.","Spell, Strike, Cold, ProjectileCannot use Parallel Shot, Cannot Split","Mana Cost 5
Triggers Immediately
Cold Element
Cannot Pierce
Shard Count 6
Frost Shard Speed 2500
Frost Shard DMG 462%
Frost Shard DMG +38
+20% Chill Chance
+50% DMG Multiplier against Chilled enemies
(마법 등급 효과) +10% Projectile Speed
(마법 등급 효과) +10% Chill Chance
(마법 등급 효과) +50% DMG Multiplier against Chilled enemies
(희귀 등급 효과) +10% Projectile Speed
(희귀 등급 효과) +20% Chill Chance
(희귀 등급 효과) +100% DMG Multiplier against Chilled enemies
(희귀 등급 효과) +1 Projectile Count

(전설 등급 효과) +15% Projectile Speed
(전설 등급 효과) +30% Chill Chance
(전설 등급 효과) +150% DMG Multiplier against Chilled enemies
(전설 등급 효과) +2 Projectile Count","Mana Cost 22
Triggers Immediately
Cold Element
Cannot Pierce
Shard Count 9
Frost Shard Speed 2500
Frost Shard DMG 1125%
Frost Shard DMG +1444
+20% Chill Chance
+50% DMG Multiplier against Chilled enemies
(마법 등급 효과) +10% Projectile Speed
(마법 등급 효과) +10% Chill Chance
(마법 등급 효과) +50% DMG Multiplier against Chilled enemies
(희귀 등급 효과) +10% Projectile Speed
(희귀 등급 효과) +20% Chill Chance
(희귀 등급 효과) +100% DMG Multiplier against Chilled enemies
(희귀 등급 효과) +1 Projectile Count

(전설 등급 효과) +15% Projectile Speed
(전설 등급 효과) +30% Chill Chance
(전설 등급 효과) +150% DMG Multiplier against Chilled enemies
(전설 등급 효과) +2 Projectile Count","+[30-50] Chill Rate
+[30-50]% Chill Effect
+[20-30]-[40-60] Cold DMG against Chilled enemies","60% Strike DMG Multiplier Dampening
[450-500]% Additional Skill DMG Amplification","+[30-50] Freeze Rate
[10-20]% DMG Amplification against Frozen enemies
[5-10]% DMG Amplification against enemies that are not affected by Cold Status Effect"
,Thunderbolt,기존,Calls down lightning in front and around the caster to deal damage to enemies,"Spell, Area of Effect, Strike, Lightning, Projectile, Toggle, Toggle DMGCannot Multishot, Cannot use Parallel Shot, Cannot Pierce, Cannot Split, Cannot Chain","15% Resource Cost Amplification
Cooldown 2 s
Lightning Element
Strike Lightning Bolt every 1 s
Lightning Bolt Count 1
Lightning Bolt Explosion Range 100
Lightning DMG 220%
Lightning DMG +80
+33% Shock Chance
Apply Shock as 50% Amplified DMG
+10% Bind Chance
+100 Bind Rate on Critical Hit
(마법 등급 효과) +2% Shock Chance
(희귀 등급 효과) +5% Shock Chance

(전설 등급 효과) +9% Shock Chance","15% Resource Cost Amplification
Cooldown 2 s
Lightning Element
Strike Lightning Bolt every 1 s
Lightning Bolt Count 1
Lightning Bolt Explosion Range 144
Lightning DMG 312%
Lightning DMG +910
+33% Shock Chance
Apply Shock as 50% Amplified DMG
+10% Bind Chance
+100 Bind Rate on Critical Hit
(마법 등급 효과) +2% Shock Chance
(희귀 등급 효과) +5% Shock Chance

(전설 등급 효과) +9% Shock Chance","+[1-2] Projectile Count
+[50-60]% Projectile DMG","+[10-15]% Shock Dodge Chance
+[10-15]% Bind Dodge Chance","+[10-20]% Shock Chance
+[20-30]% Shock Effect"
,,변경,Calls down lightning in front and around the caster to deal damage to enemies,"Spell, Area of Effect, Strike, Lightning, Projectile, Toggle, Toggle DMGCannot Multishot, Cannot use Parallel Shot, Cannot Pierce, Cannot Split, Cannot Chain","15% Resource Cost Amplification
Cooldown 2 s
Lightning Element
Strike Lightning Bolt every 1 s
Lightning Bolt Count 1
Lightning Bolt Explosion Range 100
Lightning DMG 220%
Lightning DMG +80
+33% Shock Chance
Apply Shock as 50% Amplified DMG
+10% Bind Chance
+100 Bind Rate on Critical Hit
(마법 등급 효과) +2% Shock Chance
(희귀 등급 효과) +5% Shock Chance

(전설 등급 효과) +9% Shock Chance","15% Resource Cost Amplification
Cooldown 2 s
Lightning Element
Strike Lightning Bolt every 1 s
Lightning Bolt Count 1
Lightning Bolt Explosion Range 144
Lightning DMG 324%
Lightning DMG +946
+33% Shock Chance
Apply Shock as 50% Amplified DMG
+10% Bind Chance
+100 Bind Rate on Critical Hit
(마법 등급 효과) +2% Shock Chance
(희귀 등급 효과) +5% Shock Chance

(전설 등급 효과) +9% Shock Chance","+[1-2] Projectile Count
+[50-60]% Projectile DMG","+[10-15]% Shock Dodge Chance
+[10-15]% Bind Dodge Chance","+[10-20]% Shock Chance
+[20-30]% Shock Effect"
,Piercing Sentry,기존,"Piercing Sentry has the Strike, Physical, Projectile tags.
Summons a Sentry that deals Physical DMG by firing arrows that Pierce enemies.
Has a maintenance cost upon summoning","Attack, SentryCannot use Parallel Shot, Cannot Split, Cannot Chain","Mana Cost 15
Triggers Immediately
Physical Element
Sentry Level 1
Sentry Duration 16 s
Sentry Count 1
Max Sentry Count 2
Projectile Count 1
Projectile Speed 3000
Pierces All
Physical DMG 114%
+90 Bleed Rate
+0.5% Sentry HP
+1 Sentry Critical Rate
(마법 등급 효과) +20% Sentry HP
(마법 등급 효과) +100% Sentry DMG against enemies affected by DoT
(희귀 등급 효과) +40% Sentry HP
(희귀 등급 효과) +150% Sentry DMG against enemies affected by DoT
(희귀 등급 효과) 15% Sentry DMG Amplification

(전설 등급 효과) +40% Sentry HP
(전설 등급 효과) +200% Sentry DMG against enemies affected by DoT
(전설 등급 효과) +1 Simultaneous Sentry Count
(전설 등급 효과) 30% Sentry DMG Amplification","Mana Cost 49
Triggers Immediately
Physical Element
Sentry Level 110
Sentry Duration 16 s
Sentry Count 1
Max Sentry Count 2
Projectile Count 1
Projectile Speed 3000
Pierces All
Physical DMG 278%
+90 Bleed Rate
+56.8% Sentry HP
+19 Sentry Critical Rate
(마법 등급 효과) +20% Sentry HP
(마법 등급 효과) +100% Sentry DMG against enemies affected by DoT
(희귀 등급 효과) +40% Sentry HP
(희귀 등급 효과) +150% Sentry DMG against enemies affected by DoT
(희귀 등급 효과) 15% Sentry DMG Amplification

(전설 등급 효과) +40% Sentry HP
(전설 등급 효과) +200% Sentry DMG against enemies affected by DoT
(전설 등급 효과) +1 Simultaneous Sentry Count
(전설 등급 효과) 30% Sentry DMG Amplification","+[30-50]% Sentry Duration
+[10-20]% Sentry Attack Speed for 5 s upon summoning Sentry
[15-25]% Sentry DMG Amplification 5 s after summoning Sentry","+[1-2] Simultaneous Summon Count
+3% Sentry Armor Penetration per summoned Sentry","+[50-100]% Sentry DMG
+[20-30] Sentry Bleed Rate"
,,변경,"Piercing Sentry has the Strike, Physical, Projectile tags.
Summons a Sentry that deals Physical DMG by firing arrows that Pierce enemies.
Has a maintenance cost upon summoning","Attack, SentryCannot use Parallel Shot, Cannot Split, Cannot Chain","Mana Cost 15
Triggers Immediately
Physical Element
Sentry Level 1
Sentry Duration 16 s
Sentry Count 1
Max Sentry Count 2
Projectile Count 1
Projectile Speed 3000
Pierces All
Physical DMG 114%
+90 Bleed Rate
+0.5% Sentry HP
+1 Sentry Critical Rate
(마법 등급 효과) +20% Sentry HP
(마법 등급 효과) +100% Sentry DMG against enemies affected by DoT
(희귀 등급 효과) +40% Sentry HP
(희귀 등급 효과) +150% Sentry DMG against enemies affected by DoT
(희귀 등급 효과) 15% Sentry DMG Amplification

(전설 등급 효과) +40% Sentry HP
(전설 등급 효과) +200% Sentry DMG against enemies affected by DoT
(전설 등급 효과) +1 Simultaneous Sentry Count
(전설 등급 효과) 30% Sentry DMG Amplification","Mana Cost 49
Triggers Immediately
Physical Element
Sentry Level 110
Sentry Duration 16 s
Sentry Count 1
Max Sentry Count 2
Projectile Count 1
Projectile Speed 3000
Pierces All
Physical DMG 277%
+90 Bleed Rate
+56.8% Sentry HP
+19 Sentry Critical Rate
(마법 등급 효과) +20% Sentry HP
(마법 등급 효과) +100% Sentry DMG against enemies affected by DoT
(희귀 등급 효과) +40% Sentry HP
(희귀 등급 효과) +150% Sentry DMG against enemies affected by DoT
(희귀 등급 효과) 15% Sentry DMG Amplification

(전설 등급 효과) +40% Sentry HP
(전설 등급 효과) +200% Sentry DMG against enemies affected by DoT
(전설 등급 효과) +1 Simultaneous Sentry Count
(전설 등급 효과) 30% Sentry DMG Amplification","+[30-50]% Sentry Duration
+[10-20]% Sentry Attack Speed for 5 s upon summoning Sentry
[15-25]% Sentry DMG Amplification 5 s after summoning Sentry","+[1-2] Simultaneous Summon Count
+3% Sentry Armor Penetration per summoned Sentry","+[50-100]% Sentry DMG
+[20-30] Sentry Bleed Rate"
,Fan Blade Sentry,기존,"Fan Blade Sentry has the Strike, Physical, Projectile tags.
Summons a Sentry that deals Physical DMG by firing multiple arrows over a wide area.
Has a maintenance cost upon summoning","Attack, SentryCannot use Parallel Shot","Mana Cost 15
Triggers Immediately
Physical Element
Sentry Level 1
Sentry Duration 16 s
Sentry Count 1
Max Sentry Count 2
Projectile Count 3
Projectile Speed 3000
Physical DMG 121%
+0.5% Sentry HP
+1 Sentry Critical Rate
+50% Attack Critical DMG
(마법 등급 효과) +20% Sentry HP
(마법 등급 효과) +2 Sentry Projectile Count
(희귀 등급 효과) +40% Sentry HP
(희귀 등급 효과) +2 Sentry Projectile Count
(희귀 등급 효과) 15% Sentry DMG Amplification

(전설 등급 효과) +40% Sentry HP
(전설 등급 효과) +4 Sentry Projectile Count
(전설 등급 효과) +1 Simultaneous Sentry Count
(전설 등급 효과) 30% Sentry DMG Amplification","Mana Cost 49
Triggers Immediately
Physical Element
Sentry Level 110
Sentry Duration 16 s
Sentry Count 1
Max Sentry Count 2
Projectile Count 3
Projectile Speed 3000
Physical DMG 278%
+56.8% Sentry HP
+19 Sentry Critical Rate
+50% Attack Critical DMG
(마법 등급 효과) +20% Sentry HP
(마법 등급 효과) +2 Sentry Projectile Count
(희귀 등급 효과) +40% Sentry HP
(희귀 등급 효과) +2 Sentry Projectile Count
(희귀 등급 효과) 15% Sentry DMG Amplification

(전설 등급 효과) +40% Sentry HP
(전설 등급 효과) +4 Sentry Projectile Count
(전설 등급 효과) +1 Simultaneous Sentry Count
(전설 등급 효과) 30% Sentry DMG Amplification","+[30-50]% Sentry Duration
+[4-6]% Attack Speed (Max:  50%) every 2 s
+[4-6]% Armor Penetration (Max:  50%) every 2 s","+[1-2] Simultaneous Summon Count
+5% Sentry DMG per summoned Sentry","+2 Sentry Projectile Count
+[60-80]% Sentry DMG"
,,변경,"Fan Blade Sentry has the Strike, Physical, Projectile tags.
Summons a Sentry that deals Physical DMG by firing multiple arrows over a wide area.
Has a maintenance cost upon summoning","Attack, SentryCannot use Parallel Shot","Mana Cost 15
Triggers Immediately
Physical Element
Sentry Level 1
Sentry Duration 16 s
Sentry Count 1
Max Sentry Count 2
Projectile Count 3
Projectile Speed 3000
Physical DMG 121%
+0.5% Sentry HP
+1 Sentry Critical Rate
+50% Attack Critical DMG
(마법 등급 효과) +20% Sentry HP
(마법 등급 효과) +2 Sentry Projectile Count
(희귀 등급 효과) +40% Sentry HP
(희귀 등급 효과) +2 Sentry Projectile Count
(희귀 등급 효과) 15% Sentry DMG Amplification

(전설 등급 효과) +40% Sentry HP
(전설 등급 효과) +4 Sentry Projectile Count
(전설 등급 효과) +1 Simultaneous Sentry Count
(전설 등급 효과) 30% Sentry DMG Amplification","Mana Cost 49
Triggers Immediately
Physical Element
Sentry Level 110
Sentry Duration 16 s
Sentry Count 1
Max Sentry Count 2
Projectile Count 3
Projectile Speed 3000
Physical DMG 277%
+56.8% Sentry HP
+19 Sentry Critical Rate
+50% Attack Critical DMG
(마법 등급 효과) +20% Sentry HP
(마법 등급 효과) +2 Sentry Projectile Count
(희귀 등급 효과) +40% Sentry HP
(희귀 등급 효과) +2 Sentry Projectile Count
(희귀 등급 효과) 15% Sentry DMG Amplification

(전설 등급 효과) +40% Sentry HP
(전설 등급 효과) +4 Sentry Projectile Count
(전설 등급 효과) +1 Simultaneous Sentry Count
(전설 등급 효과) 30% Sentry DMG Amplification","+[30-50]% Sentry Duration
+[4-6]% Attack Speed (Max:  50%) every 2 s
+[4-6]% Armor Penetration (Max:  50%) every 2 s","+[1-2] Simultaneous Summon Count
+5% Sentry DMG per summoned Sentry","+2 Sentry Projectile Count
+[60-80]% Sentry DMG"
,Electric Sentry,기존,"Electric Sentry has the Strike, Lightning, Projectile tags.
Summons a Sentry that continuously fires Lightning arrows that Chain upon hitting enemies.
Has a maintenance cost upon summoning.","Attack, SentryCannot use Parallel Shot, Cannot Split","Mana Cost 15
Triggers Immediately
Lightning Element
Sentry Level 1
Sentry Duration 16 s
Sentry Count 1
Max Sentry Count 2
Projectile Count 2
Projectile Speed 3000
Cannot Pierce
Lightning DMG 90%
+45 Shock Rate
5% DMG Dampening when hitting the same target repeatedly
+0.5% Sentry HP
+1 Sentry Critical Rate
(마법 등급 효과) +20% Sentry HP
(마법 등급 효과) +100% Sentry DMG against Debuffed enemies
(희귀 등급 효과) +40% Sentry HP
(희귀 등급 효과) +150% Sentry DMG against Debuffed enemies
(희귀 등급 효과) 15% Sentry DMG Amplification

(전설 등급 효과) +40% Sentry HP
(전설 등급 효과) +200% Sentry DMG against Debuffed enemies
(전설 등급 효과) +1 Simultaneous Sentry Count
(전설 등급 효과) 30% Sentry DMG Amplification","Mana Cost 49
Triggers Immediately
Lightning Element
Sentry Level 110
Sentry Duration 16 s
Sentry Count 1
Max Sentry Count 2
Projectile Count 6
Projectile Speed 3000
Cannot Pierce
Lightning DMG 220%
+45 Shock Rate
5% DMG Dampening when hitting the same target repeatedly
+56.8% Sentry HP
+19 Sentry Critical Rate
(마법 등급 효과) +20% Sentry HP
(마법 등급 효과) +100% Sentry DMG against Debuffed enemies
(희귀 등급 효과) +40% Sentry HP
(희귀 등급 효과) +150% Sentry DMG against Debuffed enemies
(희귀 등급 효과) 15% Sentry DMG Amplification

(전설 등급 효과) +40% Sentry HP
(전설 등급 효과) +200% Sentry DMG against Debuffed enemies
(전설 등급 효과) +1 Simultaneous Sentry Count
(전설 등급 효과) 30% Sentry DMG Amplification","+[30-50]% Sentry Duration
[80-90]% Lightning DMG Taken by Sentry Dampening
[10-25]% Lightning DMG Amplification Sentry for 3 s when Sentry is Shocked
Deals Lightning DMG to self with a +50% chance to Shock when Sentry inflicts Shock
Sentry Lightning DMG dealt to self 100%","+[1-2] Simultaneous Summon Count
+2% Sentry Critical DMG per summoned Sentry","+[20-40] Sentry Shock Rate
+[32-40]% Sentry Hit Rate
+[9-11] Sentry Critical Rate"
,,변경,"Electric Sentry has the Strike, Lightning, Projectile tags.
Summons a Sentry that continuously fires Lightning arrows that Chain upon hitting enemies.
Has a maintenance cost upon summoning.","Attack, SentryCannot use Parallel Shot, Cannot Split","Mana Cost 15
Triggers Immediately
Lightning Element
Sentry Level 1
Sentry Duration 16 s
Sentry Count 1
Max Sentry Count 2
Projectile Count 2
Projectile Speed 3000
Cannot Pierce
Lightning DMG 90%
+45 Shock Rate
5% DMG Dampening when hitting the same target repeatedly
+0.5% Sentry HP
+1 Sentry Critical Rate
(마법 등급 효과) +20% Sentry HP
(마법 등급 효과) +100% Sentry DMG against Debuffed enemies
(희귀 등급 효과) +40% Sentry HP
(희귀 등급 효과) +150% Sentry DMG against Debuffed enemies
(희귀 등급 효과) 15% Sentry DMG Amplification

(전설 등급 효과) +40% Sentry HP
(전설 등급 효과) +200% Sentry DMG against Debuffed enemies
(전설 등급 효과) +1 Simultaneous Sentry Count
(전설 등급 효과) 30% Sentry DMG Amplification","Mana Cost 49
Triggers Immediately
Lightning Element
Sentry Level 110
Sentry Duration 16 s
Sentry Count 1
Max Sentry Count 2
Projectile Count 6
Projectile Speed 3000
Cannot Pierce
Lightning DMG 218%
+45 Shock Rate
5% DMG Dampening when hitting the same target repeatedly
+56.8% Sentry HP
+19 Sentry Critical Rate
(마법 등급 효과) +20% Sentry HP
(마법 등급 효과) +100% Sentry DMG against Debuffed enemies
(희귀 등급 효과) +40% Sentry HP
(희귀 등급 효과) +150% Sentry DMG against Debuffed enemies
(희귀 등급 효과) 15% Sentry DMG Amplification

(전설 등급 효과) +40% Sentry HP
(전설 등급 효과) +200% Sentry DMG against Debuffed enemies
(전설 등급 효과) +1 Simultaneous Sentry Count
(전설 등급 효과) 30% Sentry DMG Amplification","+[30-50]% Sentry Duration
[80-90]% Lightning DMG Taken by Sentry Dampening
[10-25]% Lightning DMG Amplification Sentry for 3 s when Sentry is Shocked
Deals Lightning DMG to self with a +50% chance to Shock when Sentry inflicts Shock
Sentry Lightning DMG dealt to self 100%","+[1-2] Simultaneous Summon Count
+2% Sentry Critical DMG per summoned Sentry","+[20-40] Sentry Shock Rate
+[32-40]% Sentry Hit Rate
+[9-11] Sentry Critical Rate"
,Summon Fire Orb Abyssling,기존,"Fire Orb Abyssling has the Spell, Strike, Range, Area of Effect, Fire, Projectile tags.
Summons an Abyssling that deals damage by throwing Fire Orbs.
Has a maintenance cost upon summoning","Spell, Minion, AbysslingCannot use Parallel Shot, Cannot Split","Mana Cost 27
Cooldown 3 s
Fire Element
Summon Level 1
Summon Count 1
Max Summon Count 2
Summon Duration 30 s
Fire Orb Count 2
Explosion Range 250
Basic Attack DMG 115%
Additional Fire Orb Count 4
Explosion Range 180
Basic Attack DMG 115%
+1 Minion Critical Rate
+0.5% Abyssling HP
+20 Abyssling Burn Rate
20% DMG Amplification against Burning enemies
(마법 등급 효과) +30% Abyssling HP
(마법 등급 효과) +50% Abyssling DMG against enemies affected by DoT
(희귀 등급 효과) +50% Abyssling HP
(희귀 등급 효과) +100% Abyssling DMG against enemies affected by DoT
(희귀 등급 효과) +1 Abyssling Projectile Count
(희귀 등급 효과) 10% Abyssling DMG Amplification

(전설 등급 효과) +110% Abyssling HP
(전설 등급 효과) +150% Abyssling DMG against enemies affected by DoT
(전설 등급 효과) +2 Abyssling Projectile Count
(전설 등급 효과) 30% Abyssling DMG Amplification","Mana Cost 95
Cooldown 3 s
Fire Element
Summon Level 110
Summon Count 1
Max Summon Count 2
Summon Duration 74 s
Fire Orb Count 2
Explosion Range 250
Basic Attack DMG 305%
Additional Fire Orb Count 4
Explosion Range 180
Basic Attack DMG 305%
+19 Minion Critical Rate
+56.8% Abyssling HP
+50 Abyssling Burn Rate
20% DMG Amplification against Burning enemies
(마법 등급 효과) +30% Abyssling HP
(마법 등급 효과) +50% Abyssling DMG against enemies affected by DoT
(희귀 등급 효과) +50% Abyssling HP
(희귀 등급 효과) +100% Abyssling DMG against enemies affected by DoT
(희귀 등급 효과) +1 Abyssling Projectile Count
(희귀 등급 효과) 10% Abyssling DMG Amplification

(전설 등급 효과) +110% Abyssling HP
(전설 등급 효과) +150% Abyssling DMG against enemies affected by DoT
(전설 등급 효과) +2 Abyssling Projectile Count
(전설 등급 효과) 30% Abyssling DMG Amplification","Amplifies Minion Max HP by [8-15]%
+[30-50]% Skill Rune Cooldown Recovery Speed",+[1-2] Abyssling Projectile Count,"+[30-40] Abyssling Burn Rate
+[40-52]% Abyssling DMG against Burning enemies"
,,변경,"Fire Orb Abyssling has the Spell, Strike, Range, Area of Effect, Fire, Projectile tags.
Summons an Abyssling that deals damage by throwing Fire Orbs.
Has a maintenance cost upon summoning","Spell, Minion, AbysslingCannot use Parallel Shot, Cannot Split","Mana Cost 27
Cooldown 3 s
Fire Element
Summon Level 1
Summon Count 1
Max Summon Count 2
Summon Duration 30 s
Fire Orb Count 2
Explosion Range 250
Basic Attack DMG 115%
Additional Fire Orb Count 4
Explosion Range 180
Basic Attack DMG 115%
+1 Minion Critical Rate
+0.5% Abyssling HP
+20 Abyssling Burn Rate
20% DMG Amplification against Burning enemies
(마법 등급 효과) +30% Abyssling HP
(마법 등급 효과) +50% Abyssling DMG against enemies affected by DoT
(희귀 등급 효과) +50% Abyssling HP
(희귀 등급 효과) +100% Abyssling DMG against enemies affected by DoT
(희귀 등급 효과) +1 Abyssling Projectile Count
(희귀 등급 효과) 10% Abyssling DMG Amplification

(전설 등급 효과) +110% Abyssling HP
(전설 등급 효과) +150% Abyssling DMG against enemies affected by DoT
(전설 등급 효과) +2 Abyssling Projectile Count
(전설 등급 효과) 30% Abyssling DMG Amplification","Mana Cost 95
Cooldown 3 s
Fire Element
Summon Level 110
Summon Count 1
Max Summon Count 2
Summon Duration 74 s
Fire Orb Count 2
Explosion Range 250
Basic Attack DMG 317%
Additional Fire Orb Count 4
Explosion Range 180
Basic Attack DMG 317%
+19 Minion Critical Rate
+56.8% Abyssling HP
+50 Abyssling Burn Rate
20% DMG Amplification against Burning enemies
(마법 등급 효과) +30% Abyssling HP
(마법 등급 효과) +50% Abyssling DMG against enemies affected by DoT
(희귀 등급 효과) +50% Abyssling HP
(희귀 등급 효과) +100% Abyssling DMG against enemies affected by DoT
(희귀 등급 효과) +1 Abyssling Projectile Count
(희귀 등급 효과) 10% Abyssling DMG Amplification

(전설 등급 효과) +110% Abyssling HP
(전설 등급 효과) +150% Abyssling DMG against enemies affected by DoT
(전설 등급 효과) +2 Abyssling Projectile Count
(전설 등급 효과) 30% Abyssling DMG Amplification","Amplifies Minion Max HP by [8-15]%
+[30-50]% Skill Rune Cooldown Recovery Speed",+[1-2] Abyssling Projectile Count,"+[30-40] Abyssling Burn Rate
+[40-52]% Abyssling DMG against Burning enemies"
,Summon Poison Arrow Abyssling,기존,"Poison Arrow Abyssling has the Spell, Strike, Poison, Projectile tags.
Summons an Abyssling that fires Poison Arrows which explode to create a Toxic Zone.
Has a maintenance cost upon summoning.","Spell, Minion, AbysslingCannot use Parallel Shot, Cannot Split","Mana Cost 27
Cooldown 3 s
Poison Element
Summon Level 1
Summon Count 1
Max Summon Count 2
Summon Duration 30 s
Poison Arrow Projectile Count 3
Poison Arrow Radius 300
Poison Arrow Poison DMG 110%
Toxic Area Range 400
Toxic Area Poison DMG 83%
+1 Minion Critical Rate
+0.5% Abyssling HP
+20 Abyssling Venom Rate
20% DMG Amplification against enemies affected by Venom
(마법 등급 효과) +30% Abyssling HP
(마법 등급 효과) +25% Abyssling DMG against enemies affected by DoT
(희귀 등급 효과) +50% Abyssling HP
(희귀 등급 효과) +50% Abyssling DMG against enemies affected by DoT
(희귀 등급 효과) 10% Abyssling DMG Amplification

(전설 등급 효과) +110% Abyssling HP
(전설 등급 효과) +75% Abyssling DMG against enemies affected by DoT
(전설 등급 효과) 30% Abyssling DMG Amplification
(전설 등급 효과) +1 Abyssling Projectile Count","Mana Cost 95
Cooldown 3 s
Poison Element
Summon Level 110
Summon Count 1
Max Summon Count 2
Summon Duration 74 s
Poison Arrow Projectile Count 3
Poison Arrow Radius 300
Poison Arrow Poison DMG 291%
Toxic Area Range 400
Toxic Area Poison DMG 217%
+19 Minion Critical Rate
+56.8% Abyssling HP
+50 Abyssling Venom Rate
20% DMG Amplification against enemies affected by Venom
(마법 등급 효과) +30% Abyssling HP
(마법 등급 효과) +25% Abyssling DMG against enemies affected by DoT
(희귀 등급 효과) +50% Abyssling HP
(희귀 등급 효과) +50% Abyssling DMG against enemies affected by DoT
(희귀 등급 효과) 10% Abyssling DMG Amplification

(전설 등급 효과) +110% Abyssling HP
(전설 등급 효과) +75% Abyssling DMG against enemies affected by DoT
(전설 등급 효과) 30% Abyssling DMG Amplification
(전설 등급 효과) +1 Abyssling Projectile Count","Amplifies Minion Max HP by [8-15]%
+[30-50]% Skill Rune Cooldown Recovery Speed","+[15-20]% Abyssling Cast Speed
+[40-52]% Abyssling DMG","+1 Abyssling Projectile Count
+[20-30] Abyssling Venom Rate"
,,변경,"Poison Arrow Abyssling has the Spell, Strike, Poison, Projectile tags.
Summons an Abyssling that fires Poison Arrows which explode to create a Toxic Zone.
Has a maintenance cost upon summoning.","Spell, Minion, AbysslingCannot use Parallel Shot, Cannot Split","Mana Cost 27
Cooldown 3 s
Poison Element
Summon Level 1
Summon Count 1
Max Summon Count 2
Summon Duration 30 s
Poison Arrow Projectile Count 3
Poison Arrow Radius 300
Poison Arrow Poison DMG 110%
Toxic Area Range 400
Toxic Area Poison DMG 83%
+1 Minion Critical Rate
+0.5% Abyssling HP
+20 Abyssling Venom Rate
20% DMG Amplification against enemies affected by Venom
(마법 등급 효과) +30% Abyssling HP
(마법 등급 효과) +25% Abyssling DMG against enemies affected by DoT
(희귀 등급 효과) +50% Abyssling HP
(희귀 등급 효과) +50% Abyssling DMG against enemies affected by DoT
(희귀 등급 효과) 10% Abyssling DMG Amplification

(전설 등급 효과) +110% Abyssling HP
(전설 등급 효과) +75% Abyssling DMG against enemies affected by DoT
(전설 등급 효과) 30% Abyssling DMG Amplification
(전설 등급 효과) +1 Abyssling Projectile Count","Mana Cost 95
Cooldown 3 s
Poison Element
Summon Level 110
Summon Count 1
Max Summon Count 2
Summon Duration 74 s
Poison Arrow Projectile Count 3
Poison Arrow Radius 300
Poison Arrow Poison DMG 303%
Toxic Area Range 400
Toxic Area Poison DMG 226%
+19 Minion Critical Rate
+56.8% Abyssling HP
+50 Abyssling Venom Rate
20% DMG Amplification against enemies affected by Venom
(마법 등급 효과) +30% Abyssling HP
(마법 등급 효과) +25% Abyssling DMG against enemies affected by DoT
(희귀 등급 효과) +50% Abyssling HP
(희귀 등급 효과) +50% Abyssling DMG against enemies affected by DoT
(희귀 등급 효과) 10% Abyssling DMG Amplification

(전설 등급 효과) +110% Abyssling HP
(전설 등급 효과) +75% Abyssling DMG against enemies affected by DoT
(전설 등급 효과) 30% Abyssling DMG Amplification
(전설 등급 효과) +1 Abyssling Projectile Count","Amplifies Minion Max HP by [8-15]%
+[30-50]% Skill Rune Cooldown Recovery Speed","+[15-20]% Abyssling Cast Speed
+[40-52]% Abyssling DMG","+1 Abyssling Projectile Count
+[20-30] Abyssling Venom Rate"
,Summon Lightning Arrow Abyssling,기존,"Lightning Arrow Abyssling has the Spell, Strike, Lightning, Projectile tags.
Summons an Abyssling that fires Lightning Arrows that Chain upon hitting an enemy.
Has a maintenance cost upon summoning.","Spell, Minion, AbysslingCannot use Parallel Shot, Cannot Split, Cannot Chain","Mana Cost 27
Cooldown 3 s
Lightning Element
Summon Level 1
Summon Count 1
Max Summon Count 2
Summon Duration 30 s
Projectile Count 3
Projectile Speed 1800
Max Chain Count 4
Cannot Pierce
Basic Attack DMG 115%
+1 Minion Critical Rate
+0.5% Abyssling HP
+20 Abyssling Shock Rate
20% DMG Amplification against Shocked enemies
(마법 등급 효과) +30% Abyssling HP
(마법 등급 효과) +50% Abyssling DMG against Debuffed enemies
(희귀 등급 효과) +50% Abyssling HP
(희귀 등급 효과) +100% Abyssling DMG against Debuffed enemies
(희귀 등급 효과) +1 Abyssling Max Chain Count
(희귀 등급 효과) 10% Abyssling DMG Amplification

(전설 등급 효과) +110% Abyssling HP
(전설 등급 효과) +150% Abyssling DMG against Debuffed enemies
(전설 등급 효과) +2 Abyssling Max Chain Count
(전설 등급 효과) 30% Abyssling DMG Amplification","Mana Cost 95
Cooldown 3 s
Lightning Element
Summon Level 110
Summon Count 1
Max Summon Count 2
Summon Duration 74 s
Projectile Count 3
Projectile Speed 1800
Max Chain Count 4
Cannot Pierce
Basic Attack DMG 305%
+19 Minion Critical Rate
+56.8% Abyssling HP
+50 Abyssling Shock Rate
20% DMG Amplification against Shocked enemies
(마법 등급 효과) +30% Abyssling HP
(마법 등급 효과) +50% Abyssling DMG against Debuffed enemies
(희귀 등급 효과) +50% Abyssling HP
(희귀 등급 효과) +100% Abyssling DMG against Debuffed enemies
(희귀 등급 효과) +1 Abyssling Max Chain Count
(희귀 등급 효과) 10% Abyssling DMG Amplification

(전설 등급 효과) +110% Abyssling HP
(전설 등급 효과) +150% Abyssling DMG against Debuffed enemies
(전설 등급 효과) +2 Abyssling Max Chain Count
(전설 등급 효과) 30% Abyssling DMG Amplification","Amplifies Minion Max HP by [8-15]%
+[30-50]% Skill Rune Cooldown Recovery Speed","+[25-30]% Abyssling Projectile Speed
+[1-2] Abyssling Max Chain Count","+[30-40] Abyssling Shock Rate
+[40-52]% Abyssling DMG against Shocked enemies"
,,변경,"Lightning Arrow Abyssling has the Spell, Strike, Lightning, Projectile tags.
Summons an Abyssling that fires Lightning Arrows that Chain upon hitting an enemy.
Has a maintenance cost upon summoning.","Spell, Minion, AbysslingCannot use Parallel Shot, Cannot Split, Cannot Chain","Mana Cost 27
Cooldown 3 s
Lightning Element
Summon Level 1
Summon Count 1
Max Summon Count 2
Summon Duration 30 s
Projectile Count 3
Projectile Speed 1800
Max Chain Count 4
Cannot Pierce
Basic Attack DMG 115%
+1 Minion Critical Rate
+0.5% Abyssling HP
+20 Abyssling Shock Rate
20% DMG Amplification against Shocked enemies
(마법 등급 효과) +30% Abyssling HP
(마법 등급 효과) +50% Abyssling DMG against Debuffed enemies
(희귀 등급 효과) +50% Abyssling HP
(희귀 등급 효과) +100% Abyssling DMG against Debuffed enemies
(희귀 등급 효과) +1 Abyssling Max Chain Count
(희귀 등급 효과) 10% Abyssling DMG Amplification

(전설 등급 효과) +110% Abyssling HP
(전설 등급 효과) +150% Abyssling DMG against Debuffed enemies
(전설 등급 효과) +2 Abyssling Max Chain Count
(전설 등급 효과) 30% Abyssling DMG Amplification","Mana Cost 95
Cooldown 3 s
Lightning Element
Summon Level 110
Summon Count 1
Max Summon Count 2
Summon Duration 74 s
Projectile Count 3
Projectile Speed 1800
Max Chain Count 4
Cannot Pierce
Basic Attack DMG 317%
+19 Minion Critical Rate
+56.8% Abyssling HP
+50 Abyssling Shock Rate
20% DMG Amplification against Shocked enemies
(마법 등급 효과) +30% Abyssling HP
(마법 등급 효과) +50% Abyssling DMG against Debuffed enemies
(희귀 등급 효과) +50% Abyssling HP
(희귀 등급 효과) +100% Abyssling DMG against Debuffed enemies
(희귀 등급 효과) +1 Abyssling Max Chain Count
(희귀 등급 효과) 10% Abyssling DMG Amplification

(전설 등급 효과) +110% Abyssling HP
(전설 등급 효과) +150% Abyssling DMG against Debuffed enemies
(전설 등급 효과) +2 Abyssling Max Chain Count
(전설 등급 효과) 30% Abyssling DMG Amplification","Amplifies Minion Max HP by [8-15]%
+[30-50]% Skill Rune Cooldown Recovery Speed","+[25-30]% Abyssling Projectile Speed
+[1-2] Abyssling Max Chain Count","+[30-40] Abyssling Shock Rate
+[40-52]% Abyssling DMG against Shocked enemies"
,Summon Snow Orb Abyssling,기존,"Snow Orb Abyssling has the Spell, Strike, Cold, Projectile tags.
Summons an Abyssling that fires Cold Orbs that split upon hitting an enemy.
Has a maintenance cost upon summoning","Spell, Minion, AbysslingCannot use Parallel Shot, Cannot Chain","Mana Cost 27
Cooldown 3 s
Cold Element
Summon Level 1
Summon Count 1
Max Summon Count 2
Summon Duration 30 s
Projectile Count 3
Projectile Speed 1800
Split Projectile
Cannot Pierce
Basic Attack DMG 115%
+1 Minion Critical Rate
+0.5% Abyssling HP
+20 Abyssling Chill Rate
Abyssling Projectile Split Count +2
Abyssling Split Projectile Count +3
20% DMG Amplification against Chilled enemies
(마법 등급 효과) +30% Abyssling HP
(마법 등급 효과) +50% Abyssling DMG against Debuffed enemies
(희귀 등급 효과) +50% Abyssling HP
(희귀 등급 효과) +10 Abyssling Chill Rate
(희귀 등급 효과) +100% Abyssling DMG against Debuffed enemies
(희귀 등급 효과) 10% Abyssling DMG Amplification

(전설 등급 효과) +110% Abyssling HP
(전설 등급 효과) +18 Abyssling Chill Rate
(전설 등급 효과) +150% Abyssling DMG against Debuffed enemies
(전설 등급 효과) 30% Abyssling DMG Amplification","Mana Cost 95
Cooldown 3 s
Cold Element
Summon Level 110
Summon Count 1
Max Summon Count 2
Summon Duration 74 s
Projectile Count 3
Projectile Speed 1800
Split Projectile
Cannot Pierce
Basic Attack DMG 305%
+19 Minion Critical Rate
+56.8% Abyssling HP
+50 Abyssling Chill Rate
Abyssling Projectile Split Count +2
Abyssling Split Projectile Count +3
20% DMG Amplification against Chilled enemies
(마법 등급 효과) +30% Abyssling HP
(마법 등급 효과) +50% Abyssling DMG against Debuffed enemies
(희귀 등급 효과) +50% Abyssling HP
(희귀 등급 효과) +10 Abyssling Chill Rate
(희귀 등급 효과) +100% Abyssling DMG against Debuffed enemies
(희귀 등급 효과) 10% Abyssling DMG Amplification

(전설 등급 효과) +110% Abyssling HP
(전설 등급 효과) +18 Abyssling Chill Rate
(전설 등급 효과) +150% Abyssling DMG against Debuffed enemies
(전설 등급 효과) 30% Abyssling DMG Amplification","Amplifies Minion Max HP by [8-15]%
+[30-50]% Skill Rune Cooldown Recovery Speed","+[15-30]% Minion Overpower Effect
Gain Minion Overpower upon summoning Abyssling
( Main Element DMG +25-45, Armor Penetration +5%, Element Penetration +5% )","+2 Abyssling Projectile Count
[1-3]% Abyssling DMG Amplification"
,,변경,"Snow Orb Abyssling has the Spell, Strike, Cold, Projectile tags.
Summons an Abyssling that fires Cold Orbs that split upon hitting an enemy.
Has a maintenance cost upon summoning","Spell, Minion, AbysslingCannot use Parallel Shot, Cannot Chain","Mana Cost 27
Cooldown 3 s
Cold Element
Summon Level 1
Summon Count 1
Max Summon Count 2
Summon Duration 30 s
Projectile Count 3
Projectile Speed 1800
Split Projectile
Cannot Pierce
Basic Attack DMG 115%
+1 Minion Critical Rate
+0.5% Abyssling HP
+20 Abyssling Chill Rate
Abyssling Projectile Split Count +2
Abyssling Split Projectile Count +3
20% DMG Amplification against Chilled enemies
(마법 등급 효과) +30% Abyssling HP
(마법 등급 효과) +50% Abyssling DMG against Debuffed enemies
(희귀 등급 효과) +50% Abyssling HP
(희귀 등급 효과) +10 Abyssling Chill Rate
(희귀 등급 효과) +100% Abyssling DMG against Debuffed enemies
(희귀 등급 효과) 10% Abyssling DMG Amplification

(전설 등급 효과) +110% Abyssling HP
(전설 등급 효과) +18 Abyssling Chill Rate
(전설 등급 효과) +150% Abyssling DMG against Debuffed enemies
(전설 등급 효과) 30% Abyssling DMG Amplification","Mana Cost 95
Cooldown 3 s
Cold Element
Summon Level 110
Summon Count 1
Max Summon Count 2
Summon Duration 74 s
Projectile Count 3
Projectile Speed 1800
Split Projectile
Cannot Pierce
Basic Attack DMG 317%
+19 Minion Critical Rate
+56.8% Abyssling HP
+50 Abyssling Chill Rate
Abyssling Projectile Split Count +2
Abyssling Split Projectile Count +3
20% DMG Amplification against Chilled enemies
(마법 등급 효과) +30% Abyssling HP
(마법 등급 효과) +50% Abyssling DMG against Debuffed enemies
(희귀 등급 효과) +50% Abyssling HP
(희귀 등급 효과) +10 Abyssling Chill Rate
(희귀 등급 효과) +100% Abyssling DMG against Debuffed enemies
(희귀 등급 효과) 10% Abyssling DMG Amplification

(전설 등급 효과) +110% Abyssling HP
(전설 등급 효과) +18 Abyssling Chill Rate
(전설 등급 효과) +150% Abyssling DMG against Debuffed enemies
(전설 등급 효과) 30% Abyssling DMG Amplification","Amplifies Minion Max HP by [8-15]%
+[30-50]% Skill Rune Cooldown Recovery Speed","+[15-30]% Minion Overpower Effect
Gain Minion Overpower upon summoning Abyssling
( Main Element DMG +25-45, Armor Penetration +5%, Element Penetration +5% )","+2 Abyssling Projectile Count
[1-3]% Abyssling DMG Amplification"
,Mark of Focus,기존,"Temporarily marks an enemy. Marked enemies become the targets of Concentrated Attack from Minions and Sentry, increasing DMG Taken from Minions and Sentry.","Spell, Attack Enhance, Duration","Mana Cost 15
Cooldown 20 s
Duration 3 s
12.6% DMG from Minions Increase
12.6% DMG from Sentry Increase
(마법 등급 효과) +10% Attack Enhance Skill Rune Effect
(희귀 등급 효과) +17% Attack Enhance Skill Rune Effect
(희귀 등급 효과) +25% Attack Enhance Skill Rune Duration

(전설 등급 효과) +27% Attack Enhance Skill Rune Effect
(전설 등급 효과) +50% Attack Enhance Skill Rune Duration","Mana Cost 49
Cooldown 20 s
Duration 3 s
39% DMG from Minions Increase
39% DMG from Sentry Increase
(마법 등급 효과) +10% Attack Enhance Skill Rune Effect
(희귀 등급 효과) +17% Attack Enhance Skill Rune Effect
(희귀 등급 효과) +25% Attack Enhance Skill Rune Duration

(전설 등급 효과) +27% Attack Enhance Skill Rune Effect
(전설 등급 효과) +50% Attack Enhance Skill Rune Duration","[25-35]% Minion DMG Taken increase to enemies within 500 range within the caster
[25-35]% DMG from Sentry Increase to enemies within 500 range within the caster","+100% Skill Rune Cooldown Recovery Speed
+[5-10]% Resource Cost",[80-100]% Movement Speed Amplification for 3 s to Minions within 800 range within the caster upon using Mark of Designation
,,변경,"Temporarily marks an enemy. Marked enemies become the targets of Concentrated Attack from Minions and Sentry, increasing DMG Taken from Minions and Sentry.","Spell, Attack Enhance, Duration","Mana Cost 15
Cooldown 20 s
Duration 3 s
12.6% DMG from Minions Increase
12.6% DMG from Sentry Increase
(마법 등급 효과) +10% Attack Enhance Skill Rune Effect
(희귀 등급 효과) +17% Attack Enhance Skill Rune Effect
(희귀 등급 효과) +25% Attack Enhance Skill Rune Duration

(전설 등급 효과) +27% Attack Enhance Skill Rune Effect
(전설 등급 효과) +50% Attack Enhance Skill Rune Duration","Mana Cost 49
Cooldown 20 s
Duration 3 s
40.6% DMG from Minions Increase
40.6% DMG from Sentry Increase
(마법 등급 효과) +10% Attack Enhance Skill Rune Effect
(희귀 등급 효과) +17% Attack Enhance Skill Rune Effect
(희귀 등급 효과) +25% Attack Enhance Skill Rune Duration

(전설 등급 효과) +27% Attack Enhance Skill Rune Effect
(전설 등급 효과) +50% Attack Enhance Skill Rune Duration","[25-35]% Minion DMG Taken increase to enemies within 500 range within the caster
[25-35]% DMG from Sentry Increase to enemies within 500 range within the caster","+100% Skill Rune Cooldown Recovery Speed
+[5-10]% Resource Cost",[80-100]% Movement Speed Amplification for 3 s to Minions within 800 range within the caster upon using Mark of Designation
,Siphon Life,기존,Grants enemy HP Absorb effect to yourself and your Minion during skill duration,"Attack, Defense Enhance, Duration","Mana Cost 30.8
Cooldown 30 s
Area of Effect 500
Duration 3 s
+2% HP Absorb on hit
Shares Cooldowns between Defense Enhance Skills
(마법 등급 효과) +6% HP Absorb Limit
(마법 등급 효과) +5% Enhance Skill Rune Effect
(희귀 등급 효과) +12% HP Absorb Limit
(희귀 등급 효과) +10% Enhance Skill Rune Effect

(전설 등급 효과) +18% HP Absorb Limit
(전설 등급 효과) +15% Enhance Skill Rune Effect","Mana Cost 58
Cooldown 30 s
Area of Effect 500
Duration 3 s
+6.4% HP Absorb on hit
Shares Cooldowns between Defense Enhance Skills
(마법 등급 효과) +6% HP Absorb Limit
(마법 등급 효과) +5% Enhance Skill Rune Effect
(희귀 등급 효과) +12% HP Absorb Limit
(희귀 등급 효과) +10% Enhance Skill Rune Effect

(전설 등급 효과) +18% HP Absorb Limit
(전설 등급 효과) +15% Enhance Skill Rune Effect","+[10-20]% Resource Cost
Mana Absorb on hit +5%",+[20-30]% Skill Rune Cooldown Recovery Speed,+[10-25]% Enhance Skill Rune Effect
,,변경,Grants enemy HP Absorb effect to yourself and your Minion during skill duration,"Attack, Defense Enhance, Duration","Mana Cost 30.8
Cooldown 30 s
Area of Effect 500
Duration 3 s
+2% HP Absorb on hit
Shares Cooldowns between Defense Enhance Skills
(마법 등급 효과) +6% HP Absorb Limit
(마법 등급 효과) +5% Enhance Skill Rune Effect
(희귀 등급 효과) +12% HP Absorb Limit
(희귀 등급 효과) +10% Enhance Skill Rune Effect

(전설 등급 효과) +18% HP Absorb Limit
(전설 등급 효과) +15% Enhance Skill Rune Effect","Mana Cost 58
Cooldown 30 s
Area of Effect 500
Duration 3 s
+6.7% HP Absorb on hit
Shares Cooldowns between Defense Enhance Skills
(마법 등급 효과) +6% HP Absorb Limit
(마법 등급 효과) +5% Enhance Skill Rune Effect
(희귀 등급 효과) +12% HP Absorb Limit
(희귀 등급 효과) +10% Enhance Skill Rune Effect

(전설 등급 효과) +18% HP Absorb Limit
(전설 등급 효과) +15% Enhance Skill Rune Effect","+[10-20]% Resource Cost
Mana Absorb on hit +5%",+[20-30]% Skill Rune Cooldown Recovery Speed,+[10-25]% Enhance Skill Rune Effect
,Deadly Poison Claw,기존,"Swings a Dagger forward to deal Area DMG. Has a chance to gain Poison Energy every time it deals damage to enemies, and amplifies damage per stack. Attacks twice when Dual Wielding Weapons","Attack, Melee, Area of Effect, Strike, Poison, Shadow","Mana Cost 3
Triggers Immediately
Poison Element
15% Base Speed Amplification
+30% Venom Chance
Area of Effect 400
Poison DMG 187%
Poison DMG +120
20% chance to gain Poison Energy on hit
3% DMG Amplification per Poison Energy stack
(마법 등급 효과) +10% Venom Chance
(마법 등급 효과) +60% DMG against enemies affected by Venom
(희귀 등급 효과) +20% Venom Chance
(희귀 등급 효과) +100% DMG against enemies affected by Venom

(전설 등급 효과) +40% Venom Chance
(전설 등급 효과) +180% DMG against enemies affected by Venom
(전설 등급 효과) 25% DMG Amplification against enemies affected by Venom","Mana Cost 10.2
Triggers Immediately
Poison Element
15% Base Speed Amplification
+30% Venom Chance
Area of Effect 400
Poison DMG 708%
Poison DMG +940
20% chance to gain Poison Energy on hit
3% DMG Amplification per Poison Energy stack
(마법 등급 효과) +10% Venom Chance
(마법 등급 효과) +60% DMG against enemies affected by Venom
(희귀 등급 효과) +20% Venom Chance
(희귀 등급 효과) +100% DMG against enemies affected by Venom

(전설 등급 효과) +40% Venom Chance
(전설 등급 효과) +180% DMG against enemies affected by Venom
(전설 등급 효과) 25% DMG Amplification against enemies affected by Venom","Gain Area Effect Link Rune Effect
[10-15]% Poison DMG Amplification
+[42-50]% Area of Effect
+[46-61]% Area DMG
Cannot link Area Effect Link Rune","Gain Poison Penetration Link Rune Effect
[10-20]% DMG Amplification against enemies affected by Poison Status Effect
+[17-20] Poison Penetration
+[40-52]% Poison DMG
Cannot link Poison Penetration Link Rune","Gain Quick Attack Link Rune Effect
+[26.6-31]% Attack Speed
Cannot link Quick Attack Link Rune"
,,변경,"Swings a Dagger forward to deal Area DMG. Has a chance to gain Poison Energy every time it deals damage to enemies, and amplifies damage per stack. Attacks twice when Dual Wielding Weapons","Attack, Melee, Area of Effect, Strike, Poison, Shadow","Mana Cost 3
Triggers Immediately
Poison Element
15% Base Speed Amplification
+30% Venom Chance
Area of Effect 400
Poison DMG 187%
Poison DMG +120
20% chance to gain Poison Energy on hit
3% DMG Amplification per Poison Energy stack
(마법 등급 효과) +10% Venom Chance
(마법 등급 효과) +60% DMG against enemies affected by Venom
(희귀 등급 효과) +20% Venom Chance
(희귀 등급 효과) +100% DMG against enemies affected by Venom

(전설 등급 효과) +40% Venom Chance
(전설 등급 효과) +180% DMG against enemies affected by Venom
(전설 등급 효과) 25% DMG Amplification against enemies affected by Venom","Mana Cost 10.2
Triggers Immediately
Poison Element
15% Base Speed Amplification
+30% Venom Chance
Area of Effect 400
Poison DMG 736%
Poison DMG +978
20% chance to gain Poison Energy on hit
3% DMG Amplification per Poison Energy stack
(마법 등급 효과) +10% Venom Chance
(마법 등급 효과) +60% DMG against enemies affected by Venom
(희귀 등급 효과) +20% Venom Chance
(희귀 등급 효과) +100% DMG against enemies affected by Venom

(전설 등급 효과) +40% Venom Chance
(전설 등급 효과) +180% DMG against enemies affected by Venom
(전설 등급 효과) 25% DMG Amplification against enemies affected by Venom","Gain Area Effect Link Rune Effect
[10-15]% Poison DMG Amplification
+[42-50]% Area of Effect
+[46-61]% Area DMG
Cannot link Area Effect Link Rune","Gain Poison Penetration Link Rune Effect
[10-20]% DMG Amplification against enemies affected by Poison Status Effect
+[17-20] Poison Penetration
+[40-52]% Poison DMG
Cannot link Poison Penetration Link Rune","Gain Quick Attack Link Rune Effect
+[26.6-31]% Attack Speed
Cannot link Quick Attack Link Rune"
,Shadow Forest,기존,Creates an artificial space that deals DoT to enemies,"Spell, Area of Effect, Strike, Physical","Mana Cost 13
Cooldown 20 s
Physical Element
+1 Max Use Count
Duration 5 s
Shadow Forest Strike Interval 0.3 s
Shadow Forest Range 250
Physical DMG 257%
Physical DMG +13
80% chance to inflict Disturb effect on hit
Applied as Vulnerable effect
Disturb Duration 1.5 s
15% Movement Speed Dampening
15% Attack Speed Dampening
15% Cast Speed Dampening
(마법 등급 효과) +8% Skill Rune Effect
(희귀 등급 효과) +15% Skill Rune Effect
(희귀 등급 효과) +50% Area DMG
(희귀 등급 효과) +20% Area of Effect

(전설 등급 효과) +23% Skill Rune Effect
(전설 등급 효과) +100% Area DMG
(전설 등급 효과) +50% Area of Effect","Mana Cost 60.6
Cooldown 20 s
Physical Element
+1 Max Use Count
Duration 5 s
Shadow Forest Strike Interval 0.3 s
Shadow Forest Range 250
Physical DMG 529%
Physical DMG +428
80% chance to inflict Disturb effect on hit
Applied as Vulnerable effect
Disturb Duration 1.5 s
15% Movement Speed Dampening
15% Attack Speed Dampening
15% Cast Speed Dampening
(마법 등급 효과) +8% Skill Rune Effect
(희귀 등급 효과) +15% Skill Rune Effect
(희귀 등급 효과) +50% Area DMG
(희귀 등급 효과) +20% Area of Effect

(전설 등급 효과) +23% Skill Rune Effect
(전설 등급 효과) +100% Area DMG
(전설 등급 효과) +50% Area of Effect",[15-30]% Skill Rune Cooldown Dampening,+[50-80]% DMG against Bound enemies,"+1 Max Use Count
+[15-30]% Skill Rune Cooldown Recovery Speed"
,,변경,Creates an artificial space that deals DoT to enemies,"Spell, Area of Effect, Strike, Physical","Mana Cost 13
Cooldown 20 s
Physical Element
+1 Max Use Count
Duration 5 s
Shadow Forest Strike Interval 0.3 s
Shadow Forest Range 250
Physical DMG 257%
Physical DMG +13
80% chance to inflict Disturb effect on hit
Applied as Vulnerable effect
Disturb Duration 1.5 s
15% Movement Speed Dampening
15% Attack Speed Dampening
15% Cast Speed Dampening
(마법 등급 효과) +8% Skill Rune Effect
(희귀 등급 효과) +15% Skill Rune Effect
(희귀 등급 효과) +50% Area DMG
(희귀 등급 효과) +20% Area of Effect

(전설 등급 효과) +23% Skill Rune Effect
(전설 등급 효과) +100% Area DMG
(전설 등급 효과) +50% Area of Effect","Mana Cost 60.6
Cooldown 20 s
Physical Element
+1 Max Use Count
Duration 5 s
Shadow Forest Strike Interval 0.3 s
Shadow Forest Range 250
Physical DMG 550%
Physical DMG +445
80% chance to inflict Disturb effect on hit
Applied as Vulnerable effect
Disturb Duration 1.5 s
15% Movement Speed Dampening
15% Attack Speed Dampening
15% Cast Speed Dampening
(마법 등급 효과) +8% Skill Rune Effect
(희귀 등급 효과) +15% Skill Rune Effect
(희귀 등급 효과) +50% Area DMG
(희귀 등급 효과) +20% Area of Effect

(전설 등급 효과) +23% Skill Rune Effect
(전설 등급 효과) +100% Area DMG
(전설 등급 효과) +50% Area of Effect",[15-30]% Skill Rune Cooldown Dampening,+[50-80]% DMG against Bound enemies,"+1 Max Use Count
+[15-30]% Skill Rune Cooldown Recovery Speed"
,Blade of Death,기존,Throws a dagger that returns to the caster,"Spell, Strike, Physical, ProjectileCannot use Parallel Shot, Cannot Split, Cannot Chain","Mana Cost 4
Triggers Immediately
Physical Element
5% Base Speed Amplification
Projectile Count 5
Projectile Speed 2000
Pierces All
+30% Bleed Chance
30% Bleed DMG Amplification
+9 Physical DMG upon throwing
174% Physical DMG upon throwing
Bleed Chance upon throwing +10%
If the enemy is Bleeding upon throwing, cannot inflict Bleed
+6 Physical DMG upon returning
145% Physical DMG upon returning
If the enemy is not Bleeding upon returning, Bleed Chance +30%
30% DMG Amplification against Bleeding enemies upon returning
(마법 등급 효과) 5% Projectile Return DMG Amplification
(마법 등급 효과) 10% Bleed DMG Amplification
(희귀 등급 효과) 10% Projectile Return DMG Amplification
(희귀 등급 효과) 20% Bleed DMG Amplification
(희귀 등급 효과) +100% DMG against Bleeding enemies

(전설 등급 효과) 15% Projectile Return DMG Amplification
(전설 등급 효과) 30% Bleed DMG Amplification
(전설 등급 효과) +200% DMG against Bleeding enemies
(전설 등급 효과) +20% Projectile Speed","Mana Cost 18.6
Triggers Immediately
Physical Element
5% Base Speed Amplification
Projectile Count 5
Projectile Speed 2000
Pierces All
+30% Bleed Chance
30% Bleed DMG Amplification
+305 Physical DMG upon throwing
562% Physical DMG upon throwing
Bleed Chance upon throwing +10%
If the enemy is Bleeding upon throwing, cannot inflict Bleed
+218 Physical DMG upon returning
468% Physical DMG upon returning
If the enemy is not Bleeding upon returning, Bleed Chance +30%
30% DMG Amplification against Bleeding enemies upon returning
(마법 등급 효과) 5% Projectile Return DMG Amplification
(마법 등급 효과) 10% Bleed DMG Amplification
(희귀 등급 효과) 10% Projectile Return DMG Amplification
(희귀 등급 효과) 20% Bleed DMG Amplification
(희귀 등급 효과) +100% DMG against Bleeding enemies

(전설 등급 효과) 15% Projectile Return DMG Amplification
(전설 등급 효과) 30% Bleed DMG Amplification
(전설 등급 효과) +200% DMG against Bleeding enemies
(전설 등급 효과) +20% Projectile Speed","[10-15]% Projectile DMG Amplification
+[2-4] Projectile Count","[13-20]% DMG Amplification against Bleeding enemies
-240 Max Angle
-80 Interval Angle","[30-50]% Bleed DMG Amplification
+[20-40] Bleed Rate
30% Status Effect Duration Dampening"
,,변경,Throws a dagger that returns to the caster,"Spell, Strike, Physical, ProjectileCannot use Parallel Shot, Cannot Split, Cannot Chain","Mana Cost 4
Triggers Immediately
Physical Element
5% Base Speed Amplification
Projectile Count 5
Projectile Speed 2000
Pierces All
+30% Bleed Chance
30% Bleed DMG Amplification
+9 Physical DMG upon throwing
174% Physical DMG upon throwing
Bleed Chance upon throwing +10%
If the enemy is Bleeding upon throwing, cannot inflict Bleed
+6 Physical DMG upon returning
145% Physical DMG upon returning
If the enemy is not Bleeding upon returning, Bleed Chance +30%
30% DMG Amplification against Bleeding enemies upon returning
(마법 등급 효과) 5% Projectile Return DMG Amplification
(마법 등급 효과) 10% Bleed DMG Amplification
(희귀 등급 효과) 10% Projectile Return DMG Amplification
(희귀 등급 효과) 20% Bleed DMG Amplification
(희귀 등급 효과) +100% DMG against Bleeding enemies

(전설 등급 효과) 15% Projectile Return DMG Amplification
(전설 등급 효과) 30% Bleed DMG Amplification
(전설 등급 효과) +200% DMG against Bleeding enemies
(전설 등급 효과) +20% Projectile Speed","Mana Cost 18.6
Triggers Immediately
Physical Element
5% Base Speed Amplification
Projectile Count 5
Projectile Speed 2000
Pierces All
+30% Bleed Chance
30% Bleed DMG Amplification
+317 Physical DMG upon throwing
584% Physical DMG upon throwing
Bleed Chance upon throwing +10%
If the enemy is Bleeding upon throwing, cannot inflict Bleed
+227 Physical DMG upon returning
487% Physical DMG upon returning
If the enemy is not Bleeding upon returning, Bleed Chance +30%
30% DMG Amplification against Bleeding enemies upon returning
(마법 등급 효과) 5% Projectile Return DMG Amplification
(마법 등급 효과) 10% Bleed DMG Amplification
(희귀 등급 효과) 10% Projectile Return DMG Amplification
(희귀 등급 효과) 20% Bleed DMG Amplification
(희귀 등급 효과) +100% DMG against Bleeding enemies

(전설 등급 효과) 15% Projectile Return DMG Amplification
(전설 등급 효과) 30% Bleed DMG Amplification
(전설 등급 효과) +200% DMG against Bleeding enemies
(전설 등급 효과) +20% Projectile Speed","[10-15]% Projectile DMG Amplification
+[2-4] Projectile Count","[13-20]% DMG Amplification against Bleeding enemies
-240 Max Angle
-80 Interval Angle","[30-50]% Bleed DMG Amplification
+[20-40] Bleed Rate
30% Status Effect Duration Dampening"
,Bombardment Arrow,기존,Fires an arrow that bombards a large area,"Attack, Area of Effect, Strike, Physical, Projectile, Bow, ShadowCannot use Parallel Shot, Cannot Split, Cannot Chain","Mana Cost 4
Triggers Immediately
Physical Element
Arrows: 3
Projectile Speed 3000
Cannot Pierce
Bombardment Range 150
Physical DMG +68
Bombardment Area DMG 116%
10% DMG Dampening when hitting the same target repeatedly
(마법 등급 효과) +10% Area of Effect
(마법 등급 효과) +1 Projectile Count
(희귀 등급 효과) +20% Area of Effect
(희귀 등급 효과) +50% Area DMG
(희귀 등급 효과) +2 Projectile Count

(전설 등급 효과) +30% Area of Effect
(전설 등급 효과) +100% Area DMG
(전설 등급 효과) +3 Projectile Count","Mana Cost 21
Triggers Immediately
Physical Element
Arrows: 3
Projectile Speed 3000
Cannot Pierce
Bombardment Range 150
Physical DMG +523
Bombardment Area DMG 255%
10% DMG Dampening when hitting the same target repeatedly
(마법 등급 효과) +10% Area of Effect
(마법 등급 효과) +1 Projectile Count
(희귀 등급 효과) +20% Area of Effect
(희귀 등급 효과) +50% Area DMG
(희귀 등급 효과) +2 Projectile Count

(전설 등급 효과) +30% Area of Effect
(전설 등급 효과) +100% Area DMG
(전설 등급 효과) +3 Projectile Count","5% chance to gain Versatility for 8 s on hit
( Attack Speed +10%, Cast Speed +10%, Armor Penetration +10%, Element Penetration +10% )
+[30-60]% Versatility Effect","Gain Concentrated Area DMG Link Rune Effect
[20.7-25]% Area DMG Amplification
30% Area of Effect Dampening
Cannot link Concentrated Area DMG Link Rune","+[15-30] Status Effect Rate
Convert DMG to Main Element [30-50]%"
,,변경,Fires an arrow that bombards a large area,"Attack, Area of Effect, Strike, Physical, Projectile, Bow, ShadowCannot use Parallel Shot, Cannot Split, Cannot Chain","Mana Cost 4
Triggers Immediately
Physical Element
Arrows: 3
Projectile Speed 3000
Cannot Pierce
Bombardment Range 150
Physical DMG +68
Bombardment Area DMG 116%
10% DMG Dampening when hitting the same target repeatedly
(마법 등급 효과) +10% Area of Effect
(마법 등급 효과) +1 Projectile Count
(희귀 등급 효과) +20% Area of Effect
(희귀 등급 효과) +50% Area DMG
(희귀 등급 효과) +2 Projectile Count

(전설 등급 효과) +30% Area of Effect
(전설 등급 효과) +100% Area DMG
(전설 등급 효과) +3 Projectile Count","Mana Cost 21
Triggers Immediately
Physical Element
Arrows: 3
Projectile Speed 3000
Cannot Pierce
Bombardment Range 150
Physical DMG +544
Bombardment Area DMG 265%
10% DMG Dampening when hitting the same target repeatedly
(마법 등급 효과) +10% Area of Effect
(마법 등급 효과) +1 Projectile Count
(희귀 등급 효과) +20% Area of Effect
(희귀 등급 효과) +50% Area DMG
(희귀 등급 효과) +2 Projectile Count

(전설 등급 효과) +30% Area of Effect
(전설 등급 효과) +100% Area DMG
(전설 등급 효과) +3 Projectile Count","5% chance to gain Versatility for 8 s on hit
( Attack Speed +10%, Cast Speed +10%, Armor Penetration +10%, Element Penetration +10% )
+[30-60]% Versatility Effect","Gain Concentrated Area DMG Link Rune Effect
[20.7-25]% Area DMG Amplification
30% Area of Effect Dampening
Cannot link Concentrated Area DMG Link Rune","+[15-30] Status Effect Rate
Convert DMG to Main Element [30-50]%"
,Deadly Poison Skewer,기존,Stabs forward while charging. Deals Poison Area DMG upon inflicting Venom. Consumes Poison Energy to deal damage and applies DMG Amplification and Critical DMG per stack.,"Attack, Melee, Area of Effect, Move Attack, Strike, Poison, Shadow","Mana Cost 4
Triggers Immediately
Poison Element
Area of Effect 380
Poison DMG 400%
Poison DMG +13
+20% Critical Chance
+30% Venom Chance
20% chance of -2 Poison Energy on hit at Max Poison Energy
Gain the following effect(s) when at Max Poison Energy
5% DMG Amplification per Poison Energy stack
+8% Critical DMG per Poison Energy stack
Additionally triggers Deadly Poison Crown upon inflicting Venom
Deadly Poison Crown Range 350
Poison DMG 138%
Poison DMG +211
(마법 등급 효과) +30% Strike DMG Multiplier
(마법 등급 효과) +10% Area of Effect
(희귀 등급 효과) +60% Strike DMG Multiplier
(희귀 등급 효과) +20% Area of Effect
(희귀 등급 효과) 5% Strike DMG Amplification
(희귀 등급 효과) 5% DMG Amplification against Elites

(전설 등급 효과) +120% Strike DMG Multiplier
(전설 등급 효과) +30% Area of Effect
(전설 등급 효과) 10% Strike DMG Amplification
(전설 등급 효과) 10% DMG Amplification against Elites","Mana Cost 13.5
Triggers Immediately
Poison Element
Area of Effect 380
Poison DMG 861%
Poison DMG +427
+20% Critical Chance
+30% Venom Chance
20% chance of -2 Poison Energy on hit at Max Poison Energy
Gain the following effect(s) when at Max Poison Energy
5% DMG Amplification per Poison Energy stack
+8% Critical DMG per Poison Energy stack
Additionally triggers Deadly Poison Crown upon inflicting Venom
Deadly Poison Crown Range 350
Poison DMG 173%
Poison DMG +313
(마법 등급 효과) +30% Strike DMG Multiplier
(마법 등급 효과) +10% Area of Effect
(희귀 등급 효과) +60% Strike DMG Multiplier
(희귀 등급 효과) +20% Area of Effect
(희귀 등급 효과) 5% Strike DMG Amplification
(희귀 등급 효과) 5% DMG Amplification against Elites

(전설 등급 효과) +120% Strike DMG Multiplier
(전설 등급 효과) +30% Area of Effect
(전설 등급 효과) 10% Strike DMG Amplification
(전설 등급 효과) 10% DMG Amplification against Elites",[5-8]% Poison DMG Amplification,"+[10-15]% Venom Chance
+[10-20]% Area of Effect","+[17-20] Poison Penetration
+[40-52]% Poison DMG"
,,변경,Stabs forward while charging. Deals Poison Area DMG upon inflicting Venom. Consumes Poison Energy to deal damage and applies DMG Amplification and Critical DMG per stack.,"Attack, Melee, Area of Effect, Move Attack, Strike, Poison, Shadow","Mana Cost 4
Triggers Immediately
Poison Element
Area of Effect 380
Poison DMG 400%
Poison DMG +13
+20% Critical Chance
+30% Venom Chance
20% chance of -2 Poison Energy on hit at Max Poison Energy
Gain the following effect(s) when at Max Poison Energy
5% DMG Amplification per Poison Energy stack
+8% Critical DMG per Poison Energy stack
Additionally triggers Deadly Poison Crown upon inflicting Venom
Deadly Poison Crown Range 350
Poison DMG 138%
Poison DMG +211
(마법 등급 효과) +30% Strike DMG Multiplier
(마법 등급 효과) +10% Area of Effect
(희귀 등급 효과) +60% Strike DMG Multiplier
(희귀 등급 효과) +20% Area of Effect
(희귀 등급 효과) 5% Strike DMG Amplification
(희귀 등급 효과) 5% DMG Amplification against Elites

(전설 등급 효과) +120% Strike DMG Multiplier
(전설 등급 효과) +30% Area of Effect
(전설 등급 효과) 10% Strike DMG Amplification
(전설 등급 효과) 10% DMG Amplification against Elites","Mana Cost 13.5
Triggers Immediately
Poison Element
Area of Effect 380
Poison DMG 895%
Poison DMG +444
+20% Critical Chance
+30% Venom Chance
20% chance of -2 Poison Energy on hit at Max Poison Energy
Gain the following effect(s) when at Max Poison Energy
5% DMG Amplification per Poison Energy stack
+8% Critical DMG per Poison Energy stack
Additionally triggers Deadly Poison Crown upon inflicting Venom
Deadly Poison Crown Range 350
Poison DMG 180%
Poison DMG +326
(마법 등급 효과) +30% Strike DMG Multiplier
(마법 등급 효과) +10% Area of Effect
(희귀 등급 효과) +60% Strike DMG Multiplier
(희귀 등급 효과) +20% Area of Effect
(희귀 등급 효과) 5% Strike DMG Amplification
(희귀 등급 효과) 5% DMG Amplification against Elites

(전설 등급 효과) +120% Strike DMG Multiplier
(전설 등급 효과) +30% Area of Effect
(전설 등급 효과) 10% Strike DMG Amplification
(전설 등급 효과) 10% DMG Amplification against Elites",[5-8]% Poison DMG Amplification,"+[10-15]% Venom Chance
+[10-20]% Area of Effect","+[17-20] Poison Penetration
+[40-52]% Poison DMG"
,Unleash Lightning Shot,기존,Shoots an arrow that inflicts Shock. Discharges multiple Lightning strands upon hitting a target,"Attack, Strike, Lightning, Projectile, Bow, Overheat, ShadowCannot use Parallel Shot, Cannot Pierce, Cannot Chain","Mana Cost 4
Triggers Immediately
40 Overheat Accumulation
Lightning Element
Lightning DMG +12
Lightning Arrow Count 3
Lightning Arrow Speed 3000
Lightning DMG 320%
+20% Shock Chance
Release Lightning Particle on hit
Lightning Particle Count 3
Lightning Particle Speed 2000
Explosion Range 150
Lightning DMG 221%
(마법 등급 효과) +50% DMG
(마법 등급 효과) 5% DMG Amplification against Shocked enemies
(희귀 등급 효과) +100% DMG
(희귀 등급 효과) 10% DMG Amplification against Shocked enemies

(전설 등급 효과) +200% DMG
(전설 등급 효과) 20% DMG Amplification against Shocked enemies","Mana Cost 17.6
Triggers Immediately
40 Overheat Accumulation
Lightning Element
Lightning DMG +192
Lightning Arrow Count 3
Lightning Arrow Speed 3000
Lightning DMG 835%
+20% Shock Chance
Release Lightning Particle on hit
Lightning Particle Count 3
Lightning Particle Speed 2000
Explosion Range 150
Lightning DMG 427%
(마법 등급 효과) +50% DMG
(마법 등급 효과) 5% DMG Amplification against Shocked enemies
(희귀 등급 효과) +100% DMG
(희귀 등급 효과) 10% DMG Amplification against Shocked enemies

(전설 등급 효과) +200% DMG
(전설 등급 효과) 20% DMG Amplification against Shocked enemies","[5-10]% Lightning DMG Amplification
+[5-15]% Shock Chance
Lightning Particle Count +5","[5-10]% Lightning DMG Amplification
+[5-15]% Shock Chance
Lightning Arrow Pierce Count +2","[5-10]% Lightning DMG Amplification
+[5-15]% Shock Chance
Lightning Arrow Chain Count +2"
,,변경,Shoots an arrow that inflicts Shock. Discharges multiple Lightning strands upon hitting a target,"Attack, Strike, Lightning, Projectile, Bow, Overheat, ShadowCannot use Parallel Shot, Cannot Pierce, Cannot Chain","Mana Cost 4
Triggers Immediately
40 Overheat Accumulation
Lightning Element
Lightning DMG +12
Lightning Arrow Count 3
Lightning Arrow Speed 3000
Lightning DMG 320%
+20% Shock Chance
Release Lightning Particle on hit
Lightning Particle Count 3
Lightning Particle Speed 2000
Explosion Range 150
Lightning DMG 221%
(마법 등급 효과) +50% DMG
(마법 등급 효과) 5% DMG Amplification against Shocked enemies
(희귀 등급 효과) +100% DMG
(희귀 등급 효과) 10% DMG Amplification against Shocked enemies

(전설 등급 효과) +200% DMG
(전설 등급 효과) 20% DMG Amplification against Shocked enemies","Mana Cost 17.6
Triggers Immediately
40 Overheat Accumulation
Lightning Element
Lightning DMG +200
Lightning Arrow Count 3
Lightning Arrow Speed 3000
Lightning DMG 868%
+20% Shock Chance
Release Lightning Particle on hit
Lightning Particle Count 3
Lightning Particle Speed 2000
Explosion Range 150
Lightning DMG 444%
(마법 등급 효과) +50% DMG
(마법 등급 효과) 5% DMG Amplification against Shocked enemies
(희귀 등급 효과) +100% DMG
(희귀 등급 효과) 10% DMG Amplification against Shocked enemies

(전설 등급 효과) +200% DMG
(전설 등급 효과) 20% DMG Amplification against Shocked enemies","[5-10]% Lightning DMG Amplification
+[5-15]% Shock Chance
Lightning Particle Count +5","[5-10]% Lightning DMG Amplification
+[5-15]% Shock Chance
Lightning Arrow Pierce Count +2","[5-10]% Lightning DMG Amplification
+[5-15]% Shock Chance
Lightning Arrow Chain Count +2"
,Quick Slash,기존,Inflicts additional damage to nearby enemies upon hitting a single enemy,"Attack, Melee, Weapon Range, Strike, Physical, Shadow","Mana Cost 3
Triggers Immediately
Physical Element
15% Base Speed Amplification
No equipped weapon range
Chain Count 3
Chain Range 400
Physical DMG 288%
Physical DMG +88
+30% Armor Penetration
+30% Element Penetration
+50% Weapon Range
1% DMG Amplification per remaining Chain
+1% Chain Range per 10 Weapon Range
(마법 등급 효과) +1 Chain Count
(마법 등급 효과) +10% Weapon Range
(마법 등급 효과) Amplifies DMG by 5% upon attacking
(희귀 등급 효과) +2 Chain Count
(희귀 등급 효과) +20% Weapon Range
(희귀 등급 효과) Amplifies DMG by 5% upon attacking
(희귀 등급 효과) +75% Strike DMG Multiplier

(전설 등급 효과) +4 Chain Count
(전설 등급 효과) +30% Weapon Range
(전설 등급 효과) Amplifies DMG by 8% upon attacking
(전설 등급 효과) +150% Strike DMG Multiplier","Mana Cost 12.5
Triggers Immediately
Physical Element
15% Base Speed Amplification
No equipped weapon range
Chain Count 6
Chain Range 400
Physical DMG 797%
Physical DMG +1251
+30% Armor Penetration
+30% Element Penetration
+50% Weapon Range
1% DMG Amplification per remaining Chain
+1% Chain Range per 10 Weapon Range
(마법 등급 효과) +1 Chain Count
(마법 등급 효과) +10% Weapon Range
(마법 등급 효과) Amplifies DMG by 5% upon attacking
(희귀 등급 효과) +2 Chain Count
(희귀 등급 효과) +20% Weapon Range
(희귀 등급 효과) Amplifies DMG by 5% upon attacking
(희귀 등급 효과) +75% Strike DMG Multiplier

(전설 등급 효과) +4 Chain Count
(전설 등급 효과) +30% Weapon Range
(전설 등급 효과) Amplifies DMG by 8% upon attacking
(전설 등급 효과) +150% Strike DMG Multiplier","+[10-40]% Strike DMG
3% DMG Amplification per remaining Chain","+2 Chain Count
+40% Chain Range
+[10-40]% DMG","Change to Blink tag
Add Move Attack, Chain Attack tag
Cannot Chain
Physical DMG 587%
Physical DMG +855
Skill Cooldown does not decrease below 1.5 s
Remove DMG % Amplification per remaining Chain
Remove Chain Range per Weapon Range +%
Move Distance 800
Change Legendary effect to the following effect
 +1 Chain Attack Count
 +30% Weapon Range
 Amplifies DMG by 10% upon attacking
 +150% Strike DMG Multiplier
+2 Chain Attack Count
[10-15]% Attack Speed Amplification
+23 Resource Cost
25% Weapon Range Dampening
Earth Energy +1 on kill
(Increases Attack DMG by 20% per stack, decreases Spell DMG by 20% per stack)
Remove all Earth Energy and gain [Unending Trial] effect for 2 s on hit at Max Earth Energy
[Unending Trial] : +60% Forced Chain Attack Cooldown Recovery Speed"
,,변경,Inflicts additional damage to nearby enemies upon hitting a single enemy,"Attack, Melee, Weapon Range, Strike, Physical, Shadow","Mana Cost 3
Triggers Immediately
Physical Element
15% Base Speed Amplification
No equipped weapon range
Chain Count 3
Chain Range 400
Physical DMG 288%
Physical DMG +88
+30% Armor Penetration
+30% Element Penetration
+50% Weapon Range
1% DMG Amplification per remaining Chain
+1% Chain Range per 10 Weapon Range
(마법 등급 효과) +1 Chain Count
(마법 등급 효과) +10% Weapon Range
(마법 등급 효과) Amplifies DMG by 5% upon attacking
(희귀 등급 효과) +2 Chain Count
(희귀 등급 효과) +20% Weapon Range
(희귀 등급 효과) Amplifies DMG by 5% upon attacking
(희귀 등급 효과) +75% Strike DMG Multiplier

(전설 등급 효과) +4 Chain Count
(전설 등급 효과) +30% Weapon Range
(전설 등급 효과) Amplifies DMG by 8% upon attacking
(전설 등급 효과) +150% Strike DMG Multiplier","Mana Cost 12.5
Triggers Immediately
Physical Element
15% Base Speed Amplification
No equipped weapon range
Chain Count 6
Chain Range 400
Physical DMG 829%
Physical DMG +1301
+30% Armor Penetration
+30% Element Penetration
+50% Weapon Range
1% DMG Amplification per remaining Chain
+1% Chain Range per 10 Weapon Range
(마법 등급 효과) +1 Chain Count
(마법 등급 효과) +10% Weapon Range
(마법 등급 효과) Amplifies DMG by 5% upon attacking
(희귀 등급 효과) +2 Chain Count
(희귀 등급 효과) +20% Weapon Range
(희귀 등급 효과) Amplifies DMG by 5% upon attacking
(희귀 등급 효과) +75% Strike DMG Multiplier

(전설 등급 효과) +4 Chain Count
(전설 등급 효과) +30% Weapon Range
(전설 등급 효과) Amplifies DMG by 8% upon attacking
(전설 등급 효과) +150% Strike DMG Multiplier","+[10-40]% Strike DMG
3% DMG Amplification per remaining Chain","+2 Chain Count
+40% Chain Range
+[10-40]% DMG","Change to Blink tag
Add Move Attack, Chain Attack tag
Cannot Chain
Physical DMG 645%
Physical DMG +887
Skill Cooldown does not decrease below 1.5 s
Remove DMG % Amplification per remaining Chain
Remove Chain Range per Weapon Range +%
Move Distance 800
Change Legendary effect to the following effect
 +1 Chain Attack Count
 +30% Weapon Range
 Amplifies DMG by 10% upon attacking
 +150% Strike DMG Multiplier
+2 Chain Attack Count
[10-15]% Attack Speed Amplification
+23 Resource Cost
25% Weapon Range Dampening
Earth Energy +1 on kill
(Increases Attack DMG by 20% per stack, decreases Spell DMG by 20% per stack)
Remove all Earth Energy and gain [Unending Trial] effect for 2 s on hit at Max Earth Energy
[Unending Trial] : +60% Forced Chain Attack Cooldown Recovery Speed"
,Fissure,기존,"Slams the ground to create a fissure that deals damage to enemies in a wide area, with a chance to gain Earth Energy on a normal hit","Attack, Melee, Area of Effect, Strike, Physical, Shadow","Mana Cost 3
Triggers Immediately
Physical Element
Area of Effect 500
Physical DMG 441%
Physical DMG +15
+20% Stun Chance
20% DMG Amplification against Crowd Controlled enemies
30% chance to gain Earth Energy on hit
Additional Fissure on skill hit when Earth Energy stack is 5 or more
-2 Earth Energy when Additional Fissure hits
(마법 등급 효과) +30% Area of Effect
(마법 등급 효과) +100% Area DMG
(희귀 등급 효과) +60% Area of Effect
(희귀 등급 효과) +150% Area DMG

(전설 등급 효과) +90% Area of Effect
(전설 등급 효과) +250% Area DMG","Mana Cost 10.2
Triggers Immediately
Physical Element
Area of Effect 500
Physical DMG 1052%
Physical DMG +337
+20% Stun Chance
20% DMG Amplification against Crowd Controlled enemies
30% chance to gain Earth Energy on hit
Additional Fissure on skill hit when Earth Energy stack is 5 or more
-2 Earth Energy when Additional Fissure hits
(마법 등급 효과) +30% Area of Effect
(마법 등급 효과) +100% Area DMG
(희귀 등급 효과) +60% Area of Effect
(희귀 등급 효과) +150% Area DMG

(전설 등급 효과) +90% Area of Effect
(전설 등급 효과) +250% Area DMG","+2 Strike Range Count
+[10-40]% Area DMG",+[10-20]% Buff Chance,"Gain Melee DMG Amplification Link Rune Effect
[18.8-24.2]% Melee DMG Amplification
+20% Melee DMG
Cannot apply Status Effects
Cannot link Melee DMG Amplification Link Rune"
,,변경,"Slams the ground to create a fissure that deals damage to enemies in a wide area, with a chance to gain Earth Energy on a normal hit","Attack, Melee, Area of Effect, Strike, Physical, Shadow","Mana Cost 3
Triggers Immediately
Physical Element
Area of Effect 500
Physical DMG 441%
Physical DMG +15
+20% Stun Chance
20% DMG Amplification against Crowd Controlled enemies
30% chance to gain Earth Energy on hit
Additional Fissure on skill hit when Earth Energy stack is 5 or more
-2 Earth Energy when Additional Fissure hits
(마법 등급 효과) +30% Area of Effect
(마법 등급 효과) +100% Area DMG
(희귀 등급 효과) +60% Area of Effect
(희귀 등급 효과) +150% Area DMG

(전설 등급 효과) +90% Area of Effect
(전설 등급 효과) +250% Area DMG","Mana Cost 10.2
Triggers Immediately
Physical Element
Area of Effect 500
Physical DMG 1094%
Physical DMG +350
+20% Stun Chance
20% DMG Amplification against Crowd Controlled enemies
30% chance to gain Earth Energy on hit
Additional Fissure on skill hit when Earth Energy stack is 5 or more
-2 Earth Energy when Additional Fissure hits
(마법 등급 효과) +30% Area of Effect
(마법 등급 효과) +100% Area DMG
(희귀 등급 효과) +60% Area of Effect
(희귀 등급 효과) +150% Area DMG

(전설 등급 효과) +90% Area of Effect
(전설 등급 효과) +250% Area DMG","+2 Strike Range Count
+[10-40]% Area DMG",+[10-20]% Buff Chance,"Gain Melee DMG Amplification Link Rune Effect
[18.8-24.2]% Melee DMG Amplification
+20% Melee DMG
Cannot apply Status Effects
Cannot link Melee DMG Amplification Link Rune"
,Whirlwind Slash,기존,Slashes the air quickly to send forth a Whirlwind,"Attack, Strike, Physical, ProjectileCannot use Parallel Shot, Cannot Chain, Cannot Change Speed","Mana Cost 4
Triggers Immediately
Physical Element
5% Base Speed Amplification
20% DMG Dampening when hitting the same target repeatedly
Pierce Count 1
Whirlwind Count 2 (Max 7)
Projectile Speed 300
Projectile Repeat DMG enabled
Physical DMG 425%
Physical DMG +14
50% chance to inflict Disturb effect on hit
Applied as Vulnerable effect
Disturb Duration 1 s
15% Movement Speed Dampening
15% Attack Speed Dampening
15% Cast Speed Dampening
(마법 등급 효과) +8% Disturb Effect
(희귀 등급 효과) +15% Disturb Effect
(희귀 등급 효과) 2% Projectile DMG Amplification

(전설 등급 효과) +30% Disturb Effect
(전설 등급 효과) 5% Projectile DMG Amplification","Mana Cost 13.5
Triggers Immediately
Physical Element
5% Base Speed Amplification
20% DMG Dampening when hitting the same target repeatedly
Pierce Count 1
Whirlwind Count 2 (Max 7)
Projectile Speed 300
Projectile Repeat DMG enabled
Physical DMG 617%
Physical DMG +217
50% chance to inflict Disturb effect on hit
Applied as Vulnerable effect
Disturb Duration 1 s
15% Movement Speed Dampening
15% Attack Speed Dampening
15% Cast Speed Dampening
(마법 등급 효과) +8% Disturb Effect
(희귀 등급 효과) +15% Disturb Effect
(희귀 등급 효과) 2% Projectile DMG Amplification

(전설 등급 효과) +30% Disturb Effect
(전설 등급 효과) 5% Projectile DMG Amplification","+[1-2] Projectile Count
+[1-2] Pierce Count","Replace with 1 large Whirlwind and cannot be affected by Multishot
+[85-110]% DMG Multiplier
+80% Projectile Size
Pierces All","+[60-90]% DMG against Disturbed enemies
+[10-20]% Stun Chance
+[10-30]% Buff Chance"
,,변경,Slashes the air quickly to send forth a Whirlwind,"Attack, Strike, Physical, ProjectileCannot use Parallel Shot, Cannot Chain, Cannot Change Speed","Mana Cost 4
Triggers Immediately
Physical Element
5% Base Speed Amplification
20% DMG Dampening when hitting the same target repeatedly
Pierce Count 1
Whirlwind Count 2 (Max 7)
Projectile Speed 300
Projectile Repeat DMG enabled
Physical DMG 425%
Physical DMG +14
50% chance to inflict Disturb effect on hit
Applied as Vulnerable effect
Disturb Duration 1 s
15% Movement Speed Dampening
15% Attack Speed Dampening
15% Cast Speed Dampening
(마법 등급 효과) +8% Disturb Effect
(희귀 등급 효과) +15% Disturb Effect
(희귀 등급 효과) 2% Projectile DMG Amplification

(전설 등급 효과) +30% Disturb Effect
(전설 등급 효과) 5% Projectile DMG Amplification","Mana Cost 13.5
Triggers Immediately
Physical Element
5% Base Speed Amplification
20% DMG Dampening when hitting the same target repeatedly
Pierce Count 1
Whirlwind Count 2 (Max 7)
Projectile Speed 300
Projectile Repeat DMG enabled
Physical DMG 642%
Physical DMG +226
50% chance to inflict Disturb effect on hit
Applied as Vulnerable effect
Disturb Duration 1 s
15% Movement Speed Dampening
15% Attack Speed Dampening
15% Cast Speed Dampening
(마법 등급 효과) +8% Disturb Effect
(희귀 등급 효과) +15% Disturb Effect
(희귀 등급 효과) 2% Projectile DMG Amplification

(전설 등급 효과) +30% Disturb Effect
(전설 등급 효과) 5% Projectile DMG Amplification","+[1-2] Projectile Count
+[1-2] Pierce Count","Replace with 1 large Whirlwind and cannot be affected by Multishot
+[85-110]% DMG Multiplier
+80% Projectile Size
Pierces All","+[60-90]% DMG against Disturbed enemies
+[10-20]% Stun Chance
+[10-30]% Buff Chance"
,Bloodshed,기존,Chance to afflict Bleed against targets hit and create a Domain of Blood that persists for a set duration while Bleed is inflicted.,"Attack, Melee, Area of Effect, Weapon Range, Strike, Physical, Shadow","Mana Cost 3
Triggers Immediately
Physical Element
No equipped weapon range
Physical DMG +24
Physical DMG 294%
30% DMG Amplification against Elites
+40% Bleed Chance
Creates a Bloodshed Domain that lasts 6 seconds upon inflicting Bleed with Bloodshed
Domain of Blood Cooldown 5 s
Domain of Blood Range 500
Domain of Blood Effect
Bloodshed Attack Speed 3% Amplification
10% DMG Taken Dampening
Bloodshed DMG 8% Amplification to Bleeding Targets
All Speeds of Enemies in Domain of Blood Reduced by 5%
(마법 등급 효과) +30% DMG against Elites
(마법 등급 효과) +15% Bloodshed Domain of Blood Effect
(마법 등급 효과) 5% DMG Amplification against Bleeding enemies
(희귀 등급 효과) +50% DMG against Elites
(희귀 등급 효과) +30% Bloodshed Domain of Blood Effect
(희귀 등급 효과) 10% DMG Amplification against Bleeding enemies

(전설 등급 효과) +100% DMG against Elites
(전설 등급 효과) +50% Bloodshed Domain of Blood Effect
(전설 등급 효과) 20% DMG Amplification against Bleeding enemies","Mana Cost 12.5
Triggers Immediately
Physical Element
No equipped weapon range
Physical DMG +254
Physical DMG 934%
30% DMG Amplification against Elites
+40% Bleed Chance
Creates a Bloodshed Domain that lasts 6 seconds upon inflicting Bleed with Bloodshed
Domain of Blood Cooldown 5 s
Domain of Blood Range 500
Domain of Blood Effect
Bloodshed Attack Speed 7% Amplification
20% DMG Taken Dampening
Bloodshed DMG 15% Amplification to Bleeding Targets
All Speeds of Enemies in Domain of Blood Reduced by 15%
(마법 등급 효과) +30% DMG against Elites
(마법 등급 효과) +15% Bloodshed Domain of Blood Effect
(마법 등급 효과) 5% DMG Amplification against Bleeding enemies
(희귀 등급 효과) +50% DMG against Elites
(희귀 등급 효과) +30% Bloodshed Domain of Blood Effect
(희귀 등급 효과) 10% DMG Amplification against Bleeding enemies

(전설 등급 효과) +100% DMG against Elites
(전설 등급 효과) +50% Bloodshed Domain of Blood Effect
(전설 등급 효과) 20% DMG Amplification against Bleeding enemies","+[50-70] Weapon Range
+[20-30]% Bleed Chance","+[30-60]% Bloodshed Domain of Blood Duration
+[20-30]% Bloodshed Domain of Blood Effect",[13-17.5]% Melee DMG Amplification
,,변경,Chance to afflict Bleed against targets hit and create a Domain of Blood that persists for a set duration while Bleed is inflicted.,"Attack, Melee, Area of Effect, Weapon Range, Strike, Physical, Shadow","Mana Cost 3
Triggers Immediately
Physical Element
No equipped weapon range
Physical DMG +24
Physical DMG 294%
30% DMG Amplification against Elites
+40% Bleed Chance
Creates a Bloodshed Domain that lasts 6 seconds upon inflicting Bleed with Bloodshed
Domain of Blood Cooldown 5 s
Domain of Blood Range 500
Domain of Blood Effect
Bloodshed Attack Speed 3% Amplification
10% DMG Taken Dampening
Bloodshed DMG 8% Amplification to Bleeding Targets
All Speeds of Enemies in Domain of Blood Reduced by 5%
(마법 등급 효과) +30% DMG against Elites
(마법 등급 효과) +15% Bloodshed Domain of Blood Effect
(마법 등급 효과) 5% DMG Amplification against Bleeding enemies
(희귀 등급 효과) +50% DMG against Elites
(희귀 등급 효과) +30% Bloodshed Domain of Blood Effect
(희귀 등급 효과) 10% DMG Amplification against Bleeding enemies

(전설 등급 효과) +100% DMG against Elites
(전설 등급 효과) +50% Bloodshed Domain of Blood Effect
(전설 등급 효과) 20% DMG Amplification against Bleeding enemies","Mana Cost 12.5
Triggers Immediately
Physical Element
No equipped weapon range
Physical DMG +264
Physical DMG 971%
30% DMG Amplification against Elites
+40% Bleed Chance
Creates a Bloodshed Domain that lasts 6 seconds upon inflicting Bleed with Bloodshed
Domain of Blood Cooldown 5 s
Domain of Blood Range 500
Domain of Blood Effect
Bloodshed Attack Speed 7.3% Amplification
20.8% DMG Taken Dampening
Bloodshed DMG 16% Amplification to Bleeding Targets
All Speeds of Enemies in Domain of Blood Reduced by 15.6%
(마법 등급 효과) +30% DMG against Elites
(마법 등급 효과) +15% Bloodshed Domain of Blood Effect
(마법 등급 효과) 5% DMG Amplification against Bleeding enemies
(희귀 등급 효과) +50% DMG against Elites
(희귀 등급 효과) +30% Bloodshed Domain of Blood Effect
(희귀 등급 효과) 10% DMG Amplification against Bleeding enemies

(전설 등급 효과) +100% DMG against Elites
(전설 등급 효과) +50% Bloodshed Domain of Blood Effect
(전설 등급 효과) 20% DMG Amplification against Bleeding enemies","+[50-70] Weapon Range
+[20-30]% Bleed Chance","+[30-60]% Bloodshed Domain of Blood Duration
+[20-30]% Bloodshed Domain of Blood Effect",[13-17.5]% Melee DMG Amplification
,Frost Strike,기존,Strikes the ground to create a Frost Pillar that deals damage to enemies,"Attack, Melee, Area of Effect, Strike, Cold, Blow, Shadow","Mana Cost 3.9
Triggers Immediately
Cold Element
Area of Effect 350
Cold DMG 472%
Cold DMG +25
+15% Freeze Chance
+20% Chill Chance
+10% Cold Penetration
(마법 등급 효과) 5% Area DMG Amplification
(마법 등급 효과) +10% Cold Penetration
(희귀 등급 효과) 10% Area DMG Amplification
(희귀 등급 효과) +20% Cold Penetration

(전설 등급 효과) 15% Area DMG Amplification
(전설 등급 효과) +30% Cold Penetration","Mana Cost 16.3
Triggers Immediately
Cold Element
Area of Effect 350
Cold DMG 808%
Cold DMG +510
+15% Freeze Chance
+20% Chill Chance
+10% Cold Penetration
(마법 등급 효과) 5% Area DMG Amplification
(마법 등급 효과) +10% Cold Penetration
(희귀 등급 효과) 10% Area DMG Amplification
(희귀 등급 효과) +20% Cold Penetration

(전설 등급 효과) 15% Area DMG Amplification
(전설 등급 효과) +30% Cold Penetration","+[10-20] Freeze Rate
Cast Cold Explosion on target after a period of time upon inflicting Freeze
Cold Explosion DMG +527
Cold Explosion DMG 359%
Cold Explosion Area of Effect 75
Cold Explosion cannot apply Freeze","+[25-35] Freeze Rate against Chilled Enemies
+[25-40] Chill Rate
[5-10]% DMG Amplification against enemies affected by Cold Status Effect
[3-5]% DMG Amplification against enemies that are not affected by Cold Status Effect","+[50-70]% Area of Effect
[3-8]% Area DMG Amplification"
,,변경,Strikes the ground to create a Frost Pillar that deals damage to enemies,"Attack, Melee, Area of Effect, Strike, Cold, Blow, Shadow","Mana Cost 3.9
Triggers Immediately
Cold Element
Area of Effect 350
Cold DMG 472%
Cold DMG +25
+15% Freeze Chance
+20% Chill Chance
+10% Cold Penetration
(마법 등급 효과) 5% Area DMG Amplification
(마법 등급 효과) +10% Cold Penetration
(희귀 등급 효과) 10% Area DMG Amplification
(희귀 등급 효과) +20% Cold Penetration

(전설 등급 효과) 15% Area DMG Amplification
(전설 등급 효과) +30% Cold Penetration","Mana Cost 16.3
Triggers Immediately
Cold Element
Area of Effect 350
Cold DMG 840%
Cold DMG +530
+15% Freeze Chance
+20% Chill Chance
+10% Cold Penetration
(마법 등급 효과) 5% Area DMG Amplification
(마법 등급 효과) +10% Cold Penetration
(희귀 등급 효과) 10% Area DMG Amplification
(희귀 등급 효과) +20% Cold Penetration

(전설 등급 효과) 15% Area DMG Amplification
(전설 등급 효과) +30% Cold Penetration","+[10-20] Freeze Rate
Cast Cold Explosion on target after a period of time upon inflicting Freeze
Cold Explosion DMG +716
Cold Explosion DMG 417%
Cold Explosion Area of Effect 75
Cold Explosion cannot apply Freeze","+[25-35] Freeze Rate against Chilled Enemies
+[25-40] Chill Rate
[5-10]% DMG Amplification against enemies affected by Cold Status Effect
[3-5]% DMG Amplification against enemies that are not affected by Cold Status Effect","+[50-70]% Area of Effect
[3-8]% Area DMG Amplification"
,Frost Sentry,기존,"Frost Sentry has the Strike, Area of Effect, Cold, Projectile tags.
Summons a Sentry that fires Frost Arrows that explode upon hitting an enemy.
Has a maintenance cost upon summoning","Attack, SentryCannot use Parallel Shot, Cannot Split, Cannot Chain","Mana Cost 15
Triggers Immediately
Cold Element
Sentry Level 1
Sentry Duration 16 s
Sentry Count 1
Max Sentry Count 2
Projectile Count 1
Projectile Speed 3000
Explosion Range 220
Cold DMG 121%
+45 Chill Rate
+10 Freeze Rate against Chilled Enemies
+0.5% Sentry HP
+1 Sentry Critical Rate
(마법 등급 효과) +15% Sentry Area of Effect
(마법 등급 효과) +100% Sentry DMG against Debuffed enemies
(희귀 등급 효과) +30% Sentry Area of Effect
(희귀 등급 효과) +150% Sentry DMG against Debuffed enemies
(희귀 등급 효과) 15% Sentry DMG Amplification

(전설 등급 효과) +50% Sentry Area of Effect
(전설 등급 효과) +200% Sentry DMG against Debuffed enemies
(전설 등급 효과) +1 Simultaneous Sentry Count
(전설 등급 효과) 30% Sentry DMG Amplification","Mana Cost 49
Triggers Immediately
Cold Element
Sentry Level 110
Sentry Duration 16 s
Sentry Count 1
Max Sentry Count 2
Projectile Count 1
Projectile Speed 3000
Explosion Range 220
Cold DMG 278%
+45 Chill Rate
+22 Freeze Rate against Chilled Enemies
+56.8% Sentry HP
+19 Sentry Critical Rate
(마법 등급 효과) +15% Sentry Area of Effect
(마법 등급 효과) +100% Sentry DMG against Debuffed enemies
(희귀 등급 효과) +30% Sentry Area of Effect
(희귀 등급 효과) +150% Sentry DMG against Debuffed enemies
(희귀 등급 효과) 15% Sentry DMG Amplification

(전설 등급 효과) +50% Sentry Area of Effect
(전설 등급 효과) +200% Sentry DMG against Debuffed enemies
(전설 등급 효과) +1 Simultaneous Sentry Count
(전설 등급 효과) 30% Sentry DMG Amplification","+[20-40] Sentry Chill Rate
+[32-40]% Sentry Hit Rate
+[9-11] Sentry Critical Rate","+[40-70]% Sentry Chill Effect
+[75-100]% Sentry DMG against Chilled enemies","+[50-70]% Sentry Chill Duration
Transfers [25-35]% of the caster's Cold DMG Increase to Sentry (Max:  250%)"
,,변경,"Frost Sentry has the Strike, Area of Effect, Cold, Projectile tags.
Summons a Sentry that fires Frost Arrows that explode upon hitting an enemy.
Has a maintenance cost upon summoning","Attack, SentryCannot use Parallel Shot, Cannot Split, Cannot Chain","Mana Cost 15
Triggers Immediately
Cold Element
Sentry Level 1
Sentry Duration 16 s
Sentry Count 1
Max Sentry Count 2
Projectile Count 1
Projectile Speed 3000
Explosion Range 220
Cold DMG 121%
+45 Chill Rate
+10 Freeze Rate against Chilled Enemies
+0.5% Sentry HP
+1 Sentry Critical Rate
(마법 등급 효과) +15% Sentry Area of Effect
(마법 등급 효과) +100% Sentry DMG against Debuffed enemies
(희귀 등급 효과) +30% Sentry Area of Effect
(희귀 등급 효과) +150% Sentry DMG against Debuffed enemies
(희귀 등급 효과) 15% Sentry DMG Amplification

(전설 등급 효과) +50% Sentry Area of Effect
(전설 등급 효과) +200% Sentry DMG against Debuffed enemies
(전설 등급 효과) +1 Simultaneous Sentry Count
(전설 등급 효과) 30% Sentry DMG Amplification","Mana Cost 49
Triggers Immediately
Cold Element
Sentry Level 110
Sentry Duration 16 s
Sentry Count 1
Max Sentry Count 2
Projectile Count 1
Projectile Speed 3000
Explosion Range 220
Cold DMG 277%
+45 Chill Rate
+22 Freeze Rate against Chilled Enemies
+56.8% Sentry HP
+19 Sentry Critical Rate
(마법 등급 효과) +15% Sentry Area of Effect
(마법 등급 효과) +100% Sentry DMG against Debuffed enemies
(희귀 등급 효과) +30% Sentry Area of Effect
(희귀 등급 효과) +150% Sentry DMG against Debuffed enemies
(희귀 등급 효과) 15% Sentry DMG Amplification

(전설 등급 효과) +50% Sentry Area of Effect
(전설 등급 효과) +200% Sentry DMG against Debuffed enemies
(전설 등급 효과) +1 Simultaneous Sentry Count
(전설 등급 효과) 30% Sentry DMG Amplification","+[20-40] Sentry Chill Rate
+[32-40]% Sentry Hit Rate
+[9-11] Sentry Critical Rate","+[40-70]% Sentry Chill Effect
+[75-100]% Sentry DMG against Chilled enemies","+[50-70]% Sentry Chill Duration
Transfers [25-35]% of the caster's Cold DMG Increase to Sentry (Max:  250%)"
,Summon Arctic Rune Knight,기존,"Arctic Rune Knight has the Spell, Strike, Area of Effect, Cold, Melee tags.
Summons a Rune Knight of Cold that periodically uses the Frost Wind skill to Strike nearby enemies, and enhances nearby Abysslings.
The Rune Knight periodically absorbs an Abyssling during Melody High Tone and additional fusion occurs when an Abyssling of an identical element is absorbed.
An Abyss Knight is summoned upon fusing 3 times.
Has a maintenance cost upon summoning","Spell, Minion, Rune Knight","Mana Cost 50
Cooldown 40 s
Cold Element
Summon Level 1
Summon Count 1
Max Summon Count 1
Basic Attack DMG 85% (Spell, Melee, Cold, Strike, Area of Effect)
Earth Blow DMG 160% (Spell, Melee, Cold, Strike, Area of Effect)
Frost Shield DMG 50% (Spell, Melee, Cold, Strike, Area of Effect)
+0.5% Rune Knight HP
Periodically grants Knight's Authority to Abyssling
+7.4% Abyssling Attack Speed
+7.4% Abyssling Cast Speed
(마법 등급 효과) +60% Rune Knight HP
(마법 등급 효과) +50% Rune Knight DMG
(희귀 등급 효과) +105% Rune Knight HP
(희귀 등급 효과) +100% Rune Knight DMG

(전설 등급 효과) +155% Rune Knight HP
(전설 등급 효과) +150% Rune Knight DMG","Mana Cost 152
Cooldown 40 s
Cold Element
Summon Level 110
Summon Count 1
Max Summon Count 1
Basic Attack DMG 175% (Spell, Melee, Cold, Strike, Area of Effect)
Earth Blow DMG 338% (Spell, Melee, Cold, Strike, Area of Effect)
Frost Shield DMG 114% (Spell, Melee, Cold, Strike, Area of Effect)
+56.8% Rune Knight HP
Periodically grants Knight's Authority to Abyssling
+16.2% Abyssling Attack Speed
+16.2% Abyssling Cast Speed
(마법 등급 효과) +60% Rune Knight HP
(마법 등급 효과) +50% Rune Knight DMG
(희귀 등급 효과) +105% Rune Knight HP
(희귀 등급 효과) +100% Rune Knight DMG

(전설 등급 효과) +155% Rune Knight HP
(전설 등급 효과) +150% Rune Knight DMG","+[25-50]% Minion Area of Effect
+[50-80]% Rune Knight DMG
Enlargement",+[30-50]% Rune Knight's Authority Effect,"+[44-54] Chill Rate
+[25.7-30]% Chill Effect
Add +[15-30]% Minion DMG against Chilled enemies effect to Knight's Authority"
,,변경,"Arctic Rune Knight has the Spell, Strike, Area of Effect, Cold, Melee tags.
Summons a Rune Knight of Cold that periodically uses the Frost Wind skill to Strike nearby enemies, and enhances nearby Abysslings.
The Rune Knight periodically absorbs an Abyssling during Melody High Tone and additional fusion occurs when an Abyssling of an identical element is absorbed.
An Abyss Knight is summoned upon fusing 3 times.
Has a maintenance cost upon summoning","Spell, Minion, Rune Knight","Mana Cost 50
Cooldown 40 s
Cold Element
Summon Level 1
Summon Count 1
Max Summon Count 1
Basic Attack DMG 85% (Spell, Melee, Cold, Strike, Area of Effect)
Earth Blow DMG 160% (Spell, Melee, Cold, Strike, Area of Effect)
Frost Shield DMG 50% (Spell, Melee, Cold, Strike, Area of Effect)
+0.5% Rune Knight HP
Periodically grants Knight's Authority to Abyssling
+7.4% Abyssling Attack Speed
+7.4% Abyssling Cast Speed
(마법 등급 효과) +60% Rune Knight HP
(마법 등급 효과) +50% Rune Knight DMG
(희귀 등급 효과) +105% Rune Knight HP
(희귀 등급 효과) +100% Rune Knight DMG

(전설 등급 효과) +155% Rune Knight HP
(전설 등급 효과) +150% Rune Knight DMG","Mana Cost 152
Cooldown 40 s
Cold Element
Summon Level 110
Summon Count 1
Max Summon Count 1
Basic Attack DMG 182% (Spell, Melee, Cold, Strike, Area of Effect)
Earth Blow DMG 352% (Spell, Melee, Cold, Strike, Area of Effect)
Frost Shield DMG 119% (Spell, Melee, Cold, Strike, Area of Effect)
+56.8% Rune Knight HP
Periodically grants Knight's Authority to Abyssling
+16.8% Abyssling Attack Speed
+16.8% Abyssling Cast Speed
(마법 등급 효과) +60% Rune Knight HP
(마법 등급 효과) +50% Rune Knight DMG
(희귀 등급 효과) +105% Rune Knight HP
(희귀 등급 효과) +100% Rune Knight DMG

(전설 등급 효과) +155% Rune Knight HP
(전설 등급 효과) +150% Rune Knight DMG","+[25-50]% Minion Area of Effect
+[50-80]% Rune Knight DMG
Enlargement",+[30-50]% Rune Knight's Authority Effect,"+[44-54] Chill Rate
+[25.7-30]% Chill Effect
Add +[15-30]% Minion DMG against Chilled enemies effect to Knight's Authority"
,Summon Lightning Rune Knight,기존,"Lightning Rune Knight has the Spell, Strike, Area of Effect, Lightning, Melee tags.
Summons a Rune Knight of Lightning that periodically uses the Lightning Wave Skill, and enhances nearby Abysslings.
The Rune Knight periodically absorbs an Abyssling during Melody High Tone and additional fusion occurs when an Abyssling of an identical element is absorbed.
An Abyss Knight is summoned upon fusing 3 times.
Has a maintenance cost upon summoning","Spell, Minion, Rune Knight","Mana Cost 50
Cooldown 40 s
Lightning Element
Summon Level 1
Summon Count 1
Max Summon Count 1
Basic Attack DMG 85% (Spell, Melee, Lightning, Strike, Area of Effect)
Earth Blow DMG 160% (Spell, Melee, Lightning, Strike, Area of Effect)
Electric Release DMG 200% (Spell, Melee, Lightning, Strike, Area of Effect)
+0.5% Rune Knight HP
Periodically grants Knight's Authority to Abyssling
+25.2% Abyssling Critical Rate
(마법 등급 효과) +60% Rune Knight HP
(마법 등급 효과) +50% Rune Knight DMG
(희귀 등급 효과) +105% Rune Knight HP
(희귀 등급 효과) +100% Rune Knight DMG

(전설 등급 효과) +155% Rune Knight HP
(전설 등급 효과) +150% Rune Knight DMG","Mana Cost 152
Cooldown 40 s
Lightning Element
Summon Level 110
Summon Count 1
Max Summon Count 1
Basic Attack DMG 175% (Spell, Melee, Lightning, Strike, Area of Effect)
Earth Blow DMG 338% (Spell, Melee, Lightning, Strike, Area of Effect)
Electric Release DMG 453% (Spell, Melee, Lightning, Strike, Area of Effect)
+56.8% Rune Knight HP
Periodically grants Knight's Authority to Abyssling
+69.2% Abyssling Critical Rate
(마법 등급 효과) +60% Rune Knight HP
(마법 등급 효과) +50% Rune Knight DMG
(희귀 등급 효과) +105% Rune Knight HP
(희귀 등급 효과) +100% Rune Knight DMG

(전설 등급 효과) +155% Rune Knight HP
(전설 등급 효과) +150% Rune Knight DMG","+[25-50]% Minion Area of Effect
+[50-80]% Rune Knight DMG
Enlargement",+[30-50]% Rune Knight's Authority Effect,"+[41-51] Shock Rate
+[20.7-25]% Shock Effect
Add +[15-30]% Minion DMG against Shocked enemies effect to Knight's Authority"
,,변경,"Lightning Rune Knight has the Spell, Strike, Area of Effect, Lightning, Melee tags.
Summons a Rune Knight of Lightning that periodically uses the Lightning Wave Skill, and enhances nearby Abysslings.
The Rune Knight periodically absorbs an Abyssling during Melody High Tone and additional fusion occurs when an Abyssling of an identical element is absorbed.
An Abyss Knight is summoned upon fusing 3 times.
Has a maintenance cost upon summoning","Spell, Minion, Rune Knight","Mana Cost 50
Cooldown 40 s
Lightning Element
Summon Level 1
Summon Count 1
Max Summon Count 1
Basic Attack DMG 85% (Spell, Melee, Lightning, Strike, Area of Effect)
Earth Blow DMG 160% (Spell, Melee, Lightning, Strike, Area of Effect)
Electric Release DMG 200% (Spell, Melee, Lightning, Strike, Area of Effect)
+0.5% Rune Knight HP
Periodically grants Knight's Authority to Abyssling
+25.2% Abyssling Critical Rate
(마법 등급 효과) +60% Rune Knight HP
(마법 등급 효과) +50% Rune Knight DMG
(희귀 등급 효과) +105% Rune Knight HP
(희귀 등급 효과) +100% Rune Knight DMG

(전설 등급 효과) +155% Rune Knight HP
(전설 등급 효과) +150% Rune Knight DMG","Mana Cost 152
Cooldown 40 s
Lightning Element
Summon Level 110
Summon Count 1
Max Summon Count 1
Basic Attack DMG 182% (Spell, Melee, Lightning, Strike, Area of Effect)
Earth Blow DMG 352% (Spell, Melee, Lightning, Strike, Area of Effect)
Electric Release DMG 471% (Spell, Melee, Lightning, Strike, Area of Effect)
+56.8% Rune Knight HP
Periodically grants Knight's Authority to Abyssling
+72% Abyssling Critical Rate
(마법 등급 효과) +60% Rune Knight HP
(마법 등급 효과) +50% Rune Knight DMG
(희귀 등급 효과) +105% Rune Knight HP
(희귀 등급 효과) +100% Rune Knight DMG

(전설 등급 효과) +155% Rune Knight HP
(전설 등급 효과) +150% Rune Knight DMG","+[25-50]% Minion Area of Effect
+[50-80]% Rune Knight DMG
Enlargement",+[30-50]% Rune Knight's Authority Effect,"+[41-51] Shock Rate
+[20.7-25]% Shock Effect
Add +[15-30]% Minion DMG against Shocked enemies effect to Knight's Authority"
,Fighter's Wrath,기존,Amplifies Melee DMG and increases Attack Speed during skill duration,"Spell, Attack Enhance, Duration","Mana Cost 17
Cooldown 30 s
Duration 3 s
25.5% Melee DMG Amplification
+35% Attack Speed
Shares Cooldowns between Attack Enhance Skills
(마법 등급 효과) +5% Enhance Skill Rune Effect
(희귀 등급 효과) +10% Enhance Skill Rune Effect

(전설 등급 효과) +15% Enhance Skill Rune Effect","Mana Cost 44.2
Cooldown 30 s
Duration 3 s
56.7% Melee DMG Amplification
+35% Attack Speed
Shares Cooldowns between Attack Enhance Skills
(마법 등급 효과) +5% Enhance Skill Rune Effect
(희귀 등급 효과) +10% Enhance Skill Rune Effect

(전설 등급 효과) +15% Enhance Skill Rune Effect","+[15-30]% Enhance Skill Rune Effect
+[5-10]% Enhance Skill Rune Cooldown Recovery Speed","+[35-60]% Enhance Skill Rune Duration
+[5-10]% Enhance Skill Rune Effect",[10-15]% Skill Rune Cooldown Dampening
,,변경,Amplifies Melee DMG and increases Attack Speed during skill duration,"Spell, Attack Enhance, Duration","Mana Cost 17
Cooldown 30 s
Duration 3 s
25.5% Melee DMG Amplification
+35% Attack Speed
Shares Cooldowns between Attack Enhance Skills
(마법 등급 효과) +5% Enhance Skill Rune Effect
(희귀 등급 효과) +10% Enhance Skill Rune Effect

(전설 등급 효과) +15% Enhance Skill Rune Effect","Mana Cost 44.2
Cooldown 30 s
Duration 3 s
59% Melee DMG Amplification
+35% Attack Speed
Shares Cooldowns between Attack Enhance Skills
(마법 등급 효과) +5% Enhance Skill Rune Effect
(희귀 등급 효과) +10% Enhance Skill Rune Effect

(전설 등급 효과) +15% Enhance Skill Rune Effect","+[15-30]% Enhance Skill Rune Effect
+[5-10]% Enhance Skill Rune Cooldown Recovery Speed","+[35-60]% Enhance Skill Rune Duration
+[5-10]% Enhance Skill Rune Effect",[10-15]% Skill Rune Cooldown Dampening
,Release Element,기존,Amplifies Element DMG and increases Cast Speed during skill duration,"Spell, Attack Enhance, Duration","Mana Cost 25
Cooldown 30 s
Duration 3 s
25.5% Element DMG Amplification
+35% Cast Speed
Shares Cooldowns between Attack Enhance Skills
(마법 등급 효과) +5% Enhance Skill Rune Effect
(희귀 등급 효과) +10% Enhance Skill Rune Effect

(전설 등급 효과) +15% Enhance Skill Rune Effect","Mana Cost 52.2
Cooldown 30 s
Duration 3 s
56.7% Element DMG Amplification
+35% Cast Speed
Shares Cooldowns between Attack Enhance Skills
(마법 등급 효과) +5% Enhance Skill Rune Effect
(희귀 등급 효과) +10% Enhance Skill Rune Effect

(전설 등급 효과) +15% Enhance Skill Rune Effect","-[30-40]% Enhance Skill Rune Resource Cost
+[5-10]% Enhance Skill Rune Cooldown Recovery Speed",+[30-50]% Enhance Skill Rune Duration,+[15-25]% Enhance Skill Rune Effect
,,변경,Amplifies Element DMG and increases Cast Speed during skill duration,"Spell, Attack Enhance, Duration","Mana Cost 25
Cooldown 30 s
Duration 3 s
25.5% Element DMG Amplification
+35% Cast Speed
Shares Cooldowns between Attack Enhance Skills
(마법 등급 효과) +5% Enhance Skill Rune Effect
(희귀 등급 효과) +10% Enhance Skill Rune Effect

(전설 등급 효과) +15% Enhance Skill Rune Effect","Mana Cost 52.2
Cooldown 30 s
Duration 3 s
59% Element DMG Amplification
+35% Cast Speed
Shares Cooldowns between Attack Enhance Skills
(마법 등급 효과) +5% Enhance Skill Rune Effect
(희귀 등급 효과) +10% Enhance Skill Rune Effect

(전설 등급 효과) +15% Enhance Skill Rune Effect","-[30-40]% Enhance Skill Rune Resource Cost
+[5-10]% Enhance Skill Rune Cooldown Recovery Speed",+[30-50]% Enhance Skill Rune Duration,+[15-25]% Enhance Skill Rune Effect
,Intensify Pain,기존,"Increases DMG Status Effect Rate for the duration, and Status Effect DMG are amplified","Spell, Attack Enhance, Duration","Mana Cost 25
Cooldown 30 s
Duration 3 s
+94 DoT Rate
107.5% Status Effect DMG Amplification
Shares Cooldowns between Attack Enhance Skills
(마법 등급 효과) +5% Enhance Skill Rune Effect
(희귀 등급 효과) +10% Enhance Skill Rune Effect

(전설 등급 효과) +15% Enhance Skill Rune Effect","Mana Cost 52.2
Cooldown 30 s
Duration 3 s
+177 DoT Rate
218.5% Status Effect DMG Amplification
Shares Cooldowns between Attack Enhance Skills
(마법 등급 효과) +5% Enhance Skill Rune Effect
(희귀 등급 효과) +10% Enhance Skill Rune Effect

(전설 등급 효과) +15% Enhance Skill Rune Effect","-[30-40]% Enhance Skill Rune Resource Cost
+[5-10]% Enhance Skill Rune Cooldown Recovery Speed",+[30-50]% Enhance Skill Rune Duration,+[15-25]% Enhance Skill Rune Effect
,,변경,"Increases DMG Status Effect Rate for the duration, and Status Effect DMG are amplified","Spell, Attack Enhance, Duration","Mana Cost 25
Cooldown 30 s
Duration 3 s
+94 DoT Rate
60% Status Effect DMG Amplification
Shares Cooldowns between Attack Enhance Skills
(마법 등급 효과) +5% Enhance Skill Rune Effect
(희귀 등급 효과) +10% Enhance Skill Rune Effect

(전설 등급 효과) +15% Enhance Skill Rune Effect","Mana Cost 52.2
Cooldown 30 s
Duration 3 s
+184 DoT Rate
140% Status Effect DMG Amplification
Shares Cooldowns between Attack Enhance Skills
(마법 등급 효과) +5% Enhance Skill Rune Effect
(희귀 등급 효과) +10% Enhance Skill Rune Effect

(전설 등급 효과) +15% Enhance Skill Rune Effect","-[30-40]% Enhance Skill Rune Resource Cost
+[5-10]% Enhance Skill Rune Cooldown Recovery Speed",+[30-50]% Enhance Skill Rune Duration,+[15-25]% Enhance Skill Rune Effect
,Vital Strike,기존,Increases Critical Rate and Critical DMG during skill duration,"Spell, Attack Enhance, Duration","Mana Cost 16
Cooldown 30 s
Duration 3 s
+240% Critical Rate
+123% Critical DMG
+5% Critical Chance
Shares Cooldowns between Attack Enhance Skills
(마법 등급 효과) +5% Enhance Skill Rune Effect
(희귀 등급 효과) +10% Enhance Skill Rune Effect

(전설 등급 효과) +15% Enhance Skill Rune Effect","Mana Cost 43.2
Cooldown 30 s
Duration 3 s
+470.4% Critical Rate
+201.3% Critical DMG
+10.9% Critical Chance
Shares Cooldowns between Attack Enhance Skills
(마법 등급 효과) +5% Enhance Skill Rune Effect
(희귀 등급 효과) +10% Enhance Skill Rune Effect

(전설 등급 효과) +15% Enhance Skill Rune Effect",+[10-20]% Enhance Skill Rune Effect,"+[5-10]% Enhance Skill Rune Effect
+[25-50]% Enhance Skill Rune Cooldown Recovery Speed","[10-20]% Resource Cost Dampening
+[10-20]% Enhance Skill Rune Cooldown Recovery Speed"
,,변경,Increases Critical Rate and Critical DMG during skill duration,"Spell, Attack Enhance, Duration","Mana Cost 16
Cooldown 30 s
Duration 3 s
+240% Critical Rate
+123% Critical DMG
+5% Critical Chance
Shares Cooldowns between Attack Enhance Skills
(마법 등급 효과) +5% Enhance Skill Rune Effect
(희귀 등급 효과) +10% Enhance Skill Rune Effect

(전설 등급 효과) +15% Enhance Skill Rune Effect","Mana Cost 43.2
Cooldown 30 s
Duration 3 s
+489.2% Critical Rate
+209.4% Critical DMG
+11.3% Critical Chance
Shares Cooldowns between Attack Enhance Skills
(마법 등급 효과) +5% Enhance Skill Rune Effect
(희귀 등급 효과) +10% Enhance Skill Rune Effect

(전설 등급 효과) +15% Enhance Skill Rune Effect",+[10-20]% Enhance Skill Rune Effect,"+[5-10]% Enhance Skill Rune Effect
+[25-50]% Enhance Skill Rune Cooldown Recovery Speed","[10-20]% Resource Cost Dampening
+[10-20]% Enhance Skill Rune Cooldown Recovery Speed"
,Bulwark of Protection,기존,Increases Armor and Element Resist during skill duration,"Spell, Defense Enhance, Duration","Mana Cost 17
Cooldown 30 s
Duration 3 s
+178% Armor
+69 Element Resist
5% DMG Taken Dampening
Shares Cooldowns between Defense Enhance Skills
(마법 등급 효과) +6% Enhance Skill Rune Effect
(희귀 등급 효과) +15% Enhance Skill Rune Effect

(전설 등급 효과) +25% Enhance Skill Rune Effect","Mana Cost 44.2
Cooldown 30 s
Duration 3 s
+296.2% Armor
+115 Element Resist
16% DMG Taken Dampening
Shares Cooldowns between Defense Enhance Skills
(마법 등급 효과) +6% Enhance Skill Rune Effect
(희귀 등급 효과) +15% Enhance Skill Rune Effect

(전설 등급 효과) +25% Enhance Skill Rune Effect",[15-30]% Skill Rune Cooldown Dampening,"+[40-65]% Enhance Skill Rune Duration
+[5-10]% Enhance Skill Rune Effect","+[10-30]% Enhance Skill Rune Duration
Creates an Area of Protection upon using Skill
Area of Protection Duration 3 s
Area of Protection Area of Effect 450
+50% Armor to all allies within Area of Protection"
,,변경,Increases Armor and Element Resist during skill duration,"Spell, Defense Enhance, Duration","Mana Cost 17
Cooldown 30 s
Duration 3 s
+178% Armor
+69 Element Resist
5% DMG Taken Dampening
Shares Cooldowns between Defense Enhance Skills
(마법 등급 효과) +6% Enhance Skill Rune Effect
(희귀 등급 효과) +15% Enhance Skill Rune Effect

(전설 등급 효과) +25% Enhance Skill Rune Effect","Mana Cost 44.2
Cooldown 30 s
Duration 3 s
+308% Armor
+120 Element Resist
16.6% DMG Taken Dampening
Shares Cooldowns between Defense Enhance Skills
(마법 등급 효과) +6% Enhance Skill Rune Effect
(희귀 등급 효과) +15% Enhance Skill Rune Effect

(전설 등급 효과) +25% Enhance Skill Rune Effect",[15-30]% Skill Rune Cooldown Dampening,"+[40-65]% Enhance Skill Rune Duration
+[5-10]% Enhance Skill Rune Effect","+[10-30]% Enhance Skill Rune Duration
Creates an Area of Protection upon using Skill
Area of Protection Duration 3 s
Area of Protection Area of Effect 450
+50% Armor to all allies within Area of Protection"
,Marksman,기존,Increases Projectile DMG and Pierce Count during skill duration,"Spell, Attack Enhance, Duration","Mana Cost 17
Cooldown 30 s
Duration 3 s
+53% Hit Rate
28% Projectile DMG Amplification
+1 Pierce Count
Shares Cooldowns between Attack Enhance Skills
(마법 등급 효과) +5% Enhance Skill Rune Effect
(희귀 등급 효과) +10% Enhance Skill Rune Effect

(전설 등급 효과) +15% Enhance Skill Rune Effect","Mana Cost 44.2
Cooldown 30 s
Duration 3 s
+107.1% Hit Rate
56.1% Projectile DMG Amplification
+1 Pierce Count
Shares Cooldowns between Attack Enhance Skills
(마법 등급 효과) +5% Enhance Skill Rune Effect
(희귀 등급 효과) +10% Enhance Skill Rune Effect

(전설 등급 효과) +15% Enhance Skill Rune Effect","[10-20]% Resource Cost Dampening
+[10-20]% Enhance Skill Rune Cooldown Recovery Speed",+[15-30]% Enhance Skill Rune Effect,+[30-50]% Skill Rune Duration
,,변경,Increases Projectile DMG and Pierce Count during skill duration,"Spell, Attack Enhance, Duration","Mana Cost 17
Cooldown 30 s
Duration 3 s
+53% Hit Rate
28% Projectile DMG Amplification
+1 Pierce Count
Shares Cooldowns between Attack Enhance Skills
(마법 등급 효과) +5% Enhance Skill Rune Effect
(희귀 등급 효과) +10% Enhance Skill Rune Effect

(전설 등급 효과) +15% Enhance Skill Rune Effect","Mana Cost 44.2
Cooldown 30 s
Duration 3 s
+111.4% Hit Rate
58.3% Projectile DMG Amplification
+1 Pierce Count
Shares Cooldowns between Attack Enhance Skills
(마법 등급 효과) +5% Enhance Skill Rune Effect
(희귀 등급 효과) +10% Enhance Skill Rune Effect

(전설 등급 효과) +15% Enhance Skill Rune Effect","[10-20]% Resource Cost Dampening
+[10-20]% Enhance Skill Rune Cooldown Recovery Speed",+[15-30]% Enhance Skill Rune Effect,+[30-50]% Skill Rune Duration
,Shout of Provocation,기존,Increases the caster's Armor during skill duration and forces enemies within range to attack the caster. Temporarily increases DMG upon use,"Attack, Area of Effect, Shout, Duration","Mana Cost 15
Cooldown 15 s
Provokes enemies
Shout Range 350
+56% DMG
Shout Duration 3 s
Shout Skill Effect
15% Armor Amplification
Provoked enemy cannot be Provoked for 5 s
(마법 등급 효과) +5% Shout Skill Rune Effect
(희귀 등급 효과) +12% Shout Skill Rune Effect

(전설 등급 효과) +20% Shout Skill Rune Effect","Mana Cost 37
Cooldown 15 s
Provokes enemies
Shout Range 350
+144% DMG
Shout Duration 3 s
Shout Skill Effect
52% Armor Amplification
Provoked enemy cannot be Provoked for 5 s
(마법 등급 효과) +5% Shout Skill Rune Effect
(희귀 등급 효과) +12% Shout Skill Rune Effect

(전설 등급 효과) +20% Shout Skill Rune Effect","+[10-35]% Shout Skill Rune Cooldown Recovery Speed
Gain Vampire Skin Effect for 1 s upon using Skill
Recovers HP by 10% of DMG Taken when Vampire Skin is effective","+[5-15]% Shout Skill Rune Effect
+[60-100]% Shout Skill Rune Cast Speed","+[25-50]% Shout Skill Rune Effect Range
20% DMG Dampening for 3 s against Provoked Target"
,,변경,Increases the caster's Armor during skill duration and forces enemies within range to attack the caster. Temporarily increases DMG upon use,"Attack, Area of Effect, Shout, Duration","Mana Cost 15
Cooldown 15 s
Provokes enemies
Shout Range 350
+56% DMG
Shout Duration 3 s
Shout Skill Effect
15% Armor Amplification
Provoked enemy cannot be Provoked for 5 s
(마법 등급 효과) +5% Shout Skill Rune Effect
(희귀 등급 효과) +12% Shout Skill Rune Effect

(전설 등급 효과) +20% Shout Skill Rune Effect","Mana Cost 37
Cooldown 15 s
Provokes enemies
Shout Range 350
+149.8% DMG
Shout Duration 3 s
Shout Skill Effect
54.1% Armor Amplification
Provoked enemy cannot be Provoked for 5 s
(마법 등급 효과) +5% Shout Skill Rune Effect
(희귀 등급 효과) +12% Shout Skill Rune Effect

(전설 등급 효과) +20% Shout Skill Rune Effect","+[10-35]% Shout Skill Rune Cooldown Recovery Speed
Gain Vampire Skin Effect for 1 s upon using Skill
Recovers HP by 10% of DMG Taken when Vampire Skin is effective","+[5-15]% Shout Skill Rune Effect
+[60-100]% Shout Skill Rune Cast Speed","+[25-50]% Shout Skill Rune Effect Range
20% DMG Dampening for 3 s against Provoked Target"
,Tenacious Regeneration,기존,Increases HP and HP Regen during skill duration,"Spell, Defense Enhance, Duration","Mana Cost 17
Cooldown 30 s
Duration 3 s
+15% HP
+90 HP Regen/Sec
Instantly recover 15% of Max HP
Shares Cooldowns between Defense Enhance Skills
(마법 등급 효과) +5% Enhance Skill Rune Effect
(희귀 등급 효과) +12% Enhance Skill Rune Effect

(전설 등급 효과) +20% Enhance Skill Rune Effect","Mana Cost 44.2
Cooldown 30 s
Duration 3 s
+20.9% HP
+264 HP Regen/Sec
Instantly recover 21.2% of Max HP
Shares Cooldowns between Defense Enhance Skills
(마법 등급 효과) +5% Enhance Skill Rune Effect
(희귀 등급 효과) +12% Enhance Skill Rune Effect

(전설 등급 효과) +20% Enhance Skill Rune Effect",[15-30]% Skill Rune Cooldown Dampening,+[50-75]% Enhance Skill Rune Duration,"+[2-10]% Enhance Skill Rune Effect
+30% Status Effect Dodge Chance"
,,변경,Increases HP and HP Regen during skill duration,"Spell, Defense Enhance, Duration","Mana Cost 17
Cooldown 30 s
Duration 3 s
+15% HP
+90 HP Regen/Sec
Instantly recover 15% of Max HP
Shares Cooldowns between Defense Enhance Skills
(마법 등급 효과) +5% Enhance Skill Rune Effect
(희귀 등급 효과) +12% Enhance Skill Rune Effect

(전설 등급 효과) +20% Enhance Skill Rune Effect","Mana Cost 44.2
Cooldown 30 s
Duration 3 s
+21.7% HP
+275 HP Regen/Sec
Instantly recover 22% of Max HP
Shares Cooldowns between Defense Enhance Skills
(마법 등급 효과) +5% Enhance Skill Rune Effect
(희귀 등급 효과) +12% Enhance Skill Rune Effect

(전설 등급 효과) +20% Enhance Skill Rune Effect",[15-30]% Skill Rune Cooldown Dampening,+[50-75]% Enhance Skill Rune Duration,"+[2-10]% Enhance Skill Rune Effect
+30% Status Effect Dodge Chance"
,Illusion Arrow,기존,Chance to automatically fire a Guided Arrow upon reaching stack count with Bow Skills,"Attack, Strike, Physical, Projectile, Duration, Toggle, Toggle DMGCannot use Parallel Shot, Cannot Split, Cannot Chain","15% Resource Cost Amplification
Cooldown 3 s
Physical Element
Gain Illusion Arrow on hit
Activation Stack: 5
Duration 5 s
Arrows: 6
Projectile Speed 600
Cannot Pierce
Physical DMG 80%
Physical DMG +53
5% DMG Dampening when hitting the same target repeatedly
(마법 등급 효과) +20% Projectile DMG
(희귀 등급 효과) +40% Projectile DMG
(희귀 등급 효과) +1 Projectile Count

(전설 등급 효과) +65% Projectile DMG
(전설 등급 효과) +2 Projectile Count","15% Resource Cost Amplification
Cooldown 3 s
Physical Element
Gain Illusion Arrow on hit
Activation Stack: 5
Duration 5 s
Arrows: 6
Projectile Speed 600
Cannot Pierce
Physical DMG 167%
Physical DMG +176
5% DMG Dampening when hitting the same target repeatedly
(마법 등급 효과) +20% Projectile DMG
(희귀 등급 효과) +40% Projectile DMG
(희귀 등급 효과) +1 Projectile Count

(전설 등급 효과) +65% Projectile DMG
(전설 등급 효과) +2 Projectile Count",[10-15]% Projectile DMG Amplification,+[20-30] Debuff Rate,"Gain Multishot Link Rune Effect
+4 Projectile Count
[1-3]% Projectile DMG Amplification
Cannot link Multishot Link Rune"
,,변경,Chance to automatically fire a Guided Arrow upon reaching stack count with Bow Skills,"Attack, Strike, Physical, Projectile, Duration, Toggle, Toggle DMGCannot use Parallel Shot, Cannot Split, Cannot Chain","15% Resource Cost Amplification
Cooldown 3 s
Physical Element
Gain Illusion Arrow on hit
Activation Stack: 5
Duration 5 s
Arrows: 6
Projectile Speed 600
Cannot Pierce
Physical DMG 80%
Physical DMG +53
5% DMG Dampening when hitting the same target repeatedly
(마법 등급 효과) +20% Projectile DMG
(희귀 등급 효과) +40% Projectile DMG
(희귀 등급 효과) +1 Projectile Count

(전설 등급 효과) +65% Projectile DMG
(전설 등급 효과) +2 Projectile Count","15% Resource Cost Amplification
Cooldown 3 s
Physical Element
Gain Illusion Arrow on hit
Activation Stack: 5
Duration 5 s
Arrows: 6
Projectile Speed 600
Cannot Pierce
Physical DMG 174%
Physical DMG +183
5% DMG Dampening when hitting the same target repeatedly
(마법 등급 효과) +20% Projectile DMG
(희귀 등급 효과) +40% Projectile DMG
(희귀 등급 효과) +1 Projectile Count

(전설 등급 효과) +65% Projectile DMG
(전설 등급 효과) +2 Projectile Count",[10-15]% Projectile DMG Amplification,+[20-30] Debuff Rate,"Gain Multishot Link Rune Effect
+4 Projectile Count
[1-3]% Projectile DMG Amplification
Cannot link Multishot Link Rune"
,Poison Explosion,기존,Cause Poison Explosion in the surrounding area upon reaching stack count by inflicting Venom,"Attack, Area of Effect, Strike, Poison, Duration, Toggle, Toggle DMG","15% Resource Cost Amplification
Cooldown 3 s
Poison Element
Gain a stack upon inflicting Venom
Poison Explosion Activation Stack: 5
Duration 8 s
Area of Effect 250
Poison DMG 121%
Poison DMG +6
+10% DMG per stack against affected by Venom
20% chance to +1 Poison Energy on Poison Explosion hit
(마법 등급 효과) +25% Area of Effect
(희귀 등급 효과) +50% Area of Effect
(희귀 등급 효과) +50% DMG against enemies affected by Venom

(전설 등급 효과) +80% Area of Effect
(전설 등급 효과) +100% DMG against enemies affected by Venom","15% Resource Cost Amplification
Cooldown 3 s
Poison Element
Gain a stack upon inflicting Venom
Poison Explosion Activation Stack: 5
Duration 8 s
Area of Effect 250
Poison DMG 266%
Poison DMG +258
+10% DMG per stack against affected by Venom
20% chance to +1 Poison Energy on Poison Explosion hit
(마법 등급 효과) +25% Area of Effect
(희귀 등급 효과) +50% Area of Effect
(희귀 등급 효과) +50% DMG against enemies affected by Venom

(전설 등급 효과) +80% Area of Effect
(전설 등급 효과) +100% DMG against enemies affected by Venom",[10-15]% Poison DMG Amplification,[10-20]% DMG Amplification against enemies affected by Poison Status Effect,+[40-60]% Area of Effect
,,변경,Cause Poison Explosion in the surrounding area upon reaching stack count by inflicting Venom,"Attack, Area of Effect, Strike, Poison, Duration, Toggle, Toggle DMG","15% Resource Cost Amplification
Cooldown 3 s
Poison Element
Gain a stack upon inflicting Venom
Poison Explosion Activation Stack: 5
Duration 8 s
Area of Effect 250
Poison DMG 121%
Poison DMG +6
+10% DMG per stack against affected by Venom
20% chance to +1 Poison Energy on Poison Explosion hit
(마법 등급 효과) +25% Area of Effect
(희귀 등급 효과) +50% Area of Effect
(희귀 등급 효과) +50% DMG against enemies affected by Venom

(전설 등급 효과) +80% Area of Effect
(전설 등급 효과) +100% DMG against enemies affected by Venom","15% Resource Cost Amplification
Cooldown 3 s
Poison Element
Gain a stack upon inflicting Venom
Poison Explosion Activation Stack: 5
Duration 8 s
Area of Effect 250
Poison DMG 277%
Poison DMG +268
+10% DMG per stack against affected by Venom
20% chance to +1 Poison Energy on Poison Explosion hit
(마법 등급 효과) +25% Area of Effect
(희귀 등급 효과) +50% Area of Effect
(희귀 등급 효과) +50% DMG against enemies affected by Venom

(전설 등급 효과) +80% Area of Effect
(전설 등급 효과) +100% DMG against enemies affected by Venom",[10-15]% Poison DMG Amplification,[10-20]% DMG Amplification against enemies affected by Poison Status Effect,+[40-60]% Area of Effect
,Blood Explosion,기존,Cause Blood Explosion in the surrounding area upon reaching stack count by inflicting Bleed,"Attack, Melee, Area of Effect, Strike, Physical, Duration, Toggle, Toggle DMG","15% Resource Cost Amplification
Cooldown 3 s
Physical Element
Gain a stack upon inflicting Bleed
Blood Explosion Activation Stack: 5
Duration 6 s
Area of Effect 250
Physical DMG 121%
Physical DMG +6
+10% DMG per stack against Bleeding enemies
20% chance to +1 Earth Energy on Blood Explosion hit
(마법 등급 효과) +25% Area of Effect
(희귀 등급 효과) +50% Area of Effect
(희귀 등급 효과) +50% DMG against Bleeding enemies

(전설 등급 효과) +80% Area of Effect
(전설 등급 효과) +100% DMG against Bleeding enemies","15% Resource Cost Amplification
Cooldown 3 s
Physical Element
Gain a stack upon inflicting Bleed
Blood Explosion Activation Stack: 5
Duration 6 s
Area of Effect 250
Physical DMG 392%
Physical DMG +258
+10% DMG per stack against Bleeding enemies
20% chance to +1 Earth Energy on Blood Explosion hit
(마법 등급 효과) +25% Area of Effect
(희귀 등급 효과) +50% Area of Effect
(희귀 등급 효과) +50% DMG against Bleeding enemies

(전설 등급 효과) +80% Area of Effect
(전설 등급 효과) +100% DMG against Bleeding enemies","+17% DMG per stack against Bleeding enemies
[10-15]% DMG Dampening
Change Blood Explosion Activation Stack to 3",+[10-30]% Bleed Chance,"+[15-30]% Skill Rune Effect
+[40-70] Crowd Control Rate"
,,변경,Cause Blood Explosion in the surrounding area upon reaching stack count by inflicting Bleed,"Attack, Melee, Area of Effect, Strike, Physical, Duration, Toggle, Toggle DMG","15% Resource Cost Amplification
Cooldown 3 s
Physical Element
Gain a stack upon inflicting Bleed
Blood Explosion Activation Stack: 5
Duration 6 s
Area of Effect 250
Physical DMG 121%
Physical DMG +6
+10% DMG per stack against Bleeding enemies
20% chance to +1 Earth Energy on Blood Explosion hit
(마법 등급 효과) +25% Area of Effect
(희귀 등급 효과) +50% Area of Effect
(희귀 등급 효과) +50% DMG against Bleeding enemies

(전설 등급 효과) +80% Area of Effect
(전설 등급 효과) +100% DMG against Bleeding enemies","15% Resource Cost Amplification
Cooldown 3 s
Physical Element
Gain a stack upon inflicting Bleed
Blood Explosion Activation Stack: 5
Duration 6 s
Area of Effect 250
Physical DMG 408%
Physical DMG +268
+10% DMG per stack against Bleeding enemies
20% chance to +1 Earth Energy on Blood Explosion hit
(마법 등급 효과) +25% Area of Effect
(희귀 등급 효과) +50% Area of Effect
(희귀 등급 효과) +50% DMG against Bleeding enemies

(전설 등급 효과) +80% Area of Effect
(전설 등급 효과) +100% DMG against Bleeding enemies","+17% DMG per stack against Bleeding enemies
[10-15]% DMG Dampening
Change Blood Explosion Activation Stack to 3",+[10-30]% Bleed Chance,"+[15-30]% Skill Rune Effect
+[40-70] Crowd Control Rate"
,Counterattack,기존,"Deal DMG to the enemy upon dodging, blocking, or damaged by enemy attack","Attack, Area of Effect, Strike, Physical, Toggle, Toggle DMG","15% Resource Cost Amplification
Cooldown 3 s
Physical Element
Apply Chance 100%
Area of Effect 400
Physical DMG 350%
Physical DMG +50
+20% Dodge Rate
Inflict Pain effect for 4 s on hit
Does not activate for 1 s after Counterattack proc
(마법 등급 효과) +20% Area of Effect
(희귀 등급 효과) +50% Area of Effect

(전설 등급 효과) +90% Area of Effect","15% Resource Cost Amplification
Cooldown 3 s
Physical Element
Apply Chance 100%
Area of Effect 400
Physical DMG 638%
Physical DMG +315
+112% Dodge Rate
Inflict Pain effect for 4 s on hit
Does not activate for 1 s after Counterattack proc
(마법 등급 효과) +20% Area of Effect
(희귀 등급 효과) +50% Area of Effect

(전설 등급 효과) +90% Area of Effect",+[40-60]% Area of Effect,[5-10]% DMG Amplification,+[10-20]% Control Status Effect Chance
,,변경,"Deal DMG to the enemy upon dodging, blocking, or damaged by enemy attack","Attack, Area of Effect, Strike, Physical, Toggle, Toggle DMG","15% Resource Cost Amplification
Cooldown 3 s
Physical Element
Apply Chance 100%
Area of Effect 400
Physical DMG 350%
Physical DMG +50
+20% Dodge Rate
Inflict Pain effect for 4 s on hit
Does not activate for 1 s after Counterattack proc
(마법 등급 효과) +20% Area of Effect
(희귀 등급 효과) +50% Area of Effect

(전설 등급 효과) +90% Area of Effect","15% Resource Cost Amplification
Cooldown 3 s
Physical Element
Apply Chance 100%
Area of Effect 400
Physical DMG 664%
Physical DMG +328
+116% Dodge Rate
Inflict Pain effect for 4 s on hit
Does not activate for 1 s after Counterattack proc
(마법 등급 효과) +20% Area of Effect
(희귀 등급 효과) +50% Area of Effect

(전설 등급 효과) +90% Area of Effect",+[40-60]% Area of Effect,[5-10]% DMG Amplification,+[10-20]% Control Status Effect Chance
,Cold Outburst,기존,Launches multiple Ice Spikes forward. Deals damage beyond the target with Ice Shards,"Spell, Area of Effect, Strike, Cold, ProjectileCannot Multishot, Cannot Split, Cannot Chain, Cannot Change Speed","Mana Cost 10.5
Triggers Immediately
Cold Element
Cold Outburst Cold DMG 147%
Cold Outburst Cold DMG +184
Ice Shard Range 200
Ice Shard Cold DMG 184%
Ice Shard Cold DMG +59
+6% Chill Chance
(마법 등급 효과) +50% DMG against Chilled enemies
(마법 등급 효과) +10% Chill Chance
(희귀 등급 효과) +150% DMG against Chilled enemies
(희귀 등급 효과) +12% Chill Chance

(전설 등급 효과) +250% DMG against Chilled enemies
(전설 등급 효과) +15% Chill Chance","Mana Cost 27.5
Triggers Immediately
Cold Element
Cold Outburst Cold DMG 565%
Cold Outburst Cold DMG +989
Ice Shard Range 200
Ice Shard Cold DMG 492%
Ice Shard Cold DMG +372
+6% Chill Chance
(마법 등급 효과) +50% DMG against Chilled enemies
(마법 등급 효과) +10% Chill Chance
(희귀 등급 효과) +150% DMG against Chilled enemies
(희귀 등급 효과) +12% Chill Chance

(전설 등급 효과) +250% DMG against Chilled enemies
(전설 등급 효과) +15% Chill Chance","+[15-20]% Cold Penetration
Projectile Count +2",+[75-100]% DMG against Elites,[7-12]% DMG Amplification against Chilled enemies
,,변경,Launches multiple Ice Spikes forward. Deals damage beyond the target with Ice Shards,"Spell, Area of Effect, Strike, Cold, ProjectileCannot Multishot, Cannot Split, Cannot Chain, Cannot Change Speed","Mana Cost 10.5
Triggers Immediately
Cold Element
Cold Outburst Cold DMG 147%
Cold Outburst Cold DMG +184
Ice Shard Range 200
Ice Shard Cold DMG 184%
Ice Shard Cold DMG +59
+6% Chill Chance
(마법 등급 효과) +50% DMG against Chilled enemies
(마법 등급 효과) +10% Chill Chance
(희귀 등급 효과) +150% DMG against Chilled enemies
(희귀 등급 효과) +12% Chill Chance

(전설 등급 효과) +250% DMG against Chilled enemies
(전설 등급 효과) +15% Chill Chance","Mana Cost 27.5
Triggers Immediately
Cold Element
Cold Outburst Cold DMG 588%
Cold Outburst Cold DMG +1029
Ice Shard Range 200
Ice Shard Cold DMG 512%
Ice Shard Cold DMG +387
+6% Chill Chance
(마법 등급 효과) +50% DMG against Chilled enemies
(마법 등급 효과) +10% Chill Chance
(희귀 등급 효과) +150% DMG against Chilled enemies
(희귀 등급 효과) +12% Chill Chance

(전설 등급 효과) +250% DMG against Chilled enemies
(전설 등급 효과) +15% Chill Chance","+[15-20]% Cold Penetration
Projectile Count +2",+[75-100]% DMG against Elites,[7-12]% DMG Amplification against Chilled enemies
,Guardian,기존,Increases Armor and Status Effect Dodge Chance for the duration. Deals Physical DMG to nearby enemies upon casting and inflicts Stun or Slow to targets hit.,"Attack, Melee, Area of Effect, Defense Enhance, Strike, Physical, Duration","Mana Cost 17
Cooldown 30 s
Physical Element
+40% Stun Chance
Area of Effect 400
Physical DMG 954%
Physical DMG +280
100% chance to inflict Disturb effect on hit
Applied as Vulnerable effect
Disturb Duration 5 s
15% Movement Speed Dampening
15% Attack Speed Dampening
15% Cast Speed Dampening
Guardian Duration 5 s
+100% Armor
+30% Status Effect Dodge Chance
Shares Cooldowns between Defense Enhance Skills
(마법 등급 효과) +30% Status Effect Duration
(마법 등급 효과) +5% Enhance Skill Rune Effect
(희귀 등급 효과) +75% Status Effect Duration
(희귀 등급 효과) +10% Enhance Skill Rune Effect

(전설 등급 효과) +100% Status Effect Duration
(전설 등급 효과) +35% Enhance Skill Rune Effect","Mana Cost 44.2
Cooldown 30 s
Physical Element
+100% Stun Chance
Area of Effect 400
Physical DMG 2552%
Physical DMG +926
100% chance to inflict Disturb effect on hit
Applied as Vulnerable effect
Disturb Duration 5 s
15% Movement Speed Dampening
15% Attack Speed Dampening
15% Cast Speed Dampening
Guardian Duration 5 s
+230% Armor
+100% Status Effect Dodge Chance
Shares Cooldowns between Defense Enhance Skills
(마법 등급 효과) +30% Status Effect Duration
(마법 등급 효과) +5% Enhance Skill Rune Effect
(희귀 등급 효과) +75% Status Effect Duration
(희귀 등급 효과) +10% Enhance Skill Rune Effect

(전설 등급 효과) +100% Status Effect Duration
(전설 등급 효과) +35% Enhance Skill Rune Effect",[15-30]% Skill Rune Cooldown Dampening,"+[40-65]% Enhance Skill Rune Duration
+[5-10]% Enhance Skill Rune Effect",+[15-25]% Enhance Skill Rune Effect
,,변경,Increases Armor and Status Effect Dodge Chance for the duration. Deals Physical DMG to nearby enemies upon casting and inflicts Stun or Slow to targets hit.,"Attack, Melee, Area of Effect, Defense Enhance, Strike, Physical, Duration","Mana Cost 17
Cooldown 30 s
Physical Element
+40% Stun Chance
Area of Effect 400
Physical DMG 954%
Physical DMG +280
100% chance to inflict Disturb effect on hit
Applied as Vulnerable effect
Disturb Duration 5 s
15% Movement Speed Dampening
15% Attack Speed Dampening
15% Cast Speed Dampening
Guardian Duration 5 s
+100% Armor
+30% Status Effect Dodge Chance
Shares Cooldowns between Defense Enhance Skills
(마법 등급 효과) +30% Status Effect Duration
(마법 등급 효과) +5% Enhance Skill Rune Effect
(희귀 등급 효과) +75% Status Effect Duration
(희귀 등급 효과) +10% Enhance Skill Rune Effect

(전설 등급 효과) +100% Status Effect Duration
(전설 등급 효과) +35% Enhance Skill Rune Effect","Mana Cost 44.2
Cooldown 30 s
Physical Element
+100% Stun Chance
Area of Effect 400
Physical DMG 2654%
Physical DMG +963
100% chance to inflict Disturb effect on hit
Applied as Vulnerable effect
Disturb Duration 5 s
15% Movement Speed Dampening
15% Attack Speed Dampening
15% Cast Speed Dampening
Guardian Duration 5 s
+239.2% Armor
+104% Status Effect Dodge Chance
Shares Cooldowns between Defense Enhance Skills
(마법 등급 효과) +30% Status Effect Duration
(마법 등급 효과) +5% Enhance Skill Rune Effect
(희귀 등급 효과) +75% Status Effect Duration
(희귀 등급 효과) +10% Enhance Skill Rune Effect

(전설 등급 효과) +100% Status Effect Duration
(전설 등급 효과) +35% Enhance Skill Rune Effect",[15-30]% Skill Rune Cooldown Dampening,"+[40-65]% Enhance Skill Rune Duration
+[5-10]% Enhance Skill Rune Effect",+[15-25]% Enhance Skill Rune Effect
,Weaken Totem,기존,Summons a Totem that increases DMG Taken by enemies,"Spell, Totem","Mana Cost 20
Cooldown 10 s
Summon Duration 10 s
Install Count 1
Max Install Count 1
Totem Range 400
Applied as Vulnerable effect
6% DMG Taken Increase
(마법 등급 효과) +8% Totem Effect
(희귀 등급 효과) +16% Totem Effect
(희귀 등급 효과) +10% Totem Effect Range

(전설 등급 효과) +28% Totem Effect
(전설 등급 효과) +20% Totem Effect Range","Mana Cost 60.8
Cooldown 10 s
Summon Duration 10 s
Install Count 1
Max Install Count 1
Totem Range 400
Applied as Vulnerable effect
15% DMG Taken Increase
(마법 등급 효과) +8% Totem Effect
(희귀 등급 효과) +16% Totem Effect
(희귀 등급 효과) +10% Totem Effect Range

(전설 등급 효과) +28% Totem Effect
(전설 등급 효과) +20% Totem Effect Range",Totem applies [20-25]% Element DMG Taken Increase for 3 s to enemies within 800 range when destroyed by enemy,"+[10-15]% Totem Effect Range
+[10-20]% Totem Effect","+[15-30]% Totem Duration
Increase Totem Install Distance by 500
Upon installing Totem, [80-90]% DMG Taken by Totem Dampening for 3 s"
,,변경,Summons a Totem that increases DMG Taken by enemies,"Spell, Totem","Mana Cost 20
Cooldown 10 s
Summon Duration 10 s
Install Count 1
Max Install Count 1
Totem Range 400
Applied as Vulnerable effect
6% DMG Taken Increase
(마법 등급 효과) +8% Totem Effect
(희귀 등급 효과) +16% Totem Effect
(희귀 등급 효과) +10% Totem Effect Range

(전설 등급 효과) +28% Totem Effect
(전설 등급 효과) +20% Totem Effect Range","Mana Cost 60.8
Cooldown 10 s
Summon Duration 10 s
Install Count 1
Max Install Count 1
Totem Range 400
Applied as Vulnerable effect
15.6% DMG Taken Increase
(마법 등급 효과) +8% Totem Effect
(희귀 등급 효과) +16% Totem Effect
(희귀 등급 효과) +10% Totem Effect Range

(전설 등급 효과) +28% Totem Effect
(전설 등급 효과) +20% Totem Effect Range",Totem applies [20-25]% Element DMG Taken Increase for 3 s to enemies within 800 range when destroyed by enemy,"+[10-15]% Totem Effect Range
+[10-20]% Totem Effect","+[15-30]% Totem Duration
Increase Totem Install Distance by 500
Upon installing Totem, [80-90]% DMG Taken by Totem Dampening for 3 s"
,Tremor Totem,기존,"Summons a Totem that dampens Movement, Attack, and Cast Speed of enemies","Spell, Totem","Mana Cost 20
Cooldown 10 s
Summon Duration 10 s
Install Count 1
Max Install Count 1
Totem Range 400
Applied as Vulnerable effect
10% Movement Speed Dampening
10% Attack Speed Dampening
10% Cast Speed Dampening
(마법 등급 효과) +16% Totem Effect
(희귀 등급 효과) +30% Totem Effect
(희귀 등급 효과) +20% Totem Effect Range

(전설 등급 효과) +51% Totem Effect
(전설 등급 효과) +40% Totem Effect Range","Mana Cost 60.8
Cooldown 10 s
Summon Duration 10 s
Install Count 1
Max Install Count 1
Totem Range 400
Applied as Vulnerable effect
25.4% Movement Speed Dampening
19.2% Attack Speed Dampening
25.4% Cast Speed Dampening
(마법 등급 효과) +16% Totem Effect
(희귀 등급 효과) +30% Totem Effect
(희귀 등급 효과) +20% Totem Effect Range

(전설 등급 효과) +51% Totem Effect
(전설 등급 효과) +40% Totem Effect Range","+5 Skill Rune Cooldown
Amplifies Totem Max HP by [10-15]%
Upon installing Totem, Provoke enemies
Provoked enemy cannot be Provoked for 10 s","Amplifies Totem Max HP by [5-10]%
+[10-15]% Totem Duration
Upon installing Totem, Totem takes [6-10]% of DMG Taken instead for 10 s","+[15-30]% Totem Duration
Increase Totem Install Distance by 500
Upon installing Totem, [80-90]% DMG Taken by Totem Dampening for 3 s"
,,변경,"Summons a Totem that dampens Movement, Attack, and Cast Speed of enemies","Spell, Totem","Mana Cost 20
Cooldown 10 s
Summon Duration 10 s
Install Count 1
Max Install Count 1
Totem Range 400
Applied as Vulnerable effect
10% Movement Speed Dampening
10% Attack Speed Dampening
10% Cast Speed Dampening
(마법 등급 효과) +16% Totem Effect
(희귀 등급 효과) +30% Totem Effect
(희귀 등급 효과) +20% Totem Effect Range

(전설 등급 효과) +51% Totem Effect
(전설 등급 효과) +40% Totem Effect Range","Mana Cost 60.8
Cooldown 10 s
Summon Duration 10 s
Install Count 1
Max Install Count 1
Totem Range 400
Applied as Vulnerable effect
26.4% Movement Speed Dampening
20% Attack Speed Dampening
26.4% Cast Speed Dampening
(마법 등급 효과) +16% Totem Effect
(희귀 등급 효과) +30% Totem Effect
(희귀 등급 효과) +20% Totem Effect Range

(전설 등급 효과) +51% Totem Effect
(전설 등급 효과) +40% Totem Effect Range","+5 Skill Rune Cooldown
Amplifies Totem Max HP by [10-15]%
Upon installing Totem, Provoke enemies
Provoked enemy cannot be Provoked for 10 s","Amplifies Totem Max HP by [5-10]%
+[10-15]% Totem Duration
Upon installing Totem, Totem takes [6-10]% of DMG Taken instead for 10 s","+[15-30]% Totem Duration
Increase Totem Install Distance by 500
Upon installing Totem, [80-90]% DMG Taken by Totem Dampening for 3 s"
,Protection Totem,기존,"Summons a Totem that increases Barrier, decreases Barrier Regen Cycle for the Caster and allies, and absorbs a portion of incoming DMG on their behalf.","Spell, Totem","Mana Cost 20
Cooldown 15 s
Summon Duration 5 s
Install Count 1
Max Install Count 1
Totem takes 3% of DMG Taken instead
Totem Range 400
+20 Barrier Regen/Sec
+30 Barrier
5% DMG Taken Dampening
(마법 등급 효과) +8% Totem Effect
(희귀 등급 효과) +16% Totem Effect
(희귀 등급 효과) +10% Totem Effect Range

(전설 등급 효과) +36% Totem Effect
(전설 등급 효과) +20% Totem Effect Range
(전설 등급 효과) Amplifies Totem Max HP by 30%","Mana Cost 60.8
Cooldown 15 s
Summon Duration 5 s
Install Count 1
Max Install Count 1
Totem takes 17% of DMG Taken instead
Totem Range 400
+64 Barrier Regen/Sec
+187 Barrier
13% DMG Taken Dampening
(마법 등급 효과) +8% Totem Effect
(희귀 등급 효과) +16% Totem Effect
(희귀 등급 효과) +10% Totem Effect Range

(전설 등급 효과) +36% Totem Effect
(전설 등급 효과) +20% Totem Effect Range
(전설 등급 효과) Amplifies Totem Max HP by 30%","+4 Skill Rune Cooldown
+[30-50]% Totem Duration
Recover Barrier by [8-10]% of Max Barrier to Caster for 1 s upon installing Totem","+[10-15]% Totem Duration
Amplifies Totem Max HP by [5-10]%
Upon installing Totem, [80-90]% DMG Taken by Totem Dampening for 3 s","Add Aura Effect
Regenerate [1-2]% of Max Barrier per Sec"
,,변경,"Summons a Totem that increases Barrier, decreases Barrier Regen Cycle for the Caster and allies, and absorbs a portion of incoming DMG on their behalf.","Spell, Totem","Mana Cost 20
Cooldown 15 s
Summon Duration 5 s
Install Count 1
Max Install Count 1
Totem takes 3% of DMG Taken instead
Totem Range 400
+20 Barrier Regen/Sec
+30 Barrier
5% DMG Taken Dampening
(마법 등급 효과) +8% Totem Effect
(희귀 등급 효과) +16% Totem Effect
(희귀 등급 효과) +10% Totem Effect Range

(전설 등급 효과) +36% Totem Effect
(전설 등급 효과) +20% Totem Effect Range
(전설 등급 효과) Amplifies Totem Max HP by 30%","Mana Cost 60.8
Cooldown 15 s
Summon Duration 5 s
Install Count 1
Max Install Count 1
Totem takes 17% of DMG Taken instead
Totem Range 400
+67 Barrier Regen/Sec
+194 Barrier
13.5% DMG Taken Dampening
(마법 등급 효과) +8% Totem Effect
(희귀 등급 효과) +16% Totem Effect
(희귀 등급 효과) +10% Totem Effect Range

(전설 등급 효과) +36% Totem Effect
(전설 등급 효과) +20% Totem Effect Range
(전설 등급 효과) Amplifies Totem Max HP by 30%","+4 Skill Rune Cooldown
+[30-50]% Totem Duration
Recover Barrier by [8-10]% of Max Barrier to Caster for 1 s upon installing Totem","+[10-15]% Totem Duration
Amplifies Totem Max HP by [5-10]%
Upon installing Totem, [80-90]% DMG Taken by Totem Dampening for 3 s","Add Aura Effect
Regenerate [1-2]% of Max Barrier per Sec"
,Life Totem,기존,"Summons a Totem that increases HP and HP Regen for the Caster and allies, and absorbs a portion of incoming DMG on their behalf.","Spell, Totem","Mana Cost 20
Cooldown 15 s
Summon Duration 5 s
Install Count 1
Max Install Count 1
Totem takes 5% of DMG Taken instead
Totem Range 400
+20 HP Regen/Sec
+120 HP
+10% HP
(마법 등급 효과) +8% Totem Effect
(희귀 등급 효과) +16% Totem Effect
(희귀 등급 효과) +10% Totem Effect Range

(전설 등급 효과) +36% Totem Effect
(전설 등급 효과) +20% Totem Effect Range
(전설 등급 효과) Amplifies Totem Max HP by 30%","Mana Cost 60.8
Cooldown 15 s
Summon Duration 5 s
Install Count 1
Max Install Count 1
Totem takes 20% of DMG Taken instead
Totem Range 400
+218 HP Regen/Sec
+600 HP
+18% HP
(마법 등급 효과) +8% Totem Effect
(희귀 등급 효과) +16% Totem Effect
(희귀 등급 효과) +10% Totem Effect Range

(전설 등급 효과) +36% Totem Effect
(전설 등급 효과) +20% Totem Effect Range
(전설 등급 효과) Amplifies Totem Max HP by 30%","+4 Skill Rune Cooldown
+[30-50]% Totem Duration
Recover HP by [8-10]% of Max HP to Caster for 1 s upon installing Totem",Totem applies Regen [5-8]% of Max HP/Sec for 2 s to friendly targets within 800 range when destroyed by enemy,"Add Aura Effect
Regen [1-3]% of Max HP/Sec"
,,변경,"Summons a Totem that increases HP and HP Regen for the Caster and allies, and absorbs a portion of incoming DMG on their behalf.","Spell, Totem","Mana Cost 20
Cooldown 15 s
Summon Duration 5 s
Install Count 1
Max Install Count 1
Totem takes 5% of DMG Taken instead
Totem Range 400
+20 HP Regen/Sec
+120 HP
+10% HP
(마법 등급 효과) +8% Totem Effect
(희귀 등급 효과) +16% Totem Effect
(희귀 등급 효과) +10% Totem Effect Range

(전설 등급 효과) +36% Totem Effect
(전설 등급 효과) +20% Totem Effect Range
(전설 등급 효과) Amplifies Totem Max HP by 30%","Mana Cost 60.8
Cooldown 15 s
Summon Duration 5 s
Install Count 1
Max Install Count 1
Totem takes 20% of DMG Taken instead
Totem Range 400
+227 HP Regen/Sec
+624 HP
+18.7% HP
(마법 등급 효과) +8% Totem Effect
(희귀 등급 효과) +16% Totem Effect
(희귀 등급 효과) +10% Totem Effect Range

(전설 등급 효과) +36% Totem Effect
(전설 등급 효과) +20% Totem Effect Range
(전설 등급 효과) Amplifies Totem Max HP by 30%","+4 Skill Rune Cooldown
+[30-50]% Totem Duration
Recover HP by [8-10]% of Max HP to Caster for 1 s upon installing Totem",Totem applies Regen [5-8]% of Max HP/Sec for 2 s to friendly targets within 800 range when destroyed by enemy,"Add Aura Effect
Regen [1-3]% of Max HP/Sec"
,Wind Totem,기존,Summons a Totem that increases Attack Speed and Cast Speed for Caster and allies,"Spell, Totem","Mana Cost 20
Cooldown 10 s
Summon Duration 10 s
Install Count 1
Max Install Count 1
Totem Range 400
+10% Cast Speed
+10% Attack Speed

(희귀 등급 효과) +30% Totem Effect
(희귀 등급 효과) +20% Totem Effect Range

(전설 등급 효과) +51% Totem Effect
(전설 등급 효과) +40% Totem Effect Range","Mana Cost 60.8
Cooldown 10 s
Summon Duration 10 s
Install Count 1
Max Install Count 1
Totem Range 400
+23.2% Cast Speed
+23.2% Attack Speed

(희귀 등급 효과) +30% Totem Effect
(희귀 등급 효과) +20% Totem Effect Range

(전설 등급 효과) +51% Totem Effect
(전설 등급 효과) +40% Totem Effect Range","+[5-10]% Totem Effect Range
+[5-10]% Totem Effect
+[10-15]% Totem Duration","+[10-20]% Totem Effect Range
Add Aura Effect
[5-8]% Movement Speed Amplification","+[5-10]% Totem Effect
+[15-20]% Totem Duration
Totem applies 20% Movement Speed Increase for 3 s to friendly targets within 800 range when destroyed by enemy"
,,변경,Summons a Totem that increases Attack Speed and Cast Speed for Caster and allies,"Spell, Totem","Mana Cost 20
Cooldown 10 s
Summon Duration 10 s
Install Count 1
Max Install Count 1
Totem Range 400
+10% Cast Speed
+10% Attack Speed

(희귀 등급 효과) +30% Totem Effect
(희귀 등급 효과) +20% Totem Effect Range

(전설 등급 효과) +51% Totem Effect
(전설 등급 효과) +40% Totem Effect Range","Mana Cost 60.8
Cooldown 10 s
Summon Duration 10 s
Install Count 1
Max Install Count 1
Totem Range 400
+24.1% Cast Speed
+24.1% Attack Speed

(희귀 등급 효과) +30% Totem Effect
(희귀 등급 효과) +20% Totem Effect Range

(전설 등급 효과) +51% Totem Effect
(전설 등급 효과) +40% Totem Effect Range","+[5-10]% Totem Effect Range
+[5-10]% Totem Effect
+[10-15]% Totem Duration","+[10-20]% Totem Effect Range
Add Aura Effect
[5-8]% Movement Speed Amplification","+[5-10]% Totem Effect
+[15-20]% Totem Duration
Totem applies 20% Movement Speed Increase for 3 s to friendly targets within 800 range when destroyed by enemy"
,Mist Totem,기존,Summons a Totem that decreases Hit Rate and Critical Rate of enemies,"Spell, Totem","Mana Cost 20
Cooldown 10 s
Summon Duration 10 s
Install Count 1
Max Install Count 1
Totem Range 400
Applied as Vulnerable effect
12% Hit Rate Dampening
8.3% Critical Rate Dampening
(마법 등급 효과) +8% Totem Effect
(희귀 등급 효과) +16% Totem Effect
(희귀 등급 효과) +10% Totem Effect Range

(전설 등급 효과) +28% Totem Effect
(전설 등급 효과) +20% Totem Effect Range","Mana Cost 60.8
Cooldown 10 s
Summon Duration 10 s
Install Count 1
Max Install Count 1
Totem Range 400
Applied as Vulnerable effect
38.4% Hit Rate Dampening
21.5% Critical Rate Dampening
(마법 등급 효과) +8% Totem Effect
(희귀 등급 효과) +16% Totem Effect
(희귀 등급 효과) +10% Totem Effect Range

(전설 등급 효과) +28% Totem Effect
(전설 등급 효과) +20% Totem Effect Range","+[5-10]% Totem Effect Range
+[5-10]% Totem Effect
+[10-15]% Totem Duration","Amplifies Totem Max HP by [5-10]%
+[10-15]% Totem Duration
Upon installing Totem, Totem takes [6-10]% of DMG Taken instead for 10 s","Change to Seal
15% Resource Cost Amplification
Cooldown 3 s
Add Toggle, Toggle Effect tags
Remove Totem tag
Affects enemies
Max Attack Seal Activation Count 0
Aura Radius 250
Applied as Vulnerable effect
29.4% Hit Rate Dampening
17% Critical Rate Dampening
Change Legendary effect to the following effect
 +28% Aura and Seal Effect
 +20% Aura Range
-[5-1] Resource Cost"
,,변경,Summons a Totem that decreases Hit Rate and Critical Rate of enemies,"Spell, Totem","Mana Cost 20
Cooldown 10 s
Summon Duration 10 s
Install Count 1
Max Install Count 1
Totem Range 400
Applied as Vulnerable effect
12% Hit Rate Dampening
8.3% Critical Rate Dampening
(마법 등급 효과) +8% Totem Effect
(희귀 등급 효과) +16% Totem Effect
(희귀 등급 효과) +10% Totem Effect Range

(전설 등급 효과) +28% Totem Effect
(전설 등급 효과) +20% Totem Effect Range","Mana Cost 60.8
Cooldown 10 s
Summon Duration 10 s
Install Count 1
Max Install Count 1
Totem Range 400
Applied as Vulnerable effect
39.9% Hit Rate Dampening
22.4% Critical Rate Dampening
(마법 등급 효과) +8% Totem Effect
(희귀 등급 효과) +16% Totem Effect
(희귀 등급 효과) +10% Totem Effect Range

(전설 등급 효과) +28% Totem Effect
(전설 등급 효과) +20% Totem Effect Range","+[5-10]% Totem Effect Range
+[5-10]% Totem Effect
+[10-15]% Totem Duration","Amplifies Totem Max HP by [5-10]%
+[10-15]% Totem Duration
Upon installing Totem, Totem takes [6-10]% of DMG Taken instead for 10 s","Change to Seal
15% Resource Cost Amplification
Cooldown 3 s
Add Toggle, Toggle Effect tags
Remove Totem tag
Affects enemies
Max Attack Seal Activation Count 0
Aura Radius 250
Applied as Vulnerable effect
36.3% Hit Rate Dampening
20.6% Critical Rate Dampening
Change Legendary effect to the following effect
 +28% Aura and Seal Effect
 +20% Aura Range
-[5-1] Resource Cost"
,Electromagnetic Field,기존,Releases an Electric Sphere that instantly draws enemies to the center,"Spell, Area of Effect, Strike, Lightning","Mana Cost 25
Cooldown 20 s
Lightning Element
Duration 1.9 s
Explosion Interval 0.3 s
Explosion Range 250
Lightning DMG +115
Lightning DMG 320%
+10 Bind Rate
+1 Max Use Count
Pulls enemy to the center of the explosion
(마법 등급 효과) +10 Bind Rate
(마법 등급 효과) +20% Area of Effect
(희귀 등급 효과) +20% Area DMG
(희귀 등급 효과) +30 Bind Rate
(희귀 등급 효과) +40% Area of Effect

(전설 등급 효과) +50% Area DMG
(전설 등급 효과) +50 Bind Rate
(전설 등급 효과) +70% Area of Effect","Mana Cost 93
Cooldown 20 s
Lightning Element
Duration 1.9 s
Explosion Interval 0.3 s
Explosion Range 250
Lightning DMG +1685
Lightning DMG 793%
+98 Bind Rate
+1 Max Use Count
Pulls enemy to the center of the explosion
(마법 등급 효과) +10 Bind Rate
(마법 등급 효과) +20% Area of Effect
(희귀 등급 효과) +20% Area DMG
(희귀 등급 효과) +30 Bind Rate
(희귀 등급 효과) +40% Area of Effect

(전설 등급 효과) +50% Area DMG
(전설 등급 효과) +50 Bind Rate
(전설 등급 효과) +70% Area of Effect","+2 Max Use Count
+[10-15]% Bind Chance","-[30-20]% Area of Effect
25% chance to inflict Pain on the enemy for 2 s on hit
( DMG Taken 10% Increase )","100% chance to +1 Lightning Energy on hit
DMG Amplification [1-2]% per Lightning Energy"
,,변경,Releases an Electric Sphere that instantly draws enemies to the center,"Spell, Area of Effect, Strike, Lightning","Mana Cost 25
Cooldown 20 s
Lightning Element
Duration 1.9 s
Explosion Interval 0.3 s
Explosion Range 250
Lightning DMG +115
Lightning DMG 320%
+10 Bind Rate
+1 Max Use Count
Pulls enemy to the center of the explosion
(마법 등급 효과) +10 Bind Rate
(마법 등급 효과) +20% Area of Effect
(희귀 등급 효과) +20% Area DMG
(희귀 등급 효과) +30 Bind Rate
(희귀 등급 효과) +40% Area of Effect

(전설 등급 효과) +50% Area DMG
(전설 등급 효과) +50 Bind Rate
(전설 등급 효과) +70% Area of Effect","Mana Cost 93
Cooldown 20 s
Lightning Element
Duration 1.9 s
Explosion Interval 0.3 s
Explosion Range 250
Lightning DMG +1752
Lightning DMG 825%
+98 Bind Rate
+1 Max Use Count
Pulls enemy to the center of the explosion
(마법 등급 효과) +10 Bind Rate
(마법 등급 효과) +20% Area of Effect
(희귀 등급 효과) +20% Area DMG
(희귀 등급 효과) +30 Bind Rate
(희귀 등급 효과) +40% Area of Effect

(전설 등급 효과) +50% Area DMG
(전설 등급 효과) +50 Bind Rate
(전설 등급 효과) +70% Area of Effect","+2 Max Use Count
+[10-15]% Bind Chance","-[30-20]% Area of Effect
25% chance to inflict Pain on the enemy for 2 s on hit
( DMG Taken 10% Increase )","100% chance to +1 Lightning Energy on hit
DMG Amplification [1-2]% per Lightning Energy"
,Attack Impulse,기존,Temporarily increases Attack Speed and DMG upon use,"Spell, Attack Enhance, Duration","Mana Cost 17
Cooldown 30 s
Duration 3 s
+49% Attack Speed
15% Attack Speed Amplification
15% DMG Amplification
5% Resource Cost Decrease
Shares Cooldowns between Attack Enhance Skills
(마법 등급 효과) +5% Enhance Skill Rune Effect
(희귀 등급 효과) +10% Enhance Skill Rune Effect

(전설 등급 효과) +16% Enhance Skill Rune Effect","Mana Cost 44.2
Cooldown 30 s
Duration 3 s
+91.4% Attack Speed
15% Attack Speed Amplification
38% DMG Amplification
24% Resource Cost Decrease
Shares Cooldowns between Attack Enhance Skills
(마법 등급 효과) +5% Enhance Skill Rune Effect
(희귀 등급 효과) +10% Enhance Skill Rune Effect

(전설 등급 효과) +16% Enhance Skill Rune Effect",[15-30]% Skill Rune Cooldown Dampening,+[10-20]% Enhance Skill Rune Effect,+[30-50]% Skill Rune Duration
,,변경,Temporarily increases Attack Speed and DMG upon use,"Spell, Attack Enhance, Duration","Mana Cost 17
Cooldown 30 s
Duration 3 s
+49% Attack Speed
15% Attack Speed Amplification
15% DMG Amplification
5% Resource Cost Decrease
Shares Cooldowns between Attack Enhance Skills
(마법 등급 효과) +5% Enhance Skill Rune Effect
(희귀 등급 효과) +10% Enhance Skill Rune Effect

(전설 등급 효과) +16% Enhance Skill Rune Effect","Mana Cost 44.2
Cooldown 30 s
Duration 3 s
+95.1% Attack Speed
15% Attack Speed Amplification
39.5% DMG Amplification
25% Resource Cost Decrease
Shares Cooldowns between Attack Enhance Skills
(마법 등급 효과) +5% Enhance Skill Rune Effect
(희귀 등급 효과) +10% Enhance Skill Rune Effect

(전설 등급 효과) +16% Enhance Skill Rune Effect",[15-30]% Skill Rune Cooldown Dampening,+[10-20]% Enhance Skill Rune Effect,+[30-50]% Skill Rune Duration
,Veil of Protection,기존,Decreases Melee or Projectile DMG Taken whenever a Skill is used,"Spell, Defense Enhance, Toggle, Toggle Effect","15% Resource Cost Amplification
Cooldown 5 s
Upon activating Earth Veil
10% Melee DMG Taken Decrease
Projectile DMG Taken 2% increase
Upon activating Wind Veil
10% Projectile DMG Taken Decrease
Melee DMG Taken 2% increase

(희귀 등급 효과) +15% Earth Veil Effect
(희귀 등급 효과) +15% Wind Veil Effect

(전설 등급 효과) +35% Earth Veil Effect
(전설 등급 효과) +35% Wind Veil Effect","15% Resource Cost Amplification
Cooldown 5 s
Upon activating Earth Veil
14.4% Melee DMG Taken Decrease
Projectile DMG Taken 2% increase
Upon activating Wind Veil
14.4% Projectile DMG Taken Decrease
Melee DMG Taken 2% increase

(희귀 등급 효과) +15% Earth Veil Effect
(희귀 등급 효과) +15% Wind Veil Effect

(전설 등급 효과) +35% Earth Veil Effect
(전설 등급 효과) +35% Wind Veil Effect",+[15-30]% Enhance Skill Rune Effect,[10-20]% Skill Rune Cooldown Dampening,"+[15-20]% Enhance Skill Rune Effect
[10-15]% Skill Rune Cooldown Dampening"
,,변경,Decreases Melee or Projectile DMG Taken whenever a Skill is used,"Spell, Defense Enhance, Toggle, Toggle Effect","15% Resource Cost Amplification
Cooldown 5 s
Upon activating Earth Veil
10% Melee DMG Taken Decrease
Projectile DMG Taken 2% increase
Upon activating Wind Veil
10% Projectile DMG Taken Decrease
Melee DMG Taken 2% increase

(희귀 등급 효과) +15% Earth Veil Effect
(희귀 등급 효과) +15% Wind Veil Effect

(전설 등급 효과) +35% Earth Veil Effect
(전설 등급 효과) +35% Wind Veil Effect","15% Resource Cost Amplification
Cooldown 5 s
Upon activating Earth Veil
15% Melee DMG Taken Decrease
Projectile DMG Taken 2% increase
Upon activating Wind Veil
15% Projectile DMG Taken Decrease
Melee DMG Taken 2% increase

(희귀 등급 효과) +15% Earth Veil Effect
(희귀 등급 효과) +15% Wind Veil Effect

(전설 등급 효과) +35% Earth Veil Effect
(전설 등급 효과) +35% Wind Veil Effect",+[15-30]% Enhance Skill Rune Effect,[10-20]% Skill Rune Cooldown Dampening,"+[15-20]% Enhance Skill Rune Effect
[10-15]% Skill Rune Cooldown Dampening"
,Improved Senses,기존,Gains a temporary Enhance effect based on the number of Daggers equipped upon using a Skill,"Spell, Defense Enhance, Duration","Mana Cost 17
Cooldown 30 s
Duration 3 s
When Dagger is equipped
+50 Gear Block Expertise
+160% Dodge Rate
Additional Effect when Dual Wielding Daggers
60% Dodge Rate Amplification
Shares Cooldowns between Defense Enhance Skills
(마법 등급 효과) +5% Enhance Skill Rune Effect
(희귀 등급 효과) +12% Enhance Skill Rune Effect

(전설 등급 효과) +20% Enhance Skill Rune Effect","Mana Cost 44.2
Cooldown 30 s
Duration 3 s
When Dagger is equipped
+87 Gear Block Expertise
+251.2% Dodge Rate
Additional Effect when Dual Wielding Daggers
124% Dodge Rate Amplification
Shares Cooldowns between Defense Enhance Skills
(마법 등급 효과) +5% Enhance Skill Rune Effect
(희귀 등급 효과) +12% Enhance Skill Rune Effect

(전설 등급 효과) +20% Enhance Skill Rune Effect",[15-30]% Skill Rune Cooldown Dampening,+[20-40]% Enhance Skill Rune Effect,+[30-50]% Skill Rune Duration
,,변경,Gains a temporary Enhance effect based on the number of Daggers equipped upon using a Skill,"Spell, Defense Enhance, Duration","Mana Cost 17
Cooldown 30 s
Duration 3 s
When Dagger is equipped
+50 Gear Block Expertise
+160% Dodge Rate
Additional Effect when Dual Wielding Daggers
60% Dodge Rate Amplification
Shares Cooldowns between Defense Enhance Skills
(마법 등급 효과) +5% Enhance Skill Rune Effect
(희귀 등급 효과) +12% Enhance Skill Rune Effect

(전설 등급 효과) +20% Enhance Skill Rune Effect","Mana Cost 44.2
Cooldown 30 s
Duration 3 s
When Dagger is equipped
+90 Gear Block Expertise
+261.2% Dodge Rate
Additional Effect when Dual Wielding Daggers
129% Dodge Rate Amplification
Shares Cooldowns between Defense Enhance Skills
(마법 등급 효과) +5% Enhance Skill Rune Effect
(희귀 등급 효과) +12% Enhance Skill Rune Effect

(전설 등급 효과) +20% Enhance Skill Rune Effect",[15-30]% Skill Rune Cooldown Dampening,+[20-40]% Enhance Skill Rune Effect,+[30-50]% Skill Rune Duration
,Enduring Pain,기존,Increases Armor based on stacks upon taking damage while using this skill. Gains an Enhance buff at Max Stacks,"Spell, Defense Enhance, Toggle, Toggle Effect","15% Resource Cost Amplification
Cooldown 3 s
Gain Pain stacks upon receiving DMG
Max Stacks: 10
+5% Armor per stack
Activates Patience Outburst at Max Stacks
Patience Outburst
Duration 5 s
+50% DMG
Increase Melee DMG by 30% of Last DMG Taken when hit (Max:  100%)
Pain stacks and Patience Outburst effect reset once duration ends
(마법 등급 효과) +10% Defense Enhance Skill Rune Effect
(마법 등급 효과) +50% Patience Outburst Max Limit
(희귀 등급 효과) +20% Defense Enhance Skill Rune Effect
(희귀 등급 효과) +100% Patience Outburst Max Limit

(전설 등급 효과) +30% Defense Enhance Skill Rune Effect
(전설 등급 효과) +1 Skill Rune Duration
(전설 등급 효과) +150% Patience Outburst Max Limit","10% Resource Cost Amplification
Cooldown 3 s
Gain Pain stacks upon receiving DMG
Max Stacks: 10
+17.5% Armor per stack
Activates Patience Outburst at Max Stacks
Patience Outburst
Duration 5 s
+50% DMG
Increase Melee DMG by 30% of Last DMG Taken when hit (Max:  100%)
Pain stacks and Patience Outburst effect reset once duration ends
(마법 등급 효과) +10% Defense Enhance Skill Rune Effect
(마법 등급 효과) +50% Patience Outburst Max Limit
(희귀 등급 효과) +20% Defense Enhance Skill Rune Effect
(희귀 등급 효과) +100% Patience Outburst Max Limit

(전설 등급 효과) +30% Defense Enhance Skill Rune Effect
(전설 등급 효과) +1 Skill Rune Duration
(전설 등급 효과) +150% Patience Outburst Max Limit","Change Max Pain Stacks to 5
+24.1% Armor per stack
+[5-10]% Defense Enhance Skill Rune Effect",+[50-75]% Defense Enhance Skill Rune Duration,"+[10-30]% Defense Enhance Skill Rune Effect
Gain the following effect for 5 s upon Patience Outburst
+100% Armor
20% Dodge Rate Decrease
-10 Block Expertise"
,,변경,Increases Armor based on stacks upon taking damage while using this skill. Gains an Enhance buff at Max Stacks,"Spell, Defense Enhance, Toggle, Toggle Effect","15% Resource Cost Amplification
Cooldown 3 s
Gain Pain stacks upon receiving DMG
Max Stacks: 10
+5% Armor per stack
Activates Patience Outburst at Max Stacks
Patience Outburst
Duration 5 s
+50% DMG
Increase Melee DMG by 30% of Last DMG Taken when hit (Max:  100%)
Pain stacks and Patience Outburst effect reset once duration ends
(마법 등급 효과) +10% Defense Enhance Skill Rune Effect
(마법 등급 효과) +50% Patience Outburst Max Limit
(희귀 등급 효과) +20% Defense Enhance Skill Rune Effect
(희귀 등급 효과) +100% Patience Outburst Max Limit

(전설 등급 효과) +30% Defense Enhance Skill Rune Effect
(전설 등급 효과) +1 Skill Rune Duration
(전설 등급 효과) +150% Patience Outburst Max Limit","10% Resource Cost Amplification
Cooldown 3 s
Gain Pain stacks upon receiving DMG
Max Stacks: 10
+18.2% Armor per stack
Activates Patience Outburst at Max Stacks
Patience Outburst
Duration 5 s
+50% DMG
Increase Melee DMG by 30% of Last DMG Taken when hit (Max:  100%)
Pain stacks and Patience Outburst effect reset once duration ends
(마법 등급 효과) +10% Defense Enhance Skill Rune Effect
(마법 등급 효과) +50% Patience Outburst Max Limit
(희귀 등급 효과) +20% Defense Enhance Skill Rune Effect
(희귀 등급 효과) +100% Patience Outburst Max Limit

(전설 등급 효과) +30% Defense Enhance Skill Rune Effect
(전설 등급 효과) +1 Skill Rune Duration
(전설 등급 효과) +150% Patience Outburst Max Limit","Change Max Pain Stacks to 5
+25.4% Armor per stack
+[5-10]% Defense Enhance Skill Rune Effect",+[50-75]% Defense Enhance Skill Rune Duration,"+[10-30]% Defense Enhance Skill Rune Effect
Gain the following effect for 5 s upon Patience Outburst
+100% Armor
20% Dodge Rate Decrease
-10 Block Expertise"
,Teleport,기존,Teleports forward. Temporarily increases Element Resist after teleporting,"Spell, Duration, Movement","Mana Cost 4
Cooldown 6 s
+1 Max Use Count
Gain Distort Space for 1 s upon use
+16 Element Resist
Shares Cooldowns between Movement Skills
(마법 등급 효과) +10% Distort Space Effect
(희귀 등급 효과) +24% Distort Space Effect

(전설 등급 효과) +37% Distort Space Effect","Mana Cost 17.6
Cooldown 6 s
+1 Max Use Count
Gain Distort Space for 1 s upon use
+59 Element Resist
Shares Cooldowns between Movement Skills
(마법 등급 효과) +10% Distort Space Effect
(희귀 등급 효과) +24% Distort Space Effect

(전설 등급 효과) +37% Distort Space Effect","-[50-60]% Movement Skill Rune Resource Cost
+[10-20]% Skill Rune Duration","+[20-30]% Distort Space Effect
+[5-10]% Movement Skill Rune Cooldown Recovery Speed","+2 Max Use Count
[5-10]% Skill Rune Cooldown Amplification"
,,변경,Teleports forward. Temporarily increases Element Resist after teleporting,"Spell, Duration, Movement","Mana Cost 4
Cooldown 6 s
+1 Max Use Count
Gain Distort Space for 1 s upon use
+16 Element Resist
Shares Cooldowns between Movement Skills
(마법 등급 효과) +10% Distort Space Effect
(희귀 등급 효과) +24% Distort Space Effect

(전설 등급 효과) +37% Distort Space Effect","Mana Cost 17.6
Cooldown 6 s
+1 Max Use Count
Gain Distort Space for 1 s upon use
+61 Element Resist
Shares Cooldowns between Movement Skills
(마법 등급 효과) +10% Distort Space Effect
(희귀 등급 효과) +24% Distort Space Effect

(전설 등급 효과) +37% Distort Space Effect","-[50-60]% Movement Skill Rune Resource Cost
+[10-20]% Skill Rune Duration","+[20-30]% Distort Space Effect
+[5-10]% Movement Skill Rune Cooldown Recovery Speed","+2 Max Use Count
[5-10]% Skill Rune Cooldown Amplification"
,Weaken DMG Totem,기존,Summons a Totem that Dampens enemy DMG,"Spell, Totem","Mana Cost 20
Cooldown 10 s
Summon Duration 10 s
Install Count 1
Max Install Count 1
Totem Range 400
Applied as Vulnerable effect
5% DMG Dampening
(마법 등급 효과) +16% Totem Effect
(희귀 등급 효과) +30% Totem Effect
(희귀 등급 효과) +20% Totem Effect Range

(전설 등급 효과) +51% Totem Effect
(전설 등급 효과) +40% Totem Effect Range","Mana Cost 60.8
Cooldown 10 s
Summon Duration 10 s
Install Count 1
Max Install Count 1
Totem Range 400
Applied as Vulnerable effect
15.5% DMG Dampening
(마법 등급 효과) +16% Totem Effect
(희귀 등급 효과) +30% Totem Effect
(희귀 등급 효과) +20% Totem Effect Range

(전설 등급 효과) +51% Totem Effect
(전설 등급 효과) +40% Totem Effect Range","+[10-15]% Totem Duration
Add Aura Effect
[7-12]% DMG Dampening","Amplifies Totem Max HP by [5-10]%
+[10-15]% Totem Duration
Upon installing Totem, Totem takes [6-10]% of DMG Taken instead for 10 s","Totem regenerates [3-5]% of Max HP per Sec
Upon installing Totem, [80-90]% DMG Taken by Totem Dampening for 3 s"
,,변경,Summons a Totem that Dampens enemy DMG,"Spell, Totem","Mana Cost 20
Cooldown 10 s
Summon Duration 10 s
Install Count 1
Max Install Count 1
Totem Range 400
Applied as Vulnerable effect
5% DMG Dampening
(마법 등급 효과) +16% Totem Effect
(희귀 등급 효과) +30% Totem Effect
(희귀 등급 효과) +20% Totem Effect Range

(전설 등급 효과) +51% Totem Effect
(전설 등급 효과) +40% Totem Effect Range","Mana Cost 60.8
Cooldown 10 s
Summon Duration 10 s
Install Count 1
Max Install Count 1
Totem Range 400
Applied as Vulnerable effect
16.1% DMG Dampening
(마법 등급 효과) +16% Totem Effect
(희귀 등급 효과) +30% Totem Effect
(희귀 등급 효과) +20% Totem Effect Range

(전설 등급 효과) +51% Totem Effect
(전설 등급 효과) +40% Totem Effect Range","+[10-15]% Totem Duration
Add Aura Effect
[7-12]% DMG Dampening","Amplifies Totem Max HP by [5-10]%
+[10-15]% Totem Duration
Upon installing Totem, Totem takes [6-10]% of DMG Taken instead for 10 s","Totem regenerates [3-5]% of Max HP per Sec
Upon installing Totem, [80-90]% DMG Taken by Totem Dampening for 3 s"
,Seal of Condensed Destruction,기존,Increases Target's Physical DMG,"Spell, Attack Seal, Toggle","20% Resource Cost Amplification
Cooldown 3 s
Affects yourself
Max Attack Seal Activation Count 0
+30% Physical DMG

(희귀 등급 효과) +10% Aura and Seal Effect

(전설 등급 효과) +25% Aura and Seal Effect","20% Resource Cost Amplification
Cooldown 3 s
Affects yourself
Max Attack Seal Activation Count 0
+263% Physical DMG

(희귀 등급 효과) +10% Aura and Seal Effect

(전설 등급 효과) +25% Aura and Seal Effect","Change to Rapid Seal Skill
Duration 5 s
+165% Physical DMG
Cooldown 20 s
Cost 44 Mana
Add Rapid Seal, Duration tags
Remove Toggle tag
Not affected by Active Seal Count Limit
Shares Cooldowns between Rapid Seal Skills.
Not affected by Enhance Skill Rune Effect
Change Legendary effect to the following effect
 +25% Rapid Seal Skill Rune Effect
+[10-25]% Seal Skill Rune Cooldown Recovery Speed
10% Rapid Seal Effect Dampening","Change to Aura
Affects yourself and allies
Max Attack Seal Activation Count 0
Aura Radius 250
+165% Physical DMG
 +25% Aura and Seal Effect
20% Aura and Seal Effect Dampening
+[60-100]% Aura Range",+[10-60]% Aura and Seal Effect
,,변경,Increases Target's Physical DMG,"Spell, Attack Seal, Toggle","20% Resource Cost Amplification
Cooldown 3 s
Affects yourself
Max Attack Seal Activation Count 0
+30% Physical DMG

(희귀 등급 효과) +10% Aura and Seal Effect

(전설 등급 효과) +25% Aura and Seal Effect","20% Resource Cost Amplification
Cooldown 3 s
Affects yourself
Max Attack Seal Activation Count 0
+274% Physical DMG

(희귀 등급 효과) +10% Aura and Seal Effect

(전설 등급 효과) +25% Aura and Seal Effect","Change to Rapid Seal Skill
Duration 5 s
+191% Physical DMG
Cooldown 20 s
Cost 44 Mana
Add Rapid Seal, Duration tags
Remove Toggle tag
Not affected by Active Seal Count Limit
Shares Cooldowns between Rapid Seal Skills.
Not affected by Enhance Skill Rune Effect
Change Legendary effect to the following effect
 +25% Rapid Seal Skill Rune Effect
+[10-25]% Seal Skill Rune Cooldown Recovery Speed
10% Rapid Seal Effect Dampening","Change to Aura
Affects yourself and allies
Max Attack Seal Activation Count 0
Aura Radius 250
+191% Physical DMG
 +25% Aura and Seal Effect
20% Aura and Seal Effect Dampening
+[60-100]% Aura Range",+[10-60]% Aura and Seal Effect
,Seal of Condensed Elements,기존,Increases Target's Element DMG,"Spell, Attack Seal, Toggle","20% Resource Cost Amplification
Cooldown 3 s
Affects yourself
Max Attack Seal Activation Count 0
+30% Element DMG

(희귀 등급 효과) +10% Aura and Seal Effect

(전설 등급 효과) +25% Aura and Seal Effect","20% Resource Cost Amplification
Cooldown 3 s
Affects yourself
Max Attack Seal Activation Count 0
+263% Element DMG

(희귀 등급 효과) +10% Aura and Seal Effect

(전설 등급 효과) +25% Aura and Seal Effect","Change to Rapid Seal Skill
Duration 5 s
+165% Element DMG
Cooldown 20 s
Cost 44 Mana
Add Rapid Seal, Duration tags
Remove Toggle tag
Not affected by Active Seal Count Limit
Shares Cooldowns between Rapid Seal Skills.
Not affected by Enhance Skill Rune Effect
Change Legendary effect to the following effect
 +25% Rapid Seal Skill Rune Effect
+[10-25]% Seal Skill Rune Cooldown Recovery Speed
10% Rapid Seal Effect Dampening","Change to Aura
Affects yourself and allies
Max Attack Seal Activation Count 0
Aura Radius 250
+165% Element DMG
 +25% Aura and Seal Effect
20% Aura and Seal Effect Dampening
+[60-100]% Aura Range",+[10-60]% Aura and Seal Effect
,,변경,Increases Target's Element DMG,"Spell, Attack Seal, Toggle","20% Resource Cost Amplification
Cooldown 3 s
Affects yourself
Max Attack Seal Activation Count 0
+30% Element DMG

(희귀 등급 효과) +10% Aura and Seal Effect

(전설 등급 효과) +25% Aura and Seal Effect","20% Resource Cost Amplification
Cooldown 3 s
Affects yourself
Max Attack Seal Activation Count 0
+274% Element DMG

(희귀 등급 효과) +10% Aura and Seal Effect

(전설 등급 효과) +25% Aura and Seal Effect","Change to Rapid Seal Skill
Duration 5 s
+191% Element DMG
Cooldown 20 s
Cost 44 Mana
Add Rapid Seal, Duration tags
Remove Toggle tag
Not affected by Active Seal Count Limit
Shares Cooldowns between Rapid Seal Skills.
Not affected by Enhance Skill Rune Effect
Change Legendary effect to the following effect
 +25% Rapid Seal Skill Rune Effect
+[10-25]% Seal Skill Rune Cooldown Recovery Speed
10% Rapid Seal Effect Dampening","Change to Aura
Affects yourself and allies
Max Attack Seal Activation Count 0
Aura Radius 250
+191% Element DMG
 +25% Aura and Seal Effect
20% Aura and Seal Effect Dampening
+[60-100]% Aura Range",+[10-60]% Aura and Seal Effect
,Seal of Accuracy,기존,Increases Target's Hit Rate,"Spell, Attack Seal, Toggle","20% Resource Cost Amplification
Cooldown 3 s
Affects yourself
Max Attack Seal Activation Count 0
+60% Hit Rate
3% DMG Amplification

(희귀 등급 효과) +10% Aura and Seal Effect

(전설 등급 효과) +25% Aura and Seal Effect","20% Resource Cost Amplification
Cooldown 3 s
Affects yourself
Max Attack Seal Activation Count 0
+269.7% Hit Rate
3% DMG Amplification

(희귀 등급 효과) +10% Aura and Seal Effect

(전설 등급 효과) +25% Aura and Seal Effect","Change to Rapid Seal Skill
Duration 5 s
+176.6% Hit Rate
3% DMG Amplification
Cooldown 20 s
Cost 44 Mana
Add Rapid Seal, Duration tags
Remove Toggle tag
Not affected by Active Seal Count Limit
Shares Cooldowns between Rapid Seal Skills.
Not affected by Enhance Skill Rune Effect
Change Legendary effect to the following effect
 +25% Rapid Seal Skill Rune Effect
+[10-25]% Seal Skill Rune Cooldown Recovery Speed
10% Rapid Seal Effect Dampening","Change to Aura
Affects yourself and allies
Max Attack Seal Activation Count 0
Aura Radius 250
+176.6% Hit Rate
 +25% Aura and Seal Effect
20% Aura and Seal Effect Dampening
+[60-100]% Aura Range",+[120-150]% Hit Rate for 2 s on Attack miss (Cooldown: 5 s)
,,변경,Increases Target's Hit Rate,"Spell, Attack Seal, Toggle","20% Resource Cost Amplification
Cooldown 3 s
Affects yourself
Max Attack Seal Activation Count 0
+60% Hit Rate
3% DMG Amplification

(희귀 등급 효과) +10% Aura and Seal Effect

(전설 등급 효과) +25% Aura and Seal Effect","20% Resource Cost Amplification
Cooldown 3 s
Affects yourself
Max Attack Seal Activation Count 0
+280.5% Hit Rate
3% DMG Amplification

(희귀 등급 효과) +10% Aura and Seal Effect

(전설 등급 효과) +25% Aura and Seal Effect","Change to Rapid Seal Skill
Duration 5 s
+205.3% Hit Rate
3% DMG Amplification
Cooldown 20 s
Cost 44 Mana
Add Rapid Seal, Duration tags
Remove Toggle tag
Not affected by Active Seal Count Limit
Shares Cooldowns between Rapid Seal Skills.
Not affected by Enhance Skill Rune Effect
Change Legendary effect to the following effect
 +25% Rapid Seal Skill Rune Effect
+[10-25]% Seal Skill Rune Cooldown Recovery Speed
10% Rapid Seal Effect Dampening","Change to Aura
Affects yourself and allies
Max Attack Seal Activation Count 0
Aura Radius 250
+205.3% Hit Rate
 +25% Aura and Seal Effect
20% Aura and Seal Effect Dampening
+[60-100]% Aura Range",+[120-150]% Hit Rate for 2 s on Attack miss (Cooldown: 5 s)
,Seal of Dodge,기존,Increases Target's Dodge Rate,"Spell, Defense Seal, Toggle","15% Resource Cost Amplification
Cooldown 3 s
Affects yourself
Max Defense Seal Activation Count 0
+35% Dodge Rate
+3% Max Attack Dodge Chance
+3% Max Spell Dodge Chance

(희귀 등급 효과) +10% Aura and Seal Effect

(전설 등급 효과) +25% Aura and Seal Effect","15% Resource Cost Amplification
Cooldown 3 s
Affects yourself
Max Defense Seal Activation Count 0
+152% Dodge Rate
+3% Max Attack Dodge Chance
+3% Max Spell Dodge Chance

(희귀 등급 효과) +10% Aura and Seal Effect

(전설 등급 효과) +25% Aura and Seal Effect","Change to Rapid Seal Skill
Duration 5 s
+122% Dodge Rate
+3% Max Attack Dodge Chance
+3% Max Spell Dodge Chance
Cooldown 20 s
Cost 44 Mana
Add Rapid Seal, Duration tags
Remove Toggle tag
Not affected by Active Seal Count Limit
Shares Cooldowns between Rapid Seal Skills.
Not affected by Enhance Skill Rune Effect
Change Legendary effect to the following effect
 +25% Rapid Seal Skill Rune Effect
+[10-25]% Seal Skill Rune Cooldown Recovery Speed
10% Rapid Seal Effect Dampening","Change to Aura
Affects yourself and allies
Max Defense Seal Activation Count 0
Aura Radius 250
+122% Dodge Rate
 +25% Aura and Seal Effect
20% Aura and Seal Effect Dampening
+[60-100]% Aura Range",Add +5% Perfect Dodge effect upon Seal Activation
,,변경,Increases Target's Dodge Rate,"Spell, Defense Seal, Toggle","15% Resource Cost Amplification
Cooldown 3 s
Affects yourself
Max Defense Seal Activation Count 0
+35% Dodge Rate
+3% Max Attack Dodge Chance
+3% Max Spell Dodge Chance

(희귀 등급 효과) +10% Aura and Seal Effect

(전설 등급 효과) +25% Aura and Seal Effect","15% Resource Cost Amplification
Cooldown 3 s
Affects yourself
Max Defense Seal Activation Count 0
+158.1% Dodge Rate
+3% Max Attack Dodge Chance
+3% Max Spell Dodge Chance

(희귀 등급 효과) +10% Aura and Seal Effect

(전설 등급 효과) +25% Aura and Seal Effect","Change to Rapid Seal Skill
Duration 5 s
+116.1% Dodge Rate
+3% Max Attack Dodge Chance
+3% Max Spell Dodge Chance
Cooldown 20 s
Cost 44 Mana
Add Rapid Seal, Duration tags
Remove Toggle tag
Not affected by Active Seal Count Limit
Shares Cooldowns between Rapid Seal Skills.
Not affected by Enhance Skill Rune Effect
Change Legendary effect to the following effect
 +25% Rapid Seal Skill Rune Effect
+[10-25]% Seal Skill Rune Cooldown Recovery Speed
10% Rapid Seal Effect Dampening","Change to Aura
Affects yourself and allies
Max Defense Seal Activation Count 0
Aura Radius 250
+116.1% Dodge Rate
 +25% Aura and Seal Effect
20% Aura and Seal Effect Dampening
+[60-100]% Aura Range",Add +5% Perfect Dodge effect upon Seal Activation
,Seal of Defense,기존,Increases Target's Armor,"Spell, Defense Seal, Toggle","15% Resource Cost Amplification
Cooldown 3 s
Affects yourself
Max Defense Seal Activation Count 0
+30% Armor
+3% Armor DMG Decrease Limit

(희귀 등급 효과) +10% Aura and Seal Effect

(전설 등급 효과) +25% Aura and Seal Effect","15% Resource Cost Amplification
Cooldown 3 s
Affects yourself
Max Defense Seal Activation Count 0
+128% Armor
+3% Armor DMG Decrease Limit

(희귀 등급 효과) +10% Aura and Seal Effect

(전설 등급 효과) +25% Aura and Seal Effect","Change to Rapid Seal Skill
Duration 5 s
+102.5% Armor
+3% Armor DMG Decrease Limit
Cooldown 20 s
Cost 44 Mana
Add Rapid Seal, Duration tags
Remove Toggle tag
Not affected by Active Seal Count Limit
Shares Cooldowns between Rapid Seal Skills.
Not affected by Enhance Skill Rune Effect
Change Legendary effect to the following effect
 +25% Rapid Seal Skill Rune Effect
+[10-25]% Seal Skill Rune Cooldown Recovery Speed
10% Rapid Seal Effect Dampening","Change to Aura
Affects yourself and allies
Max Defense Seal Activation Count 0
Aura Radius 250
+102.5% Armor
 +25% Aura and Seal Effect
20% Aura and Seal Effect Dampening
+[60-100]% Aura Range",Add [3-6]% Armor Amplification effect upon Seal Activation
,,변경,Increases Target's Armor,"Spell, Defense Seal, Toggle","15% Resource Cost Amplification
Cooldown 3 s
Affects yourself
Max Defense Seal Activation Count 0
+30% Armor
+3% Armor DMG Decrease Limit

(희귀 등급 효과) +10% Aura and Seal Effect

(전설 등급 효과) +25% Aura and Seal Effect","15% Resource Cost Amplification
Cooldown 3 s
Affects yourself
Max Defense Seal Activation Count 0
+133.1% Armor
+3% Armor DMG Decrease Limit

(희귀 등급 효과) +10% Aura and Seal Effect

(전설 등급 효과) +25% Aura and Seal Effect","Change to Rapid Seal Skill
Duration 5 s
+98% Armor
+3% Armor DMG Decrease Limit
Cooldown 20 s
Cost 44 Mana
Add Rapid Seal, Duration tags
Remove Toggle tag
Not affected by Active Seal Count Limit
Shares Cooldowns between Rapid Seal Skills.
Not affected by Enhance Skill Rune Effect
Change Legendary effect to the following effect
 +25% Rapid Seal Skill Rune Effect
+[10-25]% Seal Skill Rune Cooldown Recovery Speed
10% Rapid Seal Effect Dampening","Change to Aura
Affects yourself and allies
Max Defense Seal Activation Count 0
Aura Radius 250
+98% Armor
 +25% Aura and Seal Effect
20% Aura and Seal Effect Dampening
+[60-100]% Aura Range",Add [3-6]% Armor Amplification effect upon Seal Activation
,Seal of Element Resist,기존,Increases Target's Element Resist for all Elements,"Spell, Defense Seal, Toggle","15% Resource Cost Amplification
Cooldown 3 s
Affects yourself
Max Defense Seal Activation Count 0
+8 Element Resist

(희귀 등급 효과) +10% Aura and Seal Effect

(전설 등급 효과) +25% Aura and Seal Effect","15% Resource Cost Amplification
Cooldown 3 s
Affects yourself
Max Defense Seal Activation Count 0
+25 Element Resist

(희귀 등급 효과) +10% Aura and Seal Effect

(전설 등급 효과) +25% Aura and Seal Effect","Change to Rapid Seal Skill
Duration 5 s
+20 Element Resist
Cooldown 20 s
Cost 44 Mana
Add Rapid Seal, Duration tags
Remove Toggle tag
Not affected by Active Seal Count Limit
Shares Cooldowns between Rapid Seal Skills.
Not affected by Enhance Skill Rune Effect
Change Legendary effect to the following effect
 +25% Rapid Seal Skill Rune Effect
+[10-25]% Seal Skill Rune Cooldown Recovery Speed
10% Rapid Seal Effect Dampening","Change to Aura
Affects yourself and allies
Max Defense Seal Activation Count 0
Aura Radius 250
+20 Element Resist
 +25% Aura and Seal Effect
20% Aura and Seal Effect Dampening
+[60-100]% Aura Range",+[35-50]% Aura and Seal Effect
,,변경,Increases Target's Element Resist for all Elements,"Spell, Defense Seal, Toggle","15% Resource Cost Amplification
Cooldown 3 s
Affects yourself
Max Defense Seal Activation Count 0
+8 Element Resist

(희귀 등급 효과) +10% Aura and Seal Effect

(전설 등급 효과) +25% Aura and Seal Effect","15% Resource Cost Amplification
Cooldown 3 s
Affects yourself
Max Defense Seal Activation Count 0
+26 Element Resist

(희귀 등급 효과) +10% Aura and Seal Effect

(전설 등급 효과) +25% Aura and Seal Effect","Change to Rapid Seal Skill
Duration 5 s
+20 Element Resist
Cooldown 20 s
Cost 44 Mana
Add Rapid Seal, Duration tags
Remove Toggle tag
Not affected by Active Seal Count Limit
Shares Cooldowns between Rapid Seal Skills.
Not affected by Enhance Skill Rune Effect
Change Legendary effect to the following effect
 +25% Rapid Seal Skill Rune Effect
+[10-25]% Seal Skill Rune Cooldown Recovery Speed
10% Rapid Seal Effect Dampening","Change to Aura
Affects yourself and allies
Max Defense Seal Activation Count 0
Aura Radius 250
+20 Element Resist
 +25% Aura and Seal Effect
20% Aura and Seal Effect Dampening
+[60-100]% Aura Range",+[35-50]% Aura and Seal Effect
,Seal of Critical Chance,기존,Increases Target's Critical Chance,"Spell, Attack Seal, Toggle","15% Resource Cost Amplification
Cooldown 3 s
Affects yourself
Max Attack Seal Activation Count 0
+50% Critical Rate
+3% Critical Chance

(희귀 등급 효과) +10% Aura and Seal Effect

(전설 등급 효과) +25% Aura and Seal Effect","15% Resource Cost Amplification
Cooldown 3 s
Affects yourself
Max Attack Seal Activation Count 0
+242.7% Critical Rate
+3% Critical Chance

(희귀 등급 효과) +10% Aura and Seal Effect

(전설 등급 효과) +25% Aura and Seal Effect","Change to Rapid Seal Skill
Duration 5 s
+157% Critical Rate
+3% Critical Chance
Cooldown 20 s
Cost 44 Mana
Add Rapid Seal, Duration tags
Remove Toggle tag
Not affected by Active Seal Count Limit
Shares Cooldowns between Rapid Seal Skills.
Not affected by Enhance Skill Rune Effect
Change Legendary effect to the following effect
 +25% Rapid Seal Skill Rune Effect
+[10-25]% Seal Skill Rune Cooldown Recovery Speed
10% Rapid Seal Effect Dampening","Change to Aura
Affects yourself and allies
Max Attack Seal Activation Count 0
Aura Radius 250
+157% Critical Rate
 +25% Aura and Seal Effect
20% Aura and Seal Effect Dampening
+[60-100]% Aura Range",+[150-180]% Critical Rate for 2 s on non-critical hit (Cooldown: 5 s)
,,변경,Increases Target's Critical Chance,"Spell, Attack Seal, Toggle","15% Resource Cost Amplification
Cooldown 3 s
Affects yourself
Max Attack Seal Activation Count 0
+50% Critical Rate
+3% Critical Chance

(희귀 등급 효과) +10% Aura and Seal Effect

(전설 등급 효과) +25% Aura and Seal Effect","15% Resource Cost Amplification
Cooldown 3 s
Affects yourself
Max Attack Seal Activation Count 0
+252.4% Critical Rate
+3% Critical Chance

(희귀 등급 효과) +10% Aura and Seal Effect

(전설 등급 효과) +25% Aura and Seal Effect","Change to Rapid Seal Skill
Duration 5 s
+183.4% Critical Rate
+3% Critical Chance
Cooldown 20 s
Cost 44 Mana
Add Rapid Seal, Duration tags
Remove Toggle tag
Not affected by Active Seal Count Limit
Shares Cooldowns between Rapid Seal Skills.
Not affected by Enhance Skill Rune Effect
Change Legendary effect to the following effect
 +25% Rapid Seal Skill Rune Effect
+[10-25]% Seal Skill Rune Cooldown Recovery Speed
10% Rapid Seal Effect Dampening","Change to Aura
Affects yourself and allies
Max Attack Seal Activation Count 0
Aura Radius 250
+183.4% Critical Rate
 +25% Aura and Seal Effect
20% Aura and Seal Effect Dampening
+[60-100]% Aura Range",+[150-180]% Critical Rate for 2 s on non-critical hit (Cooldown: 5 s)
,Seal of Physical Domain,기존,Decreases Target's Physical DMG Taken,"Spell, Defense Seal, Toggle","15% Resource Cost Amplification
Cooldown 3 s
Affects yourself
Max Defense Seal Activation Count 0
7.5% Physical DMG Taken Dampening



(전설 등급 효과) +25% Aura and Seal Effect","15% Resource Cost Amplification
Cooldown 3 s
Affects yourself
Max Defense Seal Activation Count 0
16.2% Physical DMG Taken Dampening



(전설 등급 효과) +25% Aura and Seal Effect","Change to Rapid Seal Skill
Duration 5 s
12.3% Physical DMG Taken Dampening
Cooldown 20 s
Cost 44 Mana
Add Rapid Seal, Duration tags
Remove Toggle tag
Not affected by Active Seal Count Limit
Shares Cooldowns between Rapid Seal Skills.
Not affected by Enhance Skill Rune Effect
Change Legendary effect to the following effect
 +25% Rapid Seal Skill Rune Effect
+[10-25]% Seal Skill Rune Cooldown Recovery Speed
10% Rapid Seal Effect Dampening","Change to Aura
Affects yourself and allies
Max Defense Seal Activation Count 0
Aura Radius 250
12.3% Physical DMG Taken Dampening
 +25% Aura and Seal Effect
20% Aura and Seal Effect Dampening
+[60-100]% Aura Range",+[25-40]% Aura and Seal Effect
,,변경,Decreases Target's Physical DMG Taken,"Spell, Defense Seal, Toggle","15% Resource Cost Amplification
Cooldown 3 s
Affects yourself
Max Defense Seal Activation Count 0
7.5% Physical DMG Taken Dampening



(전설 등급 효과) +25% Aura and Seal Effect","15% Resource Cost Amplification
Cooldown 3 s
Affects yourself
Max Defense Seal Activation Count 0
16.8% Physical DMG Taken Dampening



(전설 등급 효과) +25% Aura and Seal Effect","Change to Rapid Seal Skill
Duration 5 s
13.6% Physical DMG Taken Dampening
Cooldown 20 s
Cost 44 Mana
Add Rapid Seal, Duration tags
Remove Toggle tag
Not affected by Active Seal Count Limit
Shares Cooldowns between Rapid Seal Skills.
Not affected by Enhance Skill Rune Effect
Change Legendary effect to the following effect
 +25% Rapid Seal Skill Rune Effect
+[10-25]% Seal Skill Rune Cooldown Recovery Speed
10% Rapid Seal Effect Dampening","Change to Aura
Affects yourself and allies
Max Defense Seal Activation Count 0
Aura Radius 250
13.6% Physical DMG Taken Dampening
 +25% Aura and Seal Effect
20% Aura and Seal Effect Dampening
+[60-100]% Aura Range",+[25-40]% Aura and Seal Effect
,Seal of Elemental Domain,기존,Decreases Target's Element DMG Taken,"Spell, Defense Seal, Toggle","15% Resource Cost Amplification
Cooldown 3 s
Affects yourself
Max Defense Seal Activation Count 0
7.5% Element DMG Taken Dampening



(전설 등급 효과) +25% Aura and Seal Effect","15% Resource Cost Amplification
Cooldown 3 s
Affects yourself
Max Defense Seal Activation Count 0
16.2% Element DMG Taken Dampening



(전설 등급 효과) +25% Aura and Seal Effect","Change to Rapid Seal Skill
Duration 5 s
12.3% Element DMG Taken Dampening
Cooldown 20 s
Cost 44 Mana
Add Rapid Seal, Duration tags
Remove Toggle tag
Not affected by Active Seal Count Limit
Shares Cooldowns between Rapid Seal Skills.
Not affected by Enhance Skill Rune Effect
Change Legendary effect to the following effect
 +25% Rapid Seal Skill Rune Effect
+[10-25]% Seal Skill Rune Cooldown Recovery Speed
10% Rapid Seal Effect Dampening","Change to Aura
Affects yourself and allies
Max Defense Seal Activation Count 0
Aura Radius 250
12.3% Element DMG Taken Dampening
 +25% Aura and Seal Effect
20% Aura and Seal Effect Dampening
+[60-100]% Aura Range",+[25-40]% Aura and Seal Effect
,,변경,Decreases Target's Element DMG Taken,"Spell, Defense Seal, Toggle","15% Resource Cost Amplification
Cooldown 3 s
Affects yourself
Max Defense Seal Activation Count 0
7.5% Element DMG Taken Dampening



(전설 등급 효과) +25% Aura and Seal Effect","15% Resource Cost Amplification
Cooldown 3 s
Affects yourself
Max Defense Seal Activation Count 0
16.8% Element DMG Taken Dampening



(전설 등급 효과) +25% Aura and Seal Effect","Change to Rapid Seal Skill
Duration 5 s
13.6% Element DMG Taken Dampening
Cooldown 20 s
Cost 44 Mana
Add Rapid Seal, Duration tags
Remove Toggle tag
Not affected by Active Seal Count Limit
Shares Cooldowns between Rapid Seal Skills.
Not affected by Enhance Skill Rune Effect
Change Legendary effect to the following effect
 +25% Rapid Seal Skill Rune Effect
+[10-25]% Seal Skill Rune Cooldown Recovery Speed
10% Rapid Seal Effect Dampening","Change to Aura
Affects yourself and allies
Max Defense Seal Activation Count 0
Aura Radius 250
13.6% Element DMG Taken Dampening
 +25% Aura and Seal Effect
20% Aura and Seal Effect Dampening
+[60-100]% Aura Range",+[25-40]% Aura and Seal Effect
,Seal of Chaos Resist,기존,Increases Target's Chaos Resist,"Spell, Defense Seal, Toggle","15% Resource Cost Amplification
Cooldown 3 s
Affects yourself
Max Defense Seal Activation Count 0
+15 Chaos Resist



(전설 등급 효과) +25% Aura and Seal Effect","15% Resource Cost Amplification
Cooldown 3 s
Affects yourself
Max Defense Seal Activation Count 0
+43 Chaos Resist



(전설 등급 효과) +25% Aura and Seal Effect","Change to Rapid Seal Skill
Duration 5 s
+31 Chaos Resist
Cooldown 25 s
Cost 72.3 Mana
Add Rapid Seal, Duration tags
Remove Toggle tag
Not affected by Active Seal Count Limit
Shares Cooldowns between Rapid Seal Skills.
Not affected by Enhance Skill Rune Effect
Change Legendary effect to the following effect
 +25% Rapid Seal Skill Rune Effect
+[10-25]% Seal Skill Rune Cooldown Recovery Speed
15% Rapid Seal Effect Dampening","Change to Aura
Affects yourself and allies
Max Defense Seal Activation Count 0
Aura Radius 250
+31 Chaos Resist
 +25% Aura and Seal Effect
30% Aura and Seal Effect Dampening
+[60-100]% Aura Range",-[15-5]% Resource Cost Amplification
,,변경,Increases Target's Chaos Resist,"Spell, Defense Seal, Toggle","15% Resource Cost Amplification
Cooldown 3 s
Affects yourself
Max Defense Seal Activation Count 0
+15 Chaos Resist



(전설 등급 효과) +25% Aura and Seal Effect","15% Resource Cost Amplification
Cooldown 3 s
Affects yourself
Max Defense Seal Activation Count 0
+45 Chaos Resist



(전설 등급 효과) +25% Aura and Seal Effect","Change to Rapid Seal Skill
Duration 5 s
+35 Chaos Resist
Cooldown 25 s
Cost 72.3 Mana
Add Rapid Seal, Duration tags
Remove Toggle tag
Not affected by Active Seal Count Limit
Shares Cooldowns between Rapid Seal Skills.
Not affected by Enhance Skill Rune Effect
Change Legendary effect to the following effect
 +25% Rapid Seal Skill Rune Effect
+[10-25]% Seal Skill Rune Cooldown Recovery Speed
15% Rapid Seal Effect Dampening","Change to Aura
Affects yourself and allies
Max Defense Seal Activation Count 0
Aura Radius 250
+35 Chaos Resist
 +25% Aura and Seal Effect
30% Aura and Seal Effect Dampening
+[60-100]% Aura Range",-[15-5]% Resource Cost Amplification
,Seal of Pain,기존,Amplifies Target's DoT,"Spell, Attack Seal, Toggle","20% Resource Cost Amplification
Cooldown 3 s
Affects yourself
Max Attack Seal Activation Count 0
7.8% DoT Amplification



(전설 등급 효과) +25% Aura and Seal Effect","20% Resource Cost Amplification
Cooldown 3 s
Affects yourself
Max Attack Seal Activation Count 0
23.5% DoT Amplification



(전설 등급 효과) +25% Aura and Seal Effect","Change to Rapid Seal Skill
Duration 5 s
16.6% DoT Amplification
Cooldown 25 s
Cost 72.3 Mana
Add Rapid Seal, Duration tags
Remove Toggle tag
Not affected by Active Seal Count Limit
Shares Cooldowns between Rapid Seal Skills.
Not affected by Enhance Skill Rune Effect
Change Legendary effect to the following effect
 +25% Rapid Seal Skill Rune Effect
+[10-25]% Seal Skill Rune Cooldown Recovery Speed
25% Rapid Seal Effect Dampening","Change to Aura
Affects yourself and allies
Max Attack Seal Activation Count 0
Aura Radius 250
16.6% DoT Amplification
 +25% Aura and Seal Effect
30% Aura and Seal Effect Dampening
+[60-100]% Aura Range",-[15-5]% Resource Cost Amplification
,,변경,Amplifies Target's DoT,"Spell, Attack Seal, Toggle","20% Resource Cost Amplification
Cooldown 3 s
Affects yourself
Max Attack Seal Activation Count 0
7.8% DoT Amplification



(전설 등급 효과) +25% Aura and Seal Effect","20% Resource Cost Amplification
Cooldown 3 s
Affects yourself
Max Attack Seal Activation Count 0
24.4% DoT Amplification



(전설 등급 효과) +25% Aura and Seal Effect","Change to Rapid Seal Skill
Duration 5 s
18.7% DoT Amplification
Cooldown 25 s
Cost 72.3 Mana
Add Rapid Seal, Duration tags
Remove Toggle tag
Not affected by Active Seal Count Limit
Shares Cooldowns between Rapid Seal Skills.
Not affected by Enhance Skill Rune Effect
Change Legendary effect to the following effect
 +25% Rapid Seal Skill Rune Effect
+[10-25]% Seal Skill Rune Cooldown Recovery Speed
25% Rapid Seal Effect Dampening","Change to Aura
Affects yourself and allies
Max Attack Seal Activation Count 0
Aura Radius 250
18.7% DoT Amplification
 +25% Aura and Seal Effect
30% Aura and Seal Effect Dampening
+[60-100]% Aura Range",-[15-5]% Resource Cost Amplification
,Seal of Striking,기존,Amplifies Target's Strike DMG,"Spell, Attack Seal, Toggle","20% Resource Cost Amplification
Cooldown 3 s
Affects yourself
Max Attack Seal Activation Count 0
5.2% Strike DMG Amplification



(전설 등급 효과) +25% Aura and Seal Effect","20% Resource Cost Amplification
Cooldown 3 s
Affects yourself
Max Attack Seal Activation Count 0
15.7% Strike DMG Amplification



(전설 등급 효과) +25% Aura and Seal Effect","Change to Rapid Seal Skill
Duration 5 s
11.2% Strike DMG Amplification
Cooldown 25 s
Cost 72.3 Mana
Add Rapid Seal, Duration tags
Remove Toggle tag
Not affected by Active Seal Count Limit
Shares Cooldowns between Rapid Seal Skills.
Not affected by Enhance Skill Rune Effect
Change Legendary effect to the following effect
 +25% Rapid Seal Skill Rune Effect
+[10-25]% Seal Skill Rune Cooldown Recovery Speed
25% Rapid Seal Effect Dampening","Change to Aura
Affects yourself and allies
Max Attack Seal Activation Count 0
Aura Radius 250
11.2% Strike DMG Amplification
 +25% Aura and Seal Effect
30% Aura and Seal Effect Dampening
+[60-100]% Aura Range",-[15-5]% Resource Cost Amplification
,,변경,Amplifies Target's Strike DMG,"Spell, Attack Seal, Toggle","20% Resource Cost Amplification
Cooldown 3 s
Affects yourself
Max Attack Seal Activation Count 0
5.2% Strike DMG Amplification



(전설 등급 효과) +25% Aura and Seal Effect","20% Resource Cost Amplification
Cooldown 3 s
Affects yourself
Max Attack Seal Activation Count 0
16.3% Strike DMG Amplification



(전설 등급 효과) +25% Aura and Seal Effect","Change to Rapid Seal Skill
Duration 5 s
12.5% Strike DMG Amplification
Cooldown 25 s
Cost 72.3 Mana
Add Rapid Seal, Duration tags
Remove Toggle tag
Not affected by Active Seal Count Limit
Shares Cooldowns between Rapid Seal Skills.
Not affected by Enhance Skill Rune Effect
Change Legendary effect to the following effect
 +25% Rapid Seal Skill Rune Effect
+[10-25]% Seal Skill Rune Cooldown Recovery Speed
25% Rapid Seal Effect Dampening","Change to Aura
Affects yourself and allies
Max Attack Seal Activation Count 0
Aura Radius 250
12.5% Strike DMG Amplification
 +25% Aura and Seal Effect
30% Aura and Seal Effect Dampening
+[60-100]% Aura Range",-[15-5]% Resource Cost Amplification
,Enchanted Sentry,기존,Amplifies the DMG of nearby Sentries based on the number of stacks while Channeling,"Spell, Channel","Mana Cost 10
Triggers Immediately
Sentry Effect when channeling
Max Stacks 3
10% Sentry DMG Amplification per stack
Caster Effect when channeling
Max Stacks 3
7% DMG Taken Amplification per stack on Caster
(마법 등급 효과) +5% Skill Rune Effect
(마법 등급 효과) +1 Max Enchanted Sentry Stacks
(희귀 등급 효과) +10% Skill Rune Effect
(희귀 등급 효과) +2 Max Enchanted Sentry Stacks

(전설 등급 효과) +15% Skill Rune Effect
(전설 등급 효과) +3 Max Enchanted Sentry Stacks","Mana Cost 27
Triggers Immediately
Sentry Effect when channeling
Max Stacks 3
32% Sentry DMG Amplification per stack
Caster Effect when channeling
Max Stacks 3
7% DMG Taken Amplification per stack on Caster
(마법 등급 효과) +5% Skill Rune Effect
(마법 등급 효과) +1 Max Enchanted Sentry Stacks
(희귀 등급 효과) +10% Skill Rune Effect
(희귀 등급 효과) +2 Max Enchanted Sentry Stacks

(전설 등급 효과) +15% Skill Rune Effect
(전설 등급 효과) +3 Max Enchanted Sentry Stacks","+[10-30]% Skill Rune Effect
10% Sentry Attack Speed Amplification per stack","10% Caster's DMG Taken Dampening per stack
-[30-10]% Skill Rune Effect
Changes Caster's DMG Taken Amplification effect to DMG Taken Dampening effect per stack","+[10-30]% Skill Rune Effect
Gain Regeneration while channeling
( 1% Max HP Regen/Sec, 0.4% Max Mana Regen/Sec )"
,,변경,Amplifies the DMG of nearby Sentries based on the number of stacks while Channeling,"Spell, Channel","Mana Cost 10
Triggers Immediately
30% Trigger Skill DMG Dampening
Sentry Effect when channeling
Max Stacks 3
10% Sentry DMG Amplification per stack
Caster Effect when channeling
Max Stacks 3
7% DMG Taken Amplification per stack on Caster
(마법 등급 효과) +5% Skill Rune Effect
(마법 등급 효과) +1 Max Enchanted Sentry Stacks
(희귀 등급 효과) +10% Skill Rune Effect
(희귀 등급 효과) +2 Max Enchanted Sentry Stacks

(전설 등급 효과) +15% Skill Rune Effect
(전설 등급 효과) +3 Max Enchanted Sentry Stacks","Mana Cost 27
Triggers Immediately
30% Trigger Skill DMG Dampening
Sentry Effect when channeling
Max Stacks 3
33.3% Sentry DMG Amplification per stack
Caster Effect when channeling
Max Stacks 3
7% DMG Taken Amplification per stack on Caster
(마법 등급 효과) +5% Skill Rune Effect
(마법 등급 효과) +1 Max Enchanted Sentry Stacks
(희귀 등급 효과) +10% Skill Rune Effect
(희귀 등급 효과) +2 Max Enchanted Sentry Stacks

(전설 등급 효과) +15% Skill Rune Effect
(전설 등급 효과) +3 Max Enchanted Sentry Stacks","+[10-30]% Skill Rune Effect
9.9% Sentry Attack Speed Amplification per stack","10% Caster's DMG Taken Dampening per stack
-[30-10]% Skill Rune Effect
Changes Caster's DMG Taken Amplification effect to DMG Taken Dampening effect per stack","+[10-30]% Skill Rune Effect
Gain Regeneration while channeling
( 1% Max HP Regen/Sec, 0.4% Max Mana Regen/Sec )"
,Sentry Expert,기존,Changes Sentry Stats according to the situation,"Spell, Defense Enhance, Attack Enhance, Toggle, Toggle Effect","15% Resource Cost Amplification
Cooldown 5 s
Effect Range 1600
Upon switching to Attack Sentry
+75% Sentry DMG
+24% Sentry Attack Speed
Upon switching to Defense Sentry
Dramatically Increases Sentry Perception Range
-32% Sentry Attack Speed
(마법 등급 효과) +15% Aura Range
(마법 등급 효과) 10% Skill Rune Cooldown Dampening
(희귀 등급 효과) +30% Aura Range
(희귀 등급 효과) 30% Skill Rune Cooldown Dampening

(전설 등급 효과) +45% Aura Range
(전설 등급 효과) 50% Skill Rune Cooldown Dampening","15% Resource Cost Amplification
Cooldown 5 s
Effect Range 1600
Upon switching to Attack Sentry
+157.5% Sentry DMG
+50.4% Sentry Attack Speed
Upon switching to Defense Sentry
Dramatically Increases Sentry Perception Range
-23.2% Sentry Attack Speed
(마법 등급 효과) +15% Aura Range
(마법 등급 효과) 10% Skill Rune Cooldown Dampening
(희귀 등급 효과) +30% Aura Range
(희귀 등급 효과) 30% Skill Rune Cooldown Dampening

(전설 등급 효과) +45% Aura Range
(전설 등급 효과) 50% Skill Rune Cooldown Dampening",[5-15]% DMG Taken by Sentry Dampening on using Attack Toggle,"[15-30]% Resource Cost Amplification
+1 Max Sentry Summon Count",[5-15]% chance for Sentry to deal double maximized DMG on using Defense Toggle
,,변경,Changes Sentry Stats according to the situation,"Spell, Defense Enhance, Attack Enhance, Toggle, Toggle Effect","15% Resource Cost Amplification
Cooldown 5 s
Effect Range 1600
Upon switching to Attack Sentry
+75% Sentry DMG
+24% Sentry Attack Speed
Upon switching to Defense Sentry
Dramatically Increases Sentry Perception Range
-32% Sentry Attack Speed
(마법 등급 효과) +15% Aura Range
(마법 등급 효과) 10% Skill Rune Cooldown Dampening
(희귀 등급 효과) +30% Aura Range
(희귀 등급 효과) 30% Skill Rune Cooldown Dampening

(전설 등급 효과) +45% Aura Range
(전설 등급 효과) 50% Skill Rune Cooldown Dampening","15% Resource Cost Amplification
Cooldown 5 s
Effect Range 1600
Upon switching to Attack Sentry
+163.8% Sentry DMG
+52.4% Sentry Attack Speed
Upon switching to Defense Sentry
Dramatically Increases Sentry Perception Range
-24.1% Sentry Attack Speed
(마법 등급 효과) +15% Aura Range
(마법 등급 효과) 10% Skill Rune Cooldown Dampening
(희귀 등급 효과) +30% Aura Range
(희귀 등급 효과) 30% Skill Rune Cooldown Dampening

(전설 등급 효과) +45% Aura Range
(전설 등급 효과) 50% Skill Rune Cooldown Dampening",[5-15]% DMG Taken by Sentry Dampening on using Attack Toggle,"[15-30]% Resource Cost Amplification
+1 Max Sentry Summon Count",[5-15]% chance for Sentry to deal double maximized DMG on using Defense Toggle
,Seal of Crowd Control Dodge,기존,Increases Crowd Control Dodge Chance of target.,"Spell, Defense Seal, Toggle","15% Resource Cost Amplification
Cooldown 3 s
Affects yourself
Max Defense Seal Activation Count 0
+15% Crowd Control Dodge Chance

(희귀 등급 효과) +10% Aura and Seal Effect

(전설 등급 효과) +25% Aura and Seal Effect","15% Resource Cost Amplification
Cooldown 3 s
Affects yourself
Max Defense Seal Activation Count 0
+55.9% Crowd Control Dodge Chance

(희귀 등급 효과) +10% Aura and Seal Effect

(전설 등급 효과) +25% Aura and Seal Effect","Change to Rapid Seal Skill
Duration 5 s
+45.4% Crowd Control Dodge Chance
Cooldown 20 s
Cost 44 Mana
Add Rapid Seal, Duration tags
Remove Toggle tag
Not affected by Active Seal Count Limit
Shares Cooldowns between Rapid Seal Skills.
Not affected by Enhance Skill Rune Effect
Change Legendary effect to the following effect
 +25% Rapid Seal Skill Rune Effect
+[10-25]% Seal Skill Rune Cooldown Recovery Speed
10% Rapid Seal Effect Dampening","Change to Aura
Affects yourself and allies
Max Defense Seal Activation Count 0
Aura Radius 250
+45.4% Crowd Control Dodge Chance
 +25% Aura and Seal Effect
20% Aura and Seal Effect Dampening
+[60-100]% Aura Range","-[10-3]% Resource Cost Amplification
Immune to Crowd Control for 5 s when hitting a Crowd Controlled enemy (Cooldown: 10 s)"
,,변경,Increases Crowd Control Dodge Chance of target.,"Spell, Defense Seal, Toggle","15% Resource Cost Amplification
Cooldown 3 s
Affects yourself
Max Defense Seal Activation Count 0
+15% Crowd Control Dodge Chance

(희귀 등급 효과) +10% Aura and Seal Effect

(전설 등급 효과) +25% Aura and Seal Effect","15% Resource Cost Amplification
Cooldown 3 s
Affects yourself
Max Defense Seal Activation Count 0
+58.1% Crowd Control Dodge Chance

(희귀 등급 효과) +10% Aura and Seal Effect

(전설 등급 효과) +25% Aura and Seal Effect","Change to Rapid Seal Skill
Duration 5 s
+43.4% Crowd Control Dodge Chance
Cooldown 20 s
Cost 44 Mana
Add Rapid Seal, Duration tags
Remove Toggle tag
Not affected by Active Seal Count Limit
Shares Cooldowns between Rapid Seal Skills.
Not affected by Enhance Skill Rune Effect
Change Legendary effect to the following effect
 +25% Rapid Seal Skill Rune Effect
+[10-25]% Seal Skill Rune Cooldown Recovery Speed
10% Rapid Seal Effect Dampening","Change to Aura
Affects yourself and allies
Max Defense Seal Activation Count 0
Aura Radius 250
+43.4% Crowd Control Dodge Chance
 +25% Aura and Seal Effect
20% Aura and Seal Effect Dampening
+[60-100]% Aura Range","-[10-3]% Resource Cost Amplification
Immune to Crowd Control for 5 s when hitting a Crowd Controlled enemy (Cooldown: 10 s)"
,Summon Twisted Abyssling,기존,"Twisted Abyssling has the Attack, Strike, Area of Effect, Physical, Melee tags.
Summons an Abyssling that charges toward the enemy and explodes.
Has a maintenance cost upon summoning","Spell, Minion, Abyssling","Mana Cost 12
Cooldown 0.3 s
Physical Element
Summon Level 1
Summon Count 1
Max Summon Count 2
Summon Duration 10 s
Abyssling Explosion Range 600
Abyssling Explosion Attack DMG 354%
2% DMG Amplification per 0.1 excess Attack Speed upon exceeding 1 Abyssling Attack Speed
+2% DMG per 1% remaining HP of Twisted Abyssling (Max: + 200%)
+1 Minion Critical Rate
+0.5% Abyssling HP
(마법 등급 효과) +15% Abyssling HP
(마법 등급 효과) +10% Minion Area of Effect
(마법 등급 효과) 50% Abyssling Movement Speed increase
(희귀 등급 효과) +35% Abyssling HP
(희귀 등급 효과) +20% Minion Area of Effect
(희귀 등급 효과) 15% Abyssling DMG Amplification
(희귀 등급 효과) 100% Abyssling Movement Speed increase

(전설 등급 효과) +100% Abyssling HP
(전설 등급 효과) +30% Minion Area of Effect
(전설 등급 효과) 30% Abyssling DMG Amplification
(전설 등급 효과) 150% Abyssling Movement Speed increase","Mana Cost 46
Cooldown 0.3 s
Physical Element
Summon Level 110
Summon Count 1
Max Summon Count 2
Summon Duration 54 s
Abyssling Explosion Range 600
Abyssling Explosion Attack DMG 1784%
2% DMG Amplification per 0.1 excess Attack Speed upon exceeding 1 Abyssling Attack Speed
+2% DMG per 1% remaining HP of Twisted Abyssling (Max: + 200%)
+19 Minion Critical Rate
+56.8% Abyssling HP
(마법 등급 효과) +15% Abyssling HP
(마법 등급 효과) +10% Minion Area of Effect
(마법 등급 효과) 50% Abyssling Movement Speed increase
(희귀 등급 효과) +35% Abyssling HP
(희귀 등급 효과) +20% Minion Area of Effect
(희귀 등급 효과) 15% Abyssling DMG Amplification
(희귀 등급 효과) 100% Abyssling Movement Speed increase

(전설 등급 효과) +100% Abyssling HP
(전설 등급 효과) +30% Minion Area of Effect
(전설 등급 효과) 30% Abyssling DMG Amplification
(전설 등급 효과) 150% Abyssling Movement Speed increase","Simultaneously summons Abysslings equal to Max Minion Count
[40-80]% Skill Rune Cooldown Amplification","+[25-30]% Abyssling Armor Penetration
+[20-35]% Minion Area of Effect","+[15-30]% Minion Overpower Effect
Gain Minion Overpower upon summoning Abyssling
( Main Element DMG +25-45, Armor Penetration +5%, Element Penetration +5% )"
,,변경,"Twisted Abyssling has the Attack, Strike, Area of Effect, Physical, Melee tags.
Summons an Abyssling that charges toward the enemy and explodes.
Has a maintenance cost upon summoning","Spell, Minion, Abyssling","Mana Cost 12
Cooldown 0.3 s
Physical Element
Summon Level 1
Summon Count 1
Max Summon Count 2
Summon Duration 10 s
Abyssling Explosion Range 600
Abyssling Explosion Attack DMG 354%
2% DMG Amplification per 0.1 excess Attack Speed upon exceeding 1 Abyssling Attack Speed
+2% DMG per 1% remaining HP of Twisted Abyssling (Max: + 200%)
+1 Minion Critical Rate
+0.5% Abyssling HP
(마법 등급 효과) +15% Abyssling HP
(마법 등급 효과) +10% Minion Area of Effect
(마법 등급 효과) 50% Abyssling Movement Speed increase
(희귀 등급 효과) +35% Abyssling HP
(희귀 등급 효과) +20% Minion Area of Effect
(희귀 등급 효과) 15% Abyssling DMG Amplification
(희귀 등급 효과) 100% Abyssling Movement Speed increase

(전설 등급 효과) +100% Abyssling HP
(전설 등급 효과) +30% Minion Area of Effect
(전설 등급 효과) 30% Abyssling DMG Amplification
(전설 등급 효과) 150% Abyssling Movement Speed increase","Mana Cost 46
Cooldown 0.3 s
Physical Element
Summon Level 110
Summon Count 1
Max Summon Count 2
Summon Duration 54 s
Abyssling Explosion Range 600
Abyssling Explosion Attack DMG 1855%
2% DMG Amplification per 0.1 excess Attack Speed upon exceeding 1 Abyssling Attack Speed
+2% DMG per 1% remaining HP of Twisted Abyssling (Max: + 200%)
+19 Minion Critical Rate
+56.8% Abyssling HP
(마법 등급 효과) +15% Abyssling HP
(마법 등급 효과) +10% Minion Area of Effect
(마법 등급 효과) 50% Abyssling Movement Speed increase
(희귀 등급 효과) +35% Abyssling HP
(희귀 등급 효과) +20% Minion Area of Effect
(희귀 등급 효과) 15% Abyssling DMG Amplification
(희귀 등급 효과) 100% Abyssling Movement Speed increase

(전설 등급 효과) +100% Abyssling HP
(전설 등급 효과) +30% Minion Area of Effect
(전설 등급 효과) 30% Abyssling DMG Amplification
(전설 등급 효과) 150% Abyssling Movement Speed increase","Simultaneously summons Abysslings equal to Max Minion Count
[40-80]% Skill Rune Cooldown Amplification","+[25-30]% Abyssling Armor Penetration
+[20-35]% Minion Area of Effect","+[15-30]% Minion Overpower Effect
Gain Minion Overpower upon summoning Abyssling
( Main Element DMG +25-45, Armor Penetration +5%, Element Penetration +5% )"
,Freeze Arrow,기존,"Fires multiple arrows that freeze the enemy to deal damage
and cause an additional Cold Explosion when afflicted by Cold Status Effect.","Attack, Area of Effect, Strike, Cold, Projectile, Bow, Overheat, ShadowCannot use Parallel Shot, Cannot Split","Mana Cost 4
Triggers Immediately
40 Overheat Accumulation
Cold Element
Cold DMG +59
Arrows: 3
Projectile Speed 3000
Freeze Arrow Cold DMG 107%
5% DMG Dampening when hitting the same target repeatedly
+35 Chill Rate
+35 Freeze Rate
For every Chill or Freeze applied by Freeze Arrow
100% chance to cast Cold Explosion after 0.3 s
Cold Explosion Range 200
Cold Explosion Cold DMG 105%
(마법 등급 효과) +50% Area DMG
(마법 등급 효과) +10% Strike DMG Multiplier
(희귀 등급 효과) +100% Area DMG
(희귀 등급 효과) +10% Cold Penetration
(희귀 등급 효과) +1 Projectile Count
(희귀 등급 효과) +15% Strike DMG Multiplier

(전설 등급 효과) +150% Area DMG
(전설 등급 효과) +20% Cold Penetration
(전설 등급 효과) +2 Projectile Count
(전설 등급 효과) +30% Strike DMG Multiplier","Mana Cost 21
Triggers Immediately
40 Overheat Accumulation
Cold Element
Cold DMG +452
Arrows: 3
Projectile Speed 3000
Freeze Arrow Cold DMG 217%
5% DMG Dampening when hitting the same target repeatedly
+35 Chill Rate
+35 Freeze Rate
For every Chill or Freeze applied by Freeze Arrow
100% chance to cast Cold Explosion after 0.3 s
Cold Explosion Range 200
Cold Explosion Cold DMG 276%
(마법 등급 효과) +50% Area DMG
(마법 등급 효과) +10% Strike DMG Multiplier
(희귀 등급 효과) +100% Area DMG
(희귀 등급 효과) +10% Cold Penetration
(희귀 등급 효과) +1 Projectile Count
(희귀 등급 효과) +15% Strike DMG Multiplier

(전설 등급 효과) +150% Area DMG
(전설 등급 효과) +20% Cold Penetration
(전설 등급 효과) +2 Projectile Count
(전설 등급 효과) +30% Strike DMG Multiplier","+2 Projectile Count
-[5-3]% DMG Dampening Decrease upon hitting the same target repeatedly","Projectile Return
+1 Pierce Count
Projectile Return DMG [60-70]% Dampening","[10-15]% Area DMG Amplification
[5-10]% Projectile DMG Dampening"
,,변경,"Fires multiple arrows that freeze the enemy to deal damage
and cause an additional Cold Explosion when afflicted by Cold Status Effect.","Attack, Area of Effect, Strike, Cold, Projectile, Bow, Overheat, ShadowCannot use Parallel Shot, Cannot Split","Mana Cost 4
Triggers Immediately
40 Overheat Accumulation
Cold Element
Cold DMG +59
Arrows: 3
Projectile Speed 3000
Freeze Arrow Cold DMG 107%
5% DMG Dampening when hitting the same target repeatedly
+35 Chill Rate
+35 Freeze Rate
For every Chill or Freeze applied by Freeze Arrow
100% chance to cast Cold Explosion after 0.3 s
Cold Explosion Range 200
Cold Explosion Cold DMG 105%
(마법 등급 효과) +50% Area DMG
(마법 등급 효과) +10% Strike DMG Multiplier
(희귀 등급 효과) +100% Area DMG
(희귀 등급 효과) +10% Cold Penetration
(희귀 등급 효과) +1 Projectile Count
(희귀 등급 효과) +15% Strike DMG Multiplier

(전설 등급 효과) +150% Area DMG
(전설 등급 효과) +20% Cold Penetration
(전설 등급 효과) +2 Projectile Count
(전설 등급 효과) +30% Strike DMG Multiplier","Mana Cost 21
Triggers Immediately
40 Overheat Accumulation
Cold Element
Cold DMG +470
Arrows: 3
Projectile Speed 3000
Freeze Arrow Cold DMG 226%
5% DMG Dampening when hitting the same target repeatedly
+35 Chill Rate
+35 Freeze Rate
For every Chill or Freeze applied by Freeze Arrow
100% chance to cast Cold Explosion after 0.3 s
Cold Explosion Range 200
Cold Explosion Cold DMG 287%
(마법 등급 효과) +50% Area DMG
(마법 등급 효과) +10% Strike DMG Multiplier
(희귀 등급 효과) +100% Area DMG
(희귀 등급 효과) +10% Cold Penetration
(희귀 등급 효과) +1 Projectile Count
(희귀 등급 효과) +15% Strike DMG Multiplier

(전설 등급 효과) +150% Area DMG
(전설 등급 효과) +20% Cold Penetration
(전설 등급 효과) +2 Projectile Count
(전설 등급 효과) +30% Strike DMG Multiplier","+2 Projectile Count
-[5-3]% DMG Dampening Decrease upon hitting the same target repeatedly","Projectile Return
+1 Pierce Count
Projectile Return DMG [60-70]% Dampening","[10-15]% Area DMG Amplification
[5-10]% Projectile DMG Dampening"
,Agile Movement,기존,Gains an effect that amplifies Dodge Rate and dampens DMG Taken while dampening Armor during skill duration.,"Spell, Defense Enhance, Duration","Mana Cost 17
Cooldown 30 s
Duration 3 s
10% Caster Armor Dampening
15% DMG Taken Dampening
90% Dodge Rate Amplification
Shares Cooldowns between Defense Enhance Skills
(마법 등급 효과) +6% Enhance Skill Rune Effect
(희귀 등급 효과) +12% Enhance Skill Rune Effect

(전설 등급 효과) +18% Enhance Skill Rune Effect","Mana Cost 44.2
Cooldown 30 s
Duration 3 s
10% Caster Armor Dampening
26.6% DMG Taken Dampening
171% Dodge Rate Amplification
Shares Cooldowns between Defense Enhance Skills
(마법 등급 효과) +6% Enhance Skill Rune Effect
(희귀 등급 효과) +12% Enhance Skill Rune Effect

(전설 등급 효과) +18% Enhance Skill Rune Effect",+[30-50]% Skill Rune Duration,[15-30]% Resource Cost Dampening,[15-30]% Skill Rune Cooldown Dampening
,,변경,Gains an effect that amplifies Dodge Rate and dampens DMG Taken while dampening Armor during skill duration.,"Spell, Defense Enhance, Duration","Mana Cost 17
Cooldown 30 s
Duration 3 s
10% Caster Armor Dampening
15% DMG Taken Dampening
90% Dodge Rate Amplification
Shares Cooldowns between Defense Enhance Skills
(마법 등급 효과) +6% Enhance Skill Rune Effect
(희귀 등급 효과) +12% Enhance Skill Rune Effect

(전설 등급 효과) +18% Enhance Skill Rune Effect","Mana Cost 44.2
Cooldown 30 s
Duration 3 s
10% Caster Armor Dampening
27.7% DMG Taken Dampening
177.8% Dodge Rate Amplification
Shares Cooldowns between Defense Enhance Skills
(마법 등급 효과) +6% Enhance Skill Rune Effect
(희귀 등급 효과) +12% Enhance Skill Rune Effect

(전설 등급 효과) +18% Enhance Skill Rune Effect",+[30-50]% Skill Rune Duration,[15-30]% Resource Cost Dampening,[15-30]% Skill Rune Cooldown Dampening
,Pantheon,기존,Enhances your Barrier to greatly increase Barrier Regen,"Spell, Defense Enhance, Duration","Mana Cost 50
Cooldown 30 s
Duration 3 s
Regenerate 5% of Max Barrier per Sec
Shares Cooldowns between Defense Enhance Skills
(마법 등급 효과) +4% Enhance Skill Rune Effect
(희귀 등급 효과) +10% Enhance Skill Rune Effect

(전설 등급 효과) +15% Enhance Skill Rune Effect","Mana Cost 33
Cooldown 30 s
Duration 3 s
Regenerate 9.4% of Max Barrier per Sec
Shares Cooldowns between Defense Enhance Skills
(마법 등급 효과) +4% Enhance Skill Rune Effect
(희귀 등급 효과) +10% Enhance Skill Rune Effect

(전설 등급 효과) +15% Enhance Skill Rune Effect",[5-10]% Barrier Amplification while Pantheon is active,[10-20]% DMG Taken Dampening while Pantheon is active,[10-30]% Movement Speed Increase while Pantheon is active
,,변경,Enhances your Barrier to greatly increase Barrier Regen,"Spell, Defense Enhance, Duration","Mana Cost 50
Cooldown 30 s
Duration 3 s
Regenerate 5% of Max Barrier per Sec
Shares Cooldowns between Defense Enhance Skills
(마법 등급 효과) +4% Enhance Skill Rune Effect
(희귀 등급 효과) +10% Enhance Skill Rune Effect

(전설 등급 효과) +15% Enhance Skill Rune Effect","Mana Cost 33
Cooldown 30 s
Duration 3 s
Regenerate 9.8% of Max Barrier per Sec
Shares Cooldowns between Defense Enhance Skills
(마법 등급 효과) +4% Enhance Skill Rune Effect
(희귀 등급 효과) +10% Enhance Skill Rune Effect

(전설 등급 효과) +15% Enhance Skill Rune Effect",[5-10]% Barrier Amplification while Pantheon is active,[10-20]% DMG Taken Dampening while Pantheon is active,[10-30]% Movement Speed Increase while Pantheon is active
,Electric Area,기존,Creates an Electric Area that deals Lightning DMG forward. Enemies within range take Lightning DMG over time and Lightning DMG is amplified.,"Attack, Area of Effect, Strike, Lightning","Mana Cost 17
Cooldown 20 s
Lightning Element
Duration 5 s
Electric Area Strike Cycle 0.3
Electric Area Range 400
Lightning DMG 98%
Lightning DMG +12
+30% Shock Chance
+1 Max Use Count
Apply the following effect to enemies in Electric Area
3% Lightning DMG Taken Amplification
(마법 등급 효과) +20% Area of Effect
(마법 등급 효과) +40% Lightning DMG
(마법 등급 효과) +10% Shock Chance
(희귀 등급 효과) +30% Area of Effect
(희귀 등급 효과) +80% Lightning DMG
(희귀 등급 효과) +20% Shock Chance

(전설 등급 효과) +40% Area of Effect
(전설 등급 효과) +80% Lightning DMG
(전설 등급 효과) +30% Shock Chance
(전설 등급 효과) 10% Lightning DMG Amplification","Mana Cost 44.2
Cooldown 20 s
Lightning Element
Duration 5 s
Electric Area Strike Cycle 0.3
Electric Area Range 400
Lightning DMG 419%
Lightning DMG +192
+30% Shock Chance
+1 Max Use Count
Apply the following effect to enemies in Electric Area
7.8% Lightning DMG Taken Amplification
(마법 등급 효과) +20% Area of Effect
(마법 등급 효과) +40% Lightning DMG
(마법 등급 효과) +10% Shock Chance
(희귀 등급 효과) +30% Area of Effect
(희귀 등급 효과) +80% Lightning DMG
(희귀 등급 효과) +20% Shock Chance

(전설 등급 효과) +40% Area of Effect
(전설 등급 효과) +80% Lightning DMG
(전설 등급 효과) +30% Shock Chance
(전설 등급 효과) 10% Lightning DMG Amplification","[25-30]% DMG Amplification
+[5-20]% Skill Rune Cooldown Recovery Speed
-60% Shock Chance","30% chance for target to cast Chain Lightning on every hit
Chain Lightning DMG 60%
Chain Lightning DMG +128
Chain Lightning Shock Chance + 5%
Chain Lightning Chain Count +2
+[10-20]% Shock Effect","Apply the following effects if the caster and allies are within the Electric Area
+[90-120]% Mana Regen/Sec
+[10-20] Element Resist"
,,변경,Creates an Electric Area that deals Lightning DMG forward. Enemies within range take Lightning DMG over time and Lightning DMG is amplified.,"Attack, Area of Effect, Strike, Lightning","Mana Cost 17
Cooldown 20 s
Lightning Element
Duration 5 s
Electric Area Strike Cycle 0.3
Electric Area Range 400
Lightning DMG 98%
Lightning DMG +12
+30% Shock Chance
+1 Max Use Count
Apply the following effect to enemies in Electric Area
3% Lightning DMG Taken Amplification
(마법 등급 효과) +20% Area of Effect
(마법 등급 효과) +40% Lightning DMG
(마법 등급 효과) +10% Shock Chance
(희귀 등급 효과) +30% Area of Effect
(희귀 등급 효과) +80% Lightning DMG
(희귀 등급 효과) +20% Shock Chance

(전설 등급 효과) +40% Area of Effect
(전설 등급 효과) +80% Lightning DMG
(전설 등급 효과) +30% Shock Chance
(전설 등급 효과) 10% Lightning DMG Amplification","Mana Cost 44.2
Cooldown 20 s
Lightning Element
Duration 5 s
Electric Area Strike Cycle 0.3
Electric Area Range 400
Lightning DMG 436%
Lightning DMG +200
+30% Shock Chance
+1 Max Use Count
Apply the following effect to enemies in Electric Area
8.1% Lightning DMG Taken Amplification
(마법 등급 효과) +20% Area of Effect
(마법 등급 효과) +40% Lightning DMG
(마법 등급 효과) +10% Shock Chance
(희귀 등급 효과) +30% Area of Effect
(희귀 등급 효과) +80% Lightning DMG
(희귀 등급 효과) +20% Shock Chance

(전설 등급 효과) +40% Area of Effect
(전설 등급 효과) +80% Lightning DMG
(전설 등급 효과) +30% Shock Chance
(전설 등급 효과) 10% Lightning DMG Amplification","[25-30]% DMG Amplification
+[5-20]% Skill Rune Cooldown Recovery Speed
-60% Shock Chance","30% chance for target to cast Chain Lightning on every hit
Chain Lightning DMG 72%
Chain Lightning DMG +173
Chain Lightning Shock Chance + 5%
Chain Lightning Chain Count +2
+[10-20]% Shock Effect","Apply the following effects if the caster and allies are within the Electric Area
+[90-120]% Mana Regen/Sec
+[10-20] Element Resist"
,Wheel Slash,기존,Slash the surroundings to deal DoT to the target.,"Attack, Melee, Weapon Range, Strike, DoT, Physical, Shadow","Mana Cost 5
Triggers Immediately
Physical Element
No equipped weapon range
DoT for 4 s to enemies on hit
Max Stacks 5
Physical DoT 75%
Physical DoT +10
Physical DMG 26%
Physical DMG +26
+60% Weapon Range
(마법 등급 효과) +40% DoT
(마법 등급 효과) +10% Weapon Range
(희귀 등급 효과) +80% DoT
(희귀 등급 효과) +20% Weapon Range

(전설 등급 효과) +80% DoT
(전설 등급 효과) +30% Weapon Range
(전설 등급 효과) 10% DoT Amplification","Mana Cost 12.2
Triggers Immediately
Physical Element
No equipped weapon range
DoT for 4 s to enemies on hit
Max Stacks 5
Physical DoT 523%
Physical DoT +171
Physical DMG 471%
Physical DMG +471
+60% Weapon Range
(마법 등급 효과) +40% DoT
(마법 등급 효과) +10% Weapon Range
(희귀 등급 효과) +80% DoT
(희귀 등급 효과) +20% Weapon Range

(전설 등급 효과) +80% DoT
(전설 등급 효과) +30% Weapon Range
(전설 등급 효과) 10% DoT Amplification","Create Blood Puddle for 2 s upon using Skill
1 DoT stack on enemies within Blood Puddle
Blood Puddle Strike Cycle 1 s
Blood Puddle Creation Cooldown 1 s
Blood Puddle Range 350
+[40-80]% DoT","+[20-30]% DoT Acceleration
+[10-30]% DoT","+2 Max DoT Stacks
+[7-16]% Attack Speed"
,,변경,Slash the surroundings to deal DoT to the target.,"Attack, Melee, Weapon Range, Strike, DoT, Physical, Shadow","Mana Cost 5
Triggers Immediately
Physical Element
No equipped weapon range
DoT for 4 s to enemies on hit
Max Stacks 5
Physical DoT 75%
Physical DoT +10
Physical DMG 20%
Physical DMG +5
+60% Weapon Range
(마법 등급 효과) +40% DoT
(마법 등급 효과) +10% Weapon Range
(희귀 등급 효과) +80% DoT
(희귀 등급 효과) +20% Weapon Range

(전설 등급 효과) +80% DoT
(전설 등급 효과) +30% Weapon Range
(전설 등급 효과) 10% DoT Amplification","Mana Cost 12.2
Triggers Immediately
Physical Element
No equipped weapon range
DoT for 4 s to enemies on hit
Max Stacks 5
Physical DoT 544%
Physical DoT +178
Physical DMG 490%
Physical DMG +490
+60% Weapon Range
(마법 등급 효과) +40% DoT
(마법 등급 효과) +10% Weapon Range
(희귀 등급 효과) +80% DoT
(희귀 등급 효과) +20% Weapon Range

(전설 등급 효과) +80% DoT
(전설 등급 효과) +30% Weapon Range
(전설 등급 효과) 10% DoT Amplification","Create Blood Puddle for 2 s upon using Skill
1 DoT stack on enemies within Blood Puddle
Blood Puddle Strike Cycle 1 s
Blood Puddle Creation Cooldown 1 s
Blood Puddle Range 350
+[40-80]% DoT","+[20-30]% DoT Acceleration
+[10-30]% DoT","+2 Max DoT Stacks
+[7-16]% Attack Speed"
,Fire Blow,기존,Slams the ground to deal Fire DMG and create a Fire Pillar.,"Attack, Melee, Area of Effect, Strike, Fire, Blow, ProjectileCannot use Parallel Shot, Cannot Pierce, Cannot Split, Cannot Change Speed","Mana Cost 5
Triggers Immediately
Fire Element
Fire Blow Range 350
Fire Blow DMG 330%
Fire Blow DMG +10
Fire Pillar Count 8
Fire Pillar Explosion Range 250
Fire Pillar DMG 75%
Fire Pillar DMG +10
15% DMG Dampening per Fire Pillar Chain
Fire Pillar gains the Projectile tag.
Can be applied to Chain Count and number of Projectile except Link Rune

(희귀 등급 효과) +80% Fire DMG
(희귀 등급 효과) +20% Area of Effect
(희귀 등급 효과) 2% Fire DMG Amplification

(전설 등급 효과) +100% Fire DMG
(전설 등급 효과) +30% Area of Effect
(전설 등급 효과) 7% Fire DMG Amplification","Mana Cost 14.5
Triggers Immediately
Fire Element
Fire Blow Range 350
Fire Blow DMG 897%
Fire Blow DMG +316
Fire Pillar Count 8
Fire Pillar Explosion Range 250
Fire Pillar DMG 134%
Fire Pillar DMG +316
15% DMG Dampening per Fire Pillar Chain
Fire Pillar gains the Projectile tag.
Can be applied to Chain Count and number of Projectile except Link Rune

(희귀 등급 효과) +80% Fire DMG
(희귀 등급 효과) +20% Area of Effect
(희귀 등급 효과) 2% Fire DMG Amplification

(전설 등급 효과) +100% Fire DMG
(전설 등급 효과) +30% Area of Effect
(전설 등급 효과) 7% Fire DMG Amplification",[10-15]% chance to deal double Maximized DMG on hit,"Change Fire Pillar Creation Range to 120º
+[20-30]% Area of Effect","+1 Projectile Count
[12-17]% Projectile DMG Amplification"
,,변경,Slams the ground to deal Fire DMG and create a Fire Pillar.,"Attack, Melee, Area of Effect, Strike, Fire, Blow, ProjectileCannot use Parallel Shot, Cannot Pierce, Cannot Split, Cannot Change Speed","Mana Cost 5
Triggers Immediately
Fire Element
Fire Blow Range 350
Fire Blow DMG 330%
Fire Blow DMG +10
Fire Pillar Count 8
Fire Pillar Explosion Range 250
Fire Pillar DMG 75%
Fire Pillar DMG +10
15% DMG Dampening per Fire Pillar Chain
Fire Pillar gains the Projectile tag.
Can be applied to Chain Count and number of Projectile except Link Rune

(희귀 등급 효과) +80% Fire DMG
(희귀 등급 효과) +20% Area of Effect
(희귀 등급 효과) 2% Fire DMG Amplification

(전설 등급 효과) +100% Fire DMG
(전설 등급 효과) +30% Area of Effect
(전설 등급 효과) 7% Fire DMG Amplification","Mana Cost 14.5
Triggers Immediately
Fire Element
Fire Blow Range 350
Fire Blow DMG 933%
Fire Blow DMG +329
Fire Pillar Count 8
Fire Pillar Explosion Range 250
Fire Pillar DMG 139%
Fire Pillar DMG +329
15% DMG Dampening per Fire Pillar Chain
Fire Pillar gains the Projectile tag.
Can be applied to Chain Count and number of Projectile except Link Rune

(희귀 등급 효과) +80% Fire DMG
(희귀 등급 효과) +20% Area of Effect
(희귀 등급 효과) 2% Fire DMG Amplification

(전설 등급 효과) +100% Fire DMG
(전설 등급 효과) +30% Area of Effect
(전설 등급 효과) 7% Fire DMG Amplification",[10-15]% chance to deal double Maximized DMG on hit,"Change Fire Pillar Creation Range to 120º
+[20-30]% Area of Effect","+1 Projectile Count
[12-17]% Projectile DMG Amplification"
,Sprint,기존,Sprint very quickly for a short amount of time. Becomes momentarily immune to Crowd Control status effects.,"Attack, Duration, Movement","Mana Cost 6
Cooldown 9 s
Duration 1.5 s
+10 Movement Speed
+20% Armor
Immune to Crowd Control
Ignores collision with enemies when moving
Cannot pass through large monsters
Removes Sprint when channeling
Shares Cooldowns between Movement Skills
(마법 등급 효과) 10% Movement Speed Increase on using Sprint
(희귀 등급 효과) 20% Movement Speed Increase on using Sprint

(전설 등급 효과) 30% Movement Speed Increase on using Sprint","Mana Cost 29.4
Cooldown 9 s
Duration 1.5 s
+28 Movement Speed
+90% Armor
Immune to Crowd Control
Ignores collision with enemies when moving
Cannot pass through large monsters
Removes Sprint when channeling
Shares Cooldowns between Movement Skills
(마법 등급 효과) 10% Movement Speed Increase on using Sprint
(희귀 등급 효과) 20% Movement Speed Increase on using Sprint

(전설 등급 효과) 30% Movement Speed Increase on using Sprint","Immune to all Status Effects until end of duration
+[10-20]% Skill Rune Duration","Create a Gravity Aura on the caster while sprinting
Gravity Aura Range 600
Apply the following effect to caster and friendly targets within Gravity Aura Range
[15-20]% Movement Speed Increase
Apply the following effect to all enemies within Gravity Aura Range
10% Attack Speed Dampening
10% Movement Speed Dampening",+[10-20]% Movement Skill Rune Cooldown Recovery Speed
,,변경,Sprint very quickly for a short amount of time. Becomes momentarily immune to Crowd Control status effects.,"Attack, Duration, Movement","Mana Cost 6
Cooldown 9 s
Duration 1.5 s
+10 Movement Speed
+20% Armor
Immune to Crowd Control
Ignores collision with enemies when moving
Cannot pass through large monsters
Removes Sprint when channeling
Shares Cooldowns between Movement Skills
(마법 등급 효과) 10% Movement Speed Increase on using Sprint
(희귀 등급 효과) 20% Movement Speed Increase on using Sprint

(전설 등급 효과) 30% Movement Speed Increase on using Sprint","Mana Cost 29.4
Cooldown 9 s
Duration 1.5 s
+29 Movement Speed
+93.6% Armor
Immune to Crowd Control
Ignores collision with enemies when moving
Cannot pass through large monsters
Removes Sprint when channeling
Shares Cooldowns between Movement Skills
(마법 등급 효과) 10% Movement Speed Increase on using Sprint
(희귀 등급 효과) 20% Movement Speed Increase on using Sprint

(전설 등급 효과) 30% Movement Speed Increase on using Sprint","Immune to all Status Effects until end of duration
+[10-20]% Skill Rune Duration","Create a Gravity Aura on the caster while sprinting
Gravity Aura Range 600
Apply the following effect to caster and friendly targets within Gravity Aura Range
[15-20]% Movement Speed Increase
Apply the following effect to all enemies within Gravity Aura Range
10% Attack Speed Dampening
10% Movement Speed Dampening",+[10-20]% Movement Skill Rune Cooldown Recovery Speed
,Scorching Arrow,기존,Fires a burning arrow. Gains Maintain Position effect on hit and fires an additional arrow based on the number of stacks,"Attack, Strike, Fire, Projectile, Bow, Overheat, ShadowCannot Multishot, Cannot Split, Cannot Chain","Mana Cost 4
Triggers Immediately
40 Overheat Accumulation
Fire Element
Scorching Arrow Speed 6000
Scorching Arrow Pierces All
Scorching Arrow Fire DMG 100%
Scorching Arrow Fire DMG +52
1 Maintain Position stack on Scorching Arrow hit
Remove 1 stack of Maintain Position every 0.2 s while moving
Remove 3 stacks of Maintain Position upon using Movement Skill
Max Maintain Position Stacks 30
Maintain Position Duration 7 s
0.5% DMG Amplification per Maintain Position Stack
+1.2% Attack Speed per Maintain Position Stack
2 additional Arrow Projectile for every 5 Maintain Position stacks
Projectile Speed 6000
Additional Arrow Fire DMG 36%
Additional Arrow Fire DMG +11
5% Additional Arrow DMG Dampening per 5 Maintain Position stacks
Maintain Position is not removed on Movement and on Movement Skill use for 1 s on hit
(마법 등급 효과) 2% Attack Speed Amplification
(마법 등급 효과) +20% Projectile DMG
(마법 등급 효과) 3% Projectile DMG Amplification
(희귀 등급 효과) 4% Attack Speed Amplification
(희귀 등급 효과) +45% Projectile DMG
(희귀 등급 효과) 3% Projectile DMG Amplification

(전설 등급 효과) 6% Attack Speed Amplification
(전설 등급 효과) +70% Projectile DMG
(전설 등급 효과) 5% Projectile DMG Amplification","Mana Cost 17.6
Triggers Immediately
40 Overheat Accumulation
Fire Element
Scorching Arrow Speed 6000
Scorching Arrow Pierces All
Scorching Arrow Fire DMG 549%
Scorching Arrow Fire DMG +1139
1 Maintain Position stack on Scorching Arrow hit
Remove 1 stack of Maintain Position every 0.2 s while moving
Remove 3 stacks of Maintain Position upon using Movement Skill
Max Maintain Position Stacks 30
Maintain Position Duration 7 s
0.5% DMG Amplification per Maintain Position Stack
+1.2% Attack Speed per Maintain Position Stack
2 additional Arrow Projectile for every 5 Maintain Position stacks
Projectile Speed 6000
Additional Arrow Fire DMG 244%
Additional Arrow Fire DMG +315
5% Additional Arrow DMG Dampening per 5 Maintain Position stacks
Maintain Position is not removed on Movement and on Movement Skill use for 1 s on hit
(마법 등급 효과) 2% Attack Speed Amplification
(마법 등급 효과) +20% Projectile DMG
(마법 등급 효과) 3% Projectile DMG Amplification
(희귀 등급 효과) 4% Attack Speed Amplification
(희귀 등급 효과) +45% Projectile DMG
(희귀 등급 효과) 3% Projectile DMG Amplification

(전설 등급 효과) 6% Attack Speed Amplification
(전설 등급 효과) +70% Projectile DMG
(전설 등급 효과) 5% Projectile DMG Amplification","Maintain Position Stacks +4
+[15-30]% Maintain Position effect","+5 Max Maintain Position Stacks
+[20-50]% Projectile DMG","[0.4-0.7]% DMG Taken Dampening per Maintain Position stack
+[4-8] Fire Penetration"
,,변경,Fires a burning arrow. Gains Maintain Position effect on hit and fires an additional arrow based on the number of stacks,"Attack, Strike, Fire, Projectile, Bow, Overheat, ShadowCannot Multishot, Cannot Split, Cannot Chain","Mana Cost 4
Triggers Immediately
40 Overheat Accumulation
Fire Element
Scorching Arrow Speed 6000
Scorching Arrow Pierces All
Scorching Arrow Fire DMG 100%
Scorching Arrow Fire DMG +52
1 Maintain Position stack on Scorching Arrow hit
Remove 1 stack of Maintain Position every 0.2 s while moving
Remove 3 stacks of Maintain Position upon using Movement Skill
Max Maintain Position Stacks 30
Maintain Position Duration 7 s
0.5% DMG Amplification per Maintain Position Stack
+1.2% Attack Speed per Maintain Position Stack
2 additional Arrow Projectile for every 5 Maintain Position stacks
Projectile Speed 6000
Additional Arrow Fire DMG 36%
Additional Arrow Fire DMG +11
5% Additional Arrow DMG Dampening per 5 Maintain Position stacks
Maintain Position is not removed on Movement and on Movement Skill use for 1 s on hit
(마법 등급 효과) 2% Attack Speed Amplification
(마법 등급 효과) +20% Projectile DMG
(마법 등급 효과) 3% Projectile DMG Amplification
(희귀 등급 효과) 4% Attack Speed Amplification
(희귀 등급 효과) +45% Projectile DMG
(희귀 등급 효과) 3% Projectile DMG Amplification

(전설 등급 효과) 6% Attack Speed Amplification
(전설 등급 효과) +70% Projectile DMG
(전설 등급 효과) 5% Projectile DMG Amplification","Mana Cost 17.6
Triggers Immediately
40 Overheat Accumulation
Fire Element
Scorching Arrow Speed 6000
Scorching Arrow Pierces All
Scorching Arrow Fire DMG 571%
Scorching Arrow Fire DMG +1185
1 Maintain Position stack on Scorching Arrow hit
Remove 1 stack of Maintain Position every 0.2 s while moving
Remove 3 stacks of Maintain Position upon using Movement Skill
Max Maintain Position Stacks 30
Maintain Position Duration 7 s
0.5% DMG Amplification per Maintain Position Stack
+1.2% Attack Speed per Maintain Position Stack
2 additional Arrow Projectile for every 5 Maintain Position stacks
Projectile Speed 6000
Additional Arrow Fire DMG 254%
Additional Arrow Fire DMG +328
5% Additional Arrow DMG Dampening per 5 Maintain Position stacks
Maintain Position is not removed on Movement and on Movement Skill use for 1 s on hit
(마법 등급 효과) 2% Attack Speed Amplification
(마법 등급 효과) +20% Projectile DMG
(마법 등급 효과) 3% Projectile DMG Amplification
(희귀 등급 효과) 4% Attack Speed Amplification
(희귀 등급 효과) +45% Projectile DMG
(희귀 등급 효과) 3% Projectile DMG Amplification

(전설 등급 효과) 6% Attack Speed Amplification
(전설 등급 효과) +70% Projectile DMG
(전설 등급 효과) 5% Projectile DMG Amplification","Maintain Position Stacks +4
+[15-30]% Maintain Position effect","+5 Max Maintain Position Stacks
+[20-50]% Projectile DMG","[0.4-0.7]% DMG Taken Dampening per Maintain Position stack
+[4-8] Fire Penetration"
,Judgment of Light,기존,Deal DMG with Highest Element. Amplify DMG and increase Resource Cost on hit. Buff will reset on using any skills other than Judgment.,"Spell, Area of Effect, Strike, Cold, Poison, Lightning, Fire, Projectile, Cannot Convert DMGCannot Multishot, Cannot use Parallel Shot, Cannot Pierce, Cannot Split, Cannot Chain, Cannot Change Speed","Mana Cost 5
Triggers Immediately
Highest Element DMG
Explosion Range 150
Highest Element DMG 90%
Highest Element DMG +50
Gain Resource Outburst and Judgment of Light Effect for 10 s on hit
Max Resource Outburst Stacks 20
+10% Resource Cost per Resource Outburst stack
Max Judgment of Light Stacks 10
10% DMG Amplification per Judgment of Light stack
+15 Area of Effect per Judgment of Light stack
Dark Judgment stack -2 on hit with 5 or more Dark Judgment and Judgment of Light stacks
Inflict Brilliance effect to Target for 1 s on hit
Add +1 Dark Judgment projectile at the enemy's location on Dark Judgment hit during Brilliance effect
Resource Outburst, Judgment of Light buff removal on using any skills other than Judgment
-5% Elemental Particle Creation Chance of all skills with skill equipped
(Applied to Zodiac Pirate node Elementalist Zodiac.)

(희귀 등급 효과) +20% Area of Effect
(희귀 등급 효과) +100% DMG

(전설 등급 효과) +40% Area of Effect
(전설 등급 효과) +150% DMG
(전설 등급 효과) 10% Cast Speed Amplification
(전설 등급 효과) 10% DMG Amplification","Mana Cost 15.2
Triggers Immediately
Highest Element DMG
Explosion Range 150
Highest Element DMG 519%
Highest Element DMG +1138
Gain Resource Outburst and Judgment of Light Effect for 10 s on hit
Max Resource Outburst Stacks 20
+10% Resource Cost per Resource Outburst stack
Max Judgment of Light Stacks 10
10% DMG Amplification per Judgment of Light stack
+15 Area of Effect per Judgment of Light stack
Dark Judgment stack -2 on hit with 5 or more Dark Judgment and Judgment of Light stacks
Inflict Brilliance effect to Target for 1 s on hit
Add +1 Dark Judgment projectile at the enemy's location on Dark Judgment hit during Brilliance effect
Resource Outburst, Judgment of Light buff removal on using any skills other than Judgment
-5% Elemental Particle Creation Chance of all skills with skill equipped
(Applied to Zodiac Pirate node Elementalist Zodiac.)

(희귀 등급 효과) +20% Area of Effect
(희귀 등급 효과) +100% DMG

(전설 등급 효과) +40% Area of Effect
(전설 등급 효과) +150% DMG
(전설 등급 효과) 10% Cast Speed Amplification
(전설 등급 효과) 10% DMG Amplification",[13-15]% chance to deal double Maximized DMG on hit,Regen [0.5-1]% of Max Mana/Sec for every removed buff for 2 s when removing Resource Outburst,"Judgment of Light effect cannot be removed upon different skill use
[5-15]% Resource Cost Dampening"
,,변경,Deal DMG with Highest Element. Amplify DMG and increase Resource Cost on hit. Buff will reset on using any skills other than Judgment.,"Spell, Area of Effect, Strike, Cold, Poison, Lightning, Fire, Projectile, Cannot Convert DMGCannot Multishot, Cannot use Parallel Shot, Cannot Pierce, Cannot Split, Cannot Chain, Cannot Change Speed","Mana Cost 5
Triggers Immediately
Highest Element DMG
Explosion Range 150
Highest Element DMG 90%
Highest Element DMG +50
Gain Resource Outburst and Judgment of Light Effect for 10 s on hit
Max Resource Outburst Stacks 20
+10% Resource Cost per Resource Outburst stack
Max Judgment of Light Stacks 10
10% DMG Amplification per Judgment of Light stack
+15 Area of Effect per Judgment of Light stack
Dark Judgment stack -2 on hit with 5 or more Dark Judgment and Judgment of Light stacks
Inflict Brilliance effect to Target for 1 s on hit
Add +1 Dark Judgment projectile at the enemy's location on Dark Judgment hit during Brilliance effect
Resource Outburst, Judgment of Light buff removal on using any skills other than Judgment
-5% Elemental Particle Creation Chance of all skills with skill equipped
(Applied to Zodiac Pirate node Elementalist Zodiac.)

(희귀 등급 효과) +20% Area of Effect
(희귀 등급 효과) +100% DMG

(전설 등급 효과) +40% Area of Effect
(전설 등급 효과) +150% DMG
(전설 등급 효과) 10% Cast Speed Amplification
(전설 등급 효과) 10% DMG Amplification","Mana Cost 15.2
Triggers Immediately
Highest Element DMG
Explosion Range 150
Highest Element DMG 540%
Highest Element DMG +1184
Gain Resource Outburst and Judgment of Light Effect for 10 s on hit
Max Resource Outburst Stacks 20
+10% Resource Cost per Resource Outburst stack
Max Judgment of Light Stacks 10
10% DMG Amplification per Judgment of Light stack
+15 Area of Effect per Judgment of Light stack
Dark Judgment stack -2 on hit with 5 or more Dark Judgment and Judgment of Light stacks
Inflict Brilliance effect to Target for 1 s on hit
Add +1 Dark Judgment projectile at the enemy's location on Dark Judgment hit during Brilliance effect
Resource Outburst, Judgment of Light buff removal on using any skills other than Judgment
-5% Elemental Particle Creation Chance of all skills with skill equipped
(Applied to Zodiac Pirate node Elementalist Zodiac.)

(희귀 등급 효과) +20% Area of Effect
(희귀 등급 효과) +100% DMG

(전설 등급 효과) +40% Area of Effect
(전설 등급 효과) +150% DMG
(전설 등급 효과) 10% Cast Speed Amplification
(전설 등급 효과) 10% DMG Amplification",[13-15]% chance to deal double Maximized DMG on hit,Regen [0.5-1]% of Max Mana/Sec for every removed buff for 2 s when removing Resource Outburst,"Judgment of Light effect cannot be removed upon different skill use
[5-15]% Resource Cost Dampening"
,Lightning Arrow,기존,Fires arrows in a row and deals Lightning Damage to enemy. Obtain Lightning Energy at a certain chance on hit and gain effect proportionate to Lightning Energy stack.,"Attack, Strike, Lightning, Projectile, Bow, Overheat, ShadowCannot Pierce","Mana Cost 5
Triggers Immediately
40 Overheat Accumulation
Lightning Element
Projectile Count 3
Projectile Speed 3000
Cannot Pierce
Lightning DMG 495%
Lightning DMG +9
50% Lightning Energy Debuff Effect Reduction
+10% Shock Chance
25% chance to charge 1 Lightning Energy on hit
4% DMG Amplification per Lightning Energy stack
+4.2% Attack Speed per Lightning Energy stack
Projectile Count + 2 per 3 Lightning Energy (Max: + 6)
(마법 등급 효과) +30% Lightning DMG
(마법 등급 효과) 5% DMG Amplification against Shocked enemies
(희귀 등급 효과) +60% Lightning DMG
(희귀 등급 효과) 10% DMG Amplification against Shocked enemies
(희귀 등급 효과) +2 Projectile Count

(전설 등급 효과) +100% Lightning DMG
(전설 등급 효과) 15% DMG Amplification against Shocked enemies
(전설 등급 효과) +2 Projectile Count","Mana Cost 17.1
Triggers Immediately
40 Overheat Accumulation
Lightning Element
Projectile Count 3
Projectile Speed 3000
Cannot Pierce
Lightning DMG 939%
Lightning DMG +241
50% Lightning Energy Debuff Effect Reduction
+10% Shock Chance
25% chance to charge 1 Lightning Energy on hit
4% DMG Amplification per Lightning Energy stack
+4.2% Attack Speed per Lightning Energy stack
Projectile Count + 2 per 3 Lightning Energy (Max: + 6)
(마법 등급 효과) +30% Lightning DMG
(마법 등급 효과) 5% DMG Amplification against Shocked enemies
(희귀 등급 효과) +60% Lightning DMG
(희귀 등급 효과) 10% DMG Amplification against Shocked enemies
(희귀 등급 효과) +2 Projectile Count

(전설 등급 효과) +100% Lightning DMG
(전설 등급 효과) 15% DMG Amplification against Shocked enemies
(전설 등급 효과) +2 Projectile Count","+1 Chain Count
[15-20]% Projectile DMG Dampening","Projectile Repeat DMG enabled
-70 Interval Angle
+2 Projectile Count
[5-10]% DMG Dampening when hitting the same target repeatedly","Gain Lightning Barrier for 10 s upon Skill use
60% chance to charge 1 Lightning Energy upon being hit while under Lightning Barrier (Cooldown: 1 s)
[1.5-4]% Damage Taken Dampening for every Lightning Energy while under Lightning Barrier (Max:  25%)"
,,변경,Fires arrows in a row and deals Lightning Damage to enemy. Obtain Lightning Energy at a certain chance on hit and gain effect proportionate to Lightning Energy stack.,"Attack, Strike, Lightning, Projectile, Bow, Overheat, ShadowCannot Pierce","Mana Cost 5
Triggers Immediately
40 Overheat Accumulation
Lightning Element
Projectile Count 3
Projectile Speed 3000
Cannot Pierce
Lightning DMG 495%
Lightning DMG +9
50% Lightning Energy Debuff Effect Reduction
+10% Shock Chance
25% chance to charge 1 Lightning Energy on hit
4% DMG Amplification per Lightning Energy stack
+4.2% Attack Speed per Lightning Energy stack
Projectile Count + 2 per 3 Lightning Energy (Max: + 6)
(마법 등급 효과) +30% Lightning DMG
(마법 등급 효과) 5% DMG Amplification against Shocked enemies
(희귀 등급 효과) +60% Lightning DMG
(희귀 등급 효과) 10% DMG Amplification against Shocked enemies
(희귀 등급 효과) +2 Projectile Count

(전설 등급 효과) +100% Lightning DMG
(전설 등급 효과) 15% DMG Amplification against Shocked enemies
(전설 등급 효과) +2 Projectile Count","Mana Cost 17.1
Triggers Immediately
40 Overheat Accumulation
Lightning Element
Projectile Count 3
Projectile Speed 3000
Cannot Pierce
Lightning DMG 977%
Lightning DMG +251
50% Lightning Energy Debuff Effect Reduction
+10% Shock Chance
25% chance to charge 1 Lightning Energy on hit
4% DMG Amplification per Lightning Energy stack
+4.2% Attack Speed per Lightning Energy stack
Projectile Count + 2 per 3 Lightning Energy (Max: + 6)
(마법 등급 효과) +30% Lightning DMG
(마법 등급 효과) 5% DMG Amplification against Shocked enemies
(희귀 등급 효과) +60% Lightning DMG
(희귀 등급 효과) 10% DMG Amplification against Shocked enemies
(희귀 등급 효과) +2 Projectile Count

(전설 등급 효과) +100% Lightning DMG
(전설 등급 효과) 15% DMG Amplification against Shocked enemies
(전설 등급 효과) +2 Projectile Count","+1 Chain Count
[15-20]% Projectile DMG Dampening","Projectile Repeat DMG enabled
-70 Interval Angle
+2 Projectile Count
[5-10]% DMG Dampening when hitting the same target repeatedly","Gain Lightning Barrier for 10 s upon Skill use
60% chance to charge 1 Lightning Energy upon being hit while under Lightning Barrier (Cooldown: 1 s)
[1.5-4]% Damage Taken Dampening for every Lightning Energy while under Lightning Barrier (Max:  25%)"
,Absorb Energy,기존,Consumes all Energy to increase stats identical to the effect(s) of consumed Energy for the duration,"Spell, Attack Enhance, Duration","Mana Cost 25
Cooldown 30 s
Duration 3 s
Consume all Energy
3% Physical DMG Taken Decrease per Earth Energy consumed
5.1% Physical DMG Amplification per Earth Energy consumed
20% DMG per consumed Fire Energy count
5.1% Fire DMG Amplification per Fire Energy consumed
3% Decreases Element DMG Taken per consumed number of Cold Energy count
5.1% Cold DMG Amplification per Cold Energy consumed
+6 Status Effect Rate per Lightning Energy consumed
5.1% Lightning DMG Amplification per Lightning Energy consumed
6% Attack Speed per consumed Poison Energy count
6% Cast Speed per consumed Poison Energy count
5.1% Poison DMG Amplification per Poison Energy consumed
Cannot Gain Energy during this effect
Shares Cooldowns between Attack Enhance Skills

(희귀 등급 효과) +10% Enhance Skill Rune Effect

(전설 등급 효과) +15% Enhance Skill Rune Effect","Mana Cost 52.2
Cooldown 30 s
Duration 3 s
Consume all Energy
3% Physical DMG Taken Decrease per Earth Energy consumed
8.2% Physical DMG Amplification per Earth Energy consumed
20% DMG per consumed Fire Energy count
8.2% Fire DMG Amplification per Fire Energy consumed
3% Decreases Element DMG Taken per consumed number of Cold Energy count
8.2% Cold DMG Amplification per Cold Energy consumed
+6 Status Effect Rate per Lightning Energy consumed
8.2% Lightning DMG Amplification per Lightning Energy consumed
6% Attack Speed per consumed Poison Energy count
6% Cast Speed per consumed Poison Energy count
8.2% Poison DMG Amplification per Poison Energy consumed
Cannot Gain Energy during this effect
Shares Cooldowns between Attack Enhance Skills

(희귀 등급 효과) +10% Enhance Skill Rune Effect

(전설 등급 효과) +15% Enhance Skill Rune Effect",+[30-50]% Enhance Skill Rune Duration,+[10-20]% Enhance Skill Rune Effect,"-[30-40]% Enhance Skill Rune Resource Cost
+[5-10]% Enhance Skill Rune Cooldown Recovery Speed"
,,변경,Consumes all Energy to increase stats identical to the effect(s) of consumed Energy for the duration,"Spell, Attack Enhance, Duration","Mana Cost 25
Cooldown 30 s
Duration 3 s
Consume all Energy
3% Physical DMG Taken Decrease per Earth Energy consumed
5.1% Physical DMG Amplification per Earth Energy consumed
20% DMG per consumed Fire Energy count
5.1% Fire DMG Amplification per Fire Energy consumed
3% Decreases Element DMG Taken per consumed number of Cold Energy count
5.1% Cold DMG Amplification per Cold Energy consumed
+6 Status Effect Rate per Lightning Energy consumed
5.1% Lightning DMG Amplification per Lightning Energy consumed
6% Attack Speed per consumed Poison Energy count
6% Cast Speed per consumed Poison Energy count
5.1% Poison DMG Amplification per Poison Energy consumed
Cannot Gain Energy during this effect
Shares Cooldowns between Attack Enhance Skills

(희귀 등급 효과) +10% Enhance Skill Rune Effect

(전설 등급 효과) +15% Enhance Skill Rune Effect","Mana Cost 52.2
Cooldown 30 s
Duration 3 s
Consume all Energy
3% Physical DMG Taken Decrease per Earth Energy consumed
8.5% Physical DMG Amplification per Earth Energy consumed
20% DMG per consumed Fire Energy count
8.5% Fire DMG Amplification per Fire Energy consumed
3% Decreases Element DMG Taken per consumed number of Cold Energy count
8.5% Cold DMG Amplification per Cold Energy consumed
+6 Status Effect Rate per Lightning Energy consumed
8.5% Lightning DMG Amplification per Lightning Energy consumed
6% Attack Speed per consumed Poison Energy count
6% Cast Speed per consumed Poison Energy count
8.5% Poison DMG Amplification per Poison Energy consumed
Cannot Gain Energy during this effect
Shares Cooldowns between Attack Enhance Skills

(희귀 등급 효과) +10% Enhance Skill Rune Effect

(전설 등급 효과) +15% Enhance Skill Rune Effect",+[30-50]% Enhance Skill Rune Duration,+[10-20]% Enhance Skill Rune Effect,"-[30-40]% Enhance Skill Rune Resource Cost
+[5-10]% Enhance Skill Rune Cooldown Recovery Speed"
,Lightning Wave,기존,"Use all Lightning Energy to fire a lightning wave forward, dealing Lightning DMG.
Damage is amplified per Lightning Energy.","Spell, Melee, Area of Effect, Strike, Lightning","Mana Cost 5
Triggers Immediately
Lightning Element
Area of Effect 900
Lightning DMG 128%
Lightning DMG +28
20% chance to charge 1 Lightning Energy on hit
25% DMG Amplification per Lightning Energy
Remove all Lightning Energy 5 s after using a skill
50% Lightning Energy Debuff Effect Reduction

(희귀 등급 효과) +120% Area DMG
(희귀 등급 효과) +10 Lightning Penetration

(전설 등급 효과) +180% Area DMG
(전설 등급 효과) +15 Lightning Penetration","Mana Cost 15.2
Triggers Immediately
Lightning Element
Area of Effect 900
Lightning DMG 468%
Lightning DMG +1352
20% chance to charge 1 Lightning Energy on hit
25% DMG Amplification per Lightning Energy
Remove all Lightning Energy 5 s after using a skill
50% Lightning Energy Debuff Effect Reduction

(희귀 등급 효과) +120% Area DMG
(희귀 등급 효과) +10 Lightning Penetration

(전설 등급 효과) +180% Area DMG
(전설 등급 효과) +15 Lightning Penetration",[50-40]% chance to not consume Lightning Energy,"+[17-20] Lightning Penetration
+[40-52]% Lightning DMG",+[20-40]% Area of Effect
,,변경,"Use all Lightning Energy to fire a lightning wave forward, dealing Lightning DMG.
Damage is amplified per Lightning Energy.","Spell, Melee, Area of Effect, Strike, Lightning","Mana Cost 5
Triggers Immediately
Lightning Element
Area of Effect 900
Lightning DMG 128%
Lightning DMG +28
20% chance to charge 1 Lightning Energy on hit
25% DMG Amplification per Lightning Energy
Remove all Lightning Energy 5 s after using a skill
50% Lightning Energy Debuff Effect Reduction

(희귀 등급 효과) +120% Area DMG
(희귀 등급 효과) +10 Lightning Penetration

(전설 등급 효과) +180% Area DMG
(전설 등급 효과) +15 Lightning Penetration","Mana Cost 15.2
Triggers Immediately
Lightning Element
Area of Effect 900
Lightning DMG 487%
Lightning DMG +1406
20% chance to charge 1 Lightning Energy on hit
25% DMG Amplification per Lightning Energy
Remove all Lightning Energy 5 s after using a skill
50% Lightning Energy Debuff Effect Reduction

(희귀 등급 효과) +120% Area DMG
(희귀 등급 효과) +10 Lightning Penetration

(전설 등급 효과) +180% Area DMG
(전설 등급 효과) +15 Lightning Penetration",[50-40]% chance to not consume Lightning Energy,"+[17-20] Lightning Penetration
+[40-52]% Lightning DMG",+[20-40]% Area of Effect
,Fire Orb Trap,기존,Installs a Trap that fires a randomly exploding flame orb that deals Fire DMG upon detecting an enemy,"Attack, Area of Effect, Trap, Strike, Fire, ProjectileCannot use Parallel Shot, Cannot Split","Mana Cost 5
Triggers Immediately
Fire Element
Apply Normal Trap effect
Trap Duration 4 s
Trap Count 1
Max Trap Count 4
Trap Installation Distance 900
Projectile Count 2
Max Chain Count 0
Explosion Range 150
Fire DMG 30%
Fire DMG +42
15% DMG Dampening when hitting the same target repeatedly

(희귀 등급 효과) +1 Trap Projectile Count
(희귀 등급 효과) +20% Trap Detection Range

(전설 등급 효과) +1 Trap Projectile Count
(전설 등급 효과) +30% Trap Detection Range
(전설 등급 효과) +1 Simultaneous Trap Count","Mana Cost 22
Triggers Immediately
Fire Element
Apply Normal Trap effect
Trap Duration 8.4 s
Trap Count 1
Max Trap Count 4
Trap Installation Distance 900
Projectile Count 2
Max Chain Count 0
Explosion Range 150
Fire DMG 204%
Fire DMG +435
15% DMG Dampening when hitting the same target repeatedly

(희귀 등급 효과) +1 Trap Projectile Count
(희귀 등급 효과) +20% Trap Detection Range

(전설 등급 효과) +1 Trap Projectile Count
(전설 등급 효과) +30% Trap Detection Range
(전설 등급 효과) +1 Simultaneous Trap Count","+[20-30]% Area of Effect
[3-6]% Fire DMG Amplification
+1 Trap Projectile Count","100% chance to gain Regeneration for 3 s on hit
+[80-100]% Regeneration Effect","+[2-3] Simultaneous Trap Count
+[1-2] Chain Count"
,,변경,Installs a Trap that fires a randomly exploding flame orb that deals Fire DMG upon detecting an enemy,"Attack, Area of Effect, Trap, Strike, Fire, ProjectileCannot use Parallel Shot, Cannot Split","Mana Cost 5
Triggers Immediately
Fire Element
Apply Normal Trap effect
Trap Duration 4 s
Trap Count 1
Max Trap Count 4
Trap Installation Distance 900
Projectile Count 2
Max Chain Count 0
Explosion Range 150
Fire DMG 30%
Fire DMG +42
15% DMG Dampening when hitting the same target repeatedly

(희귀 등급 효과) +1 Trap Projectile Count
(희귀 등급 효과) +20% Trap Detection Range

(전설 등급 효과) +1 Trap Projectile Count
(전설 등급 효과) +30% Trap Detection Range
(전설 등급 효과) +1 Simultaneous Trap Count","Mana Cost 22
Triggers Immediately
Fire Element
Apply Normal Trap effect
Trap Duration 8.4 s
Trap Count 1
Max Trap Count 4
Trap Installation Distance 900
Projectile Count 2
Max Chain Count 0
Explosion Range 150
Fire DMG 212%
Fire DMG +452
15% DMG Dampening when hitting the same target repeatedly

(희귀 등급 효과) +1 Trap Projectile Count
(희귀 등급 효과) +20% Trap Detection Range

(전설 등급 효과) +1 Trap Projectile Count
(전설 등급 효과) +30% Trap Detection Range
(전설 등급 효과) +1 Simultaneous Trap Count","+[20-30]% Area of Effect
[3-6]% Fire DMG Amplification
+1 Trap Projectile Count","100% chance to gain Regeneration for 3 s on hit
+[80-100]% Regeneration Effect","+[2-3] Simultaneous Trap Count
+[1-2] Chain Count"
,Fire Fissure Trap,기존,Installs a Trap that explodes to deal Fire DMG upon detecting an enemy,"Attack, Area of Effect, Trap, Strike, Fire","Mana Cost 5
Triggers Immediately
Fire Element
Apply Normal Trap effect
Trap Duration 4 s
Trap Count 1
Max Trap Count 4
Trap Installation Distance 900
Area of Effect 280
Fire DMG 150%
Fire DMG +104
Inflict Burn Wound for 5 s to enemies on hit
Max Stacks 5
5% Fire DMG Taken Increased per Burn Wound stack
+10% Trap Install Speed
(마법 등급 효과) +5 Fire Penetration
(마법 등급 효과) +20% Area of Effect
(마법 등급 효과) +20% Trap Detection Range
(희귀 등급 효과) +10 Fire Penetration
(희귀 등급 효과) +30% Area of Effect
(희귀 등급 효과) +30% Trap Detection Range

(전설 등급 효과) +15 Fire Penetration
(전설 등급 효과) +60% Area of Effect
(전설 등급 효과) +60% Trap Detection Range
(전설 등급 효과) +1 Simultaneous Trap Count","Mana Cost 22
Triggers Immediately
Fire Element
Apply Normal Trap effect
Trap Duration 8.4 s
Trap Count 1
Max Trap Count 4
Trap Installation Distance 900
Area of Effect 280
Fire DMG 443%
Fire DMG +251
Inflict Burn Wound for 5 s to enemies on hit
Max Stacks 5
5% Fire DMG Taken Increased per Burn Wound stack
+10% Trap Install Speed
(마법 등급 효과) +5 Fire Penetration
(마법 등급 효과) +20% Area of Effect
(마법 등급 효과) +20% Trap Detection Range
(희귀 등급 효과) +10 Fire Penetration
(희귀 등급 효과) +30% Area of Effect
(희귀 등급 효과) +30% Trap Detection Range

(전설 등급 효과) +15 Fire Penetration
(전설 등급 효과) +60% Area of Effect
(전설 등급 효과) +60% Trap Detection Range
(전설 등급 효과) +1 Simultaneous Trap Count",[8-13]% DMG Amplification,"+[25-40] Burn Rate
[6-9]% DMG Amplification against enemies affected by Fire Status Effect",+[50-60]% DMG against Debuffed enemies
,,변경,Installs a Trap that explodes to deal Fire DMG upon detecting an enemy,"Attack, Area of Effect, Trap, Strike, Fire","Mana Cost 5
Triggers Immediately
Fire Element
Apply Normal Trap effect
Trap Duration 4 s
Trap Count 1
Max Trap Count 4
Trap Installation Distance 900
Area of Effect 280
Fire DMG 150%
Fire DMG +104
Inflict Burn Wound for 5 s to enemies on hit
Max Stacks 5
5% Fire DMG Taken Increased per Burn Wound stack
+10% Trap Install Speed
(마법 등급 효과) +5 Fire Penetration
(마법 등급 효과) +20% Area of Effect
(마법 등급 효과) +20% Trap Detection Range
(희귀 등급 효과) +10 Fire Penetration
(희귀 등급 효과) +30% Area of Effect
(희귀 등급 효과) +30% Trap Detection Range

(전설 등급 효과) +15 Fire Penetration
(전설 등급 효과) +60% Area of Effect
(전설 등급 효과) +60% Trap Detection Range
(전설 등급 효과) +1 Simultaneous Trap Count","Mana Cost 22
Triggers Immediately
Fire Element
Apply Normal Trap effect
Trap Duration 8.4 s
Trap Count 1
Max Trap Count 4
Trap Installation Distance 900
Area of Effect 280
Fire DMG 461%
Fire DMG +261
Inflict Burn Wound for 5 s to enemies on hit
Max Stacks 5
5% Fire DMG Taken Increased per Burn Wound stack
+10% Trap Install Speed
(마법 등급 효과) +5 Fire Penetration
(마법 등급 효과) +20% Area of Effect
(마법 등급 효과) +20% Trap Detection Range
(희귀 등급 효과) +10 Fire Penetration
(희귀 등급 효과) +30% Area of Effect
(희귀 등급 효과) +30% Trap Detection Range

(전설 등급 효과) +15 Fire Penetration
(전설 등급 효과) +60% Area of Effect
(전설 등급 효과) +60% Trap Detection Range
(전설 등급 효과) +1 Simultaneous Trap Count",[8-13]% DMG Amplification,"+[25-40] Burn Rate
[6-9]% DMG Amplification against enemies affected by Fire Status Effect",+[50-60]% DMG against Debuffed enemies
,Frost Trap,기존,Installs a Trap that detonates a cold orb to deal Cold DMG upon detecting an enemy,"Attack, Area of Effect, Trap, Strike, Cold, ProjectileCannot use Parallel Shot, Cannot Split, Cannot Chain","Mana Cost 5
Triggers Immediately
Cold Element
Apply Normal Trap effect
Trap Duration 4 s
Trap Count 1
Max Trap Count 4
Trap Installation Distance 900
Projectile Count 4
Explosion Range 150
Cold DMG 73%
Cold DMG +73
(마법 등급 효과) +1 Trap Projectile Count
(마법 등급 효과) +10% Trap Detection Range
(희귀 등급 효과) +1 Trap Projectile Count
(희귀 등급 효과) +20% Trap Detection Range

(전설 등급 효과) +1 Trap Projectile Count
(전설 등급 효과) +30% Trap Detection Range
(전설 등급 효과) +1 Simultaneous Trap Count","Mana Cost 22
Triggers Immediately
Cold Element
Apply Normal Trap effect
Trap Duration 8.4 s
Trap Count 1
Max Trap Count 4
Trap Installation Distance 900
Projectile Count 4
Explosion Range 150
Cold DMG 198%
Cold DMG +198
(마법 등급 효과) +1 Trap Projectile Count
(마법 등급 효과) +10% Trap Detection Range
(희귀 등급 효과) +1 Trap Projectile Count
(희귀 등급 효과) +20% Trap Detection Range

(전설 등급 효과) +1 Trap Projectile Count
(전설 등급 효과) +30% Trap Detection Range
(전설 등급 효과) +1 Simultaneous Trap Count","+[20-30]% Area of Effect
[3-6]% Cold DMG Amplification
+1 Trap Projectile Count","Gain Area Effect Link Rune Effect
+[42-50]% Area of Effect
+[46-61]% DMG","Gain Avoid Crisis for 3 on hit
Max Stacks 5
[5-8]% DMG Taken Dampening per stack
Remove Avoid Crisis when hit"
,,변경,Installs a Trap that detonates a cold orb to deal Cold DMG upon detecting an enemy,"Attack, Area of Effect, Trap, Strike, Cold, ProjectileCannot use Parallel Shot, Cannot Split, Cannot Chain","Mana Cost 5
Triggers Immediately
Cold Element
Apply Normal Trap effect
Trap Duration 4 s
Trap Count 1
Max Trap Count 4
Trap Installation Distance 900
Projectile Count 4
Explosion Range 150
Cold DMG 73%
Cold DMG +73
(마법 등급 효과) +1 Trap Projectile Count
(마법 등급 효과) +10% Trap Detection Range
(희귀 등급 효과) +1 Trap Projectile Count
(희귀 등급 효과) +20% Trap Detection Range

(전설 등급 효과) +1 Trap Projectile Count
(전설 등급 효과) +30% Trap Detection Range
(전설 등급 효과) +1 Simultaneous Trap Count","Mana Cost 22
Triggers Immediately
Cold Element
Apply Normal Trap effect
Trap Duration 8.4 s
Trap Count 1
Max Trap Count 4
Trap Installation Distance 900
Projectile Count 4
Explosion Range 150
Cold DMG 206%
Cold DMG +206
(마법 등급 효과) +1 Trap Projectile Count
(마법 등급 효과) +10% Trap Detection Range
(희귀 등급 효과) +1 Trap Projectile Count
(희귀 등급 효과) +20% Trap Detection Range

(전설 등급 효과) +1 Trap Projectile Count
(전설 등급 효과) +30% Trap Detection Range
(전설 등급 효과) +1 Simultaneous Trap Count","+[20-30]% Area of Effect
[3-6]% Cold DMG Amplification
+1 Trap Projectile Count","Gain Area Effect Link Rune Effect
+[42-50]% Area of Effect
+[46-61]% DMG","Gain Avoid Crisis for 3 on hit
Max Stacks 5
[5-8]% DMG Taken Dampening per stack
Remove Avoid Crisis when hit"
,Chill Area Trap,기존,Installs a Trap that generates a chilly area that deals Cold DMG upon detecting an enemy,"Attack, Area of Effect, Trap, Strike, Cold","Mana Cost 5
Cooldown 5 s
Cold Element
Apply Normal Trap effect
Trap Duration 4 s
Trap Count 1
Max Trap Count 4
Trap Installation Distance 900
Explosion Range 360
Duration 3 s
Explosion Interval 0.5 s
Cold DMG 100%
Cold DMG +105
+100% Chill Chance
+40 Freeze Rate against Chilled Enemies
Inflict Cold Wave for 3 s to enemies on hit
Max Stacks 5
Increases Cold DMG Taken by 5% per Cold Wave Stack

(희귀 등급 효과) Cold Wave Effect +50%
(희귀 등급 효과) +25% Chill Effect

(전설 등급 효과) Cold Wave Effect +100%
(전설 등급 효과) +50% Chill Effect
(전설 등급 효과) +1 Simultaneous Trap Count","Mana Cost 22
Cooldown 5 s
Cold Element
Apply Normal Trap effect
Trap Duration 8.4 s
Trap Count 1
Max Trap Count 4
Trap Installation Distance 900
Explosion Range 360
Duration 3 s
Explosion Interval 0.5 s
Cold DMG 402%
Cold DMG +468
+100% Chill Chance
+40 Freeze Rate against Chilled Enemies
Inflict Cold Wave for 3 s to enemies on hit
Max Stacks 5
Increases Cold DMG Taken by 5% per Cold Wave Stack

(희귀 등급 효과) Cold Wave Effect +50%
(희귀 등급 효과) +25% Chill Effect

(전설 등급 효과) Cold Wave Effect +100%
(전설 등급 효과) +50% Chill Effect
(전설 등급 효과) +1 Simultaneous Trap Count","+2 Skill Buff Stack Count
+[10-40]% Cold DMG","+[20-50]% Chill Effect
+[10-20] Freeze Rate
+[20-30]% Cold DMG","Gain the following effect(s) if the caster is inside a Chill Area
[10-15]% Element DMG Taken Dampening"
,,변경,Installs a Trap that generates a chilly area that deals Cold DMG upon detecting an enemy,"Attack, Area of Effect, Trap, Strike, Cold","Mana Cost 5
Cooldown 5 s
Cold Element
Apply Normal Trap effect
Trap Duration 4 s
Trap Count 1
Max Trap Count 4
Trap Installation Distance 900
Explosion Range 360
Duration 3 s
Explosion Interval 0.5 s
Cold DMG 100%
Cold DMG +105
+100% Chill Chance
+40 Freeze Rate against Chilled Enemies
Inflict Cold Wave for 3 s to enemies on hit
Max Stacks 5
Increases Cold DMG Taken by 5% per Cold Wave Stack

(희귀 등급 효과) Cold Wave Effect +50%
(희귀 등급 효과) +25% Chill Effect

(전설 등급 효과) Cold Wave Effect +100%
(전설 등급 효과) +50% Chill Effect
(전설 등급 효과) +1 Simultaneous Trap Count","Mana Cost 22
Cooldown 5 s
Cold Element
Apply Normal Trap effect
Trap Duration 8.4 s
Trap Count 1
Max Trap Count 4
Trap Installation Distance 900
Explosion Range 360
Duration 3 s
Explosion Interval 0.5 s
Cold DMG 418%
Cold DMG +487
+100% Chill Chance
+40 Freeze Rate against Chilled Enemies
Inflict Cold Wave for 3 s to enemies on hit
Max Stacks 5
Increases Cold DMG Taken by 5% per Cold Wave Stack

(희귀 등급 효과) Cold Wave Effect +50%
(희귀 등급 효과) +25% Chill Effect

(전설 등급 효과) Cold Wave Effect +100%
(전설 등급 효과) +50% Chill Effect
(전설 등급 효과) +1 Simultaneous Trap Count","+2 Skill Buff Stack Count
+[10-40]% Cold DMG","+[20-50]% Chill Effect
+[10-20] Freeze Rate
+[20-30]% Cold DMG","Gain the following effect(s) if the caster is inside a Chill Area
[10-15]% Element DMG Taken Dampening"
,Electric Orb Trap,기존,Installs a Trap that fires an electric orb that deals Lightning DMG upon detecting an enemy,"Attack, Trap, Strike, Lightning, ProjectileCannot use Parallel Shot","Mana Cost 5
Triggers Immediately
Lightning Element
Apply Normal Trap effect
Trap Duration 4 s
Trap Count 1
Max Trap Count 4
Trap Installation Distance 900
Projectile Count 7
Projectile Speed 600
Lightning DMG 121%
Lightning DMG +97
(마법 등급 효과) +1 Trap Projectile Count
(마법 등급 효과) +10% Trap Detection Range
(희귀 등급 효과) +2 Trap Projectile Count
(희귀 등급 효과) +20% Trap Detection Range

(전설 등급 효과) +3 Trap Projectile Count
(전설 등급 효과) +30% Trap Detection Range
(전설 등급 효과) +1 Simultaneous Trap Count","Mana Cost 22
Triggers Immediately
Lightning Element
Apply Normal Trap effect
Trap Duration 8.4 s
Trap Count 1
Max Trap Count 4
Trap Installation Distance 900
Projectile Count 10
Projectile Speed 600
Lightning DMG 288%
Lightning DMG +655
(마법 등급 효과) +1 Trap Projectile Count
(마법 등급 효과) +10% Trap Detection Range
(희귀 등급 효과) +2 Trap Projectile Count
(희귀 등급 효과) +20% Trap Detection Range

(전설 등급 효과) +3 Trap Projectile Count
(전설 등급 효과) +30% Trap Detection Range
(전설 등급 효과) +1 Simultaneous Trap Count","+[20-30]% Trap Detection Range
100% chance to gain Condensed Lightning for 2 s on hit
Max Stacks 10
Amplifies Lightning DMG by [1-2]% per stack","Gain Continuous Shock Link Rune Effect
+[41-51] Shock Rate
+[21-25]% Shock Effect
Cannot link Continuous Shock Link Rune","100% chance to gain Agile Barrier for 2 s on hit
[5-10]% Dodge Rate Amplification
[3-8]% Barrier Amplification"
,,변경,Installs a Trap that fires an electric orb that deals Lightning DMG upon detecting an enemy,"Attack, Trap, Strike, Lightning, ProjectileCannot use Parallel Shot","Mana Cost 5
Triggers Immediately
Lightning Element
Apply Normal Trap effect
Trap Duration 4 s
Trap Count 1
Max Trap Count 4
Trap Installation Distance 900
Projectile Count 7
Projectile Speed 600
Lightning DMG 121%
Lightning DMG +97
(마법 등급 효과) +1 Trap Projectile Count
(마법 등급 효과) +10% Trap Detection Range
(희귀 등급 효과) +2 Trap Projectile Count
(희귀 등급 효과) +20% Trap Detection Range

(전설 등급 효과) +3 Trap Projectile Count
(전설 등급 효과) +30% Trap Detection Range
(전설 등급 효과) +1 Simultaneous Trap Count","Mana Cost 22
Triggers Immediately
Lightning Element
Apply Normal Trap effect
Trap Duration 8.4 s
Trap Count 1
Max Trap Count 4
Trap Installation Distance 900
Projectile Count 10
Projectile Speed 600
Lightning DMG 300%
Lightning DMG +681
(마법 등급 효과) +1 Trap Projectile Count
(마법 등급 효과) +10% Trap Detection Range
(희귀 등급 효과) +2 Trap Projectile Count
(희귀 등급 효과) +20% Trap Detection Range

(전설 등급 효과) +3 Trap Projectile Count
(전설 등급 효과) +30% Trap Detection Range
(전설 등급 효과) +1 Simultaneous Trap Count","+[20-30]% Trap Detection Range
100% chance to gain Condensed Lightning for 2 s on hit
Max Stacks 10
Amplifies Lightning DMG by [1-2]% per stack","Gain Continuous Shock Link Rune Effect
+[41-51] Shock Rate
+[21-25]% Shock Effect
Cannot link Continuous Shock Link Rune","100% chance to gain Agile Barrier for 2 s on hit
[5-10]% Dodge Rate Amplification
[3-8]% Barrier Amplification"
,Poison Gas Trap,기존,Installs a Trap that generates poison gas that deals Poison DMG upon detecting an enemy,"Attack, Area of Effect, Trap, Strike, Poison","Mana Cost 5
Cooldown 5 s
Poison Element
Apply Normal Trap effect
Trap Duration 4 s
Trap Count 1
Max Trap Count 4
Trap Installation Distance 900
Duration 6 s
Explosion Interval 0.5 s
Explosion Range 320
Poison DMG 105%
Poison DMG +3
+30% Blind Chance
Inflict Decay for 5 s to enemies on hit
Max Stacks 5
5% Poison DMG Taken Increased per Decay stack
(마법 등급 효과) +20% Area of Effect
(마법 등급 효과) +10 Blind Rate
(희귀 등급 효과) +30% Area of Effect
(희귀 등급 효과) +15 Blind Rate
(희귀 등급 효과) 5% DMG Amplification

(전설 등급 효과) +40% Area of Effect
(전설 등급 효과) +20 Blind Rate
(전설 등급 효과) 10% DMG Amplification
(전설 등급 효과) +1 Simultaneous Trap Count","Mana Cost 22
Cooldown 5 s
Poison Element
Apply Normal Trap effect
Trap Duration 8.4 s
Trap Count 1
Max Trap Count 4
Trap Installation Distance 900
Duration 6 s
Explosion Interval 0.5 s
Explosion Range 320
Poison DMG 427%
Poison DMG +121
+30% Blind Chance
Inflict Decay for 5 s to enemies on hit
Max Stacks 5
5% Poison DMG Taken Increased per Decay stack
(마법 등급 효과) +20% Area of Effect
(마법 등급 효과) +10 Blind Rate
(희귀 등급 효과) +30% Area of Effect
(희귀 등급 효과) +15 Blind Rate
(희귀 등급 효과) 5% DMG Amplification

(전설 등급 효과) +40% Area of Effect
(전설 등급 효과) +20 Blind Rate
(전설 등급 효과) 10% DMG Amplification
(전설 등급 효과) +1 Simultaneous Trap Count","+[17-20] Poison Penetration
+[40-52]% Poison DMG","Gain Area Effect Link Rune Effect
+[42-50]% Area of Effect
+[46-61]% DMG","Gain the following effect(s) if the caster is inside poison gas
[10-15]% Dodge Rate Amplification"
,,변경,Installs a Trap that generates poison gas that deals Poison DMG upon detecting an enemy,"Attack, Area of Effect, Trap, Strike, Poison","Mana Cost 5
Cooldown 5 s
Poison Element
Apply Normal Trap effect
Trap Duration 4 s
Trap Count 1
Max Trap Count 4
Trap Installation Distance 900
Duration 6 s
Explosion Interval 0.5 s
Explosion Range 320
Poison DMG 105%
Poison DMG +3
+30% Blind Chance
Inflict Decay for 5 s to enemies on hit
Max Stacks 5
5% Poison DMG Taken Increased per Decay stack
(마법 등급 효과) +20% Area of Effect
(마법 등급 효과) +10 Blind Rate
(희귀 등급 효과) +30% Area of Effect
(희귀 등급 효과) +15 Blind Rate
(희귀 등급 효과) 5% DMG Amplification

(전설 등급 효과) +40% Area of Effect
(전설 등급 효과) +20 Blind Rate
(전설 등급 효과) 10% DMG Amplification
(전설 등급 효과) +1 Simultaneous Trap Count","Mana Cost 22
Cooldown 5 s
Poison Element
Apply Normal Trap effect
Trap Duration 8.4 s
Trap Count 1
Max Trap Count 4
Trap Installation Distance 900
Duration 6 s
Explosion Interval 0.5 s
Explosion Range 320
Poison DMG 444%
Poison DMG +126
+30% Blind Chance
Inflict Decay for 5 s to enemies on hit
Max Stacks 5
5% Poison DMG Taken Increased per Decay stack
(마법 등급 효과) +20% Area of Effect
(마법 등급 효과) +10 Blind Rate
(희귀 등급 효과) +30% Area of Effect
(희귀 등급 효과) +15 Blind Rate
(희귀 등급 효과) 5% DMG Amplification

(전설 등급 효과) +40% Area of Effect
(전설 등급 효과) +20 Blind Rate
(전설 등급 효과) 10% DMG Amplification
(전설 등급 효과) +1 Simultaneous Trap Count","+[17-20] Poison Penetration
+[40-52]% Poison DMG","Gain Area Effect Link Rune Effect
+[42-50]% Area of Effect
+[46-61]% DMG","Gain the following effect(s) if the caster is inside poison gas
[10-15]% Dodge Rate Amplification"
,Condense Fire,기존,Creates a sphere of condensed Fire Energy,"Spell, Area of Effect, Strike, Fire, ProjectileCannot Multishot, Cannot Split, Cannot Chain","Mana Cost 5
Triggers Immediately
Fire Element
Projectile Count 1
Explosion Range 200
Duration 0.5 s
+1 Projectile Count per 3 Fire Energy
Fire DMG 257%
Fire DMG +24
(마법 등급 효과) +10% Fire Penetration
(마법 등급 효과) +40% Fire DMG
(희귀 등급 효과) +20% Fire Penetration
(희귀 등급 효과) +70% Fire DMG

(전설 등급 효과) +25% Fire Penetration
(전설 등급 효과) +130% Fire DMG
(전설 등급 효과) 5% Fire DMG Amplification","Mana Cost 15.2
Triggers Immediately
Fire Element
Projectile Count 1
Explosion Range 200
Duration 0.5 s
+1 Projectile Count per 3 Fire Energy
Fire DMG 606%
Fire DMG +1088
(마법 등급 효과) +10% Fire Penetration
(마법 등급 효과) +40% Fire DMG
(희귀 등급 효과) +20% Fire Penetration
(희귀 등급 효과) +70% Fire DMG

(전설 등급 효과) +25% Fire Penetration
(전설 등급 효과) +130% Fire DMG
(전설 등급 효과) 5% Fire DMG Amplification",[15-20]% DMG Amplification against Elites,"Cannot increase Projectiles with Fire Energy
+[2-3] Projectile Count","+[10-15]% Fire Energy +1 chance on hit
+[20-30]% Fire Energy Effect"
,,변경,Creates a sphere of condensed Fire Energy,"Spell, Area of Effect, Strike, Fire, ProjectileCannot Multishot, Cannot Split, Cannot Chain","Mana Cost 5
Triggers Immediately
Fire Element
Projectile Count 1
Explosion Range 200
Duration 0.5 s
+1 Projectile Count per 3 Fire Energy
Fire DMG 257%
Fire DMG +24
(마법 등급 효과) +10% Fire Penetration
(마법 등급 효과) +40% Fire DMG
(희귀 등급 효과) +20% Fire Penetration
(희귀 등급 효과) +70% Fire DMG

(전설 등급 효과) +25% Fire Penetration
(전설 등급 효과) +130% Fire DMG
(전설 등급 효과) 5% Fire DMG Amplification","Mana Cost 15.2
Triggers Immediately
Fire Element
Projectile Count 1
Explosion Range 200
Duration 0.5 s
+1 Projectile Count per 3 Fire Energy
Fire DMG 630%
Fire DMG +1132
(마법 등급 효과) +10% Fire Penetration
(마법 등급 효과) +40% Fire DMG
(희귀 등급 효과) +20% Fire Penetration
(희귀 등급 효과) +70% Fire DMG

(전설 등급 효과) +25% Fire Penetration
(전설 등급 효과) +130% Fire DMG
(전설 등급 효과) 5% Fire DMG Amplification",[15-20]% DMG Amplification against Elites,"Cannot increase Projectiles with Fire Energy
+[2-3] Projectile Count","+[10-15]% Fire Energy +1 chance on hit
+[20-30]% Fire Energy Effect"
,Flames of Death,기존,"Burst out a trail of fire that deals Fire DMG, deal omni directional Fire DMG upon reaching max Fire Energy","Spell, Melee, Area of Effect, Strike, Fire","Mana Cost 5
Triggers Immediately
Fire Element
Area of Effect 400
Fire DMG 280%
Fire DMG +85
Gain Spreading Flames for 1 s upon reaching Max Fire Energy
Spreading Flames
Area of Effect 450
Change to 360º Area of Effect
Spreading Flames DMG 280%
Spreading Flames DMG +85
5% DMG Amplification per Fire Energy
Reset Fire Energy when Spreading Flames expires

(희귀 등급 효과) +35% Area of Effect
(희귀 등급 효과) +50% Fire DMG
(희귀 등급 효과) +50% Spreading Flames Buff Duration

(전설 등급 효과) +50% Area of Effect
(전설 등급 효과) +80% Fire DMG
(전설 등급 효과) 10% Fire DMG Amplification
(전설 등급 효과) +100% Spreading Flames Buff Duration","Mana Cost 22
Triggers Immediately
Fire Element
Area of Effect 400
Fire DMG 822%
Fire DMG +587
Gain Spreading Flames for 1 s upon reaching Max Fire Energy
Spreading Flames
Area of Effect 450
Change to 360º Area of Effect
Spreading Flames DMG 822%
Spreading Flames DMG +587
5% DMG Amplification per Fire Energy
Reset Fire Energy when Spreading Flames expires

(희귀 등급 효과) +35% Area of Effect
(희귀 등급 효과) +50% Fire DMG
(희귀 등급 효과) +50% Spreading Flames Buff Duration

(전설 등급 효과) +50% Area of Effect
(전설 등급 효과) +80% Fire DMG
(전설 등급 효과) 10% Fire DMG Amplification
(전설 등급 효과) +100% Spreading Flames Buff Duration","Gain Concentrated Area DMG Link Rune Effect
[20.7-25]% Area DMG Amplification
30% Area of Effect Dampening
Cannot link Concentrated Area DMG Link Rune",+[50-100]% Spreading Flames Buff Duration,"Cannot gain Spreading Flames
[3-5]% DMG Amplification per Fire Energy"
,,변경,"Burst out a trail of fire that deals Fire DMG, deal omni directional Fire DMG upon reaching max Fire Energy","Spell, Melee, Area of Effect, Strike, Fire","Mana Cost 5
Triggers Immediately
Fire Element
Area of Effect 400
Fire DMG 280%
Fire DMG +85
Gain Spreading Flames for 1 s upon reaching Max Fire Energy
Spreading Flames
Area of Effect 450
Change to 360º Area of Effect
Spreading Flames DMG 280%
Spreading Flames DMG +85
5% DMG Amplification per Fire Energy
Reset Fire Energy when Spreading Flames expires

(희귀 등급 효과) +35% Area of Effect
(희귀 등급 효과) +50% Fire DMG
(희귀 등급 효과) +50% Spreading Flames Buff Duration

(전설 등급 효과) +50% Area of Effect
(전설 등급 효과) +80% Fire DMG
(전설 등급 효과) 10% Fire DMG Amplification
(전설 등급 효과) +100% Spreading Flames Buff Duration","Mana Cost 22
Triggers Immediately
Fire Element
Area of Effect 400
Fire DMG 855%
Fire DMG +610
Gain Spreading Flames for 1 s upon reaching Max Fire Energy
Spreading Flames
Area of Effect 450
Change to 360º Area of Effect
Spreading Flames DMG 855%
Spreading Flames DMG +610
5% DMG Amplification per Fire Energy
Reset Fire Energy when Spreading Flames expires

(희귀 등급 효과) +35% Area of Effect
(희귀 등급 효과) +50% Fire DMG
(희귀 등급 효과) +50% Spreading Flames Buff Duration

(전설 등급 효과) +50% Area of Effect
(전설 등급 효과) +80% Fire DMG
(전설 등급 효과) 10% Fire DMG Amplification
(전설 등급 효과) +100% Spreading Flames Buff Duration","Gain Concentrated Area DMG Link Rune Effect
[20.7-25]% Area DMG Amplification
30% Area of Effect Dampening
Cannot link Concentrated Area DMG Link Rune",+[50-100]% Spreading Flames Buff Duration,"Cannot gain Spreading Flames
[3-5]% DMG Amplification per Fire Energy"
,Domain of Strength,기존,Summon a Domain of Strength while Channeling. Domain of Strength automatically attacks enemies on each Attack Cycle and attacks faster with each higher Stage.,"Attack, Melee, Area of Effect, Channel, Strike, Physical","Mana Cost 5
Triggers Immediately
Physical Element
Area of Effect 320
Physical DMG 180%
Physical DMG +14
+10 Max Stage
5.5% Attack Cycle  per Stage
+10 DoT Rate
+5 Debuff Rate
Decrease stage every 2 s upon canceling
+15% Area of Effect per stage

(희귀 등급 효과) 1% Attack Cycle  per Stage
(희귀 등급 효과) +20% Area of Effect

(전설 등급 효과) 1.5% Attack Cycle  per Stage
(전설 등급 효과) +30% Area of Effect
(전설 등급 효과) 10% Area DMG Amplification","Mana Cost 14.5
Triggers Immediately
Physical Element
Area of Effect 320
Physical DMG 598%
Physical DMG +339
+10 Max Stage
5.5% Attack Cycle  per Stage
+60 DoT Rate
+35 Debuff Rate
Decrease stage every 2 s upon canceling
+15% Area of Effect per stage

(희귀 등급 효과) 1% Attack Cycle  per Stage
(희귀 등급 효과) +20% Area of Effect

(전설 등급 효과) 1.5% Attack Cycle  per Stage
(전설 등급 효과) +30% Area of Effect
(전설 등급 효과) 10% Area DMG Amplification",[20-25]% Attack Cycle  when Channeling,"+[5-10] DoT Rate
+[5-10] Debuff Rate
+[2-5] Crowd Control Rate","Gain Area Effect Link Rune Effect
+[42-50]% Area of Effect
+[46-61]% Area DMG
Cannot link Area Effect Link Rune"
,,변경,Summon a Domain of Strength while Channeling. Domain of Strength automatically attacks enemies on each Attack Cycle and attacks faster with each higher Stage.,"Attack, Melee, Area of Effect, Channel, Strike, Physical","Mana Cost 5
Triggers Immediately
Physical Element
Area of Effect 320
Physical DMG 270%
Physical DMG +21
30% Trigger Skill DMG Dampening
30% Movement Speed Dampening
+10 Max Stage
5.5% Attack Cycle  per Stage
+10 DoT Rate
+5 Debuff Rate
Decrease stage every 2 s upon canceling
+15% Area of Effect per stage

(희귀 등급 효과) 1% Attack Cycle  per Stage
(희귀 등급 효과) +20% Area of Effect

(전설 등급 효과) 1.5% Attack Cycle  per Stage
(전설 등급 효과) +30% Area of Effect
(전설 등급 효과) 10% Area DMG Amplification","Mana Cost 14.5
Triggers Immediately
Physical Element
Area of Effect 320
Physical DMG 933%
Physical DMG +530
30% Trigger Skill DMG Dampening
30% Movement Speed Dampening
+10 Max Stage
5.5% Attack Cycle  per Stage
+60 DoT Rate
+35 Debuff Rate
Decrease stage every 2 s upon canceling
+15% Area of Effect per stage

(희귀 등급 효과) 1% Attack Cycle  per Stage
(희귀 등급 효과) +20% Area of Effect

(전설 등급 효과) 1.5% Attack Cycle  per Stage
(전설 등급 효과) +30% Area of Effect
(전설 등급 효과) 10% Area DMG Amplification",[20-25]% Attack Cycle  when Channeling,"+[5-10] DoT Rate
+[5-10] Debuff Rate
+[2-5] Crowd Control Rate","Gain Area Effect Link Rune Effect
+[42-50]% Area of Effect
+[46-61]% Area DMG
Cannot link Area Effect Link Rune"
,Arctic Shard,기존,"Creates Ice Pillars to deal Cold DMG against enemies, and creates additional Ice Pillars based on Cold Energy","Attack, Melee, Area of Effect, Strike, Cold, Shadow","Mana Cost 3
Triggers Immediately
Cold Element
5% Attack Speed Amplification
+10 Chill Rate
+10% Critical Chance
Area of Effect 350
Cold DMG 84%
Cold DMG +53
4.5% Cold DMG Amplification per 1 Cold Energy
20% chance to gain Cold Energy on hitting a Chilled enemy
+4% Cold Penetration per 1 Cold Energy
+2 Ice Pillar(s) per 2 Cold Energy (Max 6)



(전설 등급 효과) +100% Area of Effect
(전설 등급 효과) +20% Cold Penetration
(전설 등급 효과) +100% Strike DMG Multiplier
(전설 등급 효과) 20% DMG Amplification against enemies affected by Cold Status Effect","Mana Cost 12.5
Triggers Immediately
Cold Element
5% Attack Speed Amplification
+10 Chill Rate
+10% Critical Chance
Area of Effect 570
Cold DMG 339%
Cold DMG +310
4.5% Cold DMG Amplification per 1 Cold Energy
20% chance to gain Cold Energy on hitting a Chilled enemy
+4% Cold Penetration per 1 Cold Energy
+2 Ice Pillar(s) per 2 Cold Energy (Max 6)



(전설 등급 효과) +100% Area of Effect
(전설 등급 효과) +20% Cold Penetration
(전설 등급 효과) +100% Strike DMG Multiplier
(전설 등급 효과) 20% DMG Amplification against enemies affected by Cold Status Effect","Gain Cold Penetration Link Rune Effect
+[17-20] Cold Penetration
+[40-52]% Cold DMG
Cannot link Cold Penetration Link Rune","+[10-15] Debuff Rate
+[3-10] Crowd Control Rate
Cold DMG +[8-12]% per Cold Energy stack","+2 Ice Pillar(s) per 2 Cold Energy (Max 8)
[15-20]% Cold DMG Dampening"
,,변경,"Creates Ice Pillars to deal Cold DMG against enemies, and creates additional Ice Pillars based on Cold Energy","Attack, Melee, Area of Effect, Strike, Cold, Shadow","Mana Cost 3
Triggers Immediately
Cold Element
5% Attack Speed Amplification
+10 Chill Rate
+10% Critical Chance
Area of Effect 350
Cold DMG 84%
Cold DMG +53
4.5% Cold DMG Amplification per 1 Cold Energy
20% chance to gain Cold Energy on hitting a Chilled enemy
+4% Cold Penetration per 1 Cold Energy
+2 Ice Pillar(s) per 2 Cold Energy (Max 6)



(전설 등급 효과) +100% Area of Effect
(전설 등급 효과) +20% Cold Penetration
(전설 등급 효과) +100% Strike DMG Multiplier
(전설 등급 효과) 20% DMG Amplification against enemies affected by Cold Status Effect","Mana Cost 12.5
Triggers Immediately
Cold Element
5% Attack Speed Amplification
+10 Chill Rate
+10% Critical Chance
Area of Effect 570
Cold DMG 353%
Cold DMG +322
4.5% Cold DMG Amplification per 1 Cold Energy
20% chance to gain Cold Energy on hitting a Chilled enemy
+4% Cold Penetration per 1 Cold Energy
+2 Ice Pillar(s) per 2 Cold Energy (Max 6)



(전설 등급 효과) +100% Area of Effect
(전설 등급 효과) +20% Cold Penetration
(전설 등급 효과) +100% Strike DMG Multiplier
(전설 등급 효과) 20% DMG Amplification against enemies affected by Cold Status Effect","Gain Cold Penetration Link Rune Effect
+[17-20] Cold Penetration
+[40-52]% Cold DMG
Cannot link Cold Penetration Link Rune","+[10-15] Debuff Rate
+[3-10] Crowd Control Rate
Cold DMG +[8-12]% per Cold Energy stack","+2 Ice Pillar(s) per 2 Cold Energy (Max 8)
[15-20]% Cold DMG Dampening"
,Wind Blade,기존,Deal Physical DMG by scattering blades nearby. Deal DMG again on Critical Hit.,"Attack, Melee, Area of Effect, Strike, Physical, Shadow","Mana Cost 4
Triggers Immediately
Physical Element
Area of Effect 280
Physical DMG +74
Physical DMG 104%
+20% Critical Chance
40% chance to trigger Additional Hit upon Critical Hit
Additional Hit Area of Effect 380
Gain Tempest effect for 3 s upon Skill use
Tempest Effect
(Gain Strong Winds on movement, gain Light Winds when idle for 1 or more seconds)
Strong Winds
Attack Speed +20%, Movement Speed +15%
Light Winds
DMG +100%, Dampen DMG Taken by 10%

(희귀 등급 효과) +30% Area of Effect
(희귀 등급 효과) 5% Strike DMG Amplification

(전설 등급 효과) +50% Area of Effect
(전설 등급 효과) 10% Strike DMG Amplification
(전설 등급 효과) +15% Light Winds Effect
(전설 등급 효과) +15% Strong Winds effect","Mana Cost 13.5
Triggers Immediately
Physical Element
Area of Effect 280
Physical DMG +1026
Physical DMG 535%
+20% Critical Chance
40% chance to trigger Additional Hit upon Critical Hit
Additional Hit Area of Effect 380
Gain Tempest effect for 3 s upon Skill use
Tempest Effect
(Gain Strong Winds on movement, gain Light Winds when idle for 1 or more seconds)
Strong Winds
Attack Speed +20%, Movement Speed +15%
Light Winds
DMG +100%, Dampen DMG Taken by 10%

(희귀 등급 효과) +30% Area of Effect
(희귀 등급 효과) 5% Strike DMG Amplification

(전설 등급 효과) +50% Area of Effect
(전설 등급 효과) 10% Strike DMG Amplification
(전설 등급 효과) +15% Light Winds Effect
(전설 등급 효과) +15% Strong Winds effect",[5-15]% chance to trigger Additional Hit on hit,"+[40-60]% Strong Winds effect
+[40-60]% Light Winds Effect","60% chance to trigger Additional Hit upon Critical Hit
+[20-50]% Area of Effect
+[15-20]% Critical DMG"
,,변경,Deal Physical DMG by scattering blades nearby. Deal DMG again on Critical Hit.,"Attack, Melee, Area of Effect, Strike, Physical, Shadow","Mana Cost 4
Triggers Immediately
Physical Element
Area of Effect 280
Physical DMG +74
Physical DMG 104%
+20% Critical Chance
40% chance to trigger Additional Hit upon Critical Hit
Additional Hit Area of Effect 380
Gain Tempest effect for 3 s upon Skill use
Tempest Effect
(Gain Strong Winds on movement, gain Light Winds when idle for 1 or more seconds)
Strong Winds
Attack Speed +20%, Movement Speed +15%
Light Winds
DMG +100%, Dampen DMG Taken by 10%

(희귀 등급 효과) +30% Area of Effect
(희귀 등급 효과) 5% Strike DMG Amplification

(전설 등급 효과) +50% Area of Effect
(전설 등급 효과) 10% Strike DMG Amplification
(전설 등급 효과) +15% Light Winds Effect
(전설 등급 효과) +15% Strong Winds effect","Mana Cost 13.5
Triggers Immediately
Physical Element
Area of Effect 280
Physical DMG +1067
Physical DMG 556%
+20% Critical Chance
40% chance to trigger Additional Hit upon Critical Hit
Additional Hit Area of Effect 380
Gain Tempest effect for 3 s upon Skill use
Tempest Effect
(Gain Strong Winds on movement, gain Light Winds when idle for 1 or more seconds)
Strong Winds
Attack Speed +20%, Movement Speed +15%
Light Winds
DMG +100%, Dampen DMG Taken by 10%

(희귀 등급 효과) +30% Area of Effect
(희귀 등급 효과) 5% Strike DMG Amplification

(전설 등급 효과) +50% Area of Effect
(전설 등급 효과) 10% Strike DMG Amplification
(전설 등급 효과) +15% Light Winds Effect
(전설 등급 효과) +15% Strong Winds effect",[5-15]% chance to trigger Additional Hit on hit,"+[40-60]% Strong Winds effect
+[40-60]% Light Winds Effect","60% chance to trigger Additional Hit upon Critical Hit
+[20-50]% Area of Effect
+[15-20]% Critical DMG"
,Ice Crystal Arrow,기존,Shoots a Cold Arrow that can be Chained. Gain Scaling Cold effect on hit and fires additional arrow(s) upon moving based on the number of Cold Crystal stack(s),"Attack, Strike, Cold, Projectile, Bow, Overheat, ShadowCannot Multishot","Mana Cost 4
Triggers Immediately
40 Overheat Accumulation
Cold Element
Cannot Pierce
Cold Arrow Count +1
Ice Crystal Arrow +2
Projectile Speed 3000
Max Chain Count 1
Cold DMG +55
Cold DMG 180%
25% Ice Crystal Arrow DMG Dampening
+10% Chill Chance
+5% Freeze Chance
Gain Scaling Cold for 5 s on hit
Scaling Cold
Gain Cold Crystal on movement (Max Stacks 6)
Remove all Cold Crystal when idle for 5 s
Cold Crystal
+0.6% Attack Speed per 1 stack(s)
+1 Chain per 5 stack(s)
+2 Projectile Count per 5 stack(s)

(희귀 등급 효과) +10% Attack Speed
(희귀 등급 효과) +45% Cold DMG
(희귀 등급 효과) 15% DMG Amplification against Frozen enemies

(전설 등급 효과) +15% Attack Speed
(전설 등급 효과) +70% Cold DMG
(전설 등급 효과) 25% DMG Amplification against Frozen enemies","Mana Cost 17.6
Triggers Immediately
40 Overheat Accumulation
Cold Element
Cannot Pierce
Cold Arrow Count +1
Ice Crystal Arrow +2
Projectile Speed 3000
Max Chain Count 1
Cold DMG +931
Cold DMG 533%
25% Ice Crystal Arrow DMG Dampening
+10% Chill Chance
+5% Freeze Chance
Gain Scaling Cold for 5 s on hit
Scaling Cold
Gain Cold Crystal on movement (Max Stacks 6)
Remove all Cold Crystal when idle for 5 s
Cold Crystal
+0.6% Attack Speed per 1 stack(s)
+1 Chain per 5 stack(s)
+2 Projectile Count per 5 stack(s)

(희귀 등급 효과) +10% Attack Speed
(희귀 등급 효과) +45% Cold DMG
(희귀 등급 효과) 15% DMG Amplification against Frozen enemies

(전설 등급 효과) +15% Attack Speed
(전설 등급 효과) +70% Cold DMG
(전설 등급 효과) 25% DMG Amplification against Frozen enemies","+[20-30]% Projectile DMG
+[4-9] Cold Crystal Buff Stack Count",[1.5-3]% DMG Amplification per Cold Crystal stack,"Change Ice Crystal Arrow to enemy Tracking Projectile
[10-15]% DMG Dampening when hitting the same target repeatedly"
,,변경,Shoots a Cold Arrow that can be Chained. Gain Scaling Cold effect on hit and fires additional arrow(s) upon moving based on the number of Cold Crystal stack(s),"Attack, Strike, Cold, Projectile, Bow, Overheat, ShadowCannot Multishot","Mana Cost 4
Triggers Immediately
40 Overheat Accumulation
Cold Element
Cannot Pierce
Cold Arrow Count +1
Ice Crystal Arrow +2
Projectile Speed 3000
Max Chain Count 1
Cold DMG +55
Cold DMG 180%
25% Ice Crystal Arrow DMG Dampening
+10% Chill Chance
+5% Freeze Chance
Gain Scaling Cold for 5 s on hit
Scaling Cold
Gain Cold Crystal on movement (Max Stacks 6)
Remove all Cold Crystal when idle for 5 s
Cold Crystal
+0.6% Attack Speed per 1 stack(s)
+1 Chain per 5 stack(s)
+2 Projectile Count per 5 stack(s)

(희귀 등급 효과) +10% Attack Speed
(희귀 등급 효과) +45% Cold DMG
(희귀 등급 효과) 15% DMG Amplification against Frozen enemies

(전설 등급 효과) +15% Attack Speed
(전설 등급 효과) +70% Cold DMG
(전설 등급 효과) 25% DMG Amplification against Frozen enemies","Mana Cost 17.6
Triggers Immediately
40 Overheat Accumulation
Cold Element
Cannot Pierce
Cold Arrow Count +1
Ice Crystal Arrow +2
Projectile Speed 3000
Max Chain Count 1
Cold DMG +968
Cold DMG 554%
25% Ice Crystal Arrow DMG Dampening
+10% Chill Chance
+5% Freeze Chance
Gain Scaling Cold for 5 s on hit
Scaling Cold
Gain Cold Crystal on movement (Max Stacks 6)
Remove all Cold Crystal when idle for 5 s
Cold Crystal
+0.6% Attack Speed per 1 stack(s)
+1 Chain per 5 stack(s)
+2 Projectile Count per 5 stack(s)

(희귀 등급 효과) +10% Attack Speed
(희귀 등급 효과) +45% Cold DMG
(희귀 등급 효과) 15% DMG Amplification against Frozen enemies

(전설 등급 효과) +15% Attack Speed
(전설 등급 효과) +70% Cold DMG
(전설 등급 효과) 25% DMG Amplification against Frozen enemies","+[20-30]% Projectile DMG
+[4-9] Cold Crystal Buff Stack Count",[1.5-3]% DMG Amplification per Cold Crystal stack,"Change Ice Crystal Arrow to enemy Tracking Projectile
[10-15]% DMG Dampening when hitting the same target repeatedly"
,Firebomb Shot,기존,Shoots a Fire Element shell A Firebomb explodes on Hit and deals DMG for a set amount of time ,"Attack, Area of Effect, Strike, Fire, Projectile, Bowgun, Overheat, ShadowCannot Multishot, Cannot use Parallel Shot, Cannot Split, Cannot Chain","Mana Cost 3
Triggers Immediately
40 Overheat Accumulation
Fire Element
Cannot Pierce
Projectile Count 1
Projectile Speed 3000
Heat Explosion Area of Effect 250
Heat Explosion Duration 0.3 s
Heat Explosion Frequency 0.2 s
Fire DMG +21
Fire DMG 145%
10% DMG Dampening when hitting the same target repeatedly
+17% Heat Explosion Duration per 1 Fire Energy

(희귀 등급 효과) +15% Area of Effect
(희귀 등급 효과) +50% Fire DMG

(전설 등급 효과) +15% Area of Effect
(전설 등급 효과) +100% Fire DMG
(전설 등급 효과) 5% DMG Amplification per 1 Fire Energy","Mana Cost 16.6
Triggers Immediately
40 Overheat Accumulation
Fire Element
Cannot Pierce
Projectile Count 1
Projectile Speed 3000
Heat Explosion Area of Effect 250
Heat Explosion Duration 0.3 s
Heat Explosion Frequency 0.2 s
Fire DMG +655
Fire DMG 468%
10% DMG Dampening when hitting the same target repeatedly
+17% Heat Explosion Duration per 1 Fire Energy

(희귀 등급 효과) +15% Area of Effect
(희귀 등급 효과) +50% Fire DMG

(전설 등급 효과) +15% Area of Effect
(전설 등급 효과) +100% Fire DMG
(전설 등급 효과) 5% DMG Amplification per 1 Fire Energy","+11% Heat Explosion Duration per 1 Fire Energy
Change to
Projectile Count +2
[10-15]% DMG Dampening
[15-20]% Area of Effect Dampening","+25% Heat Explosion Duration per 1 Fire Energy
Change to
Change to Heat Explosion Duration 0.6 s
Change to Heat Explosion Frequency 0.4 s
[4-8]% DMG Amplification","+[30-60]% DMG
+[15-30]% Fire Energy Effect"
,,변경,Shoots a Fire Element shell A Firebomb explodes on Hit and deals DMG for a set amount of time ,"Attack, Area of Effect, Strike, Fire, Projectile, Bowgun, Overheat, ShadowCannot Multishot, Cannot use Parallel Shot, Cannot Split, Cannot Chain","Mana Cost 3
Triggers Immediately
40 Overheat Accumulation
Fire Element
Cannot Pierce
Projectile Count 1
Projectile Speed 3000
Heat Explosion Area of Effect 250
Heat Explosion Duration 0.3 s
Heat Explosion Frequency 0.2 s
Fire DMG +21
Fire DMG 145%
10% DMG Dampening when hitting the same target repeatedly
+17% Heat Explosion Duration per 1 Fire Energy

(희귀 등급 효과) +15% Area of Effect
(희귀 등급 효과) +50% Fire DMG

(전설 등급 효과) +15% Area of Effect
(전설 등급 효과) +100% Fire DMG
(전설 등급 효과) 5% DMG Amplification per 1 Fire Energy","Mana Cost 16.6
Triggers Immediately
40 Overheat Accumulation
Fire Element
Cannot Pierce
Projectile Count 1
Projectile Speed 3000
Heat Explosion Area of Effect 250
Heat Explosion Duration 0.3 s
Heat Explosion Frequency 0.2 s
Fire DMG +681
Fire DMG 487%
10% DMG Dampening when hitting the same target repeatedly
+17% Heat Explosion Duration per 1 Fire Energy

(희귀 등급 효과) +15% Area of Effect
(희귀 등급 효과) +50% Fire DMG

(전설 등급 효과) +15% Area of Effect
(전설 등급 효과) +100% Fire DMG
(전설 등급 효과) 5% DMG Amplification per 1 Fire Energy","+11% Heat Explosion Duration per 1 Fire Energy
Change to
Projectile Count +2
[10-15]% DMG Dampening
[15-20]% Area of Effect Dampening","+25% Heat Explosion Duration per 1 Fire Energy
Change to
Change to Heat Explosion Duration 0.6 s
Change to Heat Explosion Frequency 0.4 s
[4-8]% DMG Amplification","+[30-60]% DMG
+[15-30]% Fire Energy Effect"
,Whirlwind Barrage,기존,Moves while channeling and fires countless projectiles at random. Projectiles are doubled when Dual Wielding Bowguns.,"Attack, Channel, Strike, Physical, Projectile, Bowgun, OverheatCannot use Parallel Shot, Cannot Split, Cannot Chain","Mana Cost 3
Triggers Immediately
50 Overheat Accumulation
Physical Element
Base Projectile Count 1
Additional Projectile Count 6
Projectile Speed 3000
Physical DMG +16
Physical DMG 156%
+2% Projectile Speed per 50 Movement Speed
10% DMG Dampening when hitting the same target repeatedly
 35% Movement Speed Dampening
(마법 등급 효과) 30% Movement Speed Dampening
(희귀 등급 효과) 25% Movement Speed Dampening

(전설 등급 효과) 20% Movement Speed Dampening
(전설 등급 효과) +60% Projectile DMG
(전설 등급 효과) Inflict Gunshot Wound for 2 s to enemies on Additional Projectile hit (Max stacks: 3)
(전설 등급 효과) 5% DMG Amplification on target(s) inflicted by Gunshot Wound","Mana Cost 20
Triggers Immediately
50 Overheat Accumulation
Physical Element
Base Projectile Count 1
Additional Projectile Count 6
Projectile Speed 3000
Physical DMG +697
Physical DMG 501%
+2% Projectile Speed per 50 Movement Speed
10% DMG Dampening when hitting the same target repeatedly
 35% Movement Speed Dampening
(마법 등급 효과) 30% Movement Speed Dampening
(희귀 등급 효과) 25% Movement Speed Dampening

(전설 등급 효과) 20% Movement Speed Dampening
(전설 등급 효과) +60% Projectile DMG
(전설 등급 효과) Inflict Gunshot Wound for 2 s to enemies on Additional Projectile hit (Max stacks: 3)
(전설 등급 효과) 5% DMG Amplification on target(s) inflicted by Gunshot Wound","Add Melee tag
Cannot link Knockback Link Rune
+[10-35]% Melee DMG
25% Dampening for Max Projectile Distance Traveled","+[1-2] Pierce Count
[10-15]% Overheat Accumulation Dampening
[10-15]% Resource Cost Dampening","+2 Projectile Count
+[20-50]% Projectile DMG
+[20-40]% Projectile Size"
,,변경,Moves while channeling and fires countless projectiles at random. Projectiles are doubled when Dual Wielding Bowguns.,"Attack, Channel, Strike, Physical, Projectile, Bowgun, OverheatCannot use Parallel Shot, Cannot Split, Cannot Chain","Mana Cost 3
Triggers Immediately
50 Overheat Accumulation
Physical Element
Base Projectile Count 1
Additional Projectile Count 6
Projectile Speed 3000
Physical DMG +16
Physical DMG 156%
30% Trigger Skill DMG Dampening
54.5% Movement Speed Dampening
+2% Projectile Speed per 50 Movement Speed
10% DMG Dampening when hitting the same target repeatedly
 35% Movement Speed Dampening
(마법 등급 효과) 30% Movement Speed Dampening
(희귀 등급 효과) 25% Movement Speed Dampening

(전설 등급 효과) 20% Movement Speed Dampening
(전설 등급 효과) +60% Projectile DMG
(전설 등급 효과) Inflict Gunshot Wound for 2 s to enemies on Additional Projectile hit (Max stacks: 3)
(전설 등급 효과) 5% DMG Amplification on target(s) inflicted by Gunshot Wound","Mana Cost 20
Triggers Immediately
50 Overheat Accumulation
Physical Element
Base Projectile Count 1
Additional Projectile Count 6
Projectile Speed 3000
Physical DMG +725
Physical DMG 521%
30% Trigger Skill DMG Dampening
54.5% Movement Speed Dampening
+2% Projectile Speed per 50 Movement Speed
10% DMG Dampening when hitting the same target repeatedly
 35% Movement Speed Dampening
(마법 등급 효과) 30% Movement Speed Dampening
(희귀 등급 효과) 25% Movement Speed Dampening

(전설 등급 효과) 20% Movement Speed Dampening
(전설 등급 효과) +60% Projectile DMG
(전설 등급 효과) Inflict Gunshot Wound for 2 s to enemies on Additional Projectile hit (Max stacks: 3)
(전설 등급 효과) 5% DMG Amplification on target(s) inflicted by Gunshot Wound","Add Melee tag
Cannot link Knockback Link Rune
+[10-35]% Melee DMG
25% Dampening for Max Projectile Distance Traveled","+[1-2] Pierce Count
[10-15]% Overheat Accumulation Dampening
[10-15]% Resource Cost Dampening","+2 Projectile Count
+[20-50]% Projectile DMG
+[20-40]% Projectile Size"
,Electric Shell Shot,기존,"Fires an Electric Round that Chains, causing an explosion on each target it hits. The Chain and explosion of the Electric Round cannot exceed the skill's Max Range.","Attack, Area of Effect, Strike, Lightning, Projectile, Bowgun, Overheat, ShadowCannot Multishot, Cannot use Parallel Shot, Cannot Split","Mana Cost 3
Triggers Immediately
40 Overheat Accumulation
Lightning Element
Projectile Count 1
Projectile Speed 3000
Cannot Pierce
Max Chain Count 1
Lightning DMG +20
Lightning DMG 192%
+20% Shock Chance
10% DMG Amplification against Shocked enemies
Explosion Range 200
10% DMG Dampening when hitting the same target repeatedly
(마법 등급 효과) +50% Lightning DMG
(마법 등급 효과) +10% Area of Effect
(마법 등급 효과) 5% Lightning DMG Amplification
(희귀 등급 효과) +100% Lightning DMG
(희귀 등급 효과) +20% Area of Effect
(희귀 등급 효과) 10% Lightning DMG Amplification

(전설 등급 효과) +150% Lightning DMG
(전설 등급 효과) +30% Area of Effect
(전설 등급 효과) 20% Lightning DMG Amplification","Mana Cost 16.6
Triggers Immediately
40 Overheat Accumulation
Lightning Element
Projectile Count 1
Projectile Speed 3000
Cannot Pierce
Max Chain Count 1
Lightning DMG +590
Lightning DMG 673%
+20% Shock Chance
10% DMG Amplification against Shocked enemies
Explosion Range 200
10% DMG Dampening when hitting the same target repeatedly
(마법 등급 효과) +50% Lightning DMG
(마법 등급 효과) +10% Area of Effect
(마법 등급 효과) 5% Lightning DMG Amplification
(희귀 등급 효과) +100% Lightning DMG
(희귀 등급 효과) +20% Area of Effect
(희귀 등급 효과) 10% Lightning DMG Amplification

(전설 등급 효과) +150% Lightning DMG
(전설 등급 효과) +30% Area of Effect
(전설 등급 효과) 20% Lightning DMG Amplification","[10-15]% DMG Amplification against Shocked enemies
+[10-20] Shock Rate","+[1-2] Chain Count
[10-15]% Area of Effect Dampening","0.4% DMG Amplification per 1% Overheat Accumulation
+[20-50]% DMG"
,,변경,"Fires an Electric Round that Chains, causing an explosion on each target it hits. The Chain and explosion of the Electric Round cannot exceed the skill's Max Range.","Attack, Area of Effect, Strike, Lightning, Projectile, Bowgun, Overheat, ShadowCannot Multishot, Cannot use Parallel Shot, Cannot Split","Mana Cost 3
Triggers Immediately
40 Overheat Accumulation
Lightning Element
Projectile Count 1
Projectile Speed 3000
Cannot Pierce
Max Chain Count 1
Lightning DMG +20
Lightning DMG 192%
+20% Shock Chance
10% DMG Amplification against Shocked enemies
Explosion Range 200
10% DMG Dampening when hitting the same target repeatedly
(마법 등급 효과) +50% Lightning DMG
(마법 등급 효과) +10% Area of Effect
(마법 등급 효과) 5% Lightning DMG Amplification
(희귀 등급 효과) +100% Lightning DMG
(희귀 등급 효과) +20% Area of Effect
(희귀 등급 효과) 10% Lightning DMG Amplification

(전설 등급 효과) +150% Lightning DMG
(전설 등급 효과) +30% Area of Effect
(전설 등급 효과) 20% Lightning DMG Amplification","Mana Cost 16.6
Triggers Immediately
40 Overheat Accumulation
Lightning Element
Projectile Count 1
Projectile Speed 3000
Cannot Pierce
Max Chain Count 1
Lightning DMG +614
Lightning DMG 700%
+20% Shock Chance
10% DMG Amplification against Shocked enemies
Explosion Range 200
10% DMG Dampening when hitting the same target repeatedly
(마법 등급 효과) +50% Lightning DMG
(마법 등급 효과) +10% Area of Effect
(마법 등급 효과) 5% Lightning DMG Amplification
(희귀 등급 효과) +100% Lightning DMG
(희귀 등급 효과) +20% Area of Effect
(희귀 등급 효과) 10% Lightning DMG Amplification

(전설 등급 효과) +150% Lightning DMG
(전설 등급 효과) +30% Area of Effect
(전설 등급 효과) 20% Lightning DMG Amplification","[10-15]% DMG Amplification against Shocked enemies
+[10-20] Shock Rate","+[1-2] Chain Count
[10-15]% Area of Effect Dampening","0.4% DMG Amplification per 1% Overheat Accumulation
+[20-50]% DMG"
,Throw Explosive,기존,Throw numerous explosives to deal DMG within an area ,"Attack, Area of Effect, Strike, Physical, Projectile, Bowgun, ShadowCannot use Parallel Shot, Cannot Split, Cannot Chain, Cannot Change Speed","Mana Cost 4
Triggers Immediately
Physical Element
Pierces All
Projectile Count 4
Explosion Range 180
Physical DMG +16
Physical DMG 143%
0.8% DMG Amplification per 1% Overheat Accumulation
10% DMG Dampening when hitting the same target repeatedly
Gain Overheat Mana for 3 s on skill use duing Extreme Overheat
Overheat Mana
Max Stacks 10
+40% Resource Cost per stack
+20% Physical DMG per Stack

(희귀 등급 효과) +20% Area DMG
(희귀 등급 효과) +10% Area of Effect

(전설 등급 효과) +50% Area DMG
(전설 등급 효과) +20% Area of Effect
(전설 등급 효과) +2 Projectile Count","Mana Cost 21
Triggers Immediately
Physical Element
Pierces All
Projectile Count 4
Explosion Range 180
Physical DMG +415
Physical DMG 294%
0.8% DMG Amplification per 1% Overheat Accumulation
10% DMG Dampening when hitting the same target repeatedly
Gain Overheat Mana for 3 s on skill use duing Extreme Overheat
Overheat Mana
Max Stacks 10
+40% Resource Cost per stack
+20% Physical DMG per Stack

(희귀 등급 효과) +20% Area DMG
(희귀 등급 효과) +10% Area of Effect

(전설 등급 효과) +50% Area DMG
(전설 등급 효과) +20% Area of Effect
(전설 등급 효과) +2 Projectile Count","+[25-40]% Area of Effect
+[20-50]% DMG","Add Overheat tag
[15-20]% Area DMG Amplification","+[15-30] Crowd Control Rate
[2.5-5]% DMG Amplification against Crowd Controlled enemies"
,,변경,Throw numerous explosives to deal DMG within an area ,"Attack, Area of Effect, Strike, Physical, Projectile, Bowgun, ShadowCannot use Parallel Shot, Cannot Split, Cannot Chain, Cannot Change Speed","Mana Cost 4
Triggers Immediately
Physical Element
Pierces All
Projectile Count 4
Explosion Range 180
Physical DMG +16
Physical DMG 143%
0.8% DMG Amplification per 1% Overheat Accumulation
10% DMG Dampening when hitting the same target repeatedly
Gain Overheat Mana for 3 s on skill use duing Extreme Overheat
Overheat Mana
Max Stacks 10
+40% Resource Cost per stack
+20% Physical DMG per Stack

(희귀 등급 효과) +20% Area DMG
(희귀 등급 효과) +10% Area of Effect

(전설 등급 효과) +50% Area DMG
(전설 등급 효과) +20% Area of Effect
(전설 등급 효과) +2 Projectile Count","Mana Cost 21
Triggers Immediately
Physical Element
Pierces All
Projectile Count 4
Explosion Range 180
Physical DMG +432
Physical DMG 306%
0.8% DMG Amplification per 1% Overheat Accumulation
10% DMG Dampening when hitting the same target repeatedly
Gain Overheat Mana for 3 s on skill use duing Extreme Overheat
Overheat Mana
Max Stacks 10
+40% Resource Cost per stack
+20% Physical DMG per Stack

(희귀 등급 효과) +20% Area DMG
(희귀 등급 효과) +10% Area of Effect

(전설 등급 효과) +50% Area DMG
(전설 등급 효과) +20% Area of Effect
(전설 등급 효과) +2 Projectile Count","+[25-40]% Area of Effect
+[20-50]% DMG","Add Overheat tag
[15-20]% Area DMG Amplification","+[15-30] Crowd Control Rate
[2.5-5]% DMG Amplification against Crowd Controlled enemies"
,Aerial Throw,기존,Move and deal DMG within trail ,"Attack, Melee, Area of Effect, Strike, Physical, Movement, Bowgun","Mana Cost 5
Cooldown 6 s
Physical Element
+2 Max Use Count
Explosion Range 150
Physical DMG +12
Physical DMG 400%
Gain Prepare Shot effect for 1 s on hit
DMG Amplification of 7% during Prepare Shot effect.
Shares Cooldowns between Offensive Movement Skills
(마법 등급 효과) +15% Prepare Shot effect
(희귀 등급 효과) +30% Prepare Shot effect

(전설 등급 효과) +40% Prepare Shot effect","Mana Cost 18.6
Cooldown 6 s
Physical Element
+2 Max Use Count
Explosion Range 150
Physical DMG +639
Physical DMG 830%
Gain Prepare Shot effect for 1 s on hit
DMG Amplification of 7% during Prepare Shot effect.
Shares Cooldowns between Offensive Movement Skills
(마법 등급 효과) +15% Prepare Shot effect
(희귀 등급 효과) +30% Prepare Shot effect

(전설 등급 효과) +40% Prepare Shot effect",+[1-2] Max Use Count,[10-20]% Overheat Accumulation Dampening for 1 s on hit,+[7-13]% Movement Skill Rune Cooldown Recovery Speed
,,변경,Move and deal DMG within trail ,"Attack, Melee, Area of Effect, Strike, Physical, Movement, Bowgun","Mana Cost 5
Cooldown 6 s
Physical Element
+2 Max Use Count
Explosion Range 150
Physical DMG +12
Physical DMG 400%
Gain Prepare Shot effect for 1 s on hit
DMG Amplification of 7% during Prepare Shot effect.
Shares Cooldowns between Offensive Movement Skills
(마법 등급 효과) +15% Prepare Shot effect
(희귀 등급 효과) +30% Prepare Shot effect

(전설 등급 효과) +40% Prepare Shot effect","Mana Cost 18.6
Cooldown 6 s
Physical Element
+2 Max Use Count
Explosion Range 150
Physical DMG +665
Physical DMG 863%
Gain Prepare Shot effect for 1 s on hit
DMG Amplification of 7% during Prepare Shot effect.
Shares Cooldowns between Offensive Movement Skills
(마법 등급 효과) +15% Prepare Shot effect
(희귀 등급 효과) +30% Prepare Shot effect

(전설 등급 효과) +40% Prepare Shot effect",+[1-2] Max Use Count,[10-20]% Overheat Accumulation Dampening for 1 s on hit,+[7-13]% Movement Skill Rune Cooldown Recovery Speed
,Instant Acceleration,기존,Move fast and Release Accumulated Overheat ,"Attack, Movement, Bowgun","Mana Cost 3
Cooldown 5 s
+2 Max Use Count
Release 20% Overheat on skill use
Gain Shrewdness for 1 s on skill use
Shrewdness
+10% Attack Speed
10% Movement Speed Increase
Shares Cooldowns between Movement Skills
(마법 등급 효과) +5% Shrewdness effect
(희귀 등급 효과) +10% Shrewdness effect

(전설 등급 효과) +20% Shrewdness effect
(전설 등급 효과) +5% Movement Skill Rune Cooldown Recovery Speed","Mana Cost 13.2
Cooldown 5 s
+2 Max Use Count
Release 20% Overheat on skill use
Gain Shrewdness for 1 s on skill use
Shrewdness
+18.9% Attack Speed
20.2% Movement Speed Increase
Shares Cooldowns between Movement Skills
(마법 등급 효과) +5% Shrewdness effect
(희귀 등급 효과) +10% Shrewdness effect

(전설 등급 효과) +20% Shrewdness effect
(전설 등급 효과) +5% Movement Skill Rune Cooldown Recovery Speed",+[9-15]% Movement Skill Rune Cooldown Recovery Speed,"+[40-80]% Shrewdness Duration
+[5-12]% Shrewdness effect","Release 12% Overheat on skill use
Change to
+[2-8]% Movement Skill Rune Cooldown Recovery Speed
+250 Instant Acceleration Movement range"
,,변경,Move fast and Release Accumulated Overheat ,"Attack, Movement, Bowgun","Mana Cost 3
Cooldown 5 s
+2 Max Use Count
Release 20% Overheat on skill use
Gain Shrewdness for 1 s on skill use
Shrewdness
+10% Attack Speed
10% Movement Speed Increase
Shares Cooldowns between Movement Skills
(마법 등급 효과) +5% Shrewdness effect
(희귀 등급 효과) +10% Shrewdness effect

(전설 등급 효과) +20% Shrewdness effect
(전설 등급 효과) +5% Movement Skill Rune Cooldown Recovery Speed","Mana Cost 13.2
Cooldown 5 s
+2 Max Use Count
Release 20% Overheat on skill use
Gain Shrewdness for 1 s on skill use
Shrewdness
+19.7% Attack Speed
21% Movement Speed Increase
Shares Cooldowns between Movement Skills
(마법 등급 효과) +5% Shrewdness effect
(희귀 등급 효과) +10% Shrewdness effect

(전설 등급 효과) +20% Shrewdness effect
(전설 등급 효과) +5% Movement Skill Rune Cooldown Recovery Speed",+[9-15]% Movement Skill Rune Cooldown Recovery Speed,"+[40-80]% Shrewdness Duration
+[5-12]% Shrewdness effect","Release 12% Overheat on skill use
Change to
+[2-8]% Movement Skill Rune Cooldown Recovery Speed
+250 Instant Acceleration Movement range"
,Total Barrage,기존,Accumulate up to max Overheat when used to deal DMG proportionate to the remaining Overheat ,"Attack, Melee, Area of Effect, Strike, Physical, Bowgun, Overheat","Mana Cost 13
Cooldown 20 s
Physical Element
+1 Max Use Count
Strike Count 6
Area of Effect 425
Physical DMG +6
Physical DMG 97%
Accumulate 100% Overheat on skill use
+1% Area of Effect per 1% of remaining ratio until Critical Overheat Point
1.5% DMG Amplification per 1% of remaining ratio until Critical Overheat Point
DMG Amplified by 15% of Max Overheat.
Immune to Attack Speed effect
(마법 등급 효과) +30% Area DMG
(희귀 등급 효과) +70% Area DMG
(희귀 등급 효과) +1% Area of Effect per 2% of remaining ratio until Critical Overheat Point

(전설 등급 효과) +100% Area DMG
(전설 등급 효과) +1% Area of Effect per 2% of remaining ratio until Critical Overheat Point
(전설 등급 효과) 0.5% DMG Amplification per 2% of remaining ratio until Critical Overheat Point","Mana Cost 60.6
Cooldown 20 s
Physical Element
+1 Max Use Count
Strike Count 6
Area of Effect 425
Physical DMG +153
Physical DMG 258%
Accumulate 100% Overheat on skill use
+1% Area of Effect per 1% of remaining ratio until Critical Overheat Point
1.5% DMG Amplification per 1% of remaining ratio until Critical Overheat Point
DMG Amplified by 15% of Max Overheat.
Immune to Attack Speed effect
(마법 등급 효과) +30% Area DMG
(희귀 등급 효과) +70% Area DMG
(희귀 등급 효과) +1% Area of Effect per 2% of remaining ratio until Critical Overheat Point

(전설 등급 효과) +100% Area DMG
(전설 등급 효과) +1% Area of Effect per 2% of remaining ratio until Critical Overheat Point
(전설 등급 효과) 0.5% DMG Amplification per 2% of remaining ratio until Critical Overheat Point","[10-20]% Skill Rune Cooldown Dampening
+[10-25] Crowd Control Rate",[12-18]% DMG Taken Dampening for 4 s on hit,"Accumulate 50% Overheat on skill use
[15-20]% DMG Dampening"
,,변경,Accumulate up to max Overheat when used to deal DMG proportionate to the remaining Overheat ,"Attack, Melee, Area of Effect, Strike, Physical, Bowgun, Overheat","Mana Cost 13
Cooldown 20 s
Physical Element
+1 Max Use Count
Strike Count 6
Area of Effect 425
Physical DMG +6
Physical DMG 97%
Accumulate 100% Overheat on skill use
+1% Area of Effect per 1% of remaining ratio until Critical Overheat Point
1.5% DMG Amplification per 1% of remaining ratio until Critical Overheat Point
DMG Amplified by 15% of Max Overheat.
Immune to Attack Speed effect
(마법 등급 효과) +30% Area DMG
(희귀 등급 효과) +70% Area DMG
(희귀 등급 효과) +1% Area of Effect per 2% of remaining ratio until Critical Overheat Point

(전설 등급 효과) +100% Area DMG
(전설 등급 효과) +1% Area of Effect per 2% of remaining ratio until Critical Overheat Point
(전설 등급 효과) 0.5% DMG Amplification per 2% of remaining ratio until Critical Overheat Point","Mana Cost 60.6
Cooldown 20 s
Physical Element
+1 Max Use Count
Strike Count 6
Area of Effect 425
Physical DMG +159
Physical DMG 268%
Accumulate 100% Overheat on skill use
+1% Area of Effect per 1% of remaining ratio until Critical Overheat Point
1.5% DMG Amplification per 1% of remaining ratio until Critical Overheat Point
DMG Amplified by 15% of Max Overheat.
Immune to Attack Speed effect
(마법 등급 효과) +30% Area DMG
(희귀 등급 효과) +70% Area DMG
(희귀 등급 효과) +1% Area of Effect per 2% of remaining ratio until Critical Overheat Point

(전설 등급 효과) +100% Area DMG
(전설 등급 효과) +1% Area of Effect per 2% of remaining ratio until Critical Overheat Point
(전설 등급 효과) 0.5% DMG Amplification per 2% of remaining ratio until Critical Overheat Point","[10-20]% Skill Rune Cooldown Dampening
+[10-25] Crowd Control Rate",[12-18]% DMG Taken Dampening for 4 s on hit,"Accumulate 50% Overheat on skill use
[15-20]% DMG Dampening"
,Seal of Persistence,기존,Increases Maximized DMG effect of Target,"Spell, Attack Seal, Toggle","20% Resource Cost Amplification
Cooldown 3 s
Affects yourself
Max Attack Seal Activation Count 0
1% chance to deal triple Maximized DMG on hit
5% chance to deal double Maximized DMG on hit
+10% Maximized DMG
Critical Hit Disabled

(희귀 등급 효과) +10% Aura and Seal Effect

(전설 등급 효과) +25% Aura and Seal Effect","20% Resource Cost Amplification
Cooldown 3 s
Affects yourself
Max Attack Seal Activation Count 0
3% chance to deal triple Maximized DMG on hit
10% chance to deal double Maximized DMG on hit
+40% Maximized DMG
Critical Hit Disabled

(희귀 등급 효과) +10% Aura and Seal Effect

(전설 등급 효과) +25% Aura and Seal Effect","Change to Rapid Seal Skill
Duration 5 s
2% chance to deal triple Maximized DMG on hit
7.6% chance to deal double Maximized DMG on hit
+26.9% Maximized DMG
Critical Hit Disabled
Cooldown 20 s
Cost 44 Mana
Add Rapid Seal, Duration tags
Remove Toggle tag
Not affected by Active Seal Count Limit
Shares Cooldowns between Rapid Seal Skills.
Not affected by Enhance Skill Rune Effect
Change Legendary effect to the following effect
 +25% Rapid Seal Skill Rune Effect
+[10-25]% Seal Skill Rune Cooldown Recovery Speed
15% Rapid Seal Effect Dampening","Change to Aura
Affects yourself and allies
Max Attack Seal Activation Count 0
Aura Radius 250
2% chance to deal triple Maximized DMG on hit
7.6% chance to deal double Maximized DMG on hit
+26.9% Maximized DMG
Critical Hit Disabled
 +25% Aura and Seal Effect
20% Aura and Seal Effect Dampening
+[60-100]% Aura Range",+[35-50]% Aura and Seal Effect
,,변경,Increases Maximized DMG effect of Target,"Spell, Attack Seal, Toggle","20% Resource Cost Amplification
Cooldown 3 s
Affects yourself
Max Attack Seal Activation Count 0
1% chance to deal triple Maximized DMG on hit
5% chance to deal double Maximized DMG on hit
+10% Maximized DMG
Critical Hit Disabled

(희귀 등급 효과) +10% Aura and Seal Effect

(전설 등급 효과) +25% Aura and Seal Effect","20% Resource Cost Amplification
Cooldown 3 s
Affects yourself
Max Attack Seal Activation Count 0
3% chance to deal triple Maximized DMG on hit
10.4% chance to deal double Maximized DMG on hit
+41.6% Maximized DMG
Critical Hit Disabled

(희귀 등급 효과) +10% Aura and Seal Effect

(전설 등급 효과) +25% Aura and Seal Effect","Change to Rapid Seal Skill
Duration 5 s
2% chance to deal triple Maximized DMG on hit
8.6% chance to deal double Maximized DMG on hit
+30.8% Maximized DMG
Critical Hit Disabled
Cooldown 20 s
Cost 44 Mana
Add Rapid Seal, Duration tags
Remove Toggle tag
Not affected by Active Seal Count Limit
Shares Cooldowns between Rapid Seal Skills.
Not affected by Enhance Skill Rune Effect
Change Legendary effect to the following effect
 +25% Rapid Seal Skill Rune Effect
+[10-25]% Seal Skill Rune Cooldown Recovery Speed
15% Rapid Seal Effect Dampening","Change to Aura
Affects yourself and allies
Max Attack Seal Activation Count 0
Aura Radius 250
2% chance to deal triple Maximized DMG on hit
8.6% chance to deal double Maximized DMG on hit
+30.8% Maximized DMG
Critical Hit Disabled
 +25% Aura and Seal Effect
20% Aura and Seal Effect Dampening
+[60-100]% Aura Range",+[35-50]% Aura and Seal Effect
,Ogre Arrow,기존,Fires a projectile that pierces and tracks the enemy,"Attack, Strike, Poison, Projectile, Bow, ShadowCannot Multishot, Cannot Split, Cannot Chain","Mana Cost 4
Triggers Immediately
Poison Element
10% Base Speed Amplification
Pierce Count 2
Projectile Count 2
Poison DMG +26
Poison DMG 90%
20% DMG Dampening when hitting the same target repeatedly
30% DMG Increase per 1 Pierce Count (Max:  150%)
(마법 등급 효과) +60% Projectile DMG
(희귀 등급 효과) +100% Projectile DMG
(희귀 등급 효과) 5% DMG Amplification

(전설 등급 효과) +150% Projectile DMG
(전설 등급 효과) 10% DMG Amplification
(전설 등급 효과) +1 Projectile Count","Mana Cost 21
Triggers Immediately
Poison Element
10% Base Speed Amplification
Pierce Count 2
Projectile Count 2
Poison DMG +691
Poison DMG 171%
20% DMG Dampening when hitting the same target repeatedly
30% DMG Increase per 1 Pierce Count (Max:  150%)
(마법 등급 효과) +60% Projectile DMG
(희귀 등급 효과) +100% Projectile DMG
(희귀 등급 효과) 5% DMG Amplification

(전설 등급 효과) +150% Projectile DMG
(전설 등급 효과) 10% DMG Amplification
(전설 등급 효과) +1 Projectile Count","+1 Projectile Count
+[30-50]% Projectile DMG","+1 Pierce Count
+[30-50]% Projectile DMG","+125% DMG against Elites
[8-12]% DMG Amplification against Bosses
Cannot link Elite Slayer Link Rune"
,,변경,Fires a projectile that pierces and tracks the enemy,"Attack, Strike, Poison, Projectile, Bow, ShadowCannot Multishot, Cannot Split, Cannot Chain","Mana Cost 4
Triggers Immediately
Poison Element
10% Base Speed Amplification
Pierce Count 2
Projectile Count 2
Poison DMG +26
Poison DMG 90%
20% DMG Dampening when hitting the same target repeatedly
30% DMG Increase per 1 Pierce Count (Max:  150%)
(마법 등급 효과) +60% Projectile DMG
(희귀 등급 효과) +100% Projectile DMG
(희귀 등급 효과) 5% DMG Amplification

(전설 등급 효과) +150% Projectile DMG
(전설 등급 효과) 10% DMG Amplification
(전설 등급 효과) +1 Projectile Count","Mana Cost 21
Triggers Immediately
Poison Element
10% Base Speed Amplification
Pierce Count 2
Projectile Count 2
Poison DMG +719
Poison DMG 178%
20% DMG Dampening when hitting the same target repeatedly
30% DMG Increase per 1 Pierce Count (Max:  150%)
(마법 등급 효과) +60% Projectile DMG
(희귀 등급 효과) +100% Projectile DMG
(희귀 등급 효과) 5% DMG Amplification

(전설 등급 효과) +150% Projectile DMG
(전설 등급 효과) 10% DMG Amplification
(전설 등급 효과) +1 Projectile Count","+1 Projectile Count
+[30-50]% Projectile DMG","+1 Pierce Count
+[30-50]% Projectile DMG","+125% DMG against Elites
[8-12]% DMG Amplification against Bosses
Cannot link Elite Slayer Link Rune"
,Persistent Strike,기존,Increases the chance of double maximization for the duration,"Spell, Attack Enhance, Duration","Mana Cost 25
Cooldown 30 s
Duration 3 s
15% chance to deal double Maximized DMG on hit
3% chance to deal triple Maximized DMG on hit
+88% Maximized DMG
Critical Hit Disabled
Shares Cooldowns between Attack Enhance Skills
(마법 등급 효과) 2% chance to deal triple Maximized DMG on hit
(마법 등급 효과) +5% Enhance Skill Rune Effect
(희귀 등급 효과) 4% chance to deal triple Maximized DMG on hit
(희귀 등급 효과) +10% Enhance Skill Rune Effect

(전설 등급 효과) 6% chance to deal triple Maximized DMG on hit
(전설 등급 효과) +15% Enhance Skill Rune Effect","Mana Cost 52.2
Cooldown 30 s
Duration 3 s
48.6% chance to deal double Maximized DMG on hit
9.7% chance to deal triple Maximized DMG on hit
+143.5% Maximized DMG
Critical Hit Disabled
Shares Cooldowns between Attack Enhance Skills
(마법 등급 효과) 2% chance to deal triple Maximized DMG on hit
(마법 등급 효과) +5% Enhance Skill Rune Effect
(희귀 등급 효과) 4% chance to deal triple Maximized DMG on hit
(희귀 등급 효과) +10% Enhance Skill Rune Effect

(전설 등급 효과) 6% chance to deal triple Maximized DMG on hit
(전설 등급 효과) +15% Enhance Skill Rune Effect","-[30-40]% Enhance Skill Rune Resource Cost
+[5-10]% Enhance Skill Rune Cooldown Recovery Speed",+[30-50]% Enhance Skill Rune Duration,+[15-25]% Enhance Skill Rune Effect
,,변경,Increases the chance of double maximization for the duration,"Spell, Attack Enhance, Duration","Mana Cost 25
Cooldown 30 s
Duration 3 s
15% chance to deal double Maximized DMG on hit
3% chance to deal triple Maximized DMG on hit
+88% Maximized DMG
Critical Hit Disabled
Shares Cooldowns between Attack Enhance Skills
(마법 등급 효과) 2% chance to deal triple Maximized DMG on hit
(마법 등급 효과) +5% Enhance Skill Rune Effect
(희귀 등급 효과) 4% chance to deal triple Maximized DMG on hit
(희귀 등급 효과) +10% Enhance Skill Rune Effect

(전설 등급 효과) 6% chance to deal triple Maximized DMG on hit
(전설 등급 효과) +15% Enhance Skill Rune Effect","Mana Cost 52.2
Cooldown 30 s
Duration 3 s
50.5% chance to deal double Maximized DMG on hit
10.1% chance to deal triple Maximized DMG on hit
+149.2% Maximized DMG
Critical Hit Disabled
Shares Cooldowns between Attack Enhance Skills
(마법 등급 효과) 2% chance to deal triple Maximized DMG on hit
(마법 등급 효과) +5% Enhance Skill Rune Effect
(희귀 등급 효과) 4% chance to deal triple Maximized DMG on hit
(희귀 등급 효과) +10% Enhance Skill Rune Effect

(전설 등급 효과) 6% chance to deal triple Maximized DMG on hit
(전설 등급 효과) +15% Enhance Skill Rune Effect","-[30-40]% Enhance Skill Rune Resource Cost
+[5-10]% Enhance Skill Rune Cooldown Recovery Speed",+[30-50]% Enhance Skill Rune Duration,+[15-25]% Enhance Skill Rune Effect
,Dark Judgment,기존,Summons Judgment at random to your surrounding and deals damage with your highest element Buff will reset on using any skills other than Judgment,"Spell, Area of Effect, Strike, Cold, Poison, Lightning, Fire, Projectile, Cannot Convert DMGCannot Multishot, Cannot use Parallel Shot, Cannot Pierce, Cannot Split, Cannot Chain, Cannot Change Speed","Mana Cost 5
Triggers Immediately
Highest Element DMG
Projectile Count 5
Explosion Range 140
Highest Element DMG 124%
Highest Element DMG +15
10% DMG Dampening when hitting the same target repeatedly
Gain Dark Judgment effect for 10 s on hit
Max Dark Judgment Stacks 10
5% DMG Amplification per Dark Judgment stack
Reset stacks after 2 s upon reaching Max Dark Judgment stacks
Judgment of Light stack -2 on hit with 5 or more Dark Judgment and Judgment of Light stacks
-2 Resource Outburst stacks on hit at 4 or more Resource Outburst stacks
Dark Judgment buff removal on using any skills other than Judgment
Inflict Stillness on target for 1 s on hit
Max Stillness stacks 5
1.7% Element Resist Dampening per stack
Remove Stillness effect on Judgment of Light hit
-7% Elemental Particle Creation Chance of all skills with skill equipped
(Applied to Zodiac Pirate node Elementalist Zodiac.)
(마법 등급 효과) +60% Projectile DMG
(희귀 등급 효과) +100% Projectile DMG
(희귀 등급 효과) +10% Area of Effect
(희귀 등급 효과) 5% DMG Amplification

(전설 등급 효과) +130% Projectile DMG
(전설 등급 효과) +20% Area of Effect
(전설 등급 효과) 15% DMG Amplification","Mana Cost 22
Triggers Immediately
Highest Element DMG
Projectile Count 5
Explosion Range 140
Highest Element DMG 607%
Highest Element DMG +228
10% DMG Dampening when hitting the same target repeatedly
Gain Dark Judgment effect for 10 s on hit
Max Dark Judgment Stacks 10
5% DMG Amplification per Dark Judgment stack
Reset stacks after 2 s upon reaching Max Dark Judgment stacks
Judgment of Light stack -2 on hit with 5 or more Dark Judgment and Judgment of Light stacks
-2 Resource Outburst stacks on hit at 4 or more Resource Outburst stacks
Dark Judgment buff removal on using any skills other than Judgment
Inflict Stillness on target for 1 s on hit
Max Stillness stacks 5
4.5% Element Resist Dampening per stack
Remove Stillness effect on Judgment of Light hit
-7% Elemental Particle Creation Chance of all skills with skill equipped
(Applied to Zodiac Pirate node Elementalist Zodiac.)
(마법 등급 효과) +60% Projectile DMG
(희귀 등급 효과) +100% Projectile DMG
(희귀 등급 효과) +10% Area of Effect
(희귀 등급 효과) 5% DMG Amplification

(전설 등급 효과) +130% Projectile DMG
(전설 등급 효과) +20% Area of Effect
(전설 등급 효과) 15% DMG Amplification","Projectile Count +1
+[20-50]% DMG","-150 Projectile Creation Range
+[10-30]% Area of Effect","Dark Judgment effect cannot be removed upon different skill use
Change to 5 Max Dark Judgment Stacks
[5-15]% Resource Cost Dampening"
,,변경,Summons Judgment at random to your surrounding and deals damage with your highest element Buff will reset on using any skills other than Judgment,"Spell, Area of Effect, Strike, Cold, Poison, Lightning, Fire, Projectile, Cannot Convert DMGCannot Multishot, Cannot use Parallel Shot, Cannot Pierce, Cannot Split, Cannot Chain, Cannot Change Speed","Mana Cost 5
Triggers Immediately
Highest Element DMG
Projectile Count 5
Explosion Range 140
Highest Element DMG 124%
Highest Element DMG +15
10% DMG Dampening when hitting the same target repeatedly
Gain Dark Judgment effect for 10 s on hit
Max Dark Judgment Stacks 10
5% DMG Amplification per Dark Judgment stack
Reset stacks after 2 s upon reaching Max Dark Judgment stacks
Judgment of Light stack -2 on hit with 5 or more Dark Judgment and Judgment of Light stacks
-2 Resource Outburst stacks on hit at 4 or more Resource Outburst stacks
Dark Judgment buff removal on using any skills other than Judgment
Inflict Stillness on target for 1 s on hit
Max Stillness stacks 5
1.7% Element Resist Dampening per stack
Remove Stillness effect on Judgment of Light hit
-7% Elemental Particle Creation Chance of all skills with skill equipped
(Applied to Zodiac Pirate node Elementalist Zodiac.)
(마법 등급 효과) +60% Projectile DMG
(희귀 등급 효과) +100% Projectile DMG
(희귀 등급 효과) +10% Area of Effect
(희귀 등급 효과) 5% DMG Amplification

(전설 등급 효과) +130% Projectile DMG
(전설 등급 효과) +20% Area of Effect
(전설 등급 효과) 15% DMG Amplification","Mana Cost 22
Triggers Immediately
Highest Element DMG
Projectile Count 5
Explosion Range 140
Highest Element DMG 631%
Highest Element DMG +237
10% DMG Dampening when hitting the same target repeatedly
Gain Dark Judgment effect for 10 s on hit
Max Dark Judgment Stacks 10
5% DMG Amplification per Dark Judgment stack
Reset stacks after 2 s upon reaching Max Dark Judgment stacks
Judgment of Light stack -2 on hit with 5 or more Dark Judgment and Judgment of Light stacks
-2 Resource Outburst stacks on hit at 4 or more Resource Outburst stacks
Dark Judgment buff removal on using any skills other than Judgment
Inflict Stillness on target for 1 s on hit
Max Stillness stacks 5
4.7% Element Resist Dampening per stack
Remove Stillness effect on Judgment of Light hit
-7% Elemental Particle Creation Chance of all skills with skill equipped
(Applied to Zodiac Pirate node Elementalist Zodiac.)
(마법 등급 효과) +60% Projectile DMG
(희귀 등급 효과) +100% Projectile DMG
(희귀 등급 효과) +10% Area of Effect
(희귀 등급 효과) 5% DMG Amplification

(전설 등급 효과) +130% Projectile DMG
(전설 등급 효과) +20% Area of Effect
(전설 등급 효과) 15% DMG Amplification","Projectile Count +1
+[20-50]% DMG","-150 Projectile Creation Range
+[10-30]% Area of Effect","Dark Judgment effect cannot be removed upon different skill use
Change to 5 Max Dark Judgment Stacks
[5-15]% Resource Cost Dampening"
,"Hazy Melody (Low Tone, High Tone)",기존,"The stance applied to minions are changed whenever a skill is used.
Enhances the Rune Knight's Authority during Melody Low Tone.
Enhances the Rune Knight and weakens Abysslings during Melody High Tone and the Rune Knight periodically absorbs nearby Abysslings. Additional fusion occurs when an Abyssling of an identical element is absorbed.
An Abyss Knight is summoned upon fusing 3 times","Spell, Attack Enhance, Defense Enhance, Toggle, Toggle Effect","15% Resource Cost Amplification
Cooldown 2 s
Max Abyssling Summon Count per Rune Knight Fusion Stack -1
Hazy Melody Low Tone Effect
+11.5% Rune Knight's Authority Effect
Hazy Melody High Tone Effect
10% Rune Knight DMG Amplification
15% Abyssling DMG Dampening
(마법 등급 효과) +5% High Tone Effect
(마법 등급 효과) +5% Low Tone Effect
(희귀 등급 효과) +15% High Tone Effect
(희귀 등급 효과) +15% Low Tone Effect

(전설 등급 효과) +30% High Tone Effect
(전설 등급 효과) +30% Low Tone Effect","15% Resource Cost Amplification
Cooldown 2 s
Max Abyssling Summon Count per Rune Knight Fusion Stack -1
Hazy Melody Low Tone Effect
+230% Rune Knight's Authority Effect
Hazy Melody High Tone Effect
55.5% Rune Knight DMG Amplification
15% Abyssling DMG Dampening
(마법 등급 효과) +5% High Tone Effect
(마법 등급 효과) +5% Low Tone Effect
(희귀 등급 효과) +15% High Tone Effect
(희귀 등급 효과) +15% Low Tone Effect

(전설 등급 효과) +30% High Tone Effect
(전설 등급 효과) +30% Low Tone Effect","+[10-5]% Enhance Skill Rune Resource Cost
+[5-15]% High Tone Effect","Increases Max Abyssling Summon Count during High Tone of Hazy Melody
+1 Max Abyssling Summon Count
[10-25]% Minion Skill Cooldown Dampening","+[10-5]% Enhance Skill Rune Resource Cost
+[5-15]% Low Tone Effect"
,,변경,"The stance applied to minions are changed whenever a skill is used.
Enhances the Rune Knight's Authority during Melody Low Tone.
Enhances the Rune Knight and weakens Abysslings during Melody High Tone and the Rune Knight periodically absorbs nearby Abysslings. Additional fusion occurs when an Abyssling of an identical element is absorbed.
An Abyss Knight is summoned upon fusing 3 times","Spell, Attack Enhance, Defense Enhance, Toggle, Toggle Effect","15% Resource Cost Amplification
Cooldown 2 s
Max Abyssling Summon Count per Rune Knight Fusion Stack -1
Hazy Melody Low Tone Effect
+11.5% Rune Knight's Authority Effect
Hazy Melody High Tone Effect
10% Rune Knight DMG Amplification
15% Abyssling DMG Dampening
(마법 등급 효과) +5% High Tone Effect
(마법 등급 효과) +5% Low Tone Effect
(희귀 등급 효과) +15% High Tone Effect
(희귀 등급 효과) +15% Low Tone Effect

(전설 등급 효과) +30% High Tone Effect
(전설 등급 효과) +30% Low Tone Effect","15% Resource Cost Amplification
Cooldown 2 s
Max Abyssling Summon Count per Rune Knight Fusion Stack -1
Hazy Melody Low Tone Effect
+239.2% Rune Knight's Authority Effect
Hazy Melody High Tone Effect
57.7% Rune Knight DMG Amplification
15% Abyssling DMG Dampening
(마법 등급 효과) +5% High Tone Effect
(마법 등급 효과) +5% Low Tone Effect
(희귀 등급 효과) +15% High Tone Effect
(희귀 등급 효과) +15% Low Tone Effect

(전설 등급 효과) +30% High Tone Effect
(전설 등급 효과) +30% Low Tone Effect","+[10-5]% Enhance Skill Rune Resource Cost
+[5-15]% High Tone Effect","Increases Max Abyssling Summon Count during High Tone of Hazy Melody
+1 Max Abyssling Summon Count
[10-25]% Minion Skill Cooldown Dampening","+[10-5]% Enhance Skill Rune Resource Cost
+[5-15]% Low Tone Effect"
,Summon Deadly Poison Rune Knight,기존,"Deadly Poison Rune Knight has the Spell, Strike, Area of Effect, Poison, Melee tags.
Summons a Rune Knight of Poison that periodically breathes Poison Fire and enhances DoT of nearby Abysslings.
The Rune Knight periodically absorbs an Abyssling during Melody High Tone and additional fusion occurs when an Abyssling of an identical element is absorbed.
An Abyss Knight is summoned upon fusing 3 times.
Has a maintenance cost upon summoning","Spell, Minion, Rune Knight","Mana Cost 50
Cooldown 40 s
Poison Element
Summon Level 1
Summon Count 1
Max Summon Count 1
Basic Attack DMG 85% (Spell, Melee, Poison, Strike, Area of Effect)
Earth Blow DMG 160% (Spell, Melee, Poison, Strike, Area of Effect)
Thorn Poison DoT 52% (Spell, Projectile, Poison, DoT)
+0.5% Rune Knight HP
Periodically grants Knight's Authority to Abyssling
+25.2% Abyssling DoT
(마법 등급 효과) +60% Rune Knight HP
(마법 등급 효과) +50% Rune Knight DMG
(희귀 등급 효과) +105% Rune Knight HP
(희귀 등급 효과) +100% Rune Knight DMG

(전설 등급 효과) +155% Rune Knight HP
(전설 등급 효과) +150% Rune Knight DMG","Mana Cost 152
Cooldown 40 s
Poison Element
Summon Level 110
Summon Count 1
Max Summon Count 1
Basic Attack DMG 175% (Spell, Melee, Poison, Strike, Area of Effect)
Earth Blow DMG 338% (Spell, Melee, Poison, Strike, Area of Effect)
Thorn Poison DoT 84% (Spell, Projectile, Poison, DoT)
+56.8% Rune Knight HP
Periodically grants Knight's Authority to Abyssling
+69.2% Abyssling DoT
(마법 등급 효과) +60% Rune Knight HP
(마법 등급 효과) +50% Rune Knight DMG
(희귀 등급 효과) +105% Rune Knight HP
(희귀 등급 효과) +100% Rune Knight DMG

(전설 등급 효과) +155% Rune Knight HP
(전설 등급 효과) +150% Rune Knight DMG","+[25-50]% Minion Area of Effect
+[50-80]% Rune Knight DMG
Enlargement",+[30-50]% Rune Knight's Authority Effect,"25% Minion DMG Dampening
[16.4-19]% DMG Taken by Minions Decrease
Add +[20-30]% Minion Armor effect to Knight's Authority"
,,변경,"Deadly Poison Rune Knight has the Spell, Strike, Area of Effect, Poison, Melee tags.
Summons a Rune Knight of Poison that periodically breathes Poison Fire and enhances DoT of nearby Abysslings.
The Rune Knight periodically absorbs an Abyssling during Melody High Tone and additional fusion occurs when an Abyssling of an identical element is absorbed.
An Abyss Knight is summoned upon fusing 3 times.
Has a maintenance cost upon summoning","Spell, Minion, Rune Knight","Mana Cost 50
Cooldown 40 s
Poison Element
Summon Level 1
Summon Count 1
Max Summon Count 1
Basic Attack DMG 85% (Spell, Melee, Poison, Strike, Area of Effect)
Earth Blow DMG 160% (Spell, Melee, Poison, Strike, Area of Effect)
Thorn Poison DoT 52% (Spell, Projectile, Poison, DoT)
+0.5% Rune Knight HP
Periodically grants Knight's Authority to Abyssling
+25.2% Abyssling DoT
(마법 등급 효과) +60% Rune Knight HP
(마법 등급 효과) +50% Rune Knight DMG
(희귀 등급 효과) +105% Rune Knight HP
(희귀 등급 효과) +100% Rune Knight DMG

(전설 등급 효과) +155% Rune Knight HP
(전설 등급 효과) +150% Rune Knight DMG","Mana Cost 152
Cooldown 40 s
Poison Element
Summon Level 110
Summon Count 1
Max Summon Count 1
Basic Attack DMG 182% (Spell, Melee, Poison, Strike, Area of Effect)
Earth Blow DMG 352% (Spell, Melee, Poison, Strike, Area of Effect)
Thorn Poison DoT 88% (Spell, Projectile, Poison, DoT)
+56.8% Rune Knight HP
Periodically grants Knight's Authority to Abyssling
+72% Abyssling DoT
(마법 등급 효과) +60% Rune Knight HP
(마법 등급 효과) +50% Rune Knight DMG
(희귀 등급 효과) +105% Rune Knight HP
(희귀 등급 효과) +100% Rune Knight DMG

(전설 등급 효과) +155% Rune Knight HP
(전설 등급 효과) +150% Rune Knight DMG","+[25-50]% Minion Area of Effect
+[50-80]% Rune Knight DMG
Enlargement",+[30-50]% Rune Knight's Authority Effect,"25% Minion DMG Dampening
[16.4-19]% DMG Taken by Minions Decrease
Add +[20-30]% Minion Armor effect to Knight's Authority"
,Bursting Abyss Knight,기존,"Bursting Abyss Knight inherits Bursting Rune Knight's stats and has the Spell, Melee, Strike, Area of Effect, Fire tags.
Abyss Knights receive all effects that are applied to Rune Knights
Gains Fusion effect upon absorbing a Fire Orb Abyssling
Has a maintenance cost upon summoning","Spell, Minion, Rune Knight","Mana Cost 50
Cooldown 40 s
Fusion
Fusion Max Stacks: 3
Fusion Lv. 1 Duration 60 s
75% DMG Amplification
15% DMG Taken Dampening
5% HP Amplification
Fusion Lv. 2 Duration 40 s
75% DMG Amplification
15% DMG Taken Dampening
10% HP Amplification
Fusion Lv. 3 Duration 20 s
75% DMG Amplification
15% DMG Taken Dampening
20% HP Amplification
Skill Info
Basic Attack DMG 62% (Spell, Melee, Fire, Strike, Area of Effect)
Area of Effect 450
Bursting Charge DMG 125% (Spell, Melee, Fire, Strike, Area of Effect)
Area of Effect 500
Bursting Release DMG 125% (Spell, Projectile, Fire, Strike, Area of Effect)
Projectile Count 13
Bursting Strength Aura DMG 20% (Spell, Fire)
Bursting Power Fire Penetration +20%



","Mana Cost 152
Cooldown 40 s
Fusion
Fusion Max Stacks: 3
Fusion Lv. 1 Duration 60 s
75% DMG Amplification
15% DMG Taken Dampening
5% HP Amplification
Fusion Lv. 2 Duration 40 s
75% DMG Amplification
15% DMG Taken Dampening
10% HP Amplification
Fusion Lv. 3 Duration 20 s
75% DMG Amplification
15% DMG Taken Dampening
20% HP Amplification
Skill Info
Basic Attack DMG 1646% (Spell, Melee, Fire, Strike, Area of Effect)
Area of Effect 450
Bursting Charge DMG 1880% (Spell, Melee, Fire, Strike, Area of Effect)
Area of Effect 500
Bursting Release DMG 2280% (Spell, Projectile, Fire, Strike, Area of Effect)
Projectile Count 13
Bursting Strength Aura DMG 220% (Spell, Fire)
Bursting Power Fire Penetration +20%



",,,
,,변경,"Bursting Abyss Knight inherits Bursting Rune Knight's stats and has the Spell, Melee, Strike, Area of Effect, Fire tags.
Abyss Knights receive all effects that are applied to Rune Knights
Gains Fusion effect upon absorbing a Fire Orb Abyssling
Has a maintenance cost upon summoning","Spell, Minion, Rune Knight","Mana Cost 50
Cooldown 40 s
Fusion
Fusion Max Stacks: 3
Fusion Lv. 1 Duration 60 s
75% DMG Amplification
15% DMG Taken Dampening
5% HP Amplification
Fusion Lv. 2 Duration 40 s
75% DMG Amplification
15% DMG Taken Dampening
10% HP Amplification
Fusion Lv. 3 Duration 20 s
75% DMG Amplification
15% DMG Taken Dampening
20% HP Amplification
Skill Info
Basic Attack DMG 62% (Spell, Melee, Fire, Strike, Area of Effect)
Area of Effect 450
Bursting Charge DMG 125% (Spell, Melee, Fire, Strike, Area of Effect)
Area of Effect 500
Bursting Release DMG 125% (Spell, Projectile, Fire, Strike, Area of Effect)
Projectile Count 13
Bursting Strength Aura DMG 20% (Spell, Fire)
Bursting Power Fire Penetration +20%



","Mana Cost 152
Cooldown 40 s
Fusion
Fusion Max Stacks: 3
Fusion Lv. 1 Duration 60 s
75% DMG Amplification
15% DMG Taken Dampening
5% HP Amplification
Fusion Lv. 2 Duration 40 s
75% DMG Amplification
15% DMG Taken Dampening
10% HP Amplification
Fusion Lv. 3 Duration 20 s
75% DMG Amplification
15% DMG Taken Dampening
20% HP Amplification
Skill Info
Basic Attack DMG 1712% (Spell, Melee, Fire, Strike, Area of Effect)
Area of Effect 450
Bursting Charge DMG 1955% (Spell, Melee, Fire, Strike, Area of Effect)
Area of Effect 500
Bursting Release DMG 2371% (Spell, Projectile, Fire, Strike, Area of Effect)
Projectile Count 13
Bursting Strength Aura DMG 229% (Spell, Fire)
Bursting Power Fire Penetration +20%



",,,
,Arctic Abyss Knight,기존,"Arctic Abyss Knight inherits Arctic Rune Knight's stats and has the Spell, Melee, Strike, Area of Effect, Cold tags.
Abyss Knights receive all effects that are applied to Rune Knights
Gains Fusion effect upon absorbing a Snow Orb Abyssling
Has a maintenance cost upon summoning","Spell, Minion, Rune Knight","Mana Cost 50
Cooldown 40 s
Fusion
Fusion Max Stacks: 3
Fusion Lv. 1 Duration 60 s
75% DMG Amplification
15% DMG Taken Dampening
5% HP Amplification
Fusion Lv. 2 Duration 40 s
75% DMG Amplification
15% DMG Taken Dampening
10% HP Amplification
Fusion Lv. 3 Duration 20 s
75% DMG Amplification
15% DMG Taken Dampening
20% HP Amplification
Skill Info
Basic Attack DMG 62% (Spell, Melee, Cold, Strike, Area of Effect)
Area of Effect 400
Arctic Judgment DMG 62% (Spell, Melee, Cold, Strike, Area of Effect)
Area of Effect 500
Arctic Blow DMG 125% (Spell, Cold, Strike, Area of Effect)
Area of Effect 300
Arctic Strength Aura DMG 20% (Spell, Cold)
Arctic Power Cold Penetration +20%



","Mana Cost 152
Cooldown 40 s
Fusion
Fusion Max Stacks: 3
Fusion Lv. 1 Duration 60 s
75% DMG Amplification
15% DMG Taken Dampening
5% HP Amplification
Fusion Lv. 2 Duration 40 s
75% DMG Amplification
15% DMG Taken Dampening
10% HP Amplification
Fusion Lv. 3 Duration 20 s
75% DMG Amplification
15% DMG Taken Dampening
20% HP Amplification
Skill Info
Basic Attack DMG 1646% (Spell, Melee, Cold, Strike, Area of Effect)
Area of Effect 400
Arctic Judgment DMG 1412% (Spell, Melee, Cold, Strike, Area of Effect)
Area of Effect 500
Arctic Blow DMG 1872% (Spell, Cold, Strike, Area of Effect)
Area of Effect 300
Arctic Strength Aura DMG 220% (Spell, Cold)
Arctic Power Cold Penetration +20%



",,,
,,변경,"Arctic Abyss Knight inherits Arctic Rune Knight's stats and has the Spell, Melee, Strike, Area of Effect, Cold tags.
Abyss Knights receive all effects that are applied to Rune Knights
Gains Fusion effect upon absorbing a Snow Orb Abyssling
Has a maintenance cost upon summoning","Spell, Minion, Rune Knight","Mana Cost 50
Cooldown 40 s
Fusion
Fusion Max Stacks: 3
Fusion Lv. 1 Duration 60 s
75% DMG Amplification
15% DMG Taken Dampening
5% HP Amplification
Fusion Lv. 2 Duration 40 s
75% DMG Amplification
15% DMG Taken Dampening
10% HP Amplification
Fusion Lv. 3 Duration 20 s
75% DMG Amplification
15% DMG Taken Dampening
20% HP Amplification
Skill Info
Basic Attack DMG 62% (Spell, Melee, Cold, Strike, Area of Effect)
Area of Effect 400
Arctic Judgment DMG 62% (Spell, Melee, Cold, Strike, Area of Effect)
Area of Effect 500
Arctic Blow DMG 125% (Spell, Cold, Strike, Area of Effect)
Area of Effect 300
Arctic Strength Aura DMG 20% (Spell, Cold)
Arctic Power Cold Penetration +20%



","Mana Cost 152
Cooldown 40 s
Fusion
Fusion Max Stacks: 3
Fusion Lv. 1 Duration 60 s
75% DMG Amplification
15% DMG Taken Dampening
5% HP Amplification
Fusion Lv. 2 Duration 40 s
75% DMG Amplification
15% DMG Taken Dampening
10% HP Amplification
Fusion Lv. 3 Duration 20 s
75% DMG Amplification
15% DMG Taken Dampening
20% HP Amplification
Skill Info
Basic Attack DMG 1712% (Spell, Melee, Cold, Strike, Area of Effect)
Area of Effect 400
Arctic Judgment DMG 1468% (Spell, Melee, Cold, Strike, Area of Effect)
Area of Effect 500
Arctic Blow DMG 1947% (Spell, Cold, Strike, Area of Effect)
Area of Effect 300
Arctic Strength Aura DMG 229% (Spell, Cold)
Arctic Power Cold Penetration +20%



",,,
,Lightning Abyss Knight,기존,"Lightning Abyss Knight inherits Lightning Rune Knight's stats and has the Spell, Strike, Area of Effect, Lightning tags.
Abyss Knights receive all effects that are applied to Rune Knights
Gains Fusion effect upon absorbing a Lightning Arrow Abyssling
Has a maintenance cost upon summoning","Spell, Minion, Rune Knight","Mana Cost 50
Cooldown 40 s
Fusion
Fusion Max Stacks: 3
Fusion Lv. 1 Duration 60 s
75% DMG Amplification
15% DMG Taken Dampening
5% HP Amplification
Fusion Lv. 2 Duration 40 s
75% DMG Amplification
15% DMG Taken Dampening
10% HP Amplification
Fusion Lv. 3 Duration 20 s
75% DMG Amplification
15% DMG Taken Dampening
20% HP Amplification
Skill Info
Basic Attack DMG 62% (Spell, Lightning, Strike, Area of Effect)
Area of Effect 1200
Electric Area DMG 62% (Spell, Lightning, Strike, Area of Effect)
Explosion Range 400
Electric Judgment DMG 62% (Spell, Lightning, Strike, Area of Effect)
Explosion Range 100
Electric Strength Aura DMG 20% (Spell, Lightning)
Electric Power Lightning Penetration +20%



","Mana Cost 152
Cooldown 40 s
Fusion
Fusion Max Stacks: 3
Fusion Lv. 1 Duration 60 s
75% DMG Amplification
15% DMG Taken Dampening
5% HP Amplification
Fusion Lv. 2 Duration 40 s
75% DMG Amplification
15% DMG Taken Dampening
10% HP Amplification
Fusion Lv. 3 Duration 20 s
75% DMG Amplification
15% DMG Taken Dampening
20% HP Amplification
Skill Info
Basic Attack DMG 1646% (Spell, Lightning, Strike, Area of Effect)
Area of Effect 1200
Electric Area DMG 1825% (Spell, Lightning, Strike, Area of Effect)
Explosion Range 400
Electric Judgment DMG 1825% (Spell, Lightning, Strike, Area of Effect)
Explosion Range 100
Electric Strength Aura DMG 220% (Spell, Lightning)
Electric Power Lightning Penetration +20%



",,,
,,변경,"Lightning Abyss Knight inherits Lightning Rune Knight's stats and has the Spell, Strike, Area of Effect, Lightning tags.
Abyss Knights receive all effects that are applied to Rune Knights
Gains Fusion effect upon absorbing a Lightning Arrow Abyssling
Has a maintenance cost upon summoning","Spell, Minion, Rune Knight","Mana Cost 50
Cooldown 40 s
Fusion
Fusion Max Stacks: 3
Fusion Lv. 1 Duration 60 s
75% DMG Amplification
15% DMG Taken Dampening
5% HP Amplification
Fusion Lv. 2 Duration 40 s
75% DMG Amplification
15% DMG Taken Dampening
10% HP Amplification
Fusion Lv. 3 Duration 20 s
75% DMG Amplification
15% DMG Taken Dampening
20% HP Amplification
Skill Info
Basic Attack DMG 62% (Spell, Lightning, Strike, Area of Effect)
Area of Effect 1200
Electric Area DMG 62% (Spell, Lightning, Strike, Area of Effect)
Explosion Range 400
Electric Judgment DMG 62% (Spell, Lightning, Strike, Area of Effect)
Explosion Range 100
Electric Strength Aura DMG 20% (Spell, Lightning)
Electric Power Lightning Penetration +20%



","Mana Cost 152
Cooldown 40 s
Fusion
Fusion Max Stacks: 3
Fusion Lv. 1 Duration 60 s
75% DMG Amplification
15% DMG Taken Dampening
5% HP Amplification
Fusion Lv. 2 Duration 40 s
75% DMG Amplification
15% DMG Taken Dampening
10% HP Amplification
Fusion Lv. 3 Duration 20 s
75% DMG Amplification
15% DMG Taken Dampening
20% HP Amplification
Skill Info
Basic Attack DMG 1712% (Spell, Lightning, Strike, Area of Effect)
Area of Effect 1200
Electric Area DMG 1898% (Spell, Lightning, Strike, Area of Effect)
Explosion Range 400
Electric Judgment DMG 1898% (Spell, Lightning, Strike, Area of Effect)
Explosion Range 100
Electric Strength Aura DMG 229% (Spell, Lightning)
Electric Power Lightning Penetration +20%



",,,
,Deadly Poison Abyss Knight,기존,"Deadly Poison Abyss Knight inherits Deadly Poison Rune Knight's stats and has the Spell, Melee, Strike, Area of Effect, Poison tags.
Abyss Knights receive all effects that are applied to Rune Knights
Gains Fusion effect upon absorbing a Poison Arrow Abyssling
Has a maintenance cost upon summoning","Spell, Minion, Rune Knight","Mana Cost 50
Cooldown 40 s
Fusion
Fusion Max Stacks: 3
Fusion Lv. 1 Duration 60 s
75% DMG Amplification
15% DMG Taken Dampening
5% HP Amplification
Fusion Lv. 2 Duration 40 s
75% DMG Amplification
15% DMG Taken Dampening
10% HP Amplification
Fusion Lv. 3 Duration 20 s
75% DMG Amplification
15% DMG Taken Dampening
20% HP Amplification
Skill Info
Basic Attack DMG 62% (Spell, Melee, Poison, Strike, Area of Effect)
Area of Effect 450
Deadly Poison Release DMG 125% (Spell, Melee, Poison, Strike, Area of Effect)
Area of Effect 700
Explosion Range 400
Deadly Poison Charge DMG 125% (Spell, Melee, Poison, Strike, Area of Effect)
Area of Effect 500
Venomous Strength Aura DMG 20% (Spell, Poison)
Venomous Strength Poison Penetration +20%



","Mana Cost 152
Cooldown 40 s
Fusion
Fusion Max Stacks: 3
Fusion Lv. 1 Duration 60 s
75% DMG Amplification
15% DMG Taken Dampening
5% HP Amplification
Fusion Lv. 2 Duration 40 s
75% DMG Amplification
15% DMG Taken Dampening
10% HP Amplification
Fusion Lv. 3 Duration 20 s
75% DMG Amplification
15% DMG Taken Dampening
20% HP Amplification
Skill Info
Basic Attack DMG 1646% (Spell, Melee, Poison, Strike, Area of Effect)
Area of Effect 450
Deadly Poison Release DMG 2280% (Spell, Melee, Poison, Strike, Area of Effect)
Area of Effect 700
Explosion Range 400
Deadly Poison Charge DMG 1880% (Spell, Melee, Poison, Strike, Area of Effect)
Area of Effect 500
Venomous Strength Aura DMG 220% (Spell, Poison)
Venomous Strength Poison Penetration +20%



",,,
,,변경,"Deadly Poison Abyss Knight inherits Deadly Poison Rune Knight's stats and has the Spell, Melee, Strike, Area of Effect, Poison tags.
Abyss Knights receive all effects that are applied to Rune Knights
Gains Fusion effect upon absorbing a Poison Arrow Abyssling
Has a maintenance cost upon summoning","Spell, Minion, Rune Knight","Mana Cost 50
Cooldown 40 s
Fusion
Fusion Max Stacks: 3
Fusion Lv. 1 Duration 60 s
75% DMG Amplification
15% DMG Taken Dampening
5% HP Amplification
Fusion Lv. 2 Duration 40 s
75% DMG Amplification
15% DMG Taken Dampening
10% HP Amplification
Fusion Lv. 3 Duration 20 s
75% DMG Amplification
15% DMG Taken Dampening
20% HP Amplification
Skill Info
Basic Attack DMG 62% (Spell, Melee, Poison, Strike, Area of Effect)
Area of Effect 450
Deadly Poison Release DMG 125% (Spell, Melee, Poison, Strike, Area of Effect)
Area of Effect 700
Explosion Range 400
Deadly Poison Charge DMG 125% (Spell, Melee, Poison, Strike, Area of Effect)
Area of Effect 500
Venomous Strength Aura DMG 20% (Spell, Poison)
Venomous Strength Poison Penetration +20%



","Mana Cost 152
Cooldown 40 s
Fusion
Fusion Max Stacks: 3
Fusion Lv. 1 Duration 60 s
75% DMG Amplification
15% DMG Taken Dampening
5% HP Amplification
Fusion Lv. 2 Duration 40 s
75% DMG Amplification
15% DMG Taken Dampening
10% HP Amplification
Fusion Lv. 3 Duration 20 s
75% DMG Amplification
15% DMG Taken Dampening
20% HP Amplification
Skill Info
Basic Attack DMG 1712% (Spell, Melee, Poison, Strike, Area of Effect)
Area of Effect 450
Deadly Poison Release DMG 2371% (Spell, Melee, Poison, Strike, Area of Effect)
Area of Effect 700
Explosion Range 400
Deadly Poison Charge DMG 1955% (Spell, Melee, Poison, Strike, Area of Effect)
Area of Effect 500
Venomous Strength Aura DMG 229% (Spell, Poison)
Venomous Strength Poison Penetration +20%



",,,
,Wrathful Abyss Knight,기존,"Wrathful Abyss Knight inherits Wrathful Rune Knight's stats and has the Attack, Melee, Strike, Area of Effect, Physical tags.
Abyss Knights receive all effects that are applied to Rune Knights
Gains Fusion effect upon absorbing an Abyssling
Has a maintenance cost upon summoning","Spell, Minion, Rune Knight","Mana Cost 50
Cooldown 40 s
Fusion
Fusion Max Stacks: 3
Fusion Lv. 1 Duration 60 s
75% DMG Amplification
15% DMG Taken Dampening
5% HP Amplification
Fusion Lv. 2 Duration 40 s
75% DMG Amplification
15% DMG Taken Dampening
10% HP Amplification
Fusion Lv. 3 Duration 20 s
75% DMG Amplification
15% DMG Taken Dampening
20% HP Amplification
Skill Info
Basic Attack DMG 57% (Attack, Melee, Physical, Strike, Area of Effect)
Area of Effect 300
Wrathful Charge DMG 114% (Attack, Melee, Physical, Strike, Area of Effect)
Area of Effect 300
Wrathful Release DMG 114% (Attack, Melee, Physical, Strike, Area of Effect)
Area of Effect 750
Wrathful Strength Aura DMG 20% (Attack, Melee)
Wrathful Strength Armor Penetration +20%



","Mana Cost 152
Cooldown 40 s
Fusion
Fusion Max Stacks: 3
Fusion Lv. 1 Duration 60 s
75% DMG Amplification
15% DMG Taken Dampening
5% HP Amplification
Fusion Lv. 2 Duration 40 s
75% DMG Amplification
15% DMG Taken Dampening
10% HP Amplification
Fusion Lv. 3 Duration 20 s
75% DMG Amplification
15% DMG Taken Dampening
20% HP Amplification
Skill Info
Basic Attack DMG 1509% (Attack, Melee, Physical, Strike, Area of Effect)
Area of Effect 300
Wrathful Charge DMG 1716% (Attack, Melee, Physical, Strike, Area of Effect)
Area of Effect 300
Wrathful Release DMG 3790% (Attack, Melee, Physical, Strike, Area of Effect)
Area of Effect 750
Wrathful Strength Aura DMG 220% (Attack, Melee)
Wrathful Strength Armor Penetration +20%



",,,
,,변경,"Wrathful Abyss Knight inherits Wrathful Rune Knight's stats and has the Attack, Melee, Strike, Area of Effect, Physical tags.
Abyss Knights receive all effects that are applied to Rune Knights
Gains Fusion effect upon absorbing an Abyssling
Has a maintenance cost upon summoning","Spell, Minion, Rune Knight","Mana Cost 50
Cooldown 40 s
Fusion
Fusion Max Stacks: 3
Fusion Lv. 1 Duration 60 s
75% DMG Amplification
15% DMG Taken Dampening
5% HP Amplification
Fusion Lv. 2 Duration 40 s
75% DMG Amplification
15% DMG Taken Dampening
10% HP Amplification
Fusion Lv. 3 Duration 20 s
75% DMG Amplification
15% DMG Taken Dampening
20% HP Amplification
Skill Info
Basic Attack DMG 57% (Attack, Melee, Physical, Strike, Area of Effect)
Area of Effect 300
Wrathful Charge DMG 114% (Attack, Melee, Physical, Strike, Area of Effect)
Area of Effect 300
Wrathful Release DMG 114% (Attack, Melee, Physical, Strike, Area of Effect)
Area of Effect 750
Wrathful Strength Aura DMG 20% (Attack, Melee)
Wrathful Strength Armor Penetration +20%



","Mana Cost 152
Cooldown 40 s
Fusion
Fusion Max Stacks: 3
Fusion Lv. 1 Duration 60 s
75% DMG Amplification
15% DMG Taken Dampening
5% HP Amplification
Fusion Lv. 2 Duration 40 s
75% DMG Amplification
15% DMG Taken Dampening
10% HP Amplification
Fusion Lv. 3 Duration 20 s
75% DMG Amplification
15% DMG Taken Dampening
20% HP Amplification
Skill Info
Basic Attack DMG 1569% (Attack, Melee, Physical, Strike, Area of Effect)
Area of Effect 300
Wrathful Charge DMG 1785% (Attack, Melee, Physical, Strike, Area of Effect)
Area of Effect 300
Wrathful Release DMG 3942% (Attack, Melee, Physical, Strike, Area of Effect)
Area of Effect 750
Wrathful Strength Aura DMG 229% (Attack, Melee)
Wrathful Strength Armor Penetration +20%



",,,
,Fury Abyss Knight,기존,"Fury Abyss Knight inherits Fury Rune Knight's stats and has the Attack, Strike, Area of Effect, Physical tags.
Abyss Knights receive all effects that are applied to Rune Knights
Gains Fusion effect upon absorbing a Javelin Abyssling
Has a maintenance cost upon summoning","Spell, Minion, Rune Knight","Mana Cost 50
Cooldown 40 s
Fusion
Fusion Max Stacks: 3
Fusion Lv. 1 Duration 60 s
75% DMG Amplification
15% DMG Taken Dampening
5% HP Amplification
Fusion Lv. 2 Duration 40 s
75% DMG Amplification
15% DMG Taken Dampening
10% HP Amplification
Fusion Lv. 3 Duration 20 s
75% DMG Amplification
15% DMG Taken Dampening
20% HP Amplification
Skill Info
Basic Attack DMG 62% (Attack, Melee, Strike)
Area of Effect 1200
Fury Injection - Hit Rate 20% Amplification (Spell)
Fury Judgment DMG 114% (Attack, Physical, Strike, Area of Effect)
Explosion Range 150
Fury Strength Aura DMG 20% (Attack, Melee)
Fury Strength Armor Penetration +20%



","Mana Cost 152
Cooldown 40 s
Fusion
Fusion Max Stacks: 3
Fusion Lv. 1 Duration 60 s
75% DMG Amplification
15% DMG Taken Dampening
5% HP Amplification
Fusion Lv. 2 Duration 40 s
75% DMG Amplification
15% DMG Taken Dampening
10% HP Amplification
Fusion Lv. 3 Duration 20 s
75% DMG Amplification
15% DMG Taken Dampening
20% HP Amplification
Skill Info
Basic Attack DMG 1646% (Attack, Melee, Strike)
Area of Effect 1200
Fury Injection - Hit Rate 20% Amplification (Spell)
Fury Judgment DMG 2102% (Attack, Physical, Strike, Area of Effect)
Explosion Range 150
Fury Strength Aura DMG 220% (Attack, Melee)
Fury Strength Armor Penetration +20%



",,,
,,변경,"Fury Abyss Knight inherits Fury Rune Knight's stats and has the Attack, Strike, Area of Effect, Physical tags.
Abyss Knights receive all effects that are applied to Rune Knights
Gains Fusion effect upon absorbing a Javelin Abyssling
Has a maintenance cost upon summoning","Spell, Minion, Rune Knight","Mana Cost 50
Cooldown 40 s
Fusion
Fusion Max Stacks: 3
Fusion Lv. 1 Duration 60 s
75% DMG Amplification
15% DMG Taken Dampening
5% HP Amplification
Fusion Lv. 2 Duration 40 s
75% DMG Amplification
15% DMG Taken Dampening
10% HP Amplification
Fusion Lv. 3 Duration 20 s
75% DMG Amplification
15% DMG Taken Dampening
20% HP Amplification
Skill Info
Basic Attack DMG 62% (Attack, Melee, Strike)
Area of Effect 1200
Fury Injection - Hit Rate 20% Amplification (Spell)
Fury Judgment DMG 114% (Attack, Physical, Strike, Area of Effect)
Explosion Range 150
Fury Strength Aura DMG 20% (Attack, Melee)
Fury Strength Armor Penetration +20%



","Mana Cost 152
Cooldown 40 s
Fusion
Fusion Max Stacks: 3
Fusion Lv. 1 Duration 60 s
75% DMG Amplification
15% DMG Taken Dampening
5% HP Amplification
Fusion Lv. 2 Duration 40 s
75% DMG Amplification
15% DMG Taken Dampening
10% HP Amplification
Fusion Lv. 3 Duration 20 s
75% DMG Amplification
15% DMG Taken Dampening
20% HP Amplification
Skill Info
Basic Attack DMG 1712% (Attack, Melee, Strike)
Area of Effect 1200
Fury Injection - Hit Rate 20% Amplification (Spell)
Fury Judgment DMG 2186% (Attack, Physical, Strike, Area of Effect)
Explosion Range 150
Fury Strength Aura DMG 229% (Attack, Melee)
Fury Strength Armor Penetration +20%



",,,
,Thorn Explosion,기존,Attacks by summoning thorns around the target and additionally triggers an explosion attack.,"Spell, Area of Effect, Strike, Physical, ProjectileCannot Multishot, Cannot use Parallel Shot, Cannot Pierce, Cannot Split, Cannot Chain, Cannot Change Speed","Mana Cost 3
Triggers Immediately
Physical Element
+10% Area of Effect
+10 Bleed Rate
1st Thorn Attack
Explosion Range 150
Explosion Interval 0.3  s
Physical DMG 130%
Physical DMG +30
2nd Thorn Attack
Explosion Range 200
Physical DMG 485%
Physical DMG +170
(마법 등급 효과) +10% Area of Effect
(마법 등급 효과) 5% DMG Amplification against Bleeding enemies
(희귀 등급 효과) +15% Area of Effect
(희귀 등급 효과) 10% DMG Amplification against Bleeding enemies

(전설 등급 효과) +30% Area of Effect
(전설 등급 효과) 15% DMG Amplification against Bleeding enemies","Mana Cost 12.5
Triggers Immediately
Physical Element
+10% Area of Effect
+10 Bleed Rate
1st Thorn Attack
Explosion Range 150
Explosion Interval 0.3  s
Physical DMG 217%
Physical DMG +597
2nd Thorn Attack
Explosion Range 200
Physical DMG 624%
Physical DMG +692
(마법 등급 효과) +10% Area of Effect
(마법 등급 효과) 5% DMG Amplification against Bleeding enemies
(희귀 등급 효과) +15% Area of Effect
(희귀 등급 효과) 10% DMG Amplification against Bleeding enemies

(전설 등급 효과) +30% Area of Effect
(전설 등급 효과) 15% DMG Amplification against Bleeding enemies","[10-25]% DMG Amplification
[5-10]% Area of Effect Amplification","Deletes 2nd projectile attack, changes projectile number to 3
[5-10]% DMG Amplification
[5-15]% Area of Effect Amplification","+[20-25]% Bleed Chance
[15-30]% DMG Amplification against Bleeding enemies
+[5-15] Stun Rate"
,,변경,Attacks by summoning thorns around the target and additionally triggers an explosion attack.,"Spell, Area of Effect, Strike, Physical, ProjectileCannot Multishot, Cannot use Parallel Shot, Cannot Pierce, Cannot Split, Cannot Chain, Cannot Change Speed","Mana Cost 3
Triggers Immediately
Physical Element
+10% Area of Effect
+10 Bleed Rate
1st Thorn Attack
Explosion Range 150
Explosion Interval 0.3  s
Physical DMG 130%
Physical DMG +30
2nd Thorn Attack
Explosion Range 200
Physical DMG 485%
Physical DMG +170
(마법 등급 효과) +10% Area of Effect
(마법 등급 효과) 5% DMG Amplification against Bleeding enemies
(희귀 등급 효과) +15% Area of Effect
(희귀 등급 효과) 10% DMG Amplification against Bleeding enemies

(전설 등급 효과) +30% Area of Effect
(전설 등급 효과) 15% DMG Amplification against Bleeding enemies","Mana Cost 12.5
Triggers Immediately
Physical Element
+10% Area of Effect
+10 Bleed Rate
1st Thorn Attack
Explosion Range 150
Explosion Interval 0.3  s
Physical DMG 226%
Physical DMG +621
2nd Thorn Attack
Explosion Range 200
Physical DMG 649%
Physical DMG +720
(마법 등급 효과) +10% Area of Effect
(마법 등급 효과) 5% DMG Amplification against Bleeding enemies
(희귀 등급 효과) +15% Area of Effect
(희귀 등급 효과) 10% DMG Amplification against Bleeding enemies

(전설 등급 효과) +30% Area of Effect
(전설 등급 효과) 15% DMG Amplification against Bleeding enemies","[10-25]% DMG Amplification
[5-10]% Area of Effect Amplification","Deletes 2nd projectile attack, changes projectile number to 3
[5-10]% DMG Amplification
[5-15]% Area of Effect Amplification","+[20-25]% Bleed Chance
[15-30]% DMG Amplification against Bleeding enemies
+[5-15] Stun Rate"
,Trick Shot,기존,Moves forward and deals damage to an enemy behind.,"Attack, Area of Effect, Strike, Physical, Duration, Movement","Mana Cost 5
Cooldown 6 s
Physical Element
+1 Max Use Count
+30% Knockback Chance
+50% Knockback Distance
Area of Effect 400
Physical DMG 266%
Physical DMG +28
Shares Cooldowns between Offensive Movement Skills
(마법 등급 효과) +20% Knockback Chance
(마법 등급 효과) +10% Knockback Distance
(마법 등급 효과) +60% Area of Effect
(희귀 등급 효과) +45% Knockback Chance
(희귀 등급 효과) +30% Knockback Distance
(희귀 등급 효과) +90% Area of Effect

(전설 등급 효과) +60% Knockback Chance
(전설 등급 효과) +50% Knockback Distance
(전설 등급 효과) +120% Area of Effect
(전설 등급 효과) +1 Max Use Count","Mana Cost 18.6
Cooldown 4 s
Physical Element
+1 Max Use Count
+30% Knockback Chance
+50% Knockback Distance
Area of Effect 400
Physical DMG 615%
Physical DMG +514
Shares Cooldowns between Offensive Movement Skills
(마법 등급 효과) +20% Knockback Chance
(마법 등급 효과) +10% Knockback Distance
(마법 등급 효과) +60% Area of Effect
(희귀 등급 효과) +45% Knockback Chance
(희귀 등급 효과) +30% Knockback Distance
(희귀 등급 효과) +90% Area of Effect

(전설 등급 효과) +60% Knockback Chance
(전설 등급 효과) +50% Knockback Distance
(전설 등급 효과) +120% Area of Effect
(전설 등급 효과) +1 Max Use Count","Gain Acceleration effect for 3 s at a 100% chance upon hitting an enemy
+70% Acceleration Effect","Inflict Disturb effect for 3 s at a 100% chance upon hitting an enemy
+[80-100]% Disturb Effect
+[15-20]% Movement Skill Rune Cooldown Recovery Speed
+[70-90]% Area of Effect
Cannot link Disturb Link Rune","+1 Max Use Count
[10-15]% Skill Rune Cooldown Amplification
15% chance to reset Cooldown upon using a skill"
,,변경,Moves forward and deals damage to an enemy behind.,"Attack, Area of Effect, Strike, Physical, Duration, Movement","Mana Cost 5
Cooldown 6 s
Physical Element
+1 Max Use Count
+30% Knockback Chance
+50% Knockback Distance
Area of Effect 400
Physical DMG 266%
Physical DMG +28
Shares Cooldowns between Offensive Movement Skills
(마법 등급 효과) +20% Knockback Chance
(마법 등급 효과) +10% Knockback Distance
(마법 등급 효과) +60% Area of Effect
(희귀 등급 효과) +45% Knockback Chance
(희귀 등급 효과) +30% Knockback Distance
(희귀 등급 효과) +90% Area of Effect

(전설 등급 효과) +60% Knockback Chance
(전설 등급 효과) +50% Knockback Distance
(전설 등급 효과) +120% Area of Effect
(전설 등급 효과) +1 Max Use Count","Mana Cost 18.6
Cooldown 4 s
Physical Element
+1 Max Use Count
+30% Knockback Chance
+50% Knockback Distance
Area of Effect 400
Physical DMG 640%
Physical DMG +535
Shares Cooldowns between Offensive Movement Skills
(마법 등급 효과) +20% Knockback Chance
(마법 등급 효과) +10% Knockback Distance
(마법 등급 효과) +60% Area of Effect
(희귀 등급 효과) +45% Knockback Chance
(희귀 등급 효과) +30% Knockback Distance
(희귀 등급 효과) +90% Area of Effect

(전설 등급 효과) +60% Knockback Chance
(전설 등급 효과) +50% Knockback Distance
(전설 등급 효과) +120% Area of Effect
(전설 등급 효과) +1 Max Use Count","Gain Acceleration effect for 3 s at a 100% chance upon hitting an enemy
+70% Acceleration Effect","Inflict Disturb effect for 3 s at a 100% chance upon hitting an enemy
+[80-100]% Disturb Effect
+[15-20]% Movement Skill Rune Cooldown Recovery Speed
+[70-90]% Area of Effect
Cannot link Disturb Link Rune","+1 Max Use Count
[10-15]% Skill Rune Cooldown Amplification
15% chance to reset Cooldown upon using a skill"
,Black Plague,기존,"Moves toward the control direction while channeling, forming an area of Black Plague around yourself. Inflicts additional DMG according to the number of Black Plague stacks. However, Great Plague is not caused when Channeling is canceled by Movement Skills or Crowd Control effects.","Spell, Area of Effect, Channel, Strike, Poison","HP Cost 3
Triggers Immediately
Poison Element
1st DMG
Area of Effect 350
Poison DMG 160%
Poison DMG +58
+10% Venom Chance
30% Trigger Skill DMG Dampening
20% chance to inflict Black Plague effect to Target for 5s
Black Plague Effect
Poison Resist decreases by -7 per stack.
Remove all Black Plague stacks when channeling ends. Inflict Great Plague with DMG exponentially multiplied by the number of stacks
Great Plague
Area of Effect 75
Poison DMG 160%
Poison DMG +58
(마법 등급 효과) 35% Movement Speed Dampening
(마법 등급 효과) +5% Black Plague Effect
(희귀 등급 효과) 30% Movement Speed Dampening
(희귀 등급 효과) +10% Black Plague Effect
(희귀 등급 효과) 10% DMG Amplification against enemies affected by Venom

(전설 등급 효과) 25% Movement Speed Dampening
(전설 등급 효과) +15% Black Plague Effect
(전설 등급 효과) 15% DMG Amplification against enemies affected by Venom","HP Cost 16.6
Triggers Immediately
Poison Element
1st DMG
Area of Effect 350
Poison DMG 462%
Poison DMG +498
+10% Venom Chance
30% Trigger Skill DMG Dampening
20% chance to inflict Black Plague effect to Target for 5s
Black Plague Effect
Poison Resist decreases by -7 per stack.
Remove all Black Plague stacks when channeling ends. Inflict Great Plague with DMG exponentially multiplied by the number of stacks
Great Plague
Area of Effect 75
Poison DMG 693%
Poison DMG +498
(마법 등급 효과) 35% Movement Speed Dampening
(마법 등급 효과) +5% Black Plague Effect
(희귀 등급 효과) 30% Movement Speed Dampening
(희귀 등급 효과) +10% Black Plague Effect
(희귀 등급 효과) 10% DMG Amplification against enemies affected by Venom

(전설 등급 효과) 25% Movement Speed Dampening
(전설 등급 효과) +15% Black Plague Effect
(전설 등급 효과) 15% DMG Amplification against enemies affected by Venom","Activate Great Plague Effect on Spell Hit
Remove all stacks of target with Great Plague Effect activated
+[10-30]% Strike DMG
[10-20]% Venom DMG Dampening","Gain Concentrated Area DMG Link Rune Effect
[15-25]% Area DMG Amplification
30% Area of Effect Dampening
+[5-15]% Black Plague Effect","[10-20]% Venom DMG Amplification
+[10-25]% Black Plague Effect"
,,변경,"Moves toward the control direction while channeling, forming an area of Black Plague around yourself. Inflicts additional DMG according to the number of Black Plague stacks. However, Great Plague is not caused when Channeling is canceled by Movement Skills or Crowd Control effects.","Spell, Area of Effect, Channel, Strike, Poison","HP Cost 3
Triggers Immediately
Poison Element
1st DMG
Area of Effect 350
Poison DMG 160%
Poison DMG +58
30% Movement Speed Dampening
+10% Venom Chance
30% Trigger Skill DMG Dampening
20% chance to inflict Black Plague effect to Target for 5s
Black Plague Effect
Poison Resist decreases by -7 per stack.
Remove all Black Plague stacks when channeling ends. Inflict Great Plague with DMG exponentially multiplied by the number of stacks
Great Plague
Area of Effect 75
Poison DMG 160%
Poison DMG +58
(마법 등급 효과) 35% Movement Speed Dampening
(마법 등급 효과) +5% Black Plague Effect
(희귀 등급 효과) 30% Movement Speed Dampening
(희귀 등급 효과) +10% Black Plague Effect
(희귀 등급 효과) 10% DMG Amplification against enemies affected by Venom

(전설 등급 효과) 25% Movement Speed Dampening
(전설 등급 효과) +15% Black Plague Effect
(전설 등급 효과) 15% DMG Amplification against enemies affected by Venom","HP Cost 16.6
Triggers Immediately
Poison Element
1st DMG
Area of Effect 350
Poison DMG 480%
Poison DMG +518
30% Movement Speed Dampening
+10% Venom Chance
30% Trigger Skill DMG Dampening
20% chance to inflict Black Plague effect to Target for 5s
Black Plague Effect
Poison Resist decreases by -7 per stack.
Remove all Black Plague stacks when channeling ends. Inflict Great Plague with DMG exponentially multiplied by the number of stacks
Great Plague
Area of Effect 75
Poison DMG 721%
Poison DMG +518
(마법 등급 효과) 35% Movement Speed Dampening
(마법 등급 효과) +5% Black Plague Effect
(희귀 등급 효과) 30% Movement Speed Dampening
(희귀 등급 효과) +10% Black Plague Effect
(희귀 등급 효과) 10% DMG Amplification against enemies affected by Venom

(전설 등급 효과) 25% Movement Speed Dampening
(전설 등급 효과) +15% Black Plague Effect
(전설 등급 효과) 15% DMG Amplification against enemies affected by Venom","Activate Great Plague Effect on Spell Hit
Remove all stacks of target with Great Plague Effect activated
+[10-30]% Strike DMG
[10-20]% Venom DMG Dampening","Gain Concentrated Area DMG Link Rune Effect
[15-25]% Area DMG Amplification
30% Area of Effect Dampening
+[5-15]% Black Plague Effect","[10-20]% Venom DMG Amplification
+[10-25]% Black Plague Effect"
,Wings of Ignition,기존,"Summons projectiles that track enemies, and if hit, the projectiles split. The split projectiles then track new targets.","Spell, Strike, Fire, ProjectileCannot Multishot, Cannot Pierce","Mana Cost 4
Triggers Immediately
Fire Element
Projectile Count 2
Fire DMG 180%
Fire DMG +52
Split Projectile
+2 Projectile Split Count
10% DMG Dampening when hitting the same target repeatedly
(마법 등급 효과) +30% Fire DMG
(희귀 등급 효과) +50% Fire DMG
(희귀 등급 효과) +10% Fire Penetration

(전설 등급 효과) +70% Fire DMG
(전설 등급 효과) +15% Fire Penetration
(전설 등급 효과) +1 Projectile Count","Mana Cost 21
Triggers Immediately
Fire Element
Projectile Count 2
Fire DMG 557%
Fire DMG +555
Split Projectile
+2 Projectile Split Count
10% DMG Dampening when hitting the same target repeatedly
(마법 등급 효과) +30% Fire DMG
(희귀 등급 효과) +50% Fire DMG
(희귀 등급 효과) +10% Fire Penetration

(전설 등급 효과) +70% Fire DMG
(전설 등급 효과) +15% Fire Penetration
(전설 등급 효과) +1 Projectile Count","+[1-4] Projectile Count
-1 Projectile Split Count
+1 Split Projectile Count","+1 Split Projectile Count
[5-15]% DMG Dampening","+1 Projectile Split Count
[10-20]% DMG Dampening"
,,변경,"Summons projectiles that track enemies, and if hit, the projectiles split. The split projectiles then track new targets.","Spell, Strike, Fire, ProjectileCannot Multishot, Cannot Pierce","Mana Cost 4
Triggers Immediately
Fire Element
Projectile Count 2
Fire DMG 180%
Fire DMG +52
Split Projectile
+2 Projectile Split Count
10% DMG Dampening when hitting the same target repeatedly
(마법 등급 효과) +30% Fire DMG
(희귀 등급 효과) +50% Fire DMG
(희귀 등급 효과) +10% Fire Penetration

(전설 등급 효과) +70% Fire DMG
(전설 등급 효과) +15% Fire Penetration
(전설 등급 효과) +1 Projectile Count","Mana Cost 21
Triggers Immediately
Fire Element
Projectile Count 2
Fire DMG 579%
Fire DMG +577
Split Projectile
+2 Projectile Split Count
10% DMG Dampening when hitting the same target repeatedly
(마법 등급 효과) +30% Fire DMG
(희귀 등급 효과) +50% Fire DMG
(희귀 등급 효과) +10% Fire Penetration

(전설 등급 효과) +70% Fire DMG
(전설 등급 효과) +15% Fire Penetration
(전설 등급 효과) +1 Projectile Count","+[1-4] Projectile Count
-1 Projectile Split Count
+1 Split Projectile Count","+1 Split Projectile Count
[5-15]% DMG Dampening","+1 Projectile Split Count
[10-20]% DMG Dampening"
,Vision Shift,기존,Moves forward to inflict DMG on enemies. Amplifies Resource Cost and DMG upon continuously using the skill.,"Spell, Area of Effect, Move Attack, Strike, Physical","Mana Cost 25
Cooldown 10 s
Physical Element
Physical DMG 120%
Physical DMG +60
Skill Cooldown does not decrease below 0.3 s
Gain Mana Focus on skill use
Mana Focus
Max Stacks 30
+20% DMG per Stack
Gain Overload on skill use
Overload
Max Stacks 30
5% Resource Cost per stack

(희귀 등급 효과) +50% Area DMG

(전설 등급 효과) +100% Area DMG
(전설 등급 효과) 10% Skill Rune Cooldown Dampening","Mana Cost 93
Cooldown 2.5 s
Physical Element
Physical DMG 537%
Physical DMG +1018
Skill Cooldown does not decrease below 0.3 s
Gain Mana Focus on skill use
Mana Focus
Max Stacks 30
+20% DMG per Stack
Gain Overload on skill use
Overload
Max Stacks 30
5% Resource Cost per stack

(희귀 등급 효과) +50% Area DMG

(전설 등급 효과) +100% Area DMG
(전설 등급 효과) 10% Skill Rune Cooldown Dampening","10% Skill Cooldown Dampening per 1 Movement Skill Rune Max Use Count
+[1-2] Movement Skill Rune Max Use Count","+[50-80]% Movement Skill Rune Cooldown Recovery Speed
+50% Mana Regen/Sec",[15-25]% DMG Amplification
,,변경,Moves forward to inflict DMG on enemies. Amplifies Resource Cost and DMG upon continuously using the skill.,"Spell, Area of Effect, Move Attack, Strike, Physical","Mana Cost 25
Cooldown 10 s
Physical Element
Physical DMG 120%
Physical DMG +60
Skill Cooldown does not decrease below 0.3 s
Gain Mana Focus on skill use
Mana Focus
Max Stacks 30
+20% DMG per Stack
Gain Overload on skill use
Overload
Max Stacks 30
5% Resource Cost per stack

(희귀 등급 효과) +50% Area DMG

(전설 등급 효과) +100% Area DMG
(전설 등급 효과) 10% Skill Rune Cooldown Dampening","Mana Cost 93
Cooldown 2.5 s
Physical Element
Physical DMG 558%
Physical DMG +1059
Skill Cooldown does not decrease below 0.3 s
Gain Mana Focus on skill use
Mana Focus
Max Stacks 30
+20% DMG per Stack
Gain Overload on skill use
Overload
Max Stacks 30
5% Resource Cost per stack

(희귀 등급 효과) +50% Area DMG

(전설 등급 효과) +100% Area DMG
(전설 등급 효과) 10% Skill Rune Cooldown Dampening","10% Skill Cooldown Dampening per 1 Movement Skill Rune Max Use Count
+[1-2] Movement Skill Rune Max Use Count","+[50-80]% Movement Skill Rune Cooldown Recovery Speed
+50% Mana Regen/Sec",[15-25]% DMG Amplification
,The Absolute's Hammer,기존,Throws a hammer that spirals in vortex and deals DMG to nearby enemies.,"Attack, Melee, Strike, Physical, ProjectileCannot Multishot, Cannot use Parallel Shot, Cannot Split, Cannot Chain","Mana Cost 3
Triggers Immediately
Physical Element
Pierce Count 5
Physical DMG 200%
Physical DMG +90
10% DMG Dampening when hitting the same target repeatedly
10% Attack Speed Amplification
+10% Stun Chance
3 Projectile Curve
3% DMG Amplification per +1 Projectile Count
20% chance to inflict Concussion effect to the enemy upon Attack
Max Concussion Stacks 5
Concussion Effect
1% DMG Taken by The Absolute's Hammer Amplification
(마법 등급 효과) +10% Concussion Effect
(희귀 등급 효과) +20% Concussion Effect
(희귀 등급 효과) 10% DMG Amplification against Stunned enemies

(전설 등급 효과) +30% Concussion Effect
(전설 등급 효과) 15% DMG Amplification against Stunned enemies","Mana Cost 12.5
Triggers Immediately
Physical Element
Pierce Count 5
Physical DMG 473%
Physical DMG +909
10% DMG Dampening when hitting the same target repeatedly
10% Attack Speed Amplification
+10% Stun Chance
3 Projectile Curve
3% DMG Amplification per +1 Projectile Count
20% chance to inflict Concussion effect to the enemy upon Attack
Max Concussion Stacks 5
Concussion Effect
1% DMG Taken by The Absolute's Hammer Amplification
(마법 등급 효과) +10% Concussion Effect
(희귀 등급 효과) +20% Concussion Effect
(희귀 등급 효과) 10% DMG Amplification against Stunned enemies

(전설 등급 효과) +30% Concussion Effect
(전설 등급 효과) 15% DMG Amplification against Stunned enemies","Max Concussion Stacks 5
+[10-30]% Concussion Effect","+[10-20]% Projectile Size
+[10-30]% Projectile DMG","[10-20]% Projectile Speed Dampening
+[10-30]% Projectile DMG"
,,변경,Throws a hammer that spirals in vortex and deals DMG to nearby enemies.,"Attack, Melee, Strike, Physical, ProjectileCannot Multishot, Cannot use Parallel Shot, Cannot Split, Cannot Chain","Mana Cost 3
Triggers Immediately
Physical Element
Pierce Count 5
Physical DMG 200%
Physical DMG +90
10% DMG Dampening when hitting the same target repeatedly
10% Attack Speed Amplification
+10% Stun Chance
3 Projectile Curve
3% DMG Amplification per +1 Projectile Count
20% chance to inflict Concussion effect to the enemy upon Attack
Max Concussion Stacks 5
Concussion Effect
1% DMG Taken by The Absolute's Hammer Amplification
(마법 등급 효과) +10% Concussion Effect
(희귀 등급 효과) +20% Concussion Effect
(희귀 등급 효과) 10% DMG Amplification against Stunned enemies

(전설 등급 효과) +30% Concussion Effect
(전설 등급 효과) 15% DMG Amplification against Stunned enemies","Mana Cost 12.5
Triggers Immediately
Physical Element
Pierce Count 5
Physical DMG 492%
Physical DMG +945
10% DMG Dampening when hitting the same target repeatedly
10% Attack Speed Amplification
+10% Stun Chance
3 Projectile Curve
3% DMG Amplification per +1 Projectile Count
20% chance to inflict Concussion effect to the enemy upon Attack
Max Concussion Stacks 5
Concussion Effect
1% DMG Taken by The Absolute's Hammer Amplification
(마법 등급 효과) +10% Concussion Effect
(희귀 등급 효과) +20% Concussion Effect
(희귀 등급 효과) 10% DMG Amplification against Stunned enemies

(전설 등급 효과) +30% Concussion Effect
(전설 등급 효과) 15% DMG Amplification against Stunned enemies","Max Concussion Stacks 5
+[10-30]% Concussion Effect","+[10-20]% Projectile Size
+[10-30]% Projectile DMG","[10-20]% Projectile Speed Dampening
+[10-30]% Projectile DMG"
,Lightning Slash,기존,Lightning Element Slash that hits multiple enemies at once. Cause Chain Lightning around the affected enemies. The Chain Lightning's range depends on the Weapon Range.,"Attack, Melee, Weapon Range, Strike, Lightning, Shadow","Mana Cost 4
Triggers Immediately
Lightning Element
Weapon Range 250
Lightning DMG 360%
Lightning DMG +80
Chain Lightning Range 200
Chain Lightning DMG 200%
Chain Lightning DMG +90
Chain Count 2
15% DMG Amplification against Shocked enemies
DMG 15% Dampening against enemies that are not Shocked
(마법 등급 효과) +20% DMG
(희귀 등급 효과) +40% DMG
(희귀 등급 효과) +30% Weapon Range

(전설 등급 효과) +60% DMG
(전설 등급 효과) +30% Weapon Range
(전설 등급 효과) +1 Chain Count","Mana Cost 13.5
Triggers Immediately
Lightning Element
Weapon Range 250
Lightning DMG 1182%
Lightning DMG +1137
Chain Lightning Range 200
Chain Lightning DMG 473%
Chain Lightning DMG +716
Chain Count 2
15% DMG Amplification against Shocked enemies
DMG 15% Dampening against enemies that are not Shocked
(마법 등급 효과) +20% DMG
(희귀 등급 효과) +40% DMG
(희귀 등급 효과) +30% Weapon Range

(전설 등급 효과) +60% DMG
(전설 등급 효과) +30% Weapon Range
(전설 등급 효과) +1 Chain Count","Reduce the number of slash areas to 1 but increase the range instead
[40-80]% DMG Amplification","Increase the number of slash areas by 2
+[15-30]% DMG","+[20-50]% Weapon Range
+2 Chain Count"
,,변경,Lightning Element Slash that hits multiple enemies at once. Cause Chain Lightning around the affected enemies. The Chain Lightning's range depends on the Weapon Range.,"Attack, Melee, Weapon Range, Strike, Lightning, Shadow","Mana Cost 4
Triggers Immediately
Lightning Element
Weapon Range 250
Lightning DMG 360%
Lightning DMG +80
Chain Lightning Range 200
Chain Lightning DMG 200%
Chain Lightning DMG +90
Chain Count 2
15% DMG Amplification against Shocked enemies
DMG 15% Dampening against enemies that are not Shocked
(마법 등급 효과) +20% DMG
(희귀 등급 효과) +40% DMG
(희귀 등급 효과) +30% Weapon Range

(전설 등급 효과) +60% DMG
(전설 등급 효과) +30% Weapon Range
(전설 등급 효과) +1 Chain Count","Mana Cost 13.5
Triggers Immediately
Lightning Element
Weapon Range 250
Lightning DMG 1229%
Lightning DMG +1182
Chain Lightning Range 200
Chain Lightning DMG 492%
Chain Lightning DMG +745
Chain Count 2
15% DMG Amplification against Shocked enemies
DMG 15% Dampening against enemies that are not Shocked
(마법 등급 효과) +20% DMG
(희귀 등급 효과) +40% DMG
(희귀 등급 효과) +30% Weapon Range

(전설 등급 효과) +60% DMG
(전설 등급 효과) +30% Weapon Range
(전설 등급 효과) +1 Chain Count","Reduce the number of slash areas to 1 but increase the range instead
[40-80]% DMG Amplification","Increase the number of slash areas by 2
+[15-30]% DMG","+[20-50]% Weapon Range
+2 Chain Count"
,Flash,기존,"Become invisible for a short time, and perform an Area Attack after charging in. If the target doesn't die on hit, trigger a cross-shaped additional strike around the target.","Attack, Melee, Weapon Range, Strike, Physical, Shadow","Mana Cost 4
Triggers Immediately
Physical Element
Effect Range 200
Physical DMG 274%
Physical DMG +72
Additional Strike Range 300
Additional Strike Physical DMG 285%
Additional Strike Physical DMG +86
+2% Critical Chance per 30 Weapon Range of equipped weapons
+3% Maximization Chance per 70 Weapon Range of equipped weapons
(마법 등급 효과) +50 Weapon Range
(마법 등급 효과) +20% DMG
(희귀 등급 효과) +100 Weapon Range
(희귀 등급 효과) +60% DMG
(희귀 등급 효과) +15% Armor Penetration

(전설 등급 효과) +150 Weapon Range
(전설 등급 효과) +100% DMG
(전설 등급 효과) +30% Armor Penetration","Mana Cost 13.5
Triggers Immediately
Physical Element
Effect Range 200
Physical DMG 1025%
Physical DMG +800
Additional Strike Range 300
Additional Strike Physical DMG 998%
Additional Strike Physical DMG +982
+2% Critical Chance per 30 Weapon Range of equipped weapons
+3% Maximization Chance per 70 Weapon Range of equipped weapons
(마법 등급 효과) +50 Weapon Range
(마법 등급 효과) +20% DMG
(희귀 등급 효과) +100 Weapon Range
(희귀 등급 효과) +60% DMG
(희귀 등급 효과) +15% Armor Penetration

(전설 등급 효과) +150 Weapon Range
(전설 등급 효과) +100% DMG
(전설 등급 효과) +30% Armor Penetration","[5-20]% DMG Amplification
[15-30]% Weapon Range Dampening","+[10-35]% Weapon Range
+[20-50]% DMG","The number of Additional Strikes +1
[25-40]% DMG Dampening"
,,변경,"Become invisible for a short time, and perform an Area Attack after charging in. If the target doesn't die on hit, trigger a cross-shaped additional strike around the target.","Attack, Melee, Weapon Range, Strike, Physical, Shadow","Mana Cost 4
Triggers Immediately
Physical Element
Effect Range 200
Physical DMG 274%
Physical DMG +72
Additional Strike Range 300
Additional Strike Physical DMG 285%
Additional Strike Physical DMG +86
+2% Critical Chance per 30 Weapon Range of equipped weapons
+3% Maximization Chance per 70 Weapon Range of equipped weapons
(마법 등급 효과) +50 Weapon Range
(마법 등급 효과) +20% DMG
(희귀 등급 효과) +100 Weapon Range
(희귀 등급 효과) +60% DMG
(희귀 등급 효과) +15% Armor Penetration

(전설 등급 효과) +150 Weapon Range
(전설 등급 효과) +100% DMG
(전설 등급 효과) +30% Armor Penetration","Mana Cost 13.5
Triggers Immediately
Physical Element
Effect Range 200
Physical DMG 1066%
Physical DMG +832
Additional Strike Range 300
Additional Strike Physical DMG 1038%
Additional Strike Physical DMG +1021
+2% Critical Chance per 30 Weapon Range of equipped weapons
+3% Maximization Chance per 70 Weapon Range of equipped weapons
(마법 등급 효과) +50 Weapon Range
(마법 등급 효과) +20% DMG
(희귀 등급 효과) +100 Weapon Range
(희귀 등급 효과) +60% DMG
(희귀 등급 효과) +15% Armor Penetration

(전설 등급 효과) +150 Weapon Range
(전설 등급 효과) +100% DMG
(전설 등급 효과) +30% Armor Penetration","[5-20]% DMG Amplification
[15-30]% Weapon Range Dampening","+[10-35]% Weapon Range
+[20-50]% DMG","The number of Additional Strikes +1
[25-40]% DMG Dampening"
,Wrathful Blow,기존,"Releases a burst of wrathful energy forward, dealing Physical DMG.","Spell, Melee, Weapon Range, Strike, Physical","Mana Cost 5
Triggers Immediately
Physical Element
Physical DMG 256%
Physical DMG +48
+60% Weapon Range
+100% Melee DMG



(전설 등급 효과) +15% Weapon Range
(전설 등급 효과) +100% Melee DMG
(전설 등급 효과) 3% Cast Speed Amplification
(전설 등급 효과) Increases Strike Count by 1","Mana Cost 15.2
Triggers Immediately
Physical Element
Physical DMG 604%
Physical DMG +364
+60% Weapon Range
+100% Melee DMG



(전설 등급 효과) +15% Weapon Range
(전설 등급 효과) +100% Melee DMG
(전설 등급 효과) 3% Cast Speed Amplification
(전설 등급 효과) Increases Strike Count by 1",[7-15]% DMG Amplification,"+[15-35]% Weapon Range
+[10-30]% DMG","Increases Strike Count by 1
[7-12]% DMG Dampening"
,,변경,"Releases a burst of wrathful energy forward, dealing Physical DMG.","Spell, Melee, Weapon Range, Strike, Physical","Mana Cost 5
Triggers Immediately
Physical Element
Physical DMG 256%
Physical DMG +48
+60% Weapon Range
+100% Melee DMG



(전설 등급 효과) +15% Weapon Range
(전설 등급 효과) +100% Melee DMG
(전설 등급 효과) 3% Cast Speed Amplification
(전설 등급 효과) Increases Strike Count by 1","Mana Cost 15.2
Triggers Immediately
Physical Element
Physical DMG 629%
Physical DMG +379
+60% Weapon Range
+100% Melee DMG



(전설 등급 효과) +15% Weapon Range
(전설 등급 효과) +100% Melee DMG
(전설 등급 효과) 3% Cast Speed Amplification
(전설 등급 효과) Increases Strike Count by 1",[7-15]% DMG Amplification,"+[15-35]% Weapon Range
+[10-30]% DMG","Increases Strike Count by 1
[7-12]% DMG Dampening"
,Toxic Mist,기존,"Causes a toxic explosion on the target. After the explosion, it splits into a Toxic Mist that penetrates all enemies, dealing Poison DMG.","Spell, Area of Effect, Strike, Poison, ProjectileCannot Split","Mana Cost 3
Triggers Immediately
Poison Element
+40% Venom Chance
+50% Poison DMG
Toxic Explosion
Projectile Count 1
Projectile count does not exceed 1
Explosion Range 150
Explosion range does not exceed 300
Poison DMG +5
Poison DMG +15%
Toxic Mist
Projectile Count 3
Poison DMG +60
Poison DMG +283%
(마법 등급 효과) +10% Projectile Speed
(희귀 등급 효과) +30% Projectile Speed
(희귀 등급 효과) +1 Projectile Count

(전설 등급 효과) +50% Projectile Speed
(전설 등급 효과) +2 Projectile Count
(전설 등급 효과) 10% DMG Amplification against enemies affected by Venom","Mana Cost 12.5
Triggers Immediately
Poison Element
+40% Venom Chance
+50% Poison DMG
Toxic Explosion
Projectile Count 1
Projectile count does not exceed 1
Explosion Range 150
Explosion range does not exceed 300
Poison DMG +187
Poison DMG +45%
Toxic Mist
Projectile Count 3
Poison DMG +901
Poison DMG +830%
(마법 등급 효과) +10% Projectile Speed
(희귀 등급 효과) +30% Projectile Speed
(희귀 등급 효과) +1 Projectile Count

(전설 등급 효과) +50% Projectile Speed
(전설 등급 효과) +2 Projectile Count
(전설 등급 효과) 10% DMG Amplification against enemies affected by Venom","Toxic Explosion occurs twice around the target
[40-50]% Projectile DMG Dampening","Toxic Mist projectile count does not exceed 5
Toxic Mist can hit the same target multiple times
[50-60]% Projectile DMG Dampening
[15-20]% DMG Dampening when hitting the same target repeatedly","[10-20]% Projectile DMG Amplification
+[20-40]% Projectile Speed"
,,변경,"Causes a toxic explosion on the target. After the explosion, it splits into a Toxic Mist that penetrates all enemies, dealing Poison DMG.","Spell, Area of Effect, Strike, Poison, ProjectileCannot Split","Mana Cost 3
Triggers Immediately
Poison Element
+40% Venom Chance
+50% Poison DMG
Toxic Explosion
Projectile Count 1
Projectile count does not exceed 1
Explosion Range 150
Explosion range does not exceed 300
Poison DMG +5
Poison DMG +15%
Toxic Mist
Projectile Count 3
Poison DMG +60
Poison DMG +283%
(마법 등급 효과) +10% Projectile Speed
(희귀 등급 효과) +30% Projectile Speed
(희귀 등급 효과) +1 Projectile Count

(전설 등급 효과) +50% Projectile Speed
(전설 등급 효과) +2 Projectile Count
(전설 등급 효과) 10% DMG Amplification against enemies affected by Venom","Mana Cost 12.5
Triggers Immediately
Poison Element
+40% Venom Chance
+50% Poison DMG
Toxic Explosion
Projectile Count 1
Projectile count does not exceed 1
Explosion Range 150
Explosion range does not exceed 300
Poison DMG +194
Poison DMG +721%
Toxic Mist
Projectile Count 3
Poison DMG +937
Poison DMG +960%
(마법 등급 효과) +10% Projectile Speed
(희귀 등급 효과) +30% Projectile Speed
(희귀 등급 효과) +1 Projectile Count

(전설 등급 효과) +50% Projectile Speed
(전설 등급 효과) +2 Projectile Count
(전설 등급 효과) 10% DMG Amplification against enemies affected by Venom","Toxic Explosion occurs twice around the target
[40-50]% Projectile DMG Dampening","Toxic Mist projectile count does not exceed 5
Toxic Mist can hit the same target multiple times
[50-60]% Projectile DMG Dampening
[15-20]% DMG Dampening when hitting the same target repeatedly","[10-20]% Projectile DMG Amplification
+[20-40]% Projectile Speed"
,Frost Storm,기존,Fires an arrow that explodes to create a Chilling Area. The Chilling Area deals DMG for a set amount of time,"Attack, Area of Effect, Strike, Cold, Projectile, Bow, ShadowCannot use Parallel Shot, Cannot Split, Cannot Chain","Mana Cost 4
Triggers Immediately
Cold Element
Projectile Count 1 (Max 5)
Area of Effect of Chilling Area 150
Chilling Area Duration 0.4 s
Chilling Area Explosion Frequency 0.2 s
Cold DMG +50
Cold DMG 128%
+1 Chill Rate
8% DMG Dampening when hitting the same target repeatedly
(마법 등급 효과) +30% Cold DMG
(희귀 등급 효과) +50% Cold DMG
(희귀 등급 효과) +1 Projectile Count

(전설 등급 효과) +100% Cold DMG
(전설 등급 효과) Chilling Area Duration +30%
(전설 등급 효과) +2 Projectile Count","Mana Cost 21
Triggers Immediately
Cold Element
Projectile Count 1 (Max 5)
Area of Effect of Chilling Area 150
Chilling Area Duration 0.4 s
Chilling Area Explosion Frequency 0.2 s
Cold DMG +564
Cold DMG 267%
+45 Chill Rate
8% DMG Dampening when hitting the same target repeatedly
(마법 등급 효과) +30% Cold DMG
(희귀 등급 효과) +50% Cold DMG
(희귀 등급 효과) +1 Projectile Count

(전설 등급 효과) +100% Cold DMG
(전설 등급 효과) Chilling Area Duration +30%
(전설 등급 효과) +2 Projectile Count","Projectile Creation Range -200
+[30-70]% Area of Effect","Change to Chilling Area Explosion Frequency 0.1 s
Chilling Area Duration +[30-50]%","+[20-30] Freeze Rate
+[50-70]% DMG against enemies affected by Cold Status Effect"
,,변경,Fires an arrow that explodes to create a Chilling Area. The Chilling Area deals DMG for a set amount of time,"Attack, Area of Effect, Strike, Cold, Projectile, Bow, ShadowCannot use Parallel Shot, Cannot Split, Cannot Chain","Mana Cost 4
Triggers Immediately
Cold Element
Projectile Count 1 (Max 5)
Explosion Range 150
Cold DMG +162
Cold DMG 415%
Area of Effect of Chilling Area 150
Chilling Area Duration 0.4 s
Chilling Area Explosion Frequency 0.2 s
Cold DMG +14
Cold DMG 35%
+1 Chill Rate
8% DMG Dampening when hitting the same target repeatedly
(마법 등급 효과) +30% Cold DMG
(희귀 등급 효과) +50% Cold DMG
(희귀 등급 효과) Chilling Area Duration +30%
(희귀 등급 효과) +1 Projectile Count

(전설 등급 효과) +100% Cold DMG
(전설 등급 효과) Chilling Area Duration +60%
(전설 등급 효과) +2 Projectile Count","Mana Cost 21
Triggers Immediately
Cold Element
Projectile Count 1 (Max 5)
Explosion Range 150
Cold DMG +1900
Cold DMG 900%
Area of Effect of Chilling Area 150
Chilling Area Duration 0.4 s
Chilling Area Explosion Frequency 0.2 s
Cold DMG +159
Cold DMG 76%
+45 Chill Rate
8% DMG Dampening when hitting the same target repeatedly
(마법 등급 효과) +30% Cold DMG
(희귀 등급 효과) +50% Cold DMG
(희귀 등급 효과) Chilling Area Duration +30%
(희귀 등급 효과) +1 Projectile Count

(전설 등급 효과) +100% Cold DMG
(전설 등급 효과) Chilling Area Duration +60%
(전설 등급 효과) +2 Projectile Count","Projectile Creation Range -200
+[30-70]% Area of Effect","Change to Chilling Area Explosion Frequency 0.1 s
Chilling Area Duration -[50-30]%","+[20-30] Freeze Rate
[6-12]% DMG Amplification against enemies affected by Cold Status Effect"
,Axe Throw,기존,Throws a Fire Element axe to deal damage to enemies. The thrown axe varies depending on the equipped weapon type,"Attack, Area of Effect, Strike, Fire, ProjectileCannot use Parallel Shot, Cannot Split, Cannot Chain","Mana Cost 5
Triggers Immediately
Fire Element
+15% Attack Critical Chance
+90% Attack Critical DMG
10% Attack Speed Amplification
20% chance to inflict Rupture for 5 s on hit with Axe Throw (Max Stacks: 5)
Amplifies Axe Throw DMG dealt to the target by 2% per 1 Rupture stack on hit
Effect when 1-handed weapon is equipped (Attack, Fire, Strike, Projectile)
Fire DMG +40
Fire DMG 300%
Projectile Repeat DMG enabled
Projectile Count 3 (Max 7)
Pierce Count 1
10% DMG Dampening when hitting the same target repeatedly
Effect when Dual Wielding (Attack, Fire, Strike, Projectile)
Fire DMG +38
Fire DMG 280%
Projectile Count is fixed to 1 and fires twice
Pierces All
Effect when 2-handed weapon is equipped (Attack, Fire, Strike, Area, Projectile)
Projectile Count is fixed to 1 and explodes on hit
Fire DMG +50
Fire DMG 400%
Explosion Range 200
(마법 등급 효과) Rupture Effect +20%
(마법 등급 효과) +10% Fire Penetration
(희귀 등급 효과) Rupture Effect +40%
(희귀 등급 효과) +20% Fire Penetration

(전설 등급 효과) Rupture Effect +60%
(전설 등급 효과) +45% Fire Penetration
(전설 등급 효과) 15% Projectile DMG Amplification","Mana Cost 14.5
Triggers Immediately
Fire Element
+15% Attack Critical Chance
+90% Attack Critical DMG
10% Attack Speed Amplification
20% chance to inflict Rupture for 5 s on hit with Axe Throw (Max Stacks: 5)
Amplifies Axe Throw DMG dealt to the target by 2% per 1 Rupture stack on hit
Effect when 1-handed weapon is equipped (Attack, Fire, Strike, Projectile)
Fire DMG +959
Fire DMG 768%
Projectile Repeat DMG enabled
Projectile Count 3 (Max 7)
Pierce Count 1
10% DMG Dampening when hitting the same target repeatedly
Effect when Dual Wielding (Attack, Fire, Strike, Projectile)
Fire DMG +947
Fire DMG 761%
Projectile Count is fixed to 1 and fires twice
Pierces All
Effect when 2-handed weapon is equipped (Attack, Fire, Strike, Area, Projectile)
Projectile Count is fixed to 1 and explodes on hit
Fire DMG +1375
Fire DMG 1326%
Explosion Range 200
(마법 등급 효과) Rupture Effect +20%
(마법 등급 효과) +10% Fire Penetration
(희귀 등급 효과) Rupture Effect +40%
(희귀 등급 효과) +20% Fire Penetration

(전설 등급 효과) Rupture Effect +60%
(전설 등급 효과) +45% Fire Penetration
(전설 등급 효과) 15% Projectile DMG Amplification","Pierce Count +[1-2] when 1-handed weapon is equipped
Projectile Speed +[60-100]% when Dual Wielding
Area of Effect +[40-80]% when 2-handed weapon is equipped",Rupture Effect +[30-70]%,"100% chance to gain Hellfire effect for 5 s on hit
( Fire Penetration +10%, Increases Fire DMG by 10% )
+[50-100]% Hellfire Effect"
,,변경,Throws a Fire Element axe to deal damage to enemies. The thrown axe varies depending on the equipped weapon type,"Attack, Area of Effect, Strike, Fire, ProjectileCannot use Parallel Shot, Cannot Split, Cannot Chain","Mana Cost 5
Triggers Immediately
Fire Element
+15% Attack Critical Chance
+90% Attack Critical DMG
10% Attack Speed Amplification
20% chance to inflict Rupture for 5 s on hit with Axe Throw (Max Stacks: 5)
Amplifies Axe Throw DMG dealt to the target by 2% per 1 Rupture stack on hit
Effect when 1-handed weapon is equipped (Attack, Fire, Strike, Projectile)
Fire DMG +40
Fire DMG 300%
Projectile Repeat DMG enabled
Projectile Count 3 (Max 7)
Pierce Count 1
10% DMG Dampening when hitting the same target repeatedly
Effect when Dual Wielding (Attack, Fire, Strike, Projectile)
Fire DMG +38
Fire DMG 280%
Projectile Count is fixed to 1 and fires twice
Pierces All
Effect when 2-handed weapon is equipped (Attack, Fire, Strike, Area, Projectile)
Projectile Count is fixed to 1 and explodes on hit
Fire DMG +50
Fire DMG 400%
Explosion Range 200
(마법 등급 효과) Rupture Effect +20%
(마법 등급 효과) +10% Fire Penetration
(희귀 등급 효과) Rupture Effect +40%
(희귀 등급 효과) +20% Fire Penetration

(전설 등급 효과) Rupture Effect +60%
(전설 등급 효과) +45% Fire Penetration
(전설 등급 효과) 15% Projectile DMG Amplification","Mana Cost 14.5
Triggers Immediately
Fire Element
+15% Attack Critical Chance
+90% Attack Critical DMG
10% Attack Speed Amplification
20% chance to inflict Rupture for 5 s on hit with Axe Throw (Max Stacks: 5)
Amplifies Axe Throw DMG dealt to the target by 2% per 1 Rupture stack on hit
Effect when 1-handed weapon is equipped (Attack, Fire, Strike, Projectile)
Fire DMG +997
Fire DMG 799%
Projectile Repeat DMG enabled
Projectile Count 3 (Max 7)
Pierce Count 1
10% DMG Dampening when hitting the same target repeatedly
Effect when Dual Wielding (Attack, Fire, Strike, Projectile)
Fire DMG +985
Fire DMG 791%
Projectile Count is fixed to 1 and fires twice
Pierces All
Effect when 2-handed weapon is equipped (Attack, Fire, Strike, Area, Projectile)
Projectile Count is fixed to 1 and explodes on hit
Fire DMG +1430
Fire DMG 1379%
Explosion Range 200
(마법 등급 효과) Rupture Effect +20%
(마법 등급 효과) +10% Fire Penetration
(희귀 등급 효과) Rupture Effect +40%
(희귀 등급 효과) +20% Fire Penetration

(전설 등급 효과) Rupture Effect +60%
(전설 등급 효과) +45% Fire Penetration
(전설 등급 효과) 15% Projectile DMG Amplification","Pierce Count +[1-2] when 1-handed weapon is equipped
Projectile Speed +[60-100]% when Dual Wielding
Area of Effect +[40-80]% when 2-handed weapon is equipped",Rupture Effect +[30-70]%,"100% chance to gain Hellfire effect for 5 s on hit
( Fire Penetration +10%, Increases Fire DMG by 10% )
+[50-100]% Hellfire Effect"
,Divine Punishment,New,"Focuses energy to create a field of lightning, striking all hostile targets within it with Divine Punishment. Upon landing a critical hit, there is a chance for an additional enhanced Divine Punishment to trigger.","Spell, Area of Effect, Channel, Strike, Lightning, ProjectileCannot Multishot, Cannot use Parallel Shot, Cannot Pierce, Cannot Split, Cannot Chain","Mana Cost 5
Triggers Immediately
Lightning Element
30% Movement Speed Dampening
+10% Spell Critical Rate
+30% Spell Critical DMG
Lightning Field Range 400
Triggers Divine Punishment on enemies within the Lightning Field
Lightning DMG +21
Lightning DMG +112%
30% Trigger Skill DMG Dampening
Upon a critical hit with a Divine Punishment attack, there is a 40% chance for an additional Enhanced Divine Punishment to trigger
Additional Enhanced Divine Punishment Effect
+25% Strike DMG Multiplier
+8% Maximization Chance

(희귀 등급 효과) +50% Area of Effect
(희귀 등급 효과) +30% Projectile DMG

(전설 등급 효과) +80% Area of Effect
(전설 등급 효과) +50% Projectile DMG
(전설 등급 효과) 15% Projectile DMG Amplification","Mana Cost 15.2
Triggers Immediately
Lightning Element
30% Movement Speed Dampening
+55% Spell Critical Rate
+80% Spell Critical DMG
Lightning Field Range 400
Triggers Divine Punishment on enemies within the Lightning Field
Lightning DMG +185
Lightning DMG +1067%
30% Trigger Skill DMG Dampening
Upon a critical hit with a Divine Punishment attack, there is a 40% chance for an additional Enhanced Divine Punishment to trigger
Additional Enhanced Divine Punishment Effect
+25% Strike DMG Multiplier
+8% Maximization Chance

(희귀 등급 효과) +50% Area of Effect
(희귀 등급 효과) +30% Projectile DMG

(전설 등급 효과) +80% Area of Effect
(전설 등급 효과) +50% Projectile DMG
(전설 등급 효과) 15% Projectile DMG Amplification","Does not generate Enhanced Divine Punishment
+[50-65]% Strike DMG Multiplier
+[5-13]% Maximization Chance","+[40-70]% Area of Effect
+[15-34]% Projectile DMG","+[15-30]% Shock Chance
+[10-22]% DMG against Shocked enemies"
,Charged Shot,New,Charges energy at regular intervals and shoots a round to deal large DMG to a faraway enemy. Additional effects are granted based on charge stage.,"Attack, Charge, Strike, Physical, Projectile, Bowgun, OverheatCannot Multishot, Cannot Split, Cannot Chain","Mana Cost 2
Triggers Immediately
17 Overheat Accumulation
Physical Element
+4 Max Stage
Physical DMG +33
Physical DMG 194%
Pierces All
+5% Projectile Size per stage
+3% Projectile Speed per Stage
+5% Projectile DMG per Stage
2% Projectile Max Move Distance per Stage
Projectile Count +1 per 3 stages
20% Projectile DMG Amplification per 3 Stages
(마법 등급 효과) +30% Projectile DMG
(희귀 등급 효과) +50% Projectile DMG
(희귀 등급 효과) +2 Max Stage

(전설 등급 효과) +75% Projectile DMG
(전설 등급 효과) 10% Projectile DMG Amplification
(전설 등급 효과) +2 Max Stage","Mana Cost 8.3
Triggers Immediately
17 Overheat Accumulation
Physical Element
+4 Max Stage
Physical DMG +755
Physical DMG 1766%
Pierces All
+30% Projectile Size per stage
+13% Projectile Speed per Stage
+22.8% Projectile DMG per Stage
8% Projectile Max Move Distance per Stage
Projectile Count +1 per 3 stages
20% Projectile DMG Amplification per 3 Stages
(마법 등급 효과) +30% Projectile DMG
(희귀 등급 효과) +50% Projectile DMG
(희귀 등급 효과) +2 Max Stage

(전설 등급 효과) +75% Projectile DMG
(전설 등급 효과) 10% Projectile DMG Amplification
(전설 등급 효과) +2 Max Stage",[6-12]% Projectile DMG Amplification,"+3 Max Stage
[6-14]% Projectile DMG Dampening",+[8-15]% Projectile Size per stage